kind	severity	message	ids	names	vol	leaf	side
self-loop	error	韓致禮 is recorded as his own son.	E103584; E103584	韓致禮; 韓致禮	3	25	a
surname-mismatch	warning	萬年 → 允文: father and son are printed under different surnames.	D206794; D206796	萬年; 允文	1	2	a
surname-mismatch	warning	權溥 → 王煦: father and son are printed under different surnames.	D400070; D402516	權溥; 王煦	1	4	a
surname-mismatch	warning	王重貴 → 權肅: father and son are printed under different surnames.	D401991; E400102	王重貴; 權肅	1	4	a
surname-mismatch	warning	王重貴 → 權嚴: father and son are printed under different surnames.	D401991; E401990	王重貴; 權嚴	1	4	a
surname-mismatch	warning	王重貴 → 權道: father and son are printed under different surnames.	D401991; E402538	王重貴; 權道	1	4	a
surname-mismatch	warning	尙載 → 權法和: father and son are printed under different surnames.	D402547; E402548	尙載; 權法和	1	4	a
surname-mismatch	warning	普達實理 → 拾得驢: father and son are printed under different surnames.	D402211; D402212	普達實理; 拾得驢	1	12	a
surname-mismatch	note	義昌君 → 蛇山君: one name is a royal title rather than a surname.	E901493; E501230	義昌君; 蛇山君	1	21	a
surname-mismatch	note	安平大君 → 宜春君: one name is a royal title rather than a surname.	E903094; E903095	安平大君; 宜春君	1	23	a
surname-mismatch	note	曺變隆 → 曹九叙: graphic variant of the same surname.	E104221; E802607	曺變隆; 曹九叙	1	32	a
surname-mismatch	note	曹九叙 → 曺繼虞: graphic variant of the same surname.	E802607; E805626	曹九叙; 曺繼虞	1	32	a
surname-mismatch	note	朝鮮 世宗 → 壽春君: one name is a royal title rather than a surname.	E300371; E201004	朝鮮 世宗; 壽春君	1	51	b
surname-mismatch	warning	李伯林 → 韓發: father and son are printed under different surnames.	E300848; EB00959	李伯林; 韓發	3	3	b
surname-mismatch	note	朝鮮 孝寧大君 → 李寀: one name is a royal title rather than a surname.	E203048; E905070	朝鮮 孝寧大君; 李寀	3	17	b
surname-mismatch	note	朝鮮 孝寧大君 → 李𡩁: one name is a royal title rather than a surname.	E203048; E203046	朝鮮 孝寧大君; 李𡩁	3	17	b
surname-mismatch	note	朝鮮 孝寧大君 → 李容: one name is a royal title rather than a surname.	E203048; E905082	朝鮮 孝寧大君; 李容	3	18	a
surname-mismatch	note	朝鮮 孝寧大君 → 李密: one name is a royal title rather than a surname.	E203048; E901150	朝鮮 孝寧大君; 李密	3	18	b
surname-mismatch	note	朝鮮 孝寧大君 → 李定: one name is a royal title rather than a surname.	E203048; E905094	朝鮮 孝寧大君; 李定	3	18	b
surname-mismatch	note	朝鮮 孝寧大君 → 李宜: one name is a royal title rather than a surname.	E203048; E905096	朝鮮 孝寧大君; 李宜	3	18	b
surname-mismatch	warning	金有慶 → 閔乙巽: father and son are printed under different surnames.	EA03463; EA03465	金有慶; 閔乙巽	3	23	b
surname-mismatch	warning	申繼性 → 辛碩敦: father and son are printed under different surnames.	EC02553; EC02556	申繼性; 辛碩敦	3	38	a
surname-mismatch	note	李終生 → 鳳城君: one name is a royal title rather than a surname.	E401258; EA01147	李終生; 鳳城君	3	46	b
surname-mismatch	note	鳳城君 → 李增: one name is a royal title rather than a surname.	EA01147; EA01148	鳳城君; 李增	3	46	b
surname-mismatch	note	曺尙林 → 曹命壽: graphic variant of the same surname.	E807965; E401223	曺尙林; 曹命壽	3	59	b
surname-mismatch	note	李璆 → 龜城君: one name is a royal title rather than a surname.	E300036; E101394	李璆; 龜城君	3	60	a
surname-mismatch	note	裵尙志 → 裴權: graphic variant of the same surname.	D400124; E900477	裵尙志; 裴權	3	65	a
surname-mismatch	note	裵桓 → 裴孝從: graphic variant of the same surname.	E401878; E900539	裵桓; 裴孝從	3	65	a
surname-mismatch	note	裵桓 → 裴孝存: graphic variant of the same surname.	E401878; E900550	裵桓; 裴孝存	3	65	a
surname-mismatch	note	裵尙志 → 裴楠: graphic variant of the same surname.	D400124; E900484	裵尙志; 裴楠	3	65	b
surname-mismatch	note	裵桓 → 裴孝崇: graphic variant of the same surname.	E401878; E900567	裵桓; 裴孝崇	3	65	b
surname-mismatch	note	裵桓 → 裴孝騫: graphic variant of the same surname.	E401878; E900573	裵桓; 裴孝騫	3	65	b
surname-mismatch	note	裵桓 → 裴孝思: graphic variant of the same surname.	E401878; E900583	裵桓; 裴孝思	3	65	b
surname-mismatch	note	裵尙志 → 裴杠: graphic variant of the same surname.	D400124; E900701	裵尙志; 裴杠	3	66	a
choronym-inferred	note	王重貴 has no choronym in the print; it was inferred as 安東 權 from the surrounding patriline (within five father-son steps).	D401991	王重貴	1	4	a
choronym-inferred	note	王煦 has no choronym in the print; it was inferred as 安東 權 from the surrounding patriline (within five father-son steps).	D402516	王煦	1	4	a
choronym-inferred	note	尙載 has no choronym in the print; it was inferred as 安東 權 from the surrounding patriline (within five father-son steps).	D402547	尙載	1	4	a
choronym-inferred	note	權法和 has no choronym in the print; it was inferred as 安東 權 from the surrounding patriline (within five father-son steps).	E402548	權法和	1	4	a
choronym-inferred	note	鄭汝諧 has no choronym in the print; it was inferred as 草溪 鄭 from the surrounding patriline (within five father-son steps).	D206683	鄭汝諧	1	6	b
choronym-inferred	note	潘義 has no choronym in the print; it was inferred as 臣濟 潘 from the surrounding patriline (within five father-son steps).	D206695	潘義	1	6	b
choronym-inferred	note	權復徑 has no choronym in the print; it was inferred as 安東 權 from the surrounding patriline (within five father-son steps).	D206774	權復徑	1	7	b
choronym-inferred	note	金復恒 has no choronym in the print; it was inferred as 尙州 金 from the surrounding patriline (within five father-son steps).	E802367	金復恒	1	9	a
choronym-inferred	note	盧處均 has no choronym in the print; it was inferred as 光州 盧 from the surrounding patriline (within five father-son steps).	E802420	盧處均	1	9	a
choronym-inferred	note	朴菖 has no choronym in the print; it was inferred as 咸陽 朴 from the surrounding patriline (within five father-son steps).	E802419	朴菖	1	9	b
choronym-inferred	note	權石童 has no choronym in the print; it was inferred as 安東 權 from the surrounding patriline (within five father-son steps).	E103265	權石童	1	11	a
choronym-inferred	note	梁淑 has no choronym in the print; it was inferred as 南原 梁 from the surrounding patriline (within five father-son steps).	E701455	梁淑	1	16	a
choronym-inferred	note	趙終生 has no choronym in the print; it was inferred as 楊州 趙 from the surrounding patriline (within five father-son steps).	E400651	趙終生	1	17	a
choronym-inferred	note	李福重 has no choronym in the print; it was inferred as 全州 李 from the surrounding patriline (within five father-son steps).	E804435	李福重	1	17	b
choronym-inferred	warning	李石柱 has no choronym in the print; the surrounding patriline gives more than one candidate (德山 李, 慶州 李), and the first is used as the primary.	E101202	李石柱	1	18	b
choronym-inferred	warning	李石梁 has no choronym in the print; the surrounding patriline gives more than one candidate (德山 李, 慶州 李), and the first is used as the primary.	E101205	李石梁	1	18	b
choronym-inferred	note	金勉 has no choronym in the print; it was inferred as 延安 金 from the surrounding patriline (within five father-son steps).	E205127	金勉	1	21	a
choronym-inferred	note	李炯 has no choronym in the print; it was inferred as 星州 李 from the surrounding patriline (within five father-son steps).	E101857	李炯	1	21	b
choronym-inferred	note	鄭孝全 has no choronym in the print; it was inferred as 延日 鄭 from the surrounding patriline (within five father-son steps).	E902979	鄭孝全	1	21	b
choronym-inferred	note	李師純 has no choronym in the print; it was inferred as 星州 李 from the surrounding patriline (within five father-son steps).	E902989	李師純	1	21	b
choronym-inferred	note	趙孟俊 has no choronym in the print; it was inferred as 白川 趙 from the surrounding patriline (within five father-son steps).	E903072	趙孟俊	1	22	b
choronym-inferred	note	鄭濡 has no choronym in the print; it was inferred as 延日 鄭 from the surrounding patriline (within five father-son steps).	E400827	鄭濡	1	23	a
choronym-inferred	note	崔楣 has no choronym in the print; it was inferred as 江陵 崔 from the surrounding patriline (within five father-son steps).	E903084	崔楣	1	23	a
choronym-inferred	note	崔孟思 has no choronym in the print; it was inferred as 全州 崔 from the surrounding patriline (within five father-son steps).	E501409	崔孟思	1	25	a
choronym-inferred	note	李智長 has no choronym in the print; it was inferred as 全義 李 from the surrounding patriline (within five father-son steps).	EC02225	李智長	1	28	b
choronym-inferred	note	韓繼禧 has no choronym in the print; it was inferred as 淸州 韓 from the surrounding patriline (within five father-son steps).	E300257	韓繼禧	1	29	b
choronym-inferred	note	韓孝孫 has no choronym in the print; it was inferred as 淸州 韓 from the surrounding patriline (within five father-son steps).	E805416	韓孝孫	1	29	b
choronym-inferred	note	李胤賢 has no choronym in the print; it was inferred as 河濱 李 from the surrounding patriline (within five father-son steps).	E104081	李胤賢	1	30	a
choronym-inferred	note	任孝恭 has no choronym in the print; it was inferred as 豊川 任 from the surrounding patriline (within five father-son steps).	E104093	任孝恭	1	30	a
choronym-inferred	note	任孝忠 has no choronym in the print; it was inferred as 豊川 任 from the surrounding patriline (within five father-son steps).	E902158	任孝忠	1	30	a
choronym-inferred	note	任孝仁 has no choronym in the print; it was inferred as 豊川 任 from the surrounding patriline (within five father-son steps).	E104101	任孝仁	1	30	b
choronym-inferred	note	任孝明 has no choronym in the print; it was inferred as 豊川 任 from the surrounding patriline (within five father-son steps).	E104114	任孝明	1	30	b
choronym-inferred	note	朴惟仁 has no choronym in the print; it was inferred as 密陽 朴 from the surrounding patriline (within five father-son steps).	E104168	朴惟仁	1	31	a
choronym-inferred	note	朴恒 has no choronym in the print; it was inferred as 密陽 朴 from the surrounding patriline (within five father-son steps).	E102260	朴恒	1	31	b
choronym-inferred	note	朴長孫 has no choronym in the print; it was inferred as 密陽 朴 from the surrounding patriline (within five father-son steps).	EB03089	朴長孫	1	31	b
choronym-inferred	note	安慶會 has no choronym in the print; it was inferred as 順興 安 from the surrounding patriline (within five father-son steps).	E904122	安慶會	1	33	a
choronym-inferred	note	李思儉 has no choronym in the print; it was inferred as 陽城 李 from the surrounding patriline (within five father-son steps).	E104394	李思儉	1	35	a
choronym-inferred	note	李仍 has no choronym in the print; it was inferred as 陽城 李 from the surrounding patriline (within five father-son steps).	E104440	李仍	1	36	a
choronym-inferred	note	姜眉壽 has no choronym in the print; it was inferred as 晋州 姜 from the surrounding patriline (within five father-son steps).	E104444	姜眉壽	1	36	a
choronym-inferred	note	李啓基 has no choronym in the print; it was inferred as 星州 李 from the surrounding patriline (within five father-son steps).	E102383	李啓基	1	36	b
choronym-inferred	note	韓[日+耆] has no choronym in the print; it was inferred as 淸州 韓 from the surrounding patriline (within five father-son steps).	7a00ba1c-ab88-42b6-8c93-360e0ed2f27a	韓[日+耆]	1	37	a
choronym-inferred	note	金億之 has no choronym in the print; it was inferred as 淸風 金 from the surrounding patriline (within five father-son steps).	E104507	金億之	1	37	a
choronym-inferred	note	金寬 has no choronym in the print; it was inferred as 延安 金 from the surrounding patriline (within five father-son steps).	E104562	金寬	1	38	a
choronym-inferred	note	尹培 has no choronym in the print; it was inferred as 坡平 尹 from the surrounding patriline (within five father-son steps).	E104654	尹培	1	39	b
choronym-inferred	note	權漢生 has no choronym in the print; it was inferred as 安東 權 from the surrounding patriline (within five father-son steps).	E104727	權漢生	1	39	b
choronym-inferred	note	金仍 has no choronym in the print; it was inferred as 延安 金 from the surrounding patriline (within five father-son steps).	E104739	金仍	1	39	b
choronym-inferred	note	廉致 has no choronym in the print; it was inferred as 瑞原 廉 from the surrounding patriline (within five father-son steps).	E104822	廉致	1	40	b
choronym-inferred	note	黃沚 has no choronym in the print; it was inferred as 懷德 黃 from the surrounding patriline (within five father-son steps).	EB04102	黃沚	1	41	b
choronym-inferred	note	鄭允惐 has no choronym in the print; it was inferred as 草溪 鄭 from the surrounding patriline (within five father-son steps).	EB02899	鄭允惐	1	43	b
choronym-inferred	note	鄭譓 has no choronym in the print; it was inferred as 草溪 鄭 from the surrounding patriline (within five father-son steps).	EB02904	鄭譓	1	43	b
choronym-inferred	note	鄭允懽 has no choronym in the print; it was inferred as 草溪 鄭 from the surrounding patriline (within five father-son steps).	EB02929	鄭允懽	1	43	b
choronym-inferred	note	趙把生 has no choronym in the print; it was inferred as 白川 趙 from the surrounding patriline (within five father-son steps).	EB02935	趙把生	1	43	b
choronym-inferred	note	柳晡 has no choronym in the print; it was inferred as 文化 柳 from the surrounding patriline (within five father-son steps).	E400822	柳晡	1	44	a
choronym-inferred	note	洪忻 has no choronym in the print; it was inferred as 南陽 洪 from the surrounding patriline (within five father-son steps).	E903983	洪忻	1	44	a
choronym-inferred	note	洪達孫 has no choronym in the print; it was inferred as 南陽 洪 from the surrounding patriline (within five father-son steps).	EB02996	洪達孫	1	44	a
choronym-inferred	note	洪洽 has no choronym in the print; it was inferred as 豊山 洪 from the surrounding patriline (within five father-son steps).	EB01779	洪洽	1	45	a
choronym-inferred	note	具文靖 has no choronym in the print; it was inferred as 綾城 具 from the surrounding patriline (within five father-son steps).	EB03299	具文靖	1	47	a
choronym-inferred	note	閔解 has no choronym in the print; it was inferred as 驪興 閔 from the surrounding patriline (within five father-son steps).	EB03328	閔解	1	47	b
choronym-inferred	note	李仲孫 has no choronym in the print; it was inferred as 龍仁 李 from the surrounding patriline (within five father-son steps).	E000766	李仲孫	1	48	a
choronym-inferred	note	李末孫 has no choronym in the print; it was inferred as 龍仁 李 from the surrounding patriline (within five father-son steps).	E000769	李末孫	1	48	a
choronym-inferred	note	許之惠 has no choronym in the print; it was inferred as 河陽 許 from the surrounding patriline (within five father-son steps).	D200013	許之惠	1	49	b
choronym-inferred	note	李躋 has no choronym in the print; it was inferred as 全州 李 from the surrounding patriline (within five father-son steps).	E200320	李躋	1	49	b
choronym-inferred	note	鄭洲 has no choronym in the print; it was inferred as 草溪 鄭 from the surrounding patriline (within five father-son steps).	E201849	鄭洲	1	56	b
choronym-inferred	note	鄭洧 has no choronym in the print; it was inferred as 草溪 鄭 from the surrounding patriline (within five father-son steps).	E201916	鄭洧	1	56	b
choronym-inferred	note	趙弘道 has no choronym in the print; it was inferred as 橫城 趙 from the surrounding patriline (within five father-son steps).	E402388	趙弘道	2	2	a
choronym-inferred	note	尹愼德 has no choronym in the print; it was inferred as 坡平 尹 from the surrounding patriline (within five father-son steps).	E700605	尹愼德	2	2	a
choronym-inferred	note	閔不貪 has no choronym in the print; it was inferred as 驪興 閔 from the surrounding patriline (within five father-son steps).	E202482	閔不貪	2	3	a
choronym-inferred	note	洪深 has no choronym in the print; it was inferred as 南陽 洪 from the surrounding patriline (within five father-son steps).	E202597	洪深	2	3	b
choronym-inferred	note	李叔仁 has no choronym in the print; it was inferred as 慶州 李 from the surrounding patriline (within five father-son steps).	E202889	李叔仁	2	5	a
choronym-inferred	note	田積 has no choronym in the print; it was inferred as 南陽 田 from the surrounding patriline (within five father-son steps).	E202898	田積	2	5	a
choronym-inferred	note	李密 has no choronym in the print; it was inferred as 慶州 李 from the surrounding patriline (within five father-son steps).	E402411	李密	2	5	b
choronym-inferred	note	趙年同 has no choronym in the print; it was inferred as 豊壤 趙 from the surrounding patriline (within five father-son steps).	EC04141	趙年同	2	5	b
choronym-inferred	note	李于蕃 has no choronym in the print; it was inferred as 全義 李 from the surrounding patriline (within five father-son steps).	E202977	李于蕃	2	6	a
choronym-inferred	note	辛銀宗 has no choronym in the print; it was inferred as 靈山 辛 from the surrounding patriline (within five father-son steps).	EC04155	辛銀宗	2	6	a
choronym-inferred	note	辛銀孫 has no choronym in the print; it was inferred as 靈山 辛 from the surrounding patriline (within five father-son steps).	EC04156	辛銀孫	2	6	a
choronym-inferred	note	辛銀㱓 has no choronym in the print; it was inferred as 靈山 辛 from the surrounding patriline (within five father-son steps).	EC04157	辛銀㱓	2	6	a
choronym-inferred	note	權漬 has no choronym in the print; it was inferred as 安東 權 from the surrounding patriline (within five father-son steps).	E203189	權漬	2	7	b
choronym-inferred	note	李仁道 has no choronym in the print; it was inferred as 慶州 李 from the surrounding patriline (within five father-son steps).	E402424	李仁道	2	8	a
choronym-inferred	note	柳子禎 has no choronym in the print; it was inferred as 文化 柳 from the surrounding patriline (within five father-son steps).	EC02599	柳子禎	2	13	a
choronym-inferred	note	崔稪 has no choronym in the print; it was inferred as 水原 崔 from the surrounding patriline (within five father-son steps).	E203275	崔稪	2	14	b
choronym-inferred	note	李臣賢 has no choronym in the print; it was inferred as 德水 李 from the surrounding patriline (within five father-son steps).	E402437	李臣賢	2	15	a
choronym-inferred	note	權精 has no choronym in the print; it was inferred as 安東 權 from the surrounding patriline (within five father-son steps).	E204161	權精	2	20	a
choronym-inferred	note	禹從周 has no choronym in the print; it was inferred as 丹陽 禹 from the surrounding patriline (within five father-son steps).	E204728	禹從周	2	23	b
choronym-inferred	note	權頤 has no choronym in the print; it was inferred as 安東 權 from the surrounding patriline (within five father-son steps).	E101192	權頤	2	29	a
choronym-inferred	note	朴禎 has no choronym in the print; it was inferred as 竹山 朴 from the surrounding patriline (within five father-son steps).	E402529	朴禎	2	32	a
choronym-inferred	note	許瑗 has no choronym in the print; it was inferred as 陽川 許 from the surrounding patriline (within five father-son steps).	E902613	許瑗	2	33	a
choronym-inferred	note	孫謙 has no choronym in the print; it was inferred as 密陽 孫 from the surrounding patriline (within five father-son steps).	E401506	孫謙	2	37	a
choronym-inferred	note	元恭 has no choronym in the print; it was inferred as 原州 元 from the surrounding patriline (within five father-son steps).	E300131	元恭	2	38	a
choronym-inferred	note	元崇信 has no choronym in the print; it was inferred as 原州 元 from the surrounding patriline (within five father-son steps).	EA02943	元崇信	2	38	a
choronym-inferred	note	李念義 has no choronym in the print; it was inferred as 牙州 李 from the surrounding patriline (within five father-son steps).	E300294	李念義	2	40	b
choronym-inferred	note	趙憐 has no choronym in the print; it was inferred as 漢陽 趙 from the surrounding patriline (within five father-son steps).	E300971	趙憐	2	43	a
choronym-inferred	warning	朴信 has no choronym in the print; the surrounding patriline gives more than one candidate (咸陽 朴, 咸陽 李), and the first is used as the primary.	E301105	朴信	2	43	b
choronym-inferred	note	尹孝順 has no choronym in the print; it was inferred as 坡平 尹 from the surrounding patriline (within five father-son steps).	E105045	尹孝順	3	2	a
choronym-inferred	note	邊克忠 has no choronym in the print; it was inferred as 原州 邊 from the surrounding patriline (within five father-son steps).	EA00528	邊克忠	3	4	b
choronym-inferred	note	具謹 has no choronym in the print; it was inferred as 綾城 具 from the surrounding patriline (within five father-son steps).	EB03302	具謹	3	5	b
choronym-inferred	note	具仲孫 has no choronym in the print; it was inferred as 綾城 具 from the surrounding patriline (within five father-son steps).	EB03303	具仲孫	3	5	b
choronym-inferred	note	具末山 has no choronym in the print; it was inferred as 綾城 具 from the surrounding patriline (within five father-son steps).	EB03304	具末山	3	5	b
choronym-inferred	note	洪湜 has no choronym in the print; it was inferred as 南陽 洪 from the surrounding patriline (within five father-son steps).	E900083	洪湜	3	8	b
choronym-inferred	note	柳叔連 has no choronym in the print; it was inferred as 文化 柳 from the surrounding patriline (within five father-son steps).	E401058	柳叔連	3	10	b
choronym-inferred	note	辛服義 has no choronym in the print; it was inferred as 靈山 辛 from the surrounding patriline (within five father-son steps).	E700115	辛服義	3	13	a
choronym-inferred	note	沈淄 has no choronym in the print; it was inferred as 靑松 沈 from the surrounding patriline (within five father-son steps).	E905044	沈淄	3	14	b
choronym-inferred	note	尹善老 has no choronym in the print; it was inferred as 坡平 尹 from the surrounding patriline (within five father-son steps).	E102526	尹善老	3	16	b
choronym-inferred	note	奇褚 has no choronym in the print; it was inferred as 幸州 奇 from the surrounding patriline (within five father-son steps).	EB01820	奇褚	3	18	b
choronym-inferred	note	權尙儉 has no choronym in the print; it was inferred as 安東 權 from the surrounding patriline (within five father-son steps).	EB03951	權尙儉	3	22	a
choronym-inferred	note	金敬忠 has no choronym in the print; it was inferred as 英陽 金 from the surrounding patriline (within five father-son steps).	EB03998	金敬忠	3	23	a
choronym-inferred	warning	金比南 has no choronym in the print; the surrounding patriline gives more than one candidate (英陽 金, 驪興 閔), and the first is used as the primary.	EB03999	金比南	3	23	a
choronym-inferred	warning	金輔南 has no choronym in the print; the surrounding patriline gives more than one candidate (英陽 金, 驪興 閔), and the first is used as the primary.	EB04004	金輔南	3	23	a
choronym-inferred	warning	金似南 has no choronym in the print; the surrounding patriline gives more than one candidate (英陽 金, 驪興 閔), and the first is used as the primary.	EB04005	金似南	3	23	a
choronym-inferred	warning	金德孫 has no choronym in the print; the surrounding patriline gives more than one candidate (英陽 金, 驪興 閔), and the first is used as the primary.	EB04020	金德孫	3	23	a
choronym-inferred	warning	金孝孫 has no choronym in the print; the surrounding patriline gives more than one candidate (英陽 金, 驪興 閔), and the first is used as the primary.	e6ab8ec9-e2c8-4f71-94ae-dae6ae624f1f	金孝孫	3	23	a
choronym-inferred	warning	金孟祥 has no choronym in the print; the surrounding patriline gives more than one candidate (英陽 金, 驪興 閔), and the first is used as the primary.	EB04043	金孟祥	3	24	a
choronym-inferred	note	金積學 has no choronym in the print; it was inferred as 英陽 金 from the surrounding patriline (within five father-son steps).	EB04046	金積學	3	24	a
choronym-inferred	note	金積祿 has no choronym in the print; it was inferred as 英陽 金 from the surrounding patriline (within five father-son steps).	EB04047	金積祿	3	24	a
choronym-inferred	note	金積海 has no choronym in the print; it was inferred as 英陽 金 from the surrounding patriline (within five father-son steps).	EB04048	金積海	3	24	a
choronym-inferred	note	金積善 has no choronym in the print; it was inferred as 英陽 金 from the surrounding patriline (within five father-son steps).	EB04049	金積善	3	24	a
choronym-inferred	note	金積德 has no choronym in the print; it was inferred as 英陽 金 from the surrounding patriline (within five father-son steps).	EB04050	金積德	3	24	a
choronym-inferred	warning	金季祥 has no choronym in the print; the surrounding patriline gives more than one candidate (英陽 金, 驪興 閔), and the first is used as the primary.	EB04052	金季祥	3	24	a
choronym-inferred	note	河孝明 has no choronym in the print; it was inferred as 晉州 河 from the surrounding patriline (within five father-son steps).	EB04090	河孝明	3	26	b
choronym-inferred	note	河孟淳 has no choronym in the print; it was inferred as 晉州 河 from the surrounding patriline (within five father-son steps).	EB04091	河孟淳	3	26	b
choronym-inferred	note	河福山 has no choronym in the print; it was inferred as 晉州 河 from the surrounding patriline (within five father-son steps).	EB04092	河福山	3	26	b
choronym-inferred	note	洪侃 has no choronym in the print; it was inferred as 南陽 洪 from the surrounding patriline (within five father-son steps).	EA01524	洪侃	3	29	b
choronym-inferred	note	李塾 has no choronym in the print; it was inferred as 龍仁 李 from the surrounding patriline (within five father-son steps).	EB00541	李塾	3	30	a
choronym-inferred	note	魚孟渾 has no choronym in the print; it was inferred as 咸從 魚 from the surrounding patriline (within five father-son steps).	EB04205	魚孟渾	3	30	a
choronym-inferred	note	洪貴童 has no choronym in the print; it was inferred as 南陽 洪 from the surrounding patriline (within five father-son steps).	EB04208	洪貴童	3	31	a
choronym-inferred	note	元明山 has no choronym in the print; it was inferred as 原州 元 from the surrounding patriline (within five father-son steps).	EB04219	元明山	3	31	a
choronym-inferred	note	安孟聃 has no choronym in the print; it was inferred as 竹山 安 from the surrounding patriline (within five father-son steps).	EB04220	安孟聃	3	31	a
choronym-inferred	note	安如獺 has no choronym in the print; it was inferred as 竹山 安 from the surrounding patriline (within five father-son steps).	EB04221	安如獺	3	31	a
choronym-inferred	note	安元卿 has no choronym in the print; it was inferred as 竹山 安 from the surrounding patriline (within five father-son steps).	EB04222	安元卿	3	31	a
choronym-inferred	note	金輸 has no choronym in the print; it was inferred as 延安 金 from the surrounding patriline (within five father-son steps).	EB04248	金輸	3	32	a
choronym-inferred	note	郭德淵 has no choronym in the print; it was inferred as 玄風 郭 from the surrounding patriline (within five father-son steps).	EB04290	郭德淵	3	33	a
choronym-inferred	note	郭汾 has no choronym in the print; it was inferred as 玄風 郭 from the surrounding patriline (within five father-son steps).	EB04313	郭汾	3	33	a
choronym-inferred	note	郭自完 has no choronym in the print; it was inferred as 玄風 郭 from the surrounding patriline (within five father-son steps).	EB04314	郭自完	3	33	a
choronym-inferred	note	郭璘 has no choronym in the print; it was inferred as 玄風 郭 from the surrounding patriline (within five father-son steps).	EB04315	郭璘	3	33	a
choronym-inferred	note	郭珪 has no choronym in the print; it was inferred as 玄風 郭 from the surrounding patriline (within five father-son steps).	EB04318	郭珪	3	33	a
choronym-inferred	note	張安之 has no choronym in the print; it was inferred as 海豊 張 from the surrounding patriline (within five father-son steps).	EB04342	張安之	3	34	a
choronym-inferred	note	李蔓 has no choronym in the print; it was inferred as 羽溪 李 from the surrounding patriline (within five father-son steps).	EB04344	李蔓	3	34	b
choronym-inferred	note	沈仁孫 has no choronym in the print; it was inferred as 靑松 沈 from the surrounding patriline (within five father-son steps).	EB04355	沈仁孫	3	34	b
choronym-inferred	note	沈愛孫 has no choronym in the print; it was inferred as 靑松 沈 from the surrounding patriline (within five father-son steps).	EB04356	沈愛孫	3	34	b
choronym-inferred	note	沈愛同 has no choronym in the print; it was inferred as 靑松 沈 from the surrounding patriline (within five father-son steps).	EB04357	沈愛同	3	34	b
choronym-inferred	note	沈愛山 has no choronym in the print; it was inferred as 靑松 沈 from the surrounding patriline (within five father-son steps).	EB04358	沈愛山	3	34	b
choronym-inferred	note	廉洪道 has no choronym in the print; it was inferred as 瑞原 廉 from the surrounding patriline (within five father-son steps).	EB04387	廉洪道	3	36	b
choronym-inferred	note	鄭承順 has no choronym in the print; it was inferred as 光州 鄭 from the surrounding patriline (within five father-son steps).	EB00466	鄭承順	3	37	a
choronym-inferred	note	崔寧 has no choronym in the print; it was inferred as 全州 崔 from the surrounding patriline (within five father-son steps).	EB04394	崔寧	3	37	a
choronym-inferred	note	鄭之夏 has no choronym in the print; it was inferred as 光州 鄭 from the surrounding patriline (within five father-son steps).	EB04398	鄭之夏	3	37	a
choronym-inferred	note	崔宣 has no choronym in the print; it was inferred as 全州 崔 from the surrounding patriline (within five father-son steps).	EB04412	崔宣	3	37	a
choronym-inferred	note	崔洙 has no choronym in the print; it was inferred as 全州 崔 from the surrounding patriline (within five father-son steps).	EB04415	崔洙	3	37	b
choronym-inferred	note	崔敬 has no choronym in the print; it was inferred as 全州 崔 from the surrounding patriline (within five father-son steps).	EB04416	崔敬	3	37	b
choronym-inferred	note	崔洧 has no choronym in the print; it was inferred as 全州 崔 from the surrounding patriline (within five father-son steps).	EB04421	崔洧	3	37	b
choronym-inferred	note	朴自俊 has no choronym in the print; it was inferred as 陰城 朴 from the surrounding patriline (within five father-son steps).	EB04423	朴自俊	3	37	b
choronym-inferred	note	朴自傑 has no choronym in the print; it was inferred as 陰城 朴 from the surrounding patriline (within five father-son steps).	EB04424	朴自傑	3	37	b
choronym-inferred	note	崔得孫 has no choronym in the print; it was inferred as 全州 崔 from the surrounding patriline (within five father-son steps).	EB04425	崔得孫	3	37	b
choronym-inferred	note	趙沌 has no choronym in the print; it was inferred as 平壤 趙 from the surrounding patriline (within five father-son steps).	EB04427	趙沌	3	37	b
choronym-inferred	note	李仲善 has no choronym in the print; it was inferred as 咸平 李 from the surrounding patriline (within five father-son steps).	E303820	李仲善	3	55	a
choronym-inferred	note	柳孝山 has no choronym in the print; it was inferred as 高興 柳 from the surrounding patriline (within five father-son steps).	E304369	柳孝山	3	59	a
choronym-inferred	note	鄭穀 has no choronym in the print; it was inferred as 晋州 鄭 from the surrounding patriline (within five father-son steps).	E808059	鄭穀	3	63	a
choronym-inferred	note	鄭糴 has no choronym in the print; it was inferred as 晋州 鄭 from the surrounding patriline (within five father-son steps).	E808060	鄭糴	3	63	a
double-filiation	note	權居約 is entered under 2 fathers (權當, 權子衡); in a Korean genealogy this normally records adoption as heir (繼後).	E902903; E206704; D206702	權居約; 權當; 權子衡	1	6	b
double-filiation	note	韓發 is entered under 2 fathers (韓季復, 李伯林); in a Korean genealogy this normally records adoption as heir (繼後).	EB00959; E103775; E300848	韓發; 韓季復; 李伯林	1	18	a
double-filiation	note	洪孝同 is entered under 2 fathers (洪之澤, 洪逸童); in a Korean genealogy this normally records adoption as heir (繼後).	E103215; EC00243; E103213	洪孝同; 洪之澤; 洪逸童	1	19	a
double-filiation	note	韓致禮 is entered under 2 fathers (韓致禮, 韓確); in a Korean genealogy this normally records adoption as heir (繼後).	E103584; E103584; E202244	韓致禮; 韓致禮; 韓確	3	25	a
multiple-wives	note	崔係 has 2 recorded marriages (fathers-in-law: 權當, 權子衡); the print rarely says which union bore which child.	E206710; E206704; D206702	崔係; 權當; 權子衡	1	6	b
multiple-wives	note	崔雲海 has 2 recorded marriages (fathers-in-law: 權定柱, 楊之壽); the print rarely says which union bore which child.	D200036; D402199; D200028	崔雲海; 權定柱; 楊之壽	1	9	a
multiple-wives	note	權侹 has 2 recorded marriages (fathers-in-law: 洪逸童, 李好謙); the print rarely says which union bore which child.	E302102; E103213; E302097	權侹; 洪逸童; 李好謙	1	10	b
multiple-wives	note	卞鐔 has 2 recorded marriages (fathers-in-law: 李八仝, 閔亨孫); the print rarely says which union bore which child.	E900061; E900063; E900052	卞鐔; 李八仝; 閔亨孫	1	11	a
multiple-wives	note	朴緇 has 2 recorded marriages (fathers-in-law: 朴紹宗, 李時敏); the print rarely says which union bore which child.	E900605; E103347; E900592	朴緇; 朴紹宗; 李時敏	1	11	b
multiple-wives	note	金孟鈞 has 2 recorded marriages (fathers-in-law: 金[心+衣]慎, 金漑); the print rarely says which union bore which child.	E102452; E401540; E201225	金孟鈞; 金[心+衣]慎; 金漑	1	13	b
multiple-wives	note	趙選 has 2 recorded marriages (fathers-in-law: 具致寬, 李仲規); the print rarely says which union bore which child.	E200391; E401556; EC01742	趙選; 具致寬; 李仲規	1	14	a
multiple-wives	note	洪利用 has 2 recorded marriages (fathers-in-law: 田佐命, 朴安命); the print rarely says which union bore which child.	E103641; E103639; E103859	洪利用; 田佐命; 朴安命	1	15	a
multiple-wives	note	金㠝 has 2 recorded marriages (fathers-in-law: 田佐命, 柳自湄); the print rarely says which union bore which child.	E303682; E103639; E401625	金㠝; 田佐命; 柳自湄	1	15	a
multiple-wives	note	明 永樂帝 has 3 recorded marriages (fathers-in-law: 鄭允厚, 權執中, 韓永矴); the print rarely says which union bore which child.	E103609; E103708; D401296; E103576	明 永樂帝; 鄭允厚; 權執中; 韓永矴	1	16	b
multiple-wives	note	朝鮮 睿宗 has 3 recorded marriages (fathers-in-law: 韓伯倫, 韓明澮, 崔道一); the print rarely says which union bore which child.	E300451; E103777; E900137; E101386	朝鮮 睿宗; 韓伯倫; 韓明澮; 崔道一	1	17	b
multiple-wives	note	權引 has 2 recorded marriages (fathers-in-law: 李昌門, 金俱); the print rarely says which union bore which child.	E101214; E104543; E905109	權引; 李昌門; 金俱	1	18	b
multiple-wives	note	朝鮮 太宗 has 3 recorded marriages (fathers-in-law: 權弘, 元庠, 金裕孫); the print rarely says which union bore which child.	E200306; E402250; D400390; E204365	朝鮮 太宗; 權弘; 元庠; 金裕孫	1	19	a
multiple-wives	note	慶由善 has 2 recorded marriages (fathers-in-law: 朴安命, 洪福邦); the print rarely says which union bore which child.	E302895; E103859; E402570	慶由善; 朴安命; 洪福邦	1	19	a
multiple-wives	note	李種善 has 2 recorded marriages (fathers-in-law: 權鈞, 權近); the print rarely says which union bore which child.	E401303; D402248; E401119	李種善; 權鈞; 權近	1	19	b
multiple-wives	note	安望之 has 2 recorded marriages (fathers-in-law: 元庠, 許之信); the print rarely says which union bore which child.	E400398; D400390; EB04215	安望之; 元庠; 許之信	1	20	b
multiple-wives	note	南瞦 has 2 recorded marriages (fathers-in-law: 鄭惟碩, 姜孟卿); the print rarely says which union bore which child.	E101135; E401032; E102533	南瞦; 鄭惟碩; 姜孟卿	1	21	a
multiple-wives	note	沈安智 has 2 recorded marriages (fathers-in-law: 金從直, 睦哲成); the print rarely says which union bore which child.	E203819; E903024; E202432	沈安智; 金從直; 睦哲成	1	22	a
multiple-wives	note	魚世恭 has 2 recorded marriages (fathers-in-law: 趙遵, 金亨孫); the print rarely says which union bore which child.	EC01517; E101489; EC01514	魚世恭; 趙遵; 金亨孫	1	22	b
multiple-wives	note	金國楨 has 2 recorded marriages (fathers-in-law: 柳浚, 鄭允恪); the print rarely says which union bore which child.	E301217; EB00663; EB02855	金國楨; 柳浚; 鄭允恪	1	23	b
multiple-wives	note	鄭穗 has 2 recorded marriages (fathers-in-law: 盧惟愼, 李檂); the print rarely says which union bore which child.	E200439; EB00714; E200305	鄭穗; 盧惟愼; 李檂	1	24	a
multiple-wives	note	洪禹明 has 2 recorded marriages (fathers-in-law: 閔無疾, 金連枝); the print rarely says which union bore which child.	E000347; E401325; E000272	洪禹明; 閔無疾; 金連枝	1	24	b
multiple-wives	note	崔承宗 has 2 recorded marriages (fathers-in-law: 閔犇, 金敬哉); the print rarely says which union bore which child.	E101435; E103978; EA00360	崔承宗; 閔犇; 金敬哉	1	24	b
multiple-wives	note	李鈞 has 2 recorded marriages (fathers-in-law: 李順慶, 崔恒); the print rarely says which union bore which child.	E203200; E203193; E901747	李鈞; 李順慶; 崔恒	1	27	b
multiple-wives	note	朴葳 has 2 recorded marriages (fathers-in-law: 李宜榮, 任孟卿); the print rarely says which union bore which child.	EC00779; E902288; E401832	朴葳; 李宜榮; 任孟卿	1	27	b
multiple-wives	note	安榆 has 2 recorded marriages (fathers-in-law: 李賁然, 呂從敬); the print rarely says which union bore which child.	E303929; E103871; E303927	安榆; 李賁然; 呂從敬	1	28	a
multiple-wives	note	李壽孩 has 2 recorded marriages (fathers-in-law: 金昇, 權攀); the print rarely says which union bore which child.	E200836; E201891; E401579	李壽孩; 金昇; 權攀	1	28	b
multiple-wives	note	柳均 has 2 recorded marriages (fathers-in-law: 韓惠, 李啓蒙); the print rarely says which union bore which child.	E100573; E300363; E100570	柳均; 韓惠; 李啓蒙	1	29	a
multiple-wives	note	鄭錫年 has 2 recorded marriages (fathers-in-law: 韓繼胤, 李檂); the print rarely says which union bore which child.	E200428; E100940; E200305	鄭錫年; 韓繼胤; 李檂	1	29	a
multiple-wives	note	韓岊 has 2 recorded marriages (fathers-in-law: 任淑, 成俊); the print rarely says which union bore which child.	E901917; E302987; E901912	韓岊; 任淑; 成俊	1	29	b
multiple-wives	note	李繼孫 has 2 recorded marriages (fathers-in-law: 鄭保, 李永瑞); the print rarely says which union bore which child.	E301289; E903250; E300088	李繼孫; 鄭保; 李永瑞	1	31	b
multiple-wives	note	韓致良 has 2 recorded marriages (fathers-in-law: 禹垓, 禹埈); the print rarely says which union bore which child.	E000521; E000519; E104336	韓致良; 禹垓; 禹埈	1	33	a
multiple-wives	note	李鉉 has 2 recorded marriages (fathers-in-law: 禹垓, 禹埈); the print rarely says which union bore which child.	E000523; E000519; E104336	李鉉; 禹垓; 禹埈	1	33	a
multiple-wives	note	崔士康 has 2 recorded marriages (fathers-in-law: 李思恥, 姜筮); the print rarely says which union bore which child.	E101374; E104331; D206761	崔士康; 李思恥; 姜筮	1	33	b
multiple-wives	note	李嗣宗 has 2 recorded marriages (fathers-in-law: 李蒕, 尹坰); the print rarely says which union bore which child.	E104363; E104352; E104619	李嗣宗; 李蒕; 尹坰	1	34	b
multiple-wives	note	李復善 has 2 recorded marriages (fathers-in-law: 成熺, 李抽); the print rarely says which union bore which child.	E903117; E104464; E202628	李復善; 成熺; 李抽	1	36	b
multiple-wives	note	韓繼純 has 2 recorded marriages (fathers-in-law: 李啓基, 權琦); the print rarely says which union bore which child.	EA02810; E102383; E506892	韓繼純; 李啓基; 權琦	1	36	b
multiple-wives	note	洪萬齡 has 2 recorded marriages (fathers-in-law: 曹彙, 李愼); the print rarely says which union bore which child.	E100626; EB04133; E100594	洪萬齡; 曹彙; 李愼	1	38	b
multiple-wives	note	芮忠年 has 2 recorded marriages (fathers-in-law: 鄭允恪, 許岩); the print rarely says which union bore which child.	E502870; EB02855; E203063	芮忠年; 鄭允恪; 許岩	1	43	a
multiple-wives	note	宋元年 has 2 recorded marriages (fathers-in-law: 吳召南, 金乙辛); the print rarely says which union bore which child.	E000418; E000416; E000148	宋元年; 吳召南; 金乙辛	1	43	b
multiple-wives	note	閔悛 has 3 recorded marriages (fathers-in-law: 田珪, 李克潭, 李秀東); the print rarely says which union bore which child.	E202895; E202890; E401546; EC00153	閔悛; 田珪; 李克潭; 李秀東	1	46	b
multiple-wives	note	楊守泗 has 2 recorded marriages (fathers-in-law: 丁淑, 權瞻); the print rarely says which union bore which child.	E205029; E000692; E205025	楊守泗; 丁淑; 權瞻	1	48	a
multiple-wives	note	柳義孫 has 2 recorded marriages (fathers-in-law: 奉元良, 尹須彌); the print rarely says which union bore which child.	E102553; E401004; E400791	柳義孫; 奉元良; 尹須彌	1	49	a
multiple-wives	note	安原君 has 2 recorded marriages (fathers-in-law: 王瑜, 李河); the print rarely says which union bore which child.	E402344; D402340; E102793	安原君; 王瑜; 李河	1	55	a
multiple-wives	note	李崇徑 has 2 recorded marriages (fathers-in-law: 朴維, 安剛); the print rarely says which union bore which child.	E202104; E202103; E401041	李崇徑; 朴維; 安剛	2	1	a
multiple-wives	note	李垤 has 2 recorded marriages (fathers-in-law: 明美, 權𧝂); the print rarely says which union bore which child.	E202196; E402594; E402554	李垤; 明美; 權𧝂	2	1	a
multiple-wives	note	安桑鷄 has 2 recorded marriages (fathers-in-law: 金慶長, 安訓); the print rarely says which union bore which child.	E300360; E400630; E902019	安桑鷄; 金慶長; 安訓	2	1	b
multiple-wives	note	李伯規 has 2 recorded marriages (fathers-in-law: 崔石堅, 金孟得); the print rarely says which union bore which child.	E202253; E401018; E304637	李伯規; 崔石堅; 金孟得	2	2	a
multiple-wives	note	朝鮮 文宗 has 4 recorded marriages (fathers-in-law: 洪深, 尹熺, 權裕, 文敏); the print rarely says which union bore which child.	E202603; E202597; E202717; E205879; E400593	朝鮮 文宗; 洪深; 尹熺; 權裕; 文敏	2	3	b
multiple-wives	note	金汝知 has 2 recorded marriages (fathers-in-law: 鄭澍, 李承源); the print rarely says which union bore which child.	E201857; E201848; E402407	金汝知; 鄭澍; 李承源	2	4	b
multiple-wives	note	朴㱓 has 2 recorded marriages (fathers-in-law: 李承源, 安得壽); the print rarely says which union bore which child.	E400739; E402407; E400736	朴㱓; 李承源; 安得壽	2	4	b
multiple-wives	note	金盖銓 has 2 recorded marriages (fathers-in-law: 李暿, 金承重); the print rarely says which union bore which child.	E301202; E203044; E301199	金盖銓; 李暿; 金承重	2	7	a
multiple-wives	note	金益鏻 has 2 recorded marriages (fathers-in-law: 李順慶, 金理); the print rarely says which union bore which child.	E203211; E203193; E905027	金益鏻; 李順慶; 金理	2	7	b
multiple-wives	note	權奇 has 2 recorded marriages (fathers-in-law: 朴汝洵, 權長孫); the print rarely says which union bore which child.	EC00709; E401492; E901289	權奇; 朴汝洵; 權長孫	2	10	a
multiple-wives	note	金崇孝 has 2 recorded marriages (fathers-in-law: 朴翱, 崔沮); the print rarely says which union bore which child.	E401844; E401488; E401846	金崇孝; 朴翱; 崔沮	2	11	b
multiple-wives	note	李具商 has 2 recorded marriages (fathers-in-law: 河壽昌, 權詳); the print rarely says which union bore which child.	E402469; E401856; E401570	李具商; 河壽昌; 權詳	2	12	a
multiple-wives	note	崔涵 has 2 recorded marriages (fathers-in-law: 李隲, 權措); the print rarely says which union bore which child.	E205677; E402390; E401255	崔涵; 李隲; 權措	2	14	a
multiple-wives	note	李繩直 has 2 recorded marriages (fathers-in-law: 李亮, 裵尙志); the print rarely says which union bore which child.	E900584; D402440; D400124	李繩直; 李亮; 裵尙志	2	17	a
multiple-wives	note	洪允成 has 2 recorded marriages (fathers-in-law: 金子謀, 南陸); the print rarely says which union bore which child.	E900735; EB00956; E900733	洪允成; 金子謀; 南陸	2	17	a
multiple-wives	note	柳睠 has 2 recorded marriages (fathers-in-law: 權譼, 文松壽); the print rarely says which union bore which child.	E400819; E205441; E904326	柳睠; 權譼; 文松壽	2	26	b
multiple-wives	note	崔宙 has 2 recorded marriages (fathers-in-law: 權近, 李和); the print rarely says which union bore which child.	E402503; E401119; E301345	崔宙; 權近; 李和	2	27	a
multiple-wives	note	權忱 has 2 recorded marriages (fathers-in-law: 成慄, 鄭憺); the print rarely says which union bore which child.	E901904; E302099; E903293	權忱; 成慄; 鄭憺	2	27	a
multiple-wives	note	辛尙調 has 2 recorded marriages (fathers-in-law: 權蹲, 金安生); the print rarely says which union bore which child.	E205535; E301171; E302288	辛尙調; 權蹲; 金安生	2	27	b
multiple-wives	note	鄭以僑 has 2 recorded marriages (fathers-in-law: 崔漢伯, 權致孫); the print rarely says which union bore which child.	E901138; E206411; E901134	鄭以僑; 崔漢伯; 權致孫	2	34	a
multiple-wives	note	南景祐 has 2 recorded marriages (fathers-in-law: 元忱, 姜淮伯); the print rarely says which union bore which child.	E101113; E402561; EB04104	南景祐; 元忱; 姜淮伯	2	37	a
multiple-wives	note	柳孝根 has 2 recorded marriages (fathers-in-law: 鄭箴, 金和); the print rarely says which union bore which child.	E100767; E305059; E901419	柳孝根; 鄭箴; 金和	2	38	b
multiple-wives	note	李繼明 has 2 recorded marriages (fathers-in-law: 洪性剛, 尹士昫); the print rarely says which union bore which child.	E300085; E000815; E300021	李繼明; 洪性剛; 尹士昫	2	39	a
multiple-wives	note	朝鮮 世祖 has 2 recorded marriages (fathers-in-law: 尹蕃, 尹沂); the print rarely says which union bore which child.	E300370; E300000; E901437	朝鮮 世祖; 尹蕃; 尹沂	2	40	b
multiple-wives	note	朝鮮 德宗 has 2 recorded marriages (fathers-in-law: 權致明, 韓確); the print rarely says which union bore which child.	E300374; E102798; E202244	朝鮮 德宗; 權致明; 韓確	2	41	a
multiple-wives	note	趙之元 has 2 recorded marriages (fathers-in-law: 洪淀, 李之善); the print rarely says which union bore which child.	E300957; EB04167; E303925	趙之元; 洪淀; 李之善	2	43	a
multiple-wives	note	文承祚 has 2 recorded marriages (fathers-in-law: 王譜, 李季林); the print rarely says which union bore which child.	E400584; D301243; EA00412	文承祚; 王譜; 李季林	2	44	b
multiple-wives	note	金孟誠 has 2 recorded marriages (fathers-in-law: 盧𧨝, 李元絳); the print rarely says which union bore which child.	E400481; D301249; D206667	金孟誠; 盧𧨝; 李元絳	2	45	a
multiple-wives	note	明 宣德帝 has 2 recorded marriages (fathers-in-law: 盧從德, 韓𥑇); the print rarely says which union bore which child.	E103615; E301613; E302803	明 宣德帝; 盧從德; 韓𥑇	2	45	b
multiple-wives	note	權孝良 has 2 recorded marriages (fathers-in-law: 李厚, 金連枝); the print rarely says which union bore which child.	E301656; E301634; E000272	權孝良; 李厚; 金連枝	2	47	b
multiple-wives	note	高台翼 has 2 recorded marriages (fathers-in-law: 李季專, 宋紹); the print rarely says which union bore which child.	E900771; E302024; E900764	高台翼; 李季專; 宋紹	2	49	b
multiple-wives	note	柳仲孫 has 2 recorded marriages (fathers-in-law: 李仲行, 安仲聃); the print rarely says which union bore which child.	E302145; E302123; E903126	柳仲孫; 李仲行; 安仲聃	2	50	a
multiple-wives	note	許宕 has 2 recorded marriages (fathers-in-law: 文長壽, 李𡩁); the print rarely says which union bore which child.	EA00397; EA00393; E203046	許宕; 文長壽; 李𡩁	3	3	b
multiple-wives	note	權瑊 has 2 recorded marriages (fathers-in-law: 柳子偕, 金係權); the print rarely says which union bore which child.	E901039; EA02686; E900621	權瑊; 柳子偕; 金係權	3	5	b
multiple-wives	note	辛肅 has 2 recorded marriages (fathers-in-law: 宋玹壽, 姜碩德); the print rarely says which union bore which child.	E900303; E900301; E808008	辛肅; 宋玹壽; 姜碩德	3	9	a
multiple-wives	note	康衮 has 2 recorded marriages (fathers-in-law: 金承圭, 李長孫); the print rarely says which union bore which child.	EC00334; E905042; E305999	康衮; 金承圭; 李長孫	3	14	b
multiple-wives	note	李琰 has 2 recorded marriages (fathers-in-law: 鄭忠敬, 金永轍); the print rarely says which union bore which child.	E304180; EB03236; E302799	李琰; 鄭忠敬; 金永轍	3	19	a
multiple-wives	note	李末生 has 2 recorded marriages (fathers-in-law: 李守綱, 崔洙); the print rarely says which union bore which child.	E102615; E102591; EB04415	李末生; 李守綱; 崔洙	3	30	b
multiple-wives	note	丘永安 has 2 recorded marriages (fathers-in-law: 申允寬, 李聞); the print rarely says which union bore which child.	E901528; E102659; E901522	丘永安; 申允寬; 李聞	3	30	b
multiple-wives	note	元乃仁 has 2 recorded marriages (fathers-in-law: 全季謙, 許諶); the print rarely says which union bore which child.	EA00618; E401209; EB04216	元乃仁; 全季謙; 許諶	3	31	a
multiple-wives	note	朴秉中 has 2 recorded marriages (fathers-in-law: 尹汭, 李秀東); the print rarely says which union bore which child.	E901146; EA02797; EC00153	朴秉中; 尹汭; 李秀東	3	32	a
multiple-wives	note	偰致深 has 2 recorded marriages (fathers-in-law: 李韞, 姜子愼); the print rarely says which union bore which child.	E100689; E100593; E901550	偰致深; 李韞; 姜子愼	3	35	b
multiple-wives	note	李璆 has 2 recorded marriages (fathers-in-law: 南智, 崔承寧); the print rarely says which union bore which child.	E300036; E301302; E101384	李璆; 南智; 崔承寧	3	37	b
wife-note	note	The print qualifies this marriage: 壽妃, 後夫	D401439; D206871	權廉; 忠肅王	1	2	b
wife-note	note	The print qualifies this marriage: 前室	D401439; D401422	權廉; 柳惠孫	1	2	b
wife-note	note	The print qualifies this marriage: 後室	D401439; D400365	權廉; 元松壽	1	2	b
wife-note	note	The transcriber left an editorial note on this marriage: 忠惠王	D402279; D206873	洪鐸; 忠惠王	1	2	b
wife-note	note	The print qualifies this marriage: 初室	D400070; D401808	權溥; 李齊賢	1	3	a
wife-note	note	The print qualifies this marriage: 前夫	D400727; D201738	安國瑞; 崔仁富	1	3	a
wife-note	note	The print qualifies this marriage: 後夫	D400727; D201776	安國瑞; 鄭修道	1	3	a
wife-note	note	The print qualifies this marriage: 前室	D402352; D400443	金之甲; 鄭思道	1	3	a
wife-note	note	The print qualifies this marriage: 後室	D402382; D402384	李瑞種; 趙茂	1	3	a
wife-note	note	The print qualifies this marriage: 前室	D401571; E401997	權儼; 郭樞	1	3	b
wife-note	note	The print qualifies this marriage: 後室	D402391; D402439	李係孫; 安翊	1	3	b
wife-note	note	The print qualifies this marriage: 前夫	D402470; E402477	權侃; 尹希宗	1	4	a
wife-note	note	The print qualifies this marriage: 後夫	D402470; E402478	權侃; 金自忠	1	4	a
wife-note	note	The print qualifies this marriage: 後室	D401644; D300001	權恒; 尹承禮	1	4	b
wife-note	note	The print qualifies this marriage: 前夫	D401761; D401759	王諝; 任巨卿	1	4	b
wife-note	note	The print qualifies this marriage: 後夫	D401761; D401763	王諝; 高呂	1	4	b
wife-note	note	The print qualifies this marriage: 前夫	D402555; D402591	權謙; 權賝	1	4	b
wife-note	note	The print qualifies this marriage: 後夫	D402555; D402592	權謙; 金立堅	1	4	b
wife-note	note	The print qualifies this marriage: 後室	D402557; E402572	元顥; 朴天祥	1	4	b
wife-note	note	The print qualifies this marriage: 前夫	D206469; D206592	權漢功; 李得壽	1	5	a
wife-note	note	The print qualifies this marriage: 後夫, 后室	D206469; D206595	權漢功; 廉悌臣	1	5	a
wife-note	note	The print qualifies this marriage: 前室	D206595; D206606	廉悌臣; 鄭凞啓	1	5	a
wife-note	note	The transcriber left an editorial note on this marriage: 愼妃	D206595; D206610	廉悌臣; 恭愍王	1	5	b
wife-note	note	The print qualifies this marriage: 前夫	D206595; D206611	廉悌臣; 李竦	1	5	b
wife-note	note	The print qualifies this marriage: 後夫	D206595; D206613	廉悌臣; 卞南龍	1	5	b
wife-note	note	The print qualifies this marriage: 側室의 子	D206595; D206617	廉悌臣; 廉廣原	1	5	b
wife-note	note	The transcriber left an editorial note on this marriage: 后室	D206618; D206626	朴瓊; 尹紹宗	1	5	b
wife-note	note	The print qualifies this marriage: 前室	D206673; D206674	權奭; 崔偕	1	6	a
wife-note	note	The print qualifies this marriage: 後夫, 後室	D402199; D103168	權定柱; 王環	1	9	a
wife-note	note	The print qualifies this marriage: 後室, 前夫	D402199; D200036	權定柱; 崔雲海	1	9	a
wife-note	note	The print qualifies this marriage: 後室	E103213; E302102	洪逸童; 權侹	1	10	b
wife-note	note	The print qualifies this marriage: 後室	E401232; E400809	閔休; 金確	1	11	a
wife-note	note	The print qualifies this marriage: 前室	E103347; E900605	朴紹宗; 朴緇	1	11	b
wife-note	note	The print qualifies this marriage: 前室	E401556; E200391	具致寬; 趙選	1	14	a
wife-note	note	The print qualifies this marriage: 先室	D402227; D400480	權鉉; 金稛	1	14	b
wife-note	note	The transcriber left an editorial note on this marriage: 后室	E103559; E103567	朴牖; 金布	1	14	b
wife-note	note	The transcriber left an editorial note on this marriage: 后室	E103639; E103641	田佐命; 洪利用	1	15	a
wife-note	note	The transcriber left an editorial note on this marriage: 后室	E103639; E303682	田佐命; 金㠝	1	15	a
wife-note	note	The print qualifies this marriage: 前室	E400526; E400260	權湛; 柳殷之	1	15	b
wife-note	note	The print qualifies this marriage: 初室	E400649; E400651	韓孟復; 趙終生	1	17	a
wife-note	note	The print qualifies this marriage: 後室	E402050; E400931	洪希忠; 鄭凞	1	18	a
wife-note	note	The print qualifies this marriage: 前室	D402052; E402050	權鎬; 洪希忠	1	18	b
wife-note	note	The print qualifies this marriage: 前室	E103839; E701478	朴秀林; 李陸	1	18	b
wife-note	note	The print qualifies this marriage: 前室	E104543; E101205	李昌門; 李石梁	1	18	b
wife-note	note	The print qualifies this marriage: 前室	E103234; E103862	朴文規; 金守鈞	1	19	a
wife-note	note	The print qualifies this marriage: 前室	E103859; E302895	朴安命; 慶由善	1	19	a
wife-note	note	The print qualifies this marriage: 前室	E103859; E103641	朴安命; 洪利用	1	19	a
wife-note	note	The transcriber left an editorial note on this marriage: 太宗 後宮	E402250; E200306	權弘; 朝鮮 太宗	1	19	a
wife-note	note	The print qualifies this marriage: 前室	D402248; E401303	權鈞; 李種善	1	19	b
wife-note	note	The print qualifies this marriage: 後室	D400387; E400389	元序; 金邁卿	1	20	b
wife-note	note	The transcriber left an editorial note on this marriage: 後宮	D400390; E200306	元庠; 朝鮮 太宗	1	20	b
wife-note	note	The print qualifies this marriage: 前室	D400390; E400398	元庠; 安望之	1	20	b
wife-note	note	The print qualifies this marriage: 前室	E400389; E304391	金邁卿; 盧懷愼	1	20	b
wife-note	note	The print qualifies this marriage: 前室	E400400; E102707	朴賁; 李有若	1	20	b
wife-note	note	The transcriber left an editorial note on this marriage: 后室	E902979; E204465	鄭孝全; 辛順聃	1	21	b
wife-note	note	The transcriber left an editorial note on this marriage: 1	E903024; E203819	金從直; 沈安智	1	22	a
wife-note	note	The print qualifies this marriage: 前室	E903024; E200973	金從直; 德源君	1	22	a
wife-note	note	The print qualifies this marriage: 後室	E903036; E901671	李翊; 崔漠禎	1	22	b
wife-note	note	The print qualifies this marriage: 前室	E903068; E903074	趙元祉; 淸風君	1	22	b
wife-note	note	The print qualifies this marriage: 後室	D401564; E402219	吳仲和; 柳頴	1	23	b
wife-note	note	The print qualifies this marriage: 後室	E401324; E103974	閔矗; 李孝誠	1	24	b
wife-note	note	The print qualifies this marriage: 前室	E300448; E300041	鄭麟趾; 金由岳	1	25	a
wife-note	note	The print qualifies this marriage: 後室	E400478; E103980	韓尙質; 尹坤	1	25	a
wife-note	note	The print qualifies this marriage: 後室	E400982; E300448	李携; 鄭麟趾	1	25	a
wife-note	note	The print qualifies this marriage: 後夫	EA04070; EA04073	鄭光祖; 柳洽	1	25	a
wife-note	note	The print qualifies this marriage: 後夫	EA04070; EA04074	鄭光祖; 權自均	1	25	a
wife-note	note	The transcriber left an editorial note on this marriage: 成宗	E900137; E300049	韓明澮; 朝鮮 成宗	1	25	b
wife-note	note	The print qualifies this marriage: 前室	E901954; E901963	成扱; 趙岷	1	26	a
wife-note	note	The print qualifies this marriage: 後室	E902068; E200209	李兼善; 趙瑞廷	1	26	b
wife-note	note	The print qualifies this marriage: 前室	E902288; EC00779	李宜榮; 朴葳	1	27	b
wife-note	note	The print qualifies this marriage: 後室	E100940; E200428	韓繼胤; 鄭錫年	1	29	a
wife-note	note	The print qualifies this marriage: 後室	EC02299; EC02303	金承重; 許誡	1	29	a
wife-note	note	The print qualifies this marriage: 後室	E300363; E300088	韓惠; 李永瑞	1	29	b
wife-note	note	The print qualifies this marriage: 前室	D402261; E402266	韓脩; 權邦緯	1	30	a
wife-note	note	The print qualifies this marriage: 後室	D402261; E402268	韓脩; 任仲善	1	30	a
wife-note	note	The print qualifies this marriage: 後室	E104168; E101513	朴惟仁; 金仲廉	1	31	a
wife-note	note	The print qualifies this marriage: 前室	E903250; E102224	鄭保; 李墀	1	31	b
wife-note	note	The print qualifies this marriage: 前室	E903250; E903256	鄭保; 李石亨	1	31	b
wife-note	note	The print qualifies this marriage: 前室	E903250; E301289	鄭保; 李繼孫	1	31	b
wife-note	note	The print qualifies this marriage: 後室	E903250; E202876	鄭保; 李有仁	1	31	b
wife-note	note	The print qualifies this marriage: 前室	E000519; E000521	禹垓; 韓致良	1	33	a
wife-note	note	The print qualifies this marriage: 後室	E401317; E104322	洪興善; 李善生	1	33	a
wife-note	note	The print qualifies this marriage: 後室	E104331; E101374	李思恥; 崔士康	1	33	b
wife-note	note	The print qualifies this marriage: 後室	E101374; E101452	崔士康; 姜徯	1	34	a
wife-note	note	The print qualifies this marriage: 前室	E104352; E204183	李蒕; 尹起畎	1	34	a
wife-note	note	The print qualifies this marriage: 前室	E104352; E104363	李蒕; 李嗣宗	1	34	b
wife-note	note	The print qualifies this marriage: 前室	E104464; E104466	成熺; 南椅	1	36	a
wife-note	note	The print qualifies this marriage: 後室	E104464; E104470	成熺; 李恂	1	36	a
wife-note	note	The print qualifies this marriage: 前室	E102383; EA02810	李啓基; 韓繼純	1	36	b
wife-note	note	The print qualifies this marriage: 後室	E104464; E903117	成熺; 李復善	1	36	b
wife-note	note	The print qualifies this marriage: 前室	E401649; E300363	李穗; 韓惠	1	36	b
wife-note	note	The print qualifies this marriage: 前室	E901912; E901917	成俊; 韓岊	1	36	b
wife-note	note	The print qualifies this marriage: 前室	E104507; E902998	金億之; 李永蕃	1	37	a
wife-note	note	The transcriber left an editorial note on this marriage: 后室	E204397; E300304	韓瑞龍; 邊大海	1	37	a
wife-note	note	The print qualifies this marriage: 前室	E402284; E104518	李懃; 韓承舜	1	37	a
wife-note	note	The print qualifies this marriage: 前室	E301149; E903370	洪禹成; 金仁民	1	38	a
wife-note	note	The transcriber left an editorial note on this marriage: 后室	E104619; E303233	尹坰; 辛自鋥	1	38	b
wife-note	note	The print qualifies this marriage: 後室	E104619; E104363	尹坰; 李嗣宗	1	38	b
wife-note	note	The print qualifies this marriage: 前夫, 中室	E400568; E400371	洪潛; 李原	1	38	b
wife-note	note	The print qualifies this marriage: 後夫	E400568; E400374	洪潛; 李義文	1	38	b
wife-note	note	The print qualifies this marriage: 前室	D401000; E400998	廉大侑; 閔麟生	1	40	b
wife-note	note	The print qualifies this marriage: 後室	E902298; E902329	許該; 朴訥生	1	42	a
wife-note	note	The print qualifies this marriage: 前室	E902329; EA01517	朴訥生; 洪淀	1	42	a
wife-note	note	The print qualifies this marriage: 前室	E104858; E201020	蔡疇; 楊子淳	1	42	b
wife-note	note	The print qualifies this marriage: 前室	EB02855; E502870	鄭允恪; 芮忠年	1	43	a
wife-note	note	The transcriber left an editorial note on this marriage: 后室	EB02929; EA03933	鄭允懽; 金仲衡	1	43	b
wife-note	note	The print qualifies this marriage: 前室	E301272; E100734	洪仁老; 宋萬達	1	44	a
wife-note	note	The transcriber left an editorial note on this marriage: 后室	D301274; EB03006	洪彛; 南在	1	44	b
wife-note	note	The transcriber left an editorial note on this marriage: 后室	E401920; EB03070	金暉; 趙季發	1	45	a
wife-note	note	The transcriber left an editorial note on this marriage: 后室	E401187; EB03157	李淳; 金根	1	46	a
wife-note	note	The transcriber left an editorial note on this marriage: 后室	E000692; E205029	丁淑; 楊守泗	1	48	a
wife-note	note	The print qualifies this marriage: 전실	E401004; E102553	奉元良; 柳義孫	1	49	a
wife-note	note	The transcriber left an editorial note on this marriage: 后室	E200006; E200069	李伯溫; 李夏成	1	49	b
wife-note	note	The print qualifies this marriage: 前室	E200305; E200428	李檂; 鄭錫年	1	50	a
wife-note	note	The print qualifies this marriage: 初室	E200305; E200439	李檂; 鄭穗	1	50	a
wife-note	note	The print qualifies this marriage: 前室	E200552; EA00509	申允甫; 閔寬	1	50	a
wife-note	note	The transcriber left an editorial note on this marriage: 惠嬪	E201000; E300371	楊景; 朝鮮 世宗	1	51	b
wife-note	note	The print qualifies this marriage: 前室	D200028; E200030	楊之壽; 楊震	1	52	a
wife-note	note	The print qualifies this marriage: 前室	E201018; E201039	楊厚; 慶由亨	1	52	a
wife-note	note	The print qualifies this marriage: 後室	E200030; E201094	楊震; 黃喜	1	52	b
wife-note	note	The print qualifies this marriage: 前室	E201086; E201090	楊修; 張季叔	1	52	b
wife-note	note	The print qualifies this marriage: 後室	E201099; E201174	黃致身; 李九經	1	53	a
wife-note	note	The print qualifies this marriage: 前室	D200028; D200036	楊之壽; 崔雲海	1	54	b
wife-note	note	The print qualifies this marriage: 前室	E201737; E201765	崔滈; 安自立	1	55	b
wife-note	note	The print qualifies this marriage: 後室	E201848; E201857	鄭澍; 金汝知	1	56	b
wife-note	note	The print qualifies this marriage: 前夫	D402353; E402363	金翰; 李暈	1	57	a
wife-note	note	The print qualifies this marriage: 後夫	D402353; E402364	金翰; 徐允貴	1	57	a
wife-note	note	The print qualifies this marriage: 後室	E201994; E202000	鄭表民; 元至於	1	57	b
wife-note	note	The print qualifies this marriage: 後室	D402384; E400526	趙茂; 權湛	2	1	a
wife-note	note	The print qualifies this marriage: 後室	D402384; E402386	趙茂; 朴義林	2	1	a
wife-note	note	The print qualifies this marriage: 後室	E202103; E202104	朴維; 李崇徑	2	1	a
wife-note	note	The print qualifies this marriage: 前室	E202153; E200460	朴緻; 張全	2	1	a
wife-note	note	The print qualifies this marriage: 後室	E400630; E300360	金慶長; 安桑鷄	2	1	b
wife-note	note	The print qualifies this marriage: 前室	E901261; E304440	洪義華; 金碔	2	1	b
wife-note	note	The print qualifies this marriage: 前室	E401019; E202239	崔原濟; 趙世安	2	2	a
wife-note	note	The print qualifies this marriage: 前室	E202423; E000027	尹煥; 李埤	2	2	b
wife-note	note	The print qualifies this marriage: 前室	E402402; E402535	尹生; 權審	2	3	a
wife-note	note	The transcriber left an editorial note on this marriage: 肅嬪	E202597; E202603	洪深; 朝鮮 文宗	2	3	b
wife-note	note	The print qualifies this marriage: 前室	E202597; E300627	洪深; 奇允哲	2	4	a
wife-note	note	The transcriber left an editorial note on this marriage: 昭容	E202717; E202603	尹熺; 朝鮮 文宗	2	4	a
wife-note	note	The print qualifies this marriage: 前室	E402407; E201857	李承源; 金汝知	2	4	b
wife-note	note	The print qualifies this marriage: 前室	E402407; E400739	李承源; 朴㱓	2	4	b
wife-note	note	The transcriber left an editorial note on this marriage: 1	E202890; E202895	田珪; 閔悛	2	5	a
wife-note	note	The print qualifies this marriage: 前室	E202977; EC00241	李于蕃; 柳孝庸	2	6	a
wife-note	note	The print qualifies this marriage: 後室	D402252; E402250	李學林; 權弘	2	7	b
wife-note	note	The print qualifies this marriage: 前室	E203193; E203200	李順慶; 李鈞	2	7	b
wife-note	note	The print qualifies this marriage: 後室	E203193; E203211	李順慶; 金益鏻	2	7	b
wife-note	note	The print qualifies this marriage: 前室	EA00527; EA03401	朴大生; 李承宗	2	8	b
wife-note	note	The transcriber left an editorial note on this marriage: 后室	E401823; EC00608	黃淵; 金模	2	9	b
wife-note	note	The print qualifies this marriage: 前室	E401488; E401836	朴翱; 成念祖	2	10	b
wife-note	note	The transcriber left an editorial note on this marriage: 后室	E401832; EC00779	任孟卿; 朴葳	2	10	b
wife-note	note	The print qualifies this marriage: 後室	E401487; EC00939	朴元貞; 李從孫	2	11	a
wife-note	note	The print qualifies this marriage: 後室	E401488; E401844	朴翱; 金崇孝	2	11	b
wife-note	note	The print qualifies this marriage: 後室	E401827; E401862	朴永忠; 尹思修	2	12	a
wife-note	note	The print qualifies this marriage: 後室	E401854; E401858	河徵; 鄭守誠	2	12	a
wife-note	note	The transcriber left an editorial note on this marriage: 后室	E401856; E402469	河壽昌; 李具商	2	12	a
wife-note	note	The print qualifies this marriage: 前室	E401863; EC01165	尹處敬; 辛閏祖	2	12	a
wife-note	note	The print qualifies this marriage: 後室	E401863; EC01206	尹處敬; 元孝然	2	12	b
wife-note	note	The print qualifies this marriage: 前室	E401862; E401871	尹思修; 李恭全	2	13	a
wife-note	note	The print qualifies this marriage: 後室	E401888; E401892	黃修; 朴仲實	2	13	a
wife-note	note	The print qualifies this marriage: 後室	EC01241; EC01243	李梓; 鄭有仁	2	13	a
wife-note	note	The print qualifies this marriage: 前夫	E402390; E402432	李隲; 金乙富	2	14	b
wife-note	note	The print qualifies this marriage: 後夫	E402390; E402433	李隲; 朴思齊	2	14	b
wife-note	note	The print qualifies this marriage: 前室	E203353; E203361	成文治; 姜利誠	2	15	a
wife-note	note	The print qualifies this marriage: 前室	E301372; E201040	李伯謙; 慶餘	2	16	b
wife-note	note	The print qualifies this marriage: 前室	D402440; E900584	李亮; 李繩直	2	17	a
wife-note	note	The transcriber left an editorial note on this marriage: 后室	E203806; E101847	禹治江; 閔伸	2	17	b
wife-note	note	The print qualifies this marriage: 第二室	E402445; EC00275	李伯忠; 柳守剛	2	17	b
wife-note	note	The print qualifies this marriage: 前室	E301341; E203946	李伯持; 盧孝恭	2	18	a
wife-note	note	The print qualifies this marriage: 前室	E301341; E203953	李伯持; 秦有經	2	18	a
wife-note	note	The print qualifies this marriage: 後室	E401592; E301341	權敬; 李伯持	2	18	a
wife-note	note	The transcriber left an editorial note on this marriage: Info from AKS Encyclopedia	EB01662; 8e0d18bb-d73c-4440-beb3-00e10f9e173b	權孝良; 權祥	2	19	a
wife-note	note	The print qualifies this marriage: 前室	EC00427; EB01662	洪度; 權孝良	2	19	a
wife-note	note	The print qualifies this marriage: 前室	E402078; E402455	蔡元敬; 申槩	2	19	b
wife-note	note	The transcriber left an editorial note on this marriage: 后室	EB01728; EB01732	朴蘇信; 南昕	2	19	b
wife-note	note	The print qualifies this marriage: 前室	E401570; E402469	權詳; 李具商	2	20	b
wife-note	note	The transcriber left an editorial note on this marriage: 肅恭宮主	E204365; E200306	金裕孫; 朝鮮 太宗	2	21	b
wife-note	note	The transcriber left an editorial note on this marriage: 后室	E401380; E300973	柳溪; 趙云恭	2	21	b
wife-note	note	The transcriber left an editorial note on this marriage: 后室	E402594; E202196	明美; 李垤	2	21	b
wife-note	note	The print qualifies this marriage: 前室	E402485; E402488	權和; 盧尙智	2	22	b
wife-note	note	The print qualifies this marriage: 後出	E402485; E402489	權和; 權雍	2	22	b
wife-note	note	The transcriber left an editorial note on this marriage: 后室	E402491; E204537	權質; 金有完	2	22	b
wife-note	note	The print qualifies this marriage: 前夫	E402498; E102412	權訥; 李檜	2	24	a
wife-note	note	The print qualifies this marriage: 後夫	E402498; E102409	權訥; 李順蒙	2	24	a
wife-note	note	The print qualifies this marriage: 前室	E205025; E205029	權瞻; 楊守泗	2	24	b
wife-note	note	The print qualifies this marriage: 後室	E401119; E401303	權近; 李種善	2	25	a
wife-note	note	The print qualifies this marriage: 前室	E401580; E200050	權踶; 金模	2	25	b
wife-note	note	The print qualifies this marriage: 前室	E901747; E203200	崔恒; 李鈞	2	25	b
wife-note	note	The print qualifies this marriage: 前室	E900146; E101149	權擥; 南怡	2	26	a
wife-note	note	The print qualifies this marriage: 前室	E900146; E600147	權擥; 愼守勤	2	26	a
wife-note	note	The print qualifies this marriage: 後室	E205441; E400819	權譼; 柳睠	2	26	b
wife-note	note	The print qualifies this marriage: 後室	E401119; E402503	權近; 崔宙	2	27	a
wife-note	note	The transcriber left an editorial note on this marriage: 后室	E402507; E205646	蔡倫; 徐涉	2	28	a
wife-note	note	The transcriber left an editorial note on this marriage: 后室	D401256; E402513	權遇; 柳宗植	2	28	b
wife-note	note	The transcriber left an editorial note on this marriage: 后室	E402513; E205748	柳宗植; 鄭而元	2	28	b
wife-note	note	The transcriber left an editorial note on this marriage: 昭容	E205879; E202603	權裕; 朝鮮 文宗	2	29	a
wife-note	note	The print qualifies this marriage: 後室	E301268; E902646	許蔘; 鄭智孫	2	33	b
wife-note	note	The print qualifies this marriage: 後室	E301268; E902649	許蔘; 郭自安	2	33	b
wife-note	note	The transcriber left an editorial note on this marriage: 昭容	E400593; E202603	文敏; 朝鮮 文宗	2	34	a
wife-note	note	The print qualifies this marriage: 前室	E304637; E202253	金孟得; 李伯規	2	35	b
wife-note	note	The transcriber left an editorial note on this marriage: Further verification needed.	E901289; EC00709	權長孫; 權奇	2	36	a
wife-note	note	The print qualifies this marriage: 前室	E402554; E202196	權𧝂; 李垤	2	36	b
wife-note	note	The print qualifies this marriage: 前室	E402554; E304691	權𧝂; 鄭深	2	36	b
wife-note	note	The transcriber left an editorial note on this marriage: 后室	E402561; E101113	元忱; 南景祐	2	37	a
wife-note	note	The print qualifies this marriage: 後室	E402570; E902241	洪福邦; 辛均	2	37	b
wife-note	note	The print qualifies this marriage: 三室	E402574; E304898	元有容; 趙順生	2	38	a
wife-note	note	The transcriber left an editorial note on this marriage: 后室	E000815; E300085	洪性剛; 李繼明	2	39	a
wife-note	note	The transcriber left an editorial note on this marriage: 慈聖大王大妃	E300000; E300370	尹蕃; 朝鮮 世祖	2	40	b
wife-note	note	The transcriber left an editorial note on this marriage: 懷簡大王 德宗	E300370; E300374	朝鮮 世祖; 朝鮮 德宗	2	41	a
wife-note	note	The transcriber left an editorial note on this marriage: 懿淑公主	E300370; E300447	朝鮮 世祖; 鄭顯祖	2	41	a
wife-note	note	The print qualifies this marriage: 後室	E300459; E300517	尹士昕; 李吉甫	2	41	a
wife-note	note	The print qualifies this marriage: 前室	E300882; E300888	趙之夏; 李夢石	2	42	b
wife-note	note	The print qualifies this marriage: 初室	E301339; E102691	李守領; 鄭允愼	2	45	a
wife-note	note	The print qualifies this marriage: 後室	E300088; E301289	李永瑞; 李繼孫	2	46	b
wife-note	note	The print qualifies this marriage: 後室	E301464; E301466	李保仁; 卞範	2	46	b
wife-note	note	The print qualifies this marriage: 前室	E301501; E301511	崔思淸; 權擎	2	47	a
wife-note	note	The print qualifies this marriage: 先室	E301634; E301656	李厚; 權孝良	2	47	b
wife-note	note	The print qualifies this marriage: 後夫	E302024; E900771	李季專; 高台翼	2	49	b
wife-note	note	The print qualifies this marriage: 前室	E302097; E302102	李好謙; 權侹	2	49	b
wife-note	note	The print qualifies this marriage: 後室	E402614; E302094	李愼之; 盧抃文	2	49	b
wife-note	note	The print qualifies this marriage: 前室	D402608; E402617	李希慶; 李寧	2	50	b
wife-note	note	The print qualifies this marriage: 前室	E402091; E100984	李堰; 姜應謙	2	51	a
wife-note	note	The print qualifies this marriage: 後室	D402641; E402643	盧瑜; 洪溟	2	52	a
wife-note	note	The print qualifies this marriage: 前夫	E402645; E400630	李琚; 金慶長	2	53	a
wife-note	note	The print qualifies this marriage: 後夫	E402645; E400628	李琚; 閔壽山	2	53	a
wife-note	note	The print qualifies this marriage: 前室	E402656; E302805	趙叙; 洪若治	2	54	b
wife-note	note	The transcriber left an editorial note on this marriage: 淑儀	E901437; E300370	尹沂; 朝鮮 世祖	3	1	b
wife-note	note	The print qualifies this marriage: 後室	E401198; E401200	全五倫; 金漢老	3	2	b
wife-note	note	The print qualifies this marriage: 前室	EA00360; E101435	金敬哉; 崔承宗	3	3	a
wife-note	note	The print qualifies this marriage: 後室	EA00393; EA00397	文長壽; 許宕	3	3	b
wife-note	note	The print qualifies this marriage: 前室	E401209; EA00618	全季謙; 元乃仁	3	5	a
wife-note	note	The print qualifies this marriage: 前室	EA00586; EA00588	全由義; 李永垠	3	5	a
wife-note	note	The print qualifies this marriage: 前室	EA02686; E901039	柳子偕; 權瑊	3	5	b
wife-note	note	The print qualifies this marriage: 前室	D401630; E400736	柳惠芳; 安得壽	3	7	a
wife-note	note	The print qualifies this marriage: 後室	E400736; E400739	安得壽; 朴㱓	3	7	a
wife-note	note	The print qualifies this marriage: 後室	E900301; E900303	宋玹壽; 辛肅	3	9	a
wife-note	note	The print qualifies this marriage: 前室	D400997; E401009	閔仲理; 金淇	3	9	b
wife-note	note	The print qualifies this marriage: 前室	EA04129; EA01624	宋益孫; 權恢	3	9	b
wife-note	note	The transcriber left an editorial note on this marriage: 后室	EC01742; E200391	李仲規; 趙選	3	10	a
wife-note	note	The print qualifies this marriage: 後室	E401473; E501996	李裕基; 朴耣	3	12	a
wife-note	note	The print qualifies this marriage: 前室	E902019; E300360	安訓; 安桑鷄	3	12	a
wife-note	note	The print qualifies this marriage: 前室	E103080; E103083	李魁; 郭自安	3	14	b
wife-note	note	The print qualifies this marriage: 後室	E103080; E103095	李魁; 朴時衡	3	14	b
wife-note	note	The print qualifies this marriage: 中室	E905042; EC00334	金承圭; 康衮	3	14	b
wife-note	note	The print qualifies this marriage: 前室	E902239; E205095	李季憐; 朴確	3	15	a
wife-note	note	The print qualifies this marriage: 後室	E102535; E102543	尹慈; 趙祉	3	16	b
wife-note	note	The print qualifies this marriage: 後室	E400791; E102553	尹須彌; 柳義孫	3	16	b
wife-note	note	The print qualifies this marriage: 後室	E903293; E901904	鄭憺; 權忱	3	19	a
wife-note	note	The transcriber left an editorial note on this marriage: Check 見四字	EB03236; EC02556	鄭忠敬; 辛碩敦	3	19	a
wife-note	note	The print qualifies this marriage: 後室	EB03236; E304180	鄭忠敬; 李琰	3	19	a
wife-note	note	The transcriber left an editorial note on this marriage: 顯仁妃	D401296; E103609	權執中; 明 永樂帝	3	19	b
wife-note	note	The transcriber left an editorial note on this marriage: 昭訓	E102798; E300374	權致明; 朝鮮 德宗	3	20	a
wife-note	note	The print qualifies this marriage: 前室	E102831; E102857	權永善; 鄭而恭	3	20	b
wife-note	note	The print qualifies this marriage: 後室	E905140; E905142	權恢; 李純全	3	21	a
wife-note	note	The print qualifies this marriage: 前室	E905177; E905180	權擇; 朴儁	3	21	b
wife-note	note	The transcriber left an editorial note on this marriage: 仁粹王妃	E202244; E300374	韓確; 朝鮮 德宗	3	25	a
wife-note	note	The transcriber left an editorial note on this marriage: 康惠莊淑麗妃	E103576; E103609	韓永矴; 明 永樂帝	3	25	b
wife-note	note	The transcriber left an editorial note on this marriage: Possibly an error. The consort is supposed to be Han Hwak's youngest sister.	E302803; E103615	韓𥑇; 明 宣德帝	3	25	b
wife-note	note	The transcriber left an editorial note on this marriage: 1	E402266; EB04056	權邦緯; 權永誠	3	25	b
wife-note	note	The transcriber left an editorial note on this marriage: 燕山君	E101393; E300376	愼承善; 朝鮮 燕山君	3	28	a
wife-note	note	The print qualifies this marriage: 後室	EB04117; E200561	洪智; 成抑	3	28	b
wife-note	note	The print qualifies this marriage: 前室	EC01514; EC01517	金亨孫; 魚世恭	3	30	a
wife-note	note	The print qualifies this marriage: 後室	EB04216; EA00618	許諶; 元乃仁	3	31	a
wife-note	note	The transcriber left an editorial note on this marriage: 后室	E506892; EA02810	權琦; 韓繼純	3	32	b
wife-note	note	The print qualifies this marriage: 前室	EB04266; E300444	辛敬童; 洪應	3	32	b
wife-note	note	The print qualifies this marriage: 後室	EB04344; EB04347	李蔓; 閔無恤	3	34	b
wife-note	note	The print qualifies this marriage: 先室	E100528; EB03250	李蕆; 閔憺	3	35	a
wife-note	note	The print qualifies this marriage: 前室	E300330; EB04407	鄭纘禹; 李浚	3	37	a
wife-note	note	The print qualifies this marriage: 前室	E301302; E300036	南智; 李璆	3	37	b
wife-note	note	The transcriber left an editorial note on this marriage: 后室	D305666; E305676	趙禾; 李從茂	3	39	a
wife-note	note	The print qualifies this marriage: 前室	E202628; E903117	李抽; 李復善	3	40	b
wife-note	note	The transcriber left an editorial note on this marriage: 성화보에는 2男1女(?, 澄, 李克蕃)로 기재되어 있으나 잘못 기재된 것으로 보임.	EC00174; E303977	柳汲; 柳從華	3	43	a
wife-note	note	The transcriber left an editorial note on this marriage: 后室	E304005; E304008	柳之信; 高台鼎	3	43	b
wife-note	note	The transcriber left an editorial note on this marriage: 가정보의 사위 중 趙承智는 성화보와 씨족원류에 柳江의 사위로 기재되어 있음.	E400260; EC00178	柳殷之; 柳漵	3	43	b
wife-note	note	The transcriber left an editorial note on this marriage: 성화보(162쪽) : 2女(사위가 金崇知, 權緯라고 기재되어 있으나 가정보와 성화보(57쪽)에는 權緯의 이름은 기재되어 있지 않음)	E201947; 001efe20-ad58-4cdb-8876-cb0e17fe0275	郭頤正; 權緯	3	51	b
wife-note	note	The print qualifies this marriage: 後室	D206657; E400627	李元紘; 閔校	3	52	a
wife-note	note	The print qualifies this marriage: 前室	E305946; E305951	延庇; 李坤生	3	53	a
wife-note	note	The print qualifies this marriage: 前室	D206662; E305999	李元緝; 李長孫	3	54	a
wife-note	note	The transcriber left an editorial note on this marriage: 后室	D206667; E400481	李元絳; 金孟誠	3	54	b
wife-note	note	The print qualifies this marriage: 後室	E302288; E301913	金安生; 李玉衡	3	56	a
wife-note	note	The transcriber left an editorial note on this marriage: Merge with D206725?	E807781; E807783	權順; 權腆	3	57	a
wife-note	note	The transcriber left an editorial note on this marriage: 성화보(169)에는 2남2녀인 것으로 기록되어 있으나 성화보(5)와 씨족원류를 보면 權居約과 崔係는 權當의 자녀로 보인다.	D206702; E902903	權子衡; 權居約	3	58	a
wife-note	note	The transcriber left an editorial note on this marriage: 성화보(169)에는 2남2녀인 것으로 기록되어 있으나 성화보(5)와 씨족원류를 보면 權居約과 崔係는 權當의 자녀로 보인다.	D206702; E206710	權子衡; 崔係	3	58	a
wife-note	note	The print qualifies this marriage: 前室	D206761; E101374	姜筮; 崔士康	3	60	a
wife-note	note	The print qualifies this marriage: 後室	E101384; E300036	崔承寧; 李璆	3	60	a
wife-note	note	The transcriber left an editorial note on this marriage: 昭訓	E101386; E300451	崔道一; 朝鮮 睿宗	3	60	a
wife-note	note	The print qualifies this marriage: 前室	E102533; E101135	姜孟卿; 南瞦	3	60	b
wife-note	note	The transcriber left an editorial note on this marriage: 성화보 : 姜子保의 女로 기록되어 있으나, 가정보와 씨족원류에 근거하여 姜子儀의 女로 기록함.	E807984; E300099	姜子保; 李崇壽	3	60	b
wife-note	note	The print qualifies this marriage: 後室	E203654; E605699	金張; 趙瑞安	3	61	a
wife-note	note	The transcriber left an editorial note on this marriage: 씨족원류 : 利用의 子로 貞用의 養子로 감	EC04679; E204105	金利用; 金自哲	3	61	a
wife-note	note	The print qualifies this marriage: 前室	E808008; E900303	姜碩德; 辛肅	3	61	b
wife-note	note	The print qualifies this marriage: 前室	D206793; E400125	金得雨; 權軫	3	63	b
wife-note	note	The transcriber left an editorial note on this marriage: 后室	D400124; E900584	裵尙志; 李繩直	3	65	b
wife-note	note	The print qualifies this marriage: 後室	E401878; E401876	裵桓; 尹處恭	3	65	b
wife-note	note	The transcriber left an editorial note on this marriage: 后室	E900592; E900605	李時敏; 朴緇	3	65	b
wife-note	note	The print qualifies this marriage: 後室	E900533; E900530	裴素; 安從生	3	66	b
wife-note	note	The print qualifies this marriage: 前室	E900764; E900771	宋紹; 高台翼	3	67	a
wife-note	note	The print qualifies this marriage: 後室	E900795; E900798	宋綸; 李夢石	3	67	b
wife-note	note	The print qualifies this marriage: 後室	E900621; E901039	金係權; 權瑊	3	69	a
wife-note	note	The print qualifies this marriage: 前室	E901134; E901138	權致孫; 鄭以僑	3	70	a
duplicate-node-row	note	韓致禮 appears on more than one row of the node table; the rows were merged, keeping the first non-empty value of each field.	E103584	韓致禮	3	25	a
duplicate-edge-row	note	The relation 洪彦博 → 洪師範 (HAS_SON) is printed more than once; the duplicate rows were merged into one edge.	D401077; D402175	洪彦博; 洪師範	1	3	a
duplicate-edge-row	note	The relation 洪彦博 → 洪師瑗 (HAS_SON) is printed more than once; the duplicate rows were merged into one edge.	D401077; D200005	洪彦博; 洪師瑗	1	3	a
duplicate-edge-row	note	The relation 沈季文 → 沈希括 (HAS_SON) is printed more than once; the duplicate rows were merged into one edge.	D206713; E206715	沈季文; 沈希括	1	6	b
duplicate-edge-row	note	The relation 沈季文 → 沈希溫 (HAS_SON) is printed more than once; the duplicate rows were merged into one edge.	D206713; E206716	沈季文; 沈希溫	1	6	b
duplicate-edge-row	note	The relation 沈季文 → 沈希發 (HAS_SON) is printed more than once; the duplicate rows were merged into one edge.	D206713; E206717	沈季文; 沈希發	1	6	b
duplicate-edge-row	note	The relation 沈季文 → 張斐 (HAS_SIL) is printed more than once; the duplicate rows were merged into one edge.	D206713; E206718	沈季文; 張斐	1	6	b
duplicate-edge-row	note	The relation 沈季文 → 沈希挺 (HAS_SON) is printed more than once; the duplicate rows were merged into one edge.	D206713; E206720	沈季文; 沈希挺	1	6	b
duplicate-edge-row	note	The relation 權當 → 權偟 (HAS_SIL) is printed more than once; the duplicate rows were merged into one edge.	E206704; E206708	權當; 權偟	1	6	b
duplicate-edge-row	note	The relation 權當 → 權希約 (HAS_SON) is printed more than once; the duplicate rows were merged into one edge.	E206704; E206707	權當; 權希約	1	6	b
duplicate-edge-row	note	The relation 權當 → 金繼孫 (HAS_SIL) is printed more than once; the duplicate rows were merged into one edge.	E206704; E206705	權當; 金繼孫	1	6	b
duplicate-edge-row	note	The relation 權居約 → 權自謙 (HAS_SON) is printed more than once; the duplicate rows were merged into one edge.	E902903; E900711	權居約; 權自謙	1	6	b
duplicate-edge-row	note	The relation 權珠慶 → 權贇 (HAS_SON) is printed more than once; the duplicate rows were merged into one edge.	D206723; D206724	權珠慶; 權贇	1	7	a
duplicate-edge-row	note	The relation 權珠慶 → 權琠 (HAS_SON) is printed more than once; the duplicate rows were merged into one edge.	D206723; D206725	權珠慶; 權琠	1	7	a
duplicate-edge-row	note	The relation 權珠慶 → 權時 (HAS_SON) is printed more than once; the duplicate rows were merged into one edge.	D206723; D206726	權珠慶; 權時	1	7	a
duplicate-edge-row	note	The relation 權珠慶 → 權度 (HAS_SON) is printed more than once; the duplicate rows were merged into one edge.	D206723; D206727	權珠慶; 權度	1	7	a
duplicate-edge-row	note	The relation 權珠慶 → 成老 (HAS_SIL) is printed more than once; the duplicate rows were merged into one edge.	D206723; D206728	權珠慶; 成老	1	7	a
duplicate-edge-row	note	The relation 權珠慶 → 金天秩 (HAS_SIL) is printed more than once; the duplicate rows were merged into one edge.	D206723; D206730	權珠慶; 金天秩	1	7	a
duplicate-edge-row	note	The relation 金惟情 → 金乙材 (HAS_SON) is printed more than once; the duplicate rows were merged into one edge.	D206735; D206737	金惟情; 金乙材	1	7	a
duplicate-edge-row	note	The relation 金惟情 → 金乙忠 (HAS_SON) is printed more than once; the duplicate rows were merged into one edge.	D206735; D206738	金惟情; 金乙忠	1	7	a
duplicate-edge-row	note	The relation 權光贊 → 權台鼎 (HAS_SON) is printed more than once; the duplicate rows were merged into one edge.	D206748; D206749	權光贊; 權台鼎	1	7	a
duplicate-edge-row	note	The relation 權光贊 → 權台府 (HAS_SON) is printed more than once; the duplicate rows were merged into one edge.	D206748; D206750	權光贊; 權台府	1	7	a
duplicate-edge-row	note	The relation 權光贊 → 李簷 (HAS_SIL) is printed more than once; the duplicate rows were merged into one edge.	D206748; D206751	權光贊; 李簷	1	7	a
duplicate-edge-row	note	The relation 鄭益周 → 曺興 (HAS_SIL) is printed more than once; the duplicate rows were merged into one edge.	D206753; D206755	鄭益周; 曺興	1	7	a
duplicate-edge-row	note	The relation 鄭益周 → 徐孝順 (HAS_SIL) is printed more than once; the duplicate rows were merged into one edge.	D206753; D206757	鄭益周; 徐孝順	1	7	a
duplicate-edge-row	note	The relation 姜君寶 → 姜筮 (HAS_SON) is printed more than once; the duplicate rows were merged into one edge.	D206759; D206761	姜君寶; 姜筮	1	7	a
duplicate-edge-row	note	The relation 姜君寶 → 姜策 (HAS_SON) is printed more than once; the duplicate rows were merged into one edge.	D206759; E103999	姜君寶; 姜策	1	7	b
duplicate-edge-row	note	The relation 姜君寶 → 姜箸 (HAS_SON) is printed more than once; the duplicate rows were merged into one edge.	D206759; D206763	姜君寶; 姜箸	1	7	b
duplicate-edge-row	note	The relation 李英雨 → 曺子暹 (HAS_SIL) is printed more than once; the duplicate rows were merged into one edge.	D206765; D206767	李英雨; 曺子暹	1	7	b
duplicate-edge-row	note	The relation 權復徑 → 姜敬和 (HAS_SIL) is printed more than once; the duplicate rows were merged into one edge.	D206774; D206775	權復徑; 姜敬和	1	7	b
duplicate-edge-row	note	The relation 權復徑 → 姜和寶 (HAS_SIL) is printed more than once; the duplicate rows were merged into one edge.	D206774; D206777	權復徑; 姜和寶	1	7	b
duplicate-edge-row	note	The relation 權思遠 → 權重 (HAS_SON) is printed more than once; the duplicate rows were merged into one edge.	E206779; E206780	權思遠; 權重	1	7	b
duplicate-edge-row	note	The relation 權思遠 → 權助 (HAS_SON) is printed more than once; the duplicate rows were merged into one edge.	E206779; E206781	權思遠; 權助	1	7	b
duplicate-edge-row	note	The relation 權思直 → 權勘 (HAS_SON) is printed more than once; the duplicate rows were merged into one edge.	E206782; E206783	權思直; 權勘	1	7	b
duplicate-edge-row	note	The relation 洪逸童 → 金若均 (HAS_SIL) is printed more than once; the duplicate rows were merged into one edge.	E103213; E802553	洪逸童; 金若均	1	10	b
duplicate-edge-row	note	The relation 洪逸童 → 權侹 (HAS_SIL) is printed more than once; the duplicate rows were merged into one edge.	E103213; E302102	洪逸童; 權侹	1	10	b
duplicate-edge-row	note	The relation 李八仝 → 卞鐔 (HAS_SIL) is printed more than once; the duplicate rows were merged into one edge.	E900063; E900061	李八仝; 卞鐔	1	11	a
duplicate-edge-row	note	The relation 李材 → 申碩孫 (HAS_SIL) is printed more than once; the duplicate rows were merged into one edge.	E901133; E103381	李材; 申碩孫	1	11	b
duplicate-edge-row	note	The relation 李材 → 李守仁 (HAS_SON) is printed more than once; the duplicate rows were merged into one edge.	E901133; E103379	李材; 李守仁	1	11	b
duplicate-edge-row	note	The relation 閔惲 → 閔永堅 (HAS_SON) is printed more than once; the duplicate rows were merged into one edge.	E300095; E900012	閔惲; 閔永堅	1	12	a
duplicate-edge-row	note	The relation 張安之 → 李兼善 (HAS_SIL) is printed more than once; the duplicate rows were merged into one edge.	EB04342; E902068	張安之; 李兼善	1	26	a
duplicate-edge-row	note	The relation 洪淀 → 洪任 (HAS_SON) is printed more than once; the duplicate rows were merged into one edge.	EA01517; E502920	洪淀; 洪任	1	42	a
duplicate-edge-row	note	The relation 金龜石 → 金由岳 (HAS_SON) is printed more than once; the duplicate rows were merged into one edge.	E200970; E300041	金龜石; 金由岳	1	51	b
duplicate-edge-row	note	The relation 郭頤正 → 金崇智 (HAS_SIL) is printed more than once; the duplicate rows were merged into one edge.	E201947; E902174	郭頤正; 金崇智	1	57	a
duplicate-edge-row	note	The relation 朴昨 → 朴叔紊 (HAS_SON) is printed more than once; the duplicate rows were merged into one edge.	E202276; E700531	朴昨; 朴叔紊	2	2	a
duplicate-edge-row	note	The relation 朴昨 → 朴之蕃 (HAS_SIL) is printed more than once; the duplicate rows were merged into one edge.	E202276; E202292	朴昨; 朴之蕃	2	2	a
duplicate-edge-row	note	The relation 朴昨 → 朴叔楙 (HAS_SON) is printed more than once; the duplicate rows were merged into one edge.	E202276; E202204	朴昨; 朴叔楙	2	2	a
duplicate-edge-row	note	The relation 朴昨 → 朴叔進 (HAS_SON) is printed more than once; the duplicate rows were merged into one edge.	E202276; E202284	朴昨; 朴叔進	2	2	a
duplicate-edge-row	note	The relation 朴昨 → 朴叔帳 (HAS_SON) is printed more than once; the duplicate rows were merged into one edge.	E202276; E202289	朴昨; 朴叔帳	2	2	a
duplicate-edge-row	note	The relation 朴從幹 → 李鱗 (HAS_SIL) is printed more than once; the duplicate rows were merged into one edge.	E100703; E206379	朴從幹; 李鱗	2	32	a
node-from-edge-table	note	金貞秀 has no row in the person table; everything known about him comes from the relation that names him.	D206842	金貞秀	1	8	b
node-from-edge-table	note	柳三陽 has no row in the person table; everything known about him comes from the relation that names him.	E100770	柳三陽	1	9	a
node-from-edge-table	note	李敏亨 has no row in the person table; everything known about him comes from the relation that names him.	E802210	李敏亨	1	9	a
node-from-edge-table	note	朴機 has no row in the person table; everything known about him comes from the relation that names him.	E802241	朴機	1	9	a
node-from-edge-table	note	金復恒 has no row in the person table; everything known about him comes from the relation that names him.	E802367	金復恒	1	9	a
node-from-edge-table	note	盧處均 has no row in the person table; everything known about him comes from the relation that names him.	E802420	盧處均	1	9	a
node-from-edge-table	note	朴菖 has no row in the person table; everything known about him comes from the relation that names him.	E802419	朴菖	1	9	b
node-from-edge-table	note	柳壽眉 has no row in the person table; everything known about him comes from the relation that names him.	E103689	柳壽眉	1	16	a
node-from-edge-table	note	梁淑 has no row in the person table; everything known about him comes from the relation that names him.	E701455	梁淑	1	16	a
node-from-edge-table	note	李貞之 has no row in the person table; everything known about him comes from the relation that names him.	E103750	李貞之	1	17	a
node-from-edge-table	note	鄭由吉 has no row in the person table; everything known about him comes from the relation that names him.	E103751	鄭由吉	1	17	a
node-from-edge-table	note	鄭琠 has no row in the person table; everything known about him comes from the relation that names him.	E103753	鄭琠	1	17	a
node-from-edge-table	note	趙終生 has no row in the person table; everything known about him comes from the relation that names him.	E400651	趙終生	1	17	a
node-from-edge-table	note	李福重 has no row in the person table; everything known about him comes from the relation that names him.	E804435	李福重	1	17	b
node-from-edge-table	note	柳雲孫 has no row in the person table; everything known about him comes from the relation that names him.	EA00087	柳雲孫	1	20	b
node-from-edge-table	note	金勉 has no row in the person table; everything known about him comes from the relation that names him.	E205127	金勉	1	21	a
node-from-edge-table	note	李炯 has no row in the person table; everything known about him comes from the relation that names him.	E101857	李炯	1	21	b
node-from-edge-table	note	鄭孝全 has no row in the person table; everything known about him comes from the relation that names him.	E902979	鄭孝全	1	21	b
node-from-edge-table	note	李師純 has no row in the person table; everything known about him comes from the relation that names him.	E902989	李師純	1	21	b
node-from-edge-table	note	李亨根 has no row in the person table; everything known about him comes from the relation that names him.	E903016	李亨根	1	22	a
node-from-edge-table	note	趙孟俊 has no row in the person table; everything known about him comes from the relation that names him.	E903072	趙孟俊	1	22	b
node-from-edge-table	note	鄭濡 has no row in the person table; everything known about him comes from the relation that names him.	E400827	鄭濡	1	23	a
node-from-edge-table	note	吳齊普 has no row in the person table; everything known about him comes from the relation that names him.	E402220	吳齊普	1	24	a
node-from-edge-table	note	崔孟思 has no row in the person table; everything known about him comes from the relation that names him.	E501409	崔孟思	1	25	a
node-from-edge-table	note	李智長 has no row in the person table; everything known about him comes from the relation that names him.	EC02225	李智長	1	28	b
node-from-edge-table	note	韓繼禧 has no row in the person table; everything known about him comes from the relation that names him.	E300257	韓繼禧	1	29	b
node-from-edge-table	note	韓孝孫 has no row in the person table; everything known about him comes from the relation that names him.	E805416	韓孝孫	1	29	b
node-from-edge-table	note	任孝恭 has no row in the person table; everything known about him comes from the relation that names him.	E104093	任孝恭	1	30	a
node-from-edge-table	note	任孝忠 has no row in the person table; everything known about him comes from the relation that names him.	E902158	任孝忠	1	30	a
node-from-edge-table	note	任孝仁 has no row in the person table; everything known about him comes from the relation that names him.	E104101	任孝仁	1	30	b
node-from-edge-table	note	崔漢臣 has no row in the person table; everything known about him comes from the relation that names him.	E104113	崔漢臣	1	30	b
node-from-edge-table	note	任孝明 has no row in the person table; everything known about him comes from the relation that names him.	E104114	任孝明	1	30	b
node-from-edge-table	note	李處溫 has no row in the person table; everything known about him comes from the relation that names him.	E104147	李處溫	1	30	b
node-from-edge-table	note	朴惟仁 has no row in the person table; everything known about him comes from the relation that names him.	E104168	朴惟仁	1	31	a
node-from-edge-table	note	禹埈 has no row in the person table; everything known about him comes from the relation that names him.	E104336	禹埈	1	33	a
node-from-edge-table	note	安慶會 has no row in the person table; everything known about him comes from the relation that names him.	E904122	安慶會	1	33	a
node-from-edge-table	note	朴賀孫 has no row in the person table; everything known about him comes from the relation that names him.	E104385	朴賀孫	1	34	b
node-from-edge-table	note	具宗猷 has no row in the person table; everything known about him comes from the relation that names him.	E104393	具宗猷	1	35	a
node-from-edge-table	note	李思儉 has no row in the person table; everything known about him comes from the relation that names him.	E104394	李思儉	1	35	a
node-from-edge-table	note	李仍 has no row in the person table; everything known about him comes from the relation that names him.	E104440	李仍	1	36	a
node-from-edge-table	note	姜眉壽 has no row in the person table; everything known about him comes from the relation that names him.	E104444	姜眉壽	1	36	a
node-from-edge-table	note	李啓基 has no row in the person table; everything known about him comes from the relation that names him.	E102383	李啓基	1	36	b
node-from-edge-table	note	金億之 has no row in the person table; everything known about him comes from the relation that names him.	E104507	金億之	1	37	a
node-from-edge-table	note	尹培 has no row in the person table; everything known about him comes from the relation that names him.	E104654	尹培	1	39	b
node-from-edge-table	note	金仍 has no row in the person table; everything known about him comes from the relation that names him.	E104739	金仍	1	39	b
node-from-edge-table	note	李起孫 has no row in the person table; everything known about him comes from the relation that names him.	E104783	李起孫	1	40	a
node-from-edge-table	note	李光富 has no row in the person table; everything known about him comes from the relation that names him.	D400350	李光富	1	40	b
node-from-edge-table	note	廉致 has no row in the person table; everything known about him comes from the relation that names him.	E104822	廉致	1	40	b
node-from-edge-table	note	鄭允懽 has no row in the person table; everything known about him comes from the relation that names him.	EB02929	鄭允懽	1	43	b
node-from-edge-table	note	柳晡 has no row in the person table; everything known about him comes from the relation that names him.	E400822	柳晡	1	44	a
node-from-edge-table	note	洪忻 has no row in the person table; everything known about him comes from the relation that names him.	E903983	洪忻	1	44	a
node-from-edge-table	note	洪達孫 has no row in the person table; everything known about him comes from the relation that names him.	EB02996	洪達孫	1	44	a
node-from-edge-table	note	李晨 has no row in the person table; everything known about him comes from the relation that names him.	EB03003	李晨	1	44	a
node-from-edge-table	note	崔漢侯 has no row in the person table; everything known about him comes from the relation that names him.	E901470	崔漢侯	1	45	a
node-from-edge-table	note	洪洽 has no row in the person table; everything known about him comes from the relation that names him.	EB01779	洪洽	1	45	a
node-from-edge-table	note	琴衍 has no row in the person table; everything known about him comes from the relation that names him.	EB03182	琴衍	1	46	a
node-from-edge-table	note	閔解 has no row in the person table; everything known about him comes from the relation that names him.	EB03328	閔解	1	47	b
node-from-edge-table	note	李近愚 has no row in the person table; everything known about him comes from the relation that names him.	E000668	李近愚	1	48	a
node-from-edge-table	note	李仲孫 has no row in the person table; everything known about him comes from the relation that names him.	E000766	李仲孫	1	48	a
node-from-edge-table	note	李末孫 has no row in the person table; everything known about him comes from the relation that names him.	E000769	李末孫	1	48	a
node-from-edge-table	note	洪達廷 has no row in the person table; everything known about him comes from the relation that names him.	E000856	洪達廷	1	48	b
node-from-edge-table	note	許之惠 has no row in the person table; everything known about him comes from the relation that names him.	D200013	許之惠	1	49	b
node-from-edge-table	note	李躋 has no row in the person table; everything known about him comes from the relation that names him.	E200320	李躋	1	49	b
node-from-edge-table	note	趙希宗 has no row in the person table; everything known about him comes from the relation that names him.	E200597	趙希宗	1	50	b
node-from-edge-table	note	李孝誠 has no row in the person table; everything known about him comes from the relation that names him.	E700001	李孝誠	1	54	a
node-from-edge-table	note	李丁忠 has no row in the person table; everything known about him comes from the relation that names him.	E201821	李丁忠	1	56	a
node-from-edge-table	note	鄭洲 has no row in the person table; everything known about him comes from the relation that names him.	E201849	鄭洲	1	56	b
node-from-edge-table	note	金迪 has no row in the person table; everything known about him comes from the relation that names him.	E201853	金迪	1	56	b
node-from-edge-table	note	鄭洧 has no row in the person table; everything known about him comes from the relation that names him.	E201916	鄭洧	1	56	b
node-from-edge-table	note	趙弘道 has no row in the person table; everything known about him comes from the relation that names him.	E402388	趙弘道	2	2	a
node-from-edge-table	note	閔不貪 has no row in the person table; everything known about him comes from the relation that names him.	E202482	閔不貪	2	3	a
node-from-edge-table	note	洪深 has no row in the person table; everything known about him comes from the relation that names him.	E202597	洪深	2	3	b
node-from-edge-table	note	李叔仁 has no row in the person table; everything known about him comes from the relation that names him.	E202889	李叔仁	2	5	a
node-from-edge-table	note	田積 has no row in the person table; everything known about him comes from the relation that names him.	E202898	田積	2	5	a
node-from-edge-table	note	李密 has no row in the person table; everything known about him comes from the relation that names him.	E402411	李密	2	5	b
node-from-edge-table	note	趙年同 has no row in the person table; everything known about him comes from the relation that names him.	EC04141	趙年同	2	5	b
node-from-edge-table	note	李于蕃 has no row in the person table; everything known about him comes from the relation that names him.	E202977	李于蕃	2	6	a
node-from-edge-table	note	朴崝 has no row in the person table; everything known about him comes from the relation that names him.	EC04154	朴崝	2	6	a
node-from-edge-table	note	辛銀㱓 has no row in the person table; everything known about him comes from the relation that names him.	EC04157	辛銀㱓	2	6	a
node-from-edge-table	note	權漬 has no row in the person table; everything known about him comes from the relation that names him.	E203189	權漬	2	7	b
node-from-edge-table	note	李仁道 has no row in the person table; everything known about him comes from the relation that names him.	E402424	李仁道	2	8	a
node-from-edge-table	note	崔稪 has no row in the person table; everything known about him comes from the relation that names him.	E203275	崔稪	2	14	b
node-from-edge-table	note	李臣賢 has no row in the person table; everything known about him comes from the relation that names him.	E402437	李臣賢	2	15	a
node-from-edge-table	note	崔仲元 has no row in the person table; everything known about him comes from the relation that names him.	E203472	崔仲元	2	15	b
node-from-edge-table	note	權精 has no row in the person table; everything known about him comes from the relation that names him.	E204161	權精	2	20	a
node-from-edge-table	note	崔汝澄 has no row in the person table; everything known about him comes from the relation that names him.	E303309	崔汝澄	2	28	a
node-from-edge-table	note	權頤 has no row in the person table; everything known about him comes from the relation that names him.	E101192	權頤	2	29	a
node-from-edge-table	note	朴禎 has no row in the person table; everything known about him comes from the relation that names him.	E402529	朴禎	2	32	a
node-from-edge-table	note	金德源 has no row in the person table; everything known about him comes from the relation that names him.	E902612	金德源	2	33	a
node-from-edge-table	note	許瑗 has no row in the person table; everything known about him comes from the relation that names him.	E902613	許瑗	2	33	a
node-from-edge-table	note	崔淑文 has no row in the person table; everything known about him comes from the relation that names him.	E101456	崔淑文	2	33	b
node-from-edge-table	note	孫謙 has no row in the person table; everything known about him comes from the relation that names him.	E401506	孫謙	2	37	a
node-from-edge-table	note	元恭 has no row in the person table; everything known about him comes from the relation that names him.	E300131	元恭	2	38	a
node-from-edge-table	note	元崇信 has no row in the person table; everything known about him comes from the relation that names him.	EA02943	元崇信	2	38	a
node-from-edge-table	note	安民老 has no row in the person table; everything known about him comes from the relation that names him.	E305089	安民老	2	39	a
node-from-edge-table	note	李念義 has no row in the person table; everything known about him comes from the relation that names him.	E300294	李念義	2	40	b
node-from-edge-table	note	趙憐 has no row in the person table; everything known about him comes from the relation that names him.	E300971	趙憐	2	43	a
node-from-edge-table	note	崔子寧 has no row in the person table; everything known about him comes from the relation that names him.	E301037	崔子寧	2	43	a
node-from-edge-table	note	朴信 has no row in the person table; everything known about him comes from the relation that names him.	E301105	朴信	2	43	b
node-from-edge-table	note	柳季根 has no row in the person table; everything known about him comes from the relation that names him.	E301773	柳季根	2	48	b
node-from-edge-table	note	邊克忠 has no row in the person table; everything known about him comes from the relation that names him.	EA00528	邊克忠	3	4	b
node-from-edge-table	note	洪湜 has no row in the person table; everything known about him comes from the relation that names him.	E900083	洪湜	3	8	b
node-from-edge-table	note	辛服義 has no row in the person table; everything known about him comes from the relation that names him.	E700115	辛服義	3	13	a
node-from-edge-table	note	李元精 has no row in the person table; everything known about him comes from the relation that names him.	E103521	李元精	3	15	a
node-from-edge-table	note	尹善老 has no row in the person table; everything known about him comes from the relation that names him.	E102526	尹善老	3	16	b
node-from-edge-table	note	奇褚 has no row in the person table; everything known about him comes from the relation that names him.	EB01820	奇褚	3	18	b
node-from-edge-table	note	權尙儉 has no row in the person table; everything known about him comes from the relation that names him.	EB03951	權尙儉	3	22	a
node-from-edge-table	note	洪侃 has no row in the person table; everything known about him comes from the relation that names him.	EA01524	洪侃	3	29	b
node-from-edge-table	note	李塾 has no row in the person table; everything known about him comes from the relation that names him.	EB00541	李塾	3	30	a
node-from-edge-table	note	朝鮮 呂陽令 has no row in the person table; everything known about him comes from the relation that names him.	EA02795	朝鮮 呂陽令	3	32	a
node-from-edge-table	note	金輸 has no row in the person table; everything known about him comes from the relation that names him.	EB04248	金輸	3	32	a
node-from-edge-table	note	郭珪 has no row in the person table; everything known about him comes from the relation that names him.	EB04318	郭珪	3	33	a
node-from-edge-table	note	崔澍 has no row in the person table; everything known about him comes from the relation that names him.	E100567	崔澍	3	35	a
node-from-edge-table	note	曺末孫 has no row in the person table; everything known about him comes from the relation that names him.	E201638	曺末孫	3	44	b
node-from-edge-table	note	李仲善 has no row in the person table; everything known about him comes from the relation that names him.	E303820	李仲善	3	55	a
node-from-edge-table	note	陳以孝 has no row in the person table; everything known about him comes from the relation that names him.	E807716	陳以孝	3	55	b
node-from-edge-table	note	權寶成 has no row in the person table; everything known about him comes from the relation that names him.	E807823	權寶成	3	57	b
node-from-edge-table	note	權奉成 has no row in the person table; everything known about him comes from the relation that names him.	E807824	權奉成	3	57	b
node-from-edge-table	note	權安成 has no row in the person table; everything known about him comes from the relation that names him.	E807825	權安成	3	57	b
node-from-edge-table	note	鄭國銓 has no row in the person table; everything known about him comes from the relation that names him.	E807898	鄭國銓	3	58	a
node-from-edge-table	note	姜 has no row in the person table; everything known about him comes from the relation that names him.	D807913	姜	3	58	b
node-from-edge-table	note	金寶荊 has no row in the person table; everything known about him comes from the relation that names him.	E808184	金寶荊	3	71	a
generation-repair	note	權用一 was moved down 1 generation (to 14) so that no recorded kin tie points upwards; the print itself gives no generation numbers.	D206493	權用一	1	1	b
generation-repair	note	廉國寶 was moved down 1 generation (to 16) so that no recorded kin tie points upwards; the print itself gives no generation numbers.	D401698	廉國寶	1	2	b
generation-repair	note	權肅 was moved down 1 generation (to 17) so that no recorded kin tie points upwards; the print itself gives no generation numbers.	E400102	權肅	1	4	a
generation-repair	note	權和 was moved down 2 generations (to 18) so that no recorded kin tie points upwards; the print itself gives no generation numbers.	E402485	權和	1	4	a
generation-repair	note	王諮 was moved down 1 generation (to 17) so that no recorded kin tie points upwards; the print itself gives no generation numbers.	D402602	王諮	1	5	a
generation-repair	note	權邦緯 was moved down 2 generations (to 17) so that no recorded kin tie points upwards; the print itself gives no generation numbers.	E402266	權邦緯	1	5	a
generation-repair	note	權遜 was moved down 2 generations (to 17) so that no recorded kin tie points upwards; the print itself gives no generation numbers.	E402275	權遜	1	6	a
generation-repair	note	柳資 was moved down 2 generations (to 17) so that no recorded kin tie points upwards; the print itself gives no generation numbers.	EC00498	柳資	1	6	a
generation-repair	note	南仁祐 was moved down 2 generations (to 17) so that no recorded kin tie points upwards; the print itself gives no generation numbers.	D206699	南仁祐	1	6	b
generation-repair	note	崔係 was moved down 1 generation (to 17) so that no recorded kin tie points upwards; the print itself gives no generation numbers.	E206710	崔係	1	6	b
generation-repair	note	裵桓 was moved down 1 generation (to 17) so that no recorded kin tie points upwards; the print itself gives no generation numbers.	E401878	裵桓	1	6	b
generation-repair	note	權自謙 was moved down 1 generation (to 18) so that no recorded kin tie points upwards; the print itself gives no generation numbers.	E900711	權自謙	1	6	b
generation-repair	note	權居約 was moved down 1 generation (to 17) so that no recorded kin tie points upwards; the print itself gives no generation numbers.	E902903	權居約	1	6	b
generation-repair	note	姜策 was moved down 3 generations (to 18) so that no recorded kin tie points upwards; the print itself gives no generation numbers.	E103999	姜策	1	7	b
generation-repair	note	崔雲海 was moved down 1 generation (to 18) so that no recorded kin tie points upwards; the print itself gives no generation numbers.	D200036	崔雲海	1	9	a
generation-repair	note	權繼忠 was moved down 1 generation (to 20) so that no recorded kin tie points upwards; the print itself gives no generation numbers.	E103134	權繼忠	1	9	a
generation-repair	note	金瑞衡 was moved down 1 generation (to 20) so that no recorded kin tie points upwards; the print itself gives no generation numbers.	E103136	金瑞衡	1	9	a
generation-repair	note	權繼孝 was moved down 1 generation (to 20) so that no recorded kin tie points upwards; the print itself gives no generation numbers.	E103137	權繼孝	1	9	a
generation-repair	note	權軔 was moved down 1 generation (to 19) so that no recorded kin tie points upwards; the print itself gives no generation numbers.	E200063	權軔	1	9	a
generation-repair	note	權繼知 was moved down 1 generation (to 20) so that no recorded kin tie points upwards; the print itself gives no generation numbers.	E201509	權繼知	1	9	a
generation-repair	note	金調元 was moved down 1 generation (to 21) so that no recorded kin tie points upwards; the print itself gives no generation numbers.	E802100	金調元	1	9	a
generation-repair	note	金調陽 was moved down 2 generations (to 21) so that no recorded kin tie points upwards; the print itself gives no generation numbers.	E802125	金調陽	1	9	a
generation-repair	note	金商孫 was moved down 3 generations (to 20) so that no recorded kin tie points upwards; the print itself gives no generation numbers.	E103171	金商孫	1	9	b
generation-repair	note	金恩榮 was moved down 3 generations (to 21) so that no recorded kin tie points upwards; the print itself gives no generation numbers.	E103172	金恩榮	1	9	b
generation-repair	note	金孟琦 was moved down 3 generations (to 21) so that no recorded kin tie points upwards; the print itself gives no generation numbers.	E103175	金孟琦	1	9	b
generation-repair	note	辛瑞聃 was moved down 2 generations (to 21) so that no recorded kin tie points upwards; the print itself gives no generation numbers.	E103180	辛瑞聃	1	9	b
generation-repair	note	閔亨孫 was moved down 4 generations (to 20) so that no recorded kin tie points upwards; the print itself gives no generation numbers.	E900052	閔亨孫	1	9	b
generation-repair	note	李節 was moved down 3 generations (to 20) so that no recorded kin tie points upwards; the print itself gives no generation numbers.	E902086	李節	1	9	b
generation-repair	note	姜敏 was moved down 2 generations (to 20) so that no recorded kin tie points upwards; the print itself gives no generation numbers.	EC00249	姜敏	1	9	b
generation-repair	note	孫繼儉 was moved down 1 generation (to 20) so that no recorded kin tie points upwards; the print itself gives no generation numbers.	E103202	孫繼儉	1	10	a
generation-repair	note	盧漢石 was moved down 2 generations (to 20) so that no recorded kin tie points upwards; the print itself gives no generation numbers.	E103204	盧漢石	1	10	a
generation-repair	note	洪矜 was moved down 1 generation (to 20) so that no recorded kin tie points upwards; the print itself gives no generation numbers.	E202607	洪矜	1	10	a
generation-repair	note	盧德基 was moved down 2 generations (to 20) so that no recorded kin tie points upwards; the print itself gives no generation numbers.	E300367	盧德基	1	10	a
generation-repair	note	金漢生 was moved down 2 generations (to 20) so that no recorded kin tie points upwards; the print itself gives no generation numbers.	E802533	金漢生	1	10	a
generation-repair	note	盧熙善 was moved down 3 generations (to 21) so that no recorded kin tie points upwards; the print itself gives no generation numbers.	E802582	盧熙善	1	10	a
generation-repair	note	金慶門 was moved down 2 generations (to 21) so that no recorded kin tie points upwards; the print itself gives no generation numbers.	E802630	金慶門	1	10	a
generation-repair	note	盧熙淑 was moved down 2 generations (to 21) so that no recorded kin tie points upwards; the print itself gives no generation numbers.	E802652	盧熙淑	1	10	a
generation-repair	note	許壽 was moved down 2 generations (to 21) so that no recorded kin tie points upwards; the print itself gives no generation numbers.	E802700	許壽	1	10	a
generation-repair	note	金世豪 was moved down 1 generation (to 21) so that no recorded kin tie points upwards; the print itself gives no generation numbers.	E101110	金世豪	1	10	b
generation-repair	note	洪逸童 was moved down 2 generations (to 19) so that no recorded kin tie points upwards; the print itself gives no generation numbers.	E103213	洪逸童	1	10	b
generation-repair	note	權叔禧 was moved down 1 generation (to 20) so that no recorded kin tie points upwards; the print itself gives no generation numbers.	E103230	權叔禧	1	10	b
generation-repair	note	金世輔 was moved down 1 generation (to 21) so that no recorded kin tie points upwards; the print itself gives no generation numbers.	E103235	金世輔	1	10	b
generation-repair	note	金世昌 was moved down 1 generation (to 21) so that no recorded kin tie points upwards; the print itself gives no generation numbers.	E103236	金世昌	1	10	b
generation-repair	note	金貴達 was moved down 1 generation (to 20) so that no recorded kin tie points upwards; the print itself gives no generation numbers.	E203350	金貴達	1	10	b
generation-repair	note	金克忠 was moved down 2 generations (to 20) so that no recorded kin tie points upwards; the print itself gives no generation numbers.	E301098	金克忠	1	10	b
generation-repair	note	金愼知 was moved down 2 generations (to 19) so that no recorded kin tie points upwards; the print itself gives no generation numbers.	E301099	金愼知	1	10	b
generation-repair	note	權侹 was moved down 2 generations (to 20) so that no recorded kin tie points upwards; the print itself gives no generation numbers.	E302102	權侹	1	10	b
generation-repair	note	崔伋 was moved down 1 generation (to 21) so that no recorded kin tie points upwards; the print itself gives no generation numbers.	E501470	崔伋	1	10	b
generation-repair	note	金若均 was moved down 2 generations (to 20) so that no recorded kin tie points upwards; the print itself gives no generation numbers.	E802553	金若均	1	10	b
generation-repair	note	金仁剛 was moved down 2 generations (to 21) so that no recorded kin tie points upwards; the print itself gives no generation numbers.	E802887	金仁剛	1	10	b
generation-repair	note	金義剛 was moved down 2 generations (to 21) so that no recorded kin tie points upwards; the print itself gives no generation numbers.	E802914	金義剛	1	10	b
generation-repair	note	金禮剛 was moved down 2 generations (to 21) so that no recorded kin tie points upwards; the print itself gives no generation numbers.	E802923	金禮剛	1	10	b
generation-repair	note	金順成 was moved down 2 generations (to 21) so that no recorded kin tie points upwards; the print itself gives no generation numbers.	E802952	金順成	1	10	b
generation-repair	note	金順山 was moved down 2 generations (to 21) so that no recorded kin tie points upwards; the print itself gives no generation numbers.	E802979	金順山	1	10	b
generation-repair	note	金三山 was moved down 2 generations (to 21) so that no recorded kin tie points upwards; the print itself gives no generation numbers.	E802992	金三山	1	10	b
generation-repair	note	金克孝 was moved down 2 generations (to 20) so that no recorded kin tie points upwards; the print itself gives no generation numbers.	E901927	金克孝	1	10	b
generation-repair	note	李永敷 was moved down 2 generations (to 20) so that no recorded kin tie points upwards; the print itself gives no generation numbers.	EA01629	李永敷	1	10	b
generation-repair	note	李止忠 was moved down 1 generation (to 19) so that no recorded kin tie points upwards; the print itself gives no generation numbers.	E103242	李止忠	1	11	a
generation-repair	note	李英孫 was moved down 1 generation (to 20) so that no recorded kin tie points upwards; the print itself gives no generation numbers.	E103243	李英孫	1	11	a
generation-repair	note	李止孝 was moved down 1 generation (to 19) so that no recorded kin tie points upwards; the print itself gives no generation numbers.	E103252	李止孝	1	11	a
generation-repair	note	李止任 was moved down 1 generation (to 19) so that no recorded kin tie points upwards; the print itself gives no generation numbers.	E103253	李止任	1	11	a
generation-repair	note	李止信 was moved down 1 generation (to 19) so that no recorded kin tie points upwards; the print itself gives no generation numbers.	E103254	李止信	1	11	a
generation-repair	note	權石童 was moved down 2 generations (to 19) so that no recorded kin tie points upwards; the print itself gives no generation numbers.	E103265	權石童	1	11	a
generation-repair	note	李憐童 was moved down 1 generation (to 19) so that no recorded kin tie points upwards; the print itself gives no generation numbers.	E103275	李憐童	1	11	a
generation-repair	note	李承宗 was moved down 1 generation (to 19) so that no recorded kin tie points upwards; the print itself gives no generation numbers.	E103284	李承宗	1	11	a
generation-repair	note	李楷 was moved down 1 generation (to 18) so that no recorded kin tie points upwards; the print itself gives no generation numbers.	E400898	李楷	1	11	a
generation-repair	note	權哲仝 was moved down 2 generations (to 20) so that no recorded kin tie points upwards; the print itself gives no generation numbers.	E503767	權哲仝	1	11	a
generation-repair	note	權琳 was moved down 1 generation (to 20) so that no recorded kin tie points upwards; the print itself gives no generation numbers.	E802344	權琳	1	11	a
generation-repair	note	卞鐔 was moved down 4 generations (to 21) so that no recorded kin tie points upwards; the print itself gives no generation numbers.	E900061	卞鐔	1	11	a
generation-repair	note	李八仝 was moved down 3 generations (to 19) so that no recorded kin tie points upwards; the print itself gives no generation numbers.	E900063	李八仝	1	11	a
generation-repair	note	李挻 was moved down 1 generation (to 18) so that no recorded kin tie points upwards; the print itself gives no generation numbers.	E900423	李挻	1	11	a
generation-repair	note	李愛童 was moved down 1 generation (to 19) so that no recorded kin tie points upwards; the print itself gives no generation numbers.	E900934	李愛童	1	11	a
generation-repair	note	鄭陽明 was moved down 2 generations (to 20) so that no recorded kin tie points upwards; the print itself gives no generation numbers.	E901076	鄭陽明	1	11	a
generation-repair	note	李橿 was moved down 1 generation (to 18) so that no recorded kin tie points upwards; the print itself gives no generation numbers.	EC00206	李橿	1	11	a
generation-repair	note	蔡壽 was moved down 2 generations (to 21) so that no recorded kin tie points upwards; the print itself gives no generation numbers.	E103345	蔡壽	1	11	b
generation-repair	note	韓敍倫 was moved down 2 generations (to 20) so that no recorded kin tie points upwards; the print itself gives no generation numbers.	E103357	韓敍倫	1	11	b
generation-repair	note	南八元 was moved down 1 generation (to 20) so that no recorded kin tie points upwards; the print itself gives no generation numbers.	E103365	南八元	1	11	b
generation-repair	note	李守仁 was moved down 2 generations (to 19) so that no recorded kin tie points upwards; the print itself gives no generation numbers.	E103379	李守仁	1	11	b
generation-repair	note	申碩孫 was moved down 2 generations (to 19) so that no recorded kin tie points upwards; the print itself gives no generation numbers.	E103381	申碩孫	1	11	b
generation-repair	note	李守敬 was moved down 2 generations (to 19) so that no recorded kin tie points upwards; the print itself gives no generation numbers.	E103416	李守敬	1	11	b
generation-repair	note	李孟壽 was moved down 1 generation (to 19) so that no recorded kin tie points upwards; the print itself gives no generation numbers.	E103417	李孟壽	1	11	b
generation-repair	note	李仲壽 was moved down 2 generations (to 19) so that no recorded kin tie points upwards; the print itself gives no generation numbers.	E103420	李仲壽	1	11	b
generation-repair	note	朴緇 was moved down 2 generations (to 20) so that no recorded kin tie points upwards; the print itself gives no generation numbers.	E900605	朴緇	1	11	b
generation-repair	note	李栩 was moved down 1 generation (to 18) so that no recorded kin tie points upwards; the print itself gives no generation numbers.	E900653	李栩	1	11	b
generation-repair	note	李守義 was moved down 2 generations (to 19) so that no recorded kin tie points upwards; the print itself gives no generation numbers.	E900926	李守義	1	11	b
generation-repair	note	柳甲孫 was moved down 1 generation (to 19) so that no recorded kin tie points upwards; the print itself gives no generation numbers.	E900935	柳甲孫	1	11	b
generation-repair	note	李材 was moved down 2 generations (to 18) so that no recorded kin tie points upwards; the print itself gives no generation numbers.	E901133	李材	1	11	b
generation-repair	note	權以順 was moved down 1 generation (to 20) so that no recorded kin tie points upwards; the print itself gives no generation numbers.	EA02822	權以順	1	11	b
generation-repair	note	李種德 was moved down 1 generation (to 17) so that no recorded kin tie points upwards; the print itself gives no generation numbers.	E401454	李種德	1	12	a
generation-repair	note	閔永堅 was moved down 1 generation (to 20) so that no recorded kin tie points upwards; the print itself gives no generation numbers.	E900012	閔永堅	1	12	a
generation-repair	note	柳長孫 was moved down 1 generation (to 20) so that no recorded kin tie points upwards; the print itself gives no generation numbers.	cd0a3bfa-7c13-4464-8fab-2456542b7d5e	柳長孫	1	12	a
generation-repair	note	尹繼謙 was moved down 1 generation (to 20) so that no recorded kin tie points upwards; the print itself gives no generation numbers.	E300461	尹繼謙	1	12	b
generation-repair	note	金淵 was moved down 1 generation (to 19) so that no recorded kin tie points upwards; the print itself gives no generation numbers.	E401481	金淵	1	12	b
generation-repair	note	朴元貞 was moved down 1 generation (to 19) so that no recorded kin tie points upwards; the print itself gives no generation numbers.	E401487	朴元貞	1	12	b
generation-repair	note	金憓 was moved down 1 generation (to 19) so that no recorded kin tie points upwards; the print itself gives no generation numbers.	E401499	金憓	1	12	b
generation-repair	note	孫繼恭 was moved down 1 generation (to 20) so that no recorded kin tie points upwards; the print itself gives no generation numbers.	E401505	孫繼恭	1	12	b
generation-repair	note	金永堅 was moved down 1 generation (to 20) so that no recorded kin tie points upwards; the print itself gives no generation numbers.	EA02236	金永堅	1	12	b
generation-repair	note	柳坰 was moved down 2 generations (to 21) so that no recorded kin tie points upwards; the print itself gives no generation numbers.	EA02238	柳坰	1	12	b
generation-repair	note	金永瑞 was moved down 1 generation (to 20) so that no recorded kin tie points upwards; the print itself gives no generation numbers.	EA02239	金永瑞	1	12	b
generation-repair	note	金永貞 was moved down 2 generations (to 20) so that no recorded kin tie points upwards; the print itself gives no generation numbers.	EA02260	金永貞	1	12	b
generation-repair	note	金永純 was moved down 1 generation (to 20) so that no recorded kin tie points upwards; the print itself gives no generation numbers.	EA02299	金永純	1	12	b
generation-repair	note	崔璡 was moved down 1 generation (to 21) so that no recorded kin tie points upwards; the print itself gives no generation numbers.	EB01086	崔璡	1	12	b
generation-repair	note	具致寬 was moved down 1 generation (to 18) so that no recorded kin tie points upwards; the print itself gives no generation numbers.	E401556	具致寬	1	13	b
generation-repair	note	具長孫 was moved down 1 generation (to 20) so that no recorded kin tie points upwards; the print itself gives no generation numbers.	E500941	具長孫	1	13	b
generation-repair	note	朴輝 was moved down 1 generation (to 19) so that no recorded kin tie points upwards; the print itself gives no generation numbers.	E901282	朴輝	1	13	b
generation-repair	note	具經 was moved down 1 generation (to 19) so that no recorded kin tie points upwards; the print itself gives no generation numbers.	E901283	具經	1	13	b
generation-repair	note	柳益厚 was moved down 1 generation (to 19) so that no recorded kin tie points upwards; the print itself gives no generation numbers.	E000943	柳益厚	1	14	a
generation-repair	note	趙選 was moved down 1 generation (to 21) so that no recorded kin tie points upwards; the print itself gives no generation numbers.	E200391	趙選	1	14	a
generation-repair	note	柳岸 was moved down 2 generations (to 19) so that no recorded kin tie points upwards; the print itself gives no generation numbers.	E401566	柳岸	1	14	a
generation-repair	note	權長孫 was moved down 2 generations (to 21) so that no recorded kin tie points upwards; the print itself gives no generation numbers.	E901289	權長孫	1	14	a
generation-repair	note	柳養源 was moved down 3 generations (to 21) so that no recorded kin tie points upwards; the print itself gives no generation numbers.	EA02486	柳養源	1	14	a
generation-repair	note	柳漳 was moved down 3 generations (to 22) so that no recorded kin tie points upwards; the print itself gives no generation numbers.	EA02488	柳漳	1	14	a
generation-repair	note	柳長源 was moved down 2 generations (to 20) so that no recorded kin tie points upwards; the print itself gives no generation numbers.	EA02498	柳長源	1	14	a
generation-repair	note	柳命源 was moved down 2 generations (to 20) so that no recorded kin tie points upwards; the print itself gives no generation numbers.	EA02502	柳命源	1	14	a
generation-repair	note	李曉東 was moved down 1 generation (to 19) so that no recorded kin tie points upwards; the print itself gives no generation numbers.	E203726	李曉東	1	14	b
generation-repair	note	權悅 was moved down 1 generation (to 20) so that no recorded kin tie points upwards; the print itself gives no generation numbers.	E205086	權悅	1	14	b
generation-repair	note	李洌 was moved down 1 generation (to 20) so that no recorded kin tie points upwards; the print itself gives no generation numbers.	E503054	李洌	1	14	b
generation-repair	note	韓永矴 was moved down 2 generations (to 18) so that no recorded kin tie points upwards; the print itself gives no generation numbers.	E103576	韓永矴	1	15	a
generation-repair	note	洪利用 was moved down 3 generations (to 19) so that no recorded kin tie points upwards; the print itself gives no generation numbers.	E103641	洪利用	1	15	a
generation-repair	note	閔麤 was moved down 1 generation (to 19) so that no recorded kin tie points upwards; the print itself gives no generation numbers.	E400987	閔麤	1	15	a
generation-repair	note	李純之 was moved down 2 generations (to 19) so that no recorded kin tie points upwards; the print itself gives no generation numbers.	EB01024	李純之	1	15	a
generation-repair	note	金壽寧 was moved down 1 generation (to 20) so that no recorded kin tie points upwards; the print itself gives no generation numbers.	E103667	金壽寧	1	15	b
generation-repair	note	金鑛 was moved down 1 generation (to 21) so that no recorded kin tie points upwards; the print itself gives no generation numbers.	E103671	金鑛	1	15	b
generation-repair	note	崔漢元 was moved down 2 generations (to 22) so that no recorded kin tie points upwards; the print itself gives no generation numbers.	E103685	崔漢元	1	15	b
generation-repair	note	崔灌 was moved down 1 generation (to 20) so that no recorded kin tie points upwards; the print itself gives no generation numbers.	E201514	崔灌	1	15	b
generation-repair	note	金烱 was moved down 2 generations (to 21) so that no recorded kin tie points upwards; the print itself gives no generation numbers.	E203247	金烱	1	15	b
generation-repair	note	金富寧 was moved down 2 generations (to 22) so that no recorded kin tie points upwards; the print itself gives no generation numbers.	E301926	金富寧	1	15	b
generation-repair	note	柳殷之 was moved down 2 generations (to 18) so that no recorded kin tie points upwards; the print itself gives no generation numbers.	E400260	柳殷之	1	15	b
generation-repair	note	宋善忠 was moved down 2 generations (to 20) so that no recorded kin tie points upwards; the print itself gives no generation numbers.	EA02781	宋善忠	1	15	b
generation-repair	note	梁泂 was moved down 1 generation (to 21) so that no recorded kin tie points upwards; the print itself gives no generation numbers.	E300486	梁泂	1	16	a
generation-repair	note	梁瓚 was moved down 1 generation (to 20) so that no recorded kin tie points upwards; the print itself gives no generation numbers.	E300487	梁瓚	1	16	a
generation-repair	note	梁淑 was moved down 1 generation (to 21) so that no recorded kin tie points upwards; the print itself gives no generation numbers.	E701455	梁淑	1	16	a
generation-repair	note	梁潤 was moved down 2 generations (to 22) so that no recorded kin tie points upwards; the print itself gives no generation numbers.	E804303	梁潤	1	16	a
generation-repair	note	梁琇 was moved down 2 generations (to 21) so that no recorded kin tie points upwards; the print itself gives no generation numbers.	EA00473	梁琇	1	16	a
generation-repair	note	明 永樂帝 was moved down 2 generations (to 19) so that no recorded kin tie points upwards; the print itself gives no generation numbers.	E103609	明 永樂帝	1	16	b
generation-repair	note	趙蘺 was moved down 1 generation (to 20) so that no recorded kin tie points upwards; the print itself gives no generation numbers.	E103765	趙蘺	1	17	a
generation-repair	note	趙鈍 was moved down 1 generation (to 21) so that no recorded kin tie points upwards; the print itself gives no generation numbers.	E103767	趙鈍	1	17	a
generation-repair	note	柳之亨 was moved down 1 generation (to 21) so that no recorded kin tie points upwards; the print itself gives no generation numbers.	E800255	柳之亨	1	17	a
generation-repair	note	趙英 was moved down 1 generation (to 21) so that no recorded kin tie points upwards; the print itself gives no generation numbers.	E902606	趙英	1	17	a
generation-repair	note	龜城君 was moved down 3 generations (to 22) so that no recorded kin tie points upwards; the print itself gives no generation numbers.	E101394	龜城君	1	17	b
generation-repair	note	李粹彦 was moved down 1 generation (to 21) so that no recorded kin tie points upwards; the print itself gives no generation numbers.	E103769	李粹彦	1	17	b
generation-repair	note	韓季復 was moved down 2 generations (to 18) so that no recorded kin tie points upwards; the print itself gives no generation numbers.	E103775	韓季復	1	17	b
generation-repair	note	韓伯倫 was moved down 2 generations (to 20) so that no recorded kin tie points upwards; the print itself gives no generation numbers.	E103777	韓伯倫	1	17	b
generation-repair	note	韓叔倫 was moved down 2 generations (to 20) so that no recorded kin tie points upwards; the print itself gives no generation numbers.	E103780	韓叔倫	1	17	b
generation-repair	note	元淳 was moved down 2 generations (to 20) so that no recorded kin tie points upwards; the print itself gives no generation numbers.	E103782	元淳	1	17	b
generation-repair	note	朝鮮 睿宗 was moved down 3 generations (to 22) so that no recorded kin tie points upwards; the print itself gives no generation numbers.	E300451	朝鮮 睿宗	1	17	b
generation-repair	note	南孝元 was moved down 2 generations (to 21) so that no recorded kin tie points upwards; the print itself gives no generation numbers.	E303947	南孝元	1	17	b
generation-repair	note	韓恒 was moved down 2 generations (to 21) so that no recorded kin tie points upwards; the print itself gives no generation numbers.	E804455	韓恒	1	17	b
generation-repair	note	韓恂 was moved down 2 generations (to 21) so that no recorded kin tie points upwards; the print itself gives no generation numbers.	E804468	韓恂	1	17	b
generation-repair	note	韓晰 was moved down 2 generations (to 21) so that no recorded kin tie points upwards; the print itself gives no generation numbers.	E804480	韓晰	1	17	b
generation-repair	note	韓忻 was moved down 2 generations (to 21) so that no recorded kin tie points upwards; the print itself gives no generation numbers.	E804489	韓忻	1	17	b
generation-repair	note	宋綸 was moved down 3 generations (to 20) so that no recorded kin tie points upwards; the print itself gives no generation numbers.	E900795	宋綸	1	17	b
generation-repair	note	閔察 was moved down 2 generations (to 20) so that no recorded kin tie points upwards; the print itself gives no generation numbers.	E902877	閔察	1	17	b
generation-repair	note	閔寬 was moved down 2 generations (to 21) so that no recorded kin tie points upwards; the print itself gives no generation numbers.	E902879	閔寬	1	17	b
generation-repair	note	韓悅 was moved down 2 generations (to 21) so that no recorded kin tie points upwards; the print itself gives no generation numbers.	EA00240	韓悅	1	17	b
generation-repair	note	韓昌 was moved down 2 generations (to 19) so that no recorded kin tie points upwards; the print itself gives no generation numbers.	EC00151	韓昌	1	17	b
generation-repair	note	韓懽 was moved down 2 generations (to 21) so that no recorded kin tie points upwards; the print itself gives no generation numbers.	EC00999	韓懽	1	17	b
generation-repair	note	曺喜 was moved down 2 generations (to 20) so that no recorded kin tie points upwards; the print itself gives no generation numbers.	E103784	曺喜	1	18	a
generation-repair	note	閔晤 was moved down 2 generations (to 20) so that no recorded kin tie points upwards; the print itself gives no generation numbers.	E103786	閔晤	1	18	a
generation-repair	note	韓黎 was moved down 2 generations (to 19) so that no recorded kin tie points upwards; the print itself gives no generation numbers.	E103791	韓黎	1	18	a
generation-repair	note	韓有倫 was moved down 2 generations (to 20) so that no recorded kin tie points upwards; the print itself gives no generation numbers.	E103793	韓有倫	1	18	a
generation-repair	note	韓茂 was moved down 2 generations (to 19) so that no recorded kin tie points upwards; the print itself gives no generation numbers.	E103794	韓茂	1	18	a
generation-repair	note	金有全 was moved down 2 generations (to 20) so that no recorded kin tie points upwards; the print itself gives no generation numbers.	E103796	金有全	1	18	a
generation-repair	note	文承宥 was moved down 2 generations (to 19) so that no recorded kin tie points upwards; the print itself gives no generation numbers.	E103798	文承宥	1	18	a
generation-repair	note	文郁 was moved down 2 generations (to 20) so that no recorded kin tie points upwards; the print itself gives no generation numbers.	E103799	文郁	1	18	a
generation-repair	note	柳永修 was moved down 2 generations (to 20) so that no recorded kin tie points upwards; the print itself gives no generation numbers.	E103803	柳永修	1	18	a
generation-repair	note	文節 was moved down 2 generations (to 20) so that no recorded kin tie points upwards; the print itself gives no generation numbers.	E103808	文節	1	18	a
generation-repair	note	韓厚倫 was moved down 2 generations (to 20) so that no recorded kin tie points upwards; the print itself gives no generation numbers.	E103829	韓厚倫	1	18	a
generation-repair	note	韓謹倫 was moved down 2 generations (to 20) so that no recorded kin tie points upwards; the print itself gives no generation numbers.	E103830	韓謹倫	1	18	a
generation-repair	note	洪允澄 was moved down 2 generations (to 20) so that no recorded kin tie points upwards; the print itself gives no generation numbers.	E302520	洪允澄	1	18	a
generation-repair	note	韓忱 was moved down 2 generations (to 21) so that no recorded kin tie points upwards; the print itself gives no generation numbers.	E804566	韓忱	1	18	a
generation-repair	note	韓惺 was moved down 2 generations (to 21) so that no recorded kin tie points upwards; the print itself gives no generation numbers.	E804570	韓惺	1	18	a
generation-repair	note	韓惇 was moved down 2 generations (to 21) so that no recorded kin tie points upwards; the print itself gives no generation numbers.	E805552	韓惇	1	18	a
generation-repair	note	金期壽 was moved down 2 generations (to 21) so that no recorded kin tie points upwards; the print itself gives no generation numbers.	E901167	金期壽	1	18	a
generation-repair	note	韓發 was moved down 2 generations (to 19) so that no recorded kin tie points upwards; the print itself gives no generation numbers.	EB00959	韓發	1	18	a
generation-repair	note	文酇 was moved down 2 generations (to 20) so that no recorded kin tie points upwards; the print itself gives no generation numbers.	EB01327	文酇	1	18	a
generation-repair	note	洪有矩 was moved down 3 generations (to 20) so that no recorded kin tie points upwards; the print itself gives no generation numbers.	E101186	洪有矩	1	18	b
generation-repair	note	洪碩輔 was moved down 3 generations (to 21) so that no recorded kin tie points upwards; the print itself gives no generation numbers.	E101187	洪碩輔	1	18	b
generation-repair	note	洪碩弼 was moved down 3 generations (to 21) so that no recorded kin tie points upwards; the print itself gives no generation numbers.	E101188	洪碩弼	1	18	b
generation-repair	note	李石柱 was moved down 2 generations (to 22) so that no recorded kin tie points upwards; the print itself gives no generation numbers.	E101202	李石柱	1	18	b
generation-repair	note	李石梁 was moved down 2 generations (to 22) so that no recorded kin tie points upwards; the print itself gives no generation numbers.	E101205	李石梁	1	18	b
generation-repair	note	李石根 was moved down 2 generations (to 22) so that no recorded kin tie points upwards; the print itself gives no generation numbers.	E101209	李石根	1	18	b
generation-repair	note	權引 was moved down 4 generations (to 22) so that no recorded kin tie points upwards; the print itself gives no generation numbers.	E101214	權引	1	18	b
generation-repair	note	金克恭 was moved down 2 generations (to 22) so that no recorded kin tie points upwards; the print itself gives no generation numbers.	E101216	金克恭	1	18	b
generation-repair	note	李昌門 was moved down 2 generations (to 21) so that no recorded kin tie points upwards; the print itself gives no generation numbers.	E104543	李昌門	1	18	b
generation-repair	note	鄭瑞生 was moved down 3 generations (to 22) so that no recorded kin tie points upwards; the print itself gives no generation numbers.	E303553	鄭瑞生	1	18	b
generation-repair	note	李奉孫 was moved down 3 generations (to 20) so that no recorded kin tie points upwards; the print itself gives no generation numbers.	E000691	李奉孫	1	19	a
generation-repair	note	洪孝同 was moved down 2 generations (to 20) so that no recorded kin tie points upwards; the print itself gives no generation numbers.	E103215	洪孝同	1	19	a
generation-repair	note	朴從愚 was moved down 1 generation (to 20) so that no recorded kin tie points upwards; the print itself gives no generation numbers.	E103857	朴從愚	1	19	a
generation-repair	note	朝鮮 太宗 was moved down 1 generation (to 19) so that no recorded kin tie points upwards; the print itself gives no generation numbers.	E200306	朝鮮 太宗	1	19	a
generation-repair	note	李石堅 was moved down 2 generations (to 21) so that no recorded kin tie points upwards; the print itself gives no generation numbers.	E300272	李石堅	1	19	a
generation-repair	note	平原大君 was moved down 3 generations (to 20) so that no recorded kin tie points upwards; the print itself gives no generation numbers.	E304483	平原大君	1	19	a
generation-repair	note	洪顯廷 was moved down 1 generation (to 20) so that no recorded kin tie points upwards; the print itself gives no generation numbers.	E903044	洪顯廷	1	19	a
generation-repair	note	尹華 was moved down 1 generation (to 20) so that no recorded kin tie points upwards; the print itself gives no generation numbers.	EC01370	尹華	1	19	a
generation-repair	note	崔承政 was moved down 3 generations (to 20) so that no recorded kin tie points upwards; the print itself gives no generation numbers.	E101409	崔承政	1	19	b
generation-repair	note	溫寧君 was moved down 3 generations (to 20) so that no recorded kin tie points upwards; the print itself gives no generation numbers.	E103866	溫寧君	1	19	b
generation-repair	note	曺紹老 was moved down 1 generation (to 19) so that no recorded kin tie points upwards; the print itself gives no generation numbers.	E103877	曺紹老	1	19	b
generation-repair	note	權敏 was moved down 1 generation (to 20) so that no recorded kin tie points upwards; the print itself gives no generation numbers.	E103878	權敏	1	19	b
generation-repair	note	金瑛 was moved down 2 generations (to 20) so that no recorded kin tie points upwards; the print itself gives no generation numbers.	E103891	金瑛	1	19	b
generation-repair	note	李種善 was moved down 1 generation (to 17) so that no recorded kin tie points upwards; the print itself gives no generation numbers.	E401303	李種善	1	19	b
generation-repair	note	李誼 was moved down 1 generation (to 20) so that no recorded kin tie points upwards; the print itself gives no generation numbers.	E701018	李誼	1	19	b
generation-repair	note	權備 was moved down 1 generation (to 19) so that no recorded kin tie points upwards; the print itself gives no generation numbers.	E901530	權備	1	19	b
generation-repair	note	權阡 was moved down 1 generation (to 20) so that no recorded kin tie points upwards; the print itself gives no generation numbers.	EA01831	權阡	1	19	b
generation-repair	note	權括 was moved down 2 generations (to 21) so that no recorded kin tie points upwards; the print itself gives no generation numbers.	E000403	權括	1	20	a
generation-repair	note	權堡 was moved down 1 generation (to 17) so that no recorded kin tie points upwards; the print itself gives no generation numbers.	E402258	權堡	1	20	a
generation-repair	note	安望之 was moved down 1 generation (to 18) so that no recorded kin tie points upwards; the print itself gives no generation numbers.	E400398	安望之	1	20	b
generation-repair	note	姜叔卿 was moved down 2 generations (to 20) so that no recorded kin tie points upwards; the print itself gives no generation numbers.	E902847	姜叔卿	1	20	b
generation-repair	note	南瞦 was moved down 3 generations (to 21) so that no recorded kin tie points upwards; the print itself gives no generation numbers.	E101135	南瞦	1	21	a
generation-repair	note	金元臣 was moved down 1 generation (to 19) so that no recorded kin tie points upwards; the print itself gives no generation numbers.	E103449	金元臣	1	21	a
generation-repair	note	金勉 was moved down 1 generation (to 20) so that no recorded kin tie points upwards; the print itself gives no generation numbers.	E205127	金勉	1	21	a
generation-repair	note	鄭惟碩 was moved down 2 generations (to 20) so that no recorded kin tie points upwards; the print itself gives no generation numbers.	E401032	鄭惟碩	1	21	a
generation-repair	note	辛禹鼎 was moved down 1 generation (to 20) so that no recorded kin tie points upwards; the print itself gives no generation numbers.	E901496	辛禹鼎	1	21	a
generation-repair	note	李昌東 was moved down 2 generations (to 19) so that no recorded kin tie points upwards; the print itself gives no generation numbers.	EC00149	李昌東	1	21	a
generation-repair	note	李炯 was moved down 2 generations (to 21) so that no recorded kin tie points upwards; the print itself gives no generation numbers.	E101857	李炯	1	21	b
generation-repair	note	鄭孝順 was moved down 1 generation (to 19) so that no recorded kin tie points upwards; the print itself gives no generation numbers.	E102590	鄭孝順	1	21	b
generation-repair	note	權錙 was moved down 1 generation (to 21) so that no recorded kin tie points upwards; the print itself gives no generation numbers.	E205443	權錙	1	21	b
generation-repair	note	權銖 was moved down 2 generations (to 21) so that no recorded kin tie points upwards; the print itself gives no generation numbers.	E205444	權銖	1	21	b
generation-repair	note	鄭錫禧 was moved down 1 generation (to 20) so that no recorded kin tie points upwards; the print itself gives no generation numbers.	E205985	鄭錫禧	1	21	b
generation-repair	note	金堣 was moved down 1 generation (to 21) so that no recorded kin tie points upwards; the print itself gives no generation numbers.	E503983	金堣	1	21	b
generation-repair	note	李焯 was moved down 2 generations (to 21) so that no recorded kin tie points upwards; the print itself gives no generation numbers.	E504045	李焯	1	21	b
generation-repair	note	李爀 was moved down 2 generations (to 21) so that no recorded kin tie points upwards; the print itself gives no generation numbers.	E504057	李爀	1	21	b
generation-repair	note	李乾 was moved down 2 generations (to 21) so that no recorded kin tie points upwards; the print itself gives no generation numbers.	E506158	李乾	1	21	b
generation-repair	note	鄭錫祚 was moved down 1 generation (to 20) so that no recorded kin tie points upwards; the print itself gives no generation numbers.	E902968	鄭錫祚	1	21	b
generation-repair	note	鄭錫禮 was moved down 1 generation (to 20) so that no recorded kin tie points upwards; the print itself gives no generation numbers.	E902973	鄭錫禮	1	21	b
generation-repair	note	鄭錫祉 was moved down 1 generation (to 20) so that no recorded kin tie points upwards; the print itself gives no generation numbers.	E902976	鄭錫祉	1	21	b
generation-repair	note	李坤 was moved down 1 generation (to 21) so that no recorded kin tie points upwards; the print itself gives no generation numbers.	E902990	李坤	1	21	b
generation-repair	note	李永蕃 was moved down 1 generation (to 20) so that no recorded kin tie points upwards; the print itself gives no generation numbers.	E902998	李永蕃	1	21	b
generation-repair	note	李混 was moved down 1 generation (to 21) so that no recorded kin tie points upwards; the print itself gives no generation numbers.	E903001	李混	1	21	b
generation-repair	note	李永蓁 was moved down 2 generations (to 20) so that no recorded kin tie points upwards; the print itself gives no generation numbers.	E903002	李永蓁	1	21	b
generation-repair	note	李永蕤 was moved down 1 generation (to 20) so that no recorded kin tie points upwards; the print itself gives no generation numbers.	EA01828	李永蕤	1	21	b
generation-repair	note	李孝全 was moved down 2 generations (to 21) so that no recorded kin tie points upwards; the print itself gives no generation numbers.	EC01824	李孝全	1	21	b
generation-repair	note	沈瀚 was moved down 2 generations (to 21) so that no recorded kin tie points upwards; the print itself gives no generation numbers.	E000337	沈瀚	1	22	a
generation-repair	note	沈安智 was moved down 2 generations (to 21) so that no recorded kin tie points upwards; the print itself gives no generation numbers.	E203819	沈安智	1	22	a
generation-repair	note	李永蕡 was moved down 2 generations (to 20) so that no recorded kin tie points upwards; the print itself gives no generation numbers.	E303762	李永蕡	1	22	a
generation-repair	note	李敭 was moved down 2 generations (to 21) so that no recorded kin tie points upwards; the print itself gives no generation numbers.	E504106	李敭	1	22	a
generation-repair	note	崔漠禎 was moved down 1 generation (to 20) so that no recorded kin tie points upwards; the print itself gives no generation numbers.	E901671	崔漠禎	1	22	a
generation-repair	note	李元孝 was moved down 1 generation (to 20) so that no recorded kin tie points upwards; the print itself gives no generation numbers.	E903013	李元孝	1	22	a
generation-repair	note	安廻石 was moved down 1 generation (to 20) so that no recorded kin tie points upwards; the print itself gives no generation numbers.	EA04213	安廻石	1	22	a
generation-repair	note	趙元壽 was moved down 1 generation (to 19) so that no recorded kin tie points upwards; the print itself gives no generation numbers.	E302257	趙元壽	1	22	b
generation-repair	note	趙權 was moved down 1 generation (to 20) so that no recorded kin tie points upwards; the print itself gives no generation numbers.	E901543	趙權	1	22	b
generation-repair	note	成忠達 was moved down 1 generation (to 20) so that no recorded kin tie points upwards; the print itself gives no generation numbers.	E901928	成忠達	1	22	b
generation-repair	note	姜之澣 was moved down 1 generation (to 20) so that no recorded kin tie points upwards; the print itself gives no generation numbers.	E903042	姜之澣	1	22	b
generation-repair	note	李仁錫 was moved down 1 generation (to 20) so that no recorded kin tie points upwards; the print itself gives no generation numbers.	E903046	李仁錫	1	22	b
generation-repair	note	趙枰 was moved down 1 generation (to 20) so that no recorded kin tie points upwards; the print itself gives no generation numbers.	EA03117	趙枰	1	22	b
generation-repair	note	李承靖 was moved down 2 generations (to 20) so that no recorded kin tie points upwards; the print itself gives no generation numbers.	EA03993	李承靖	1	22	b
generation-repair	note	魚世恭 was moved down 2 generations (to 21) so that no recorded kin tie points upwards; the print itself gives no generation numbers.	EC01517	魚世恭	1	22	b
generation-repair	note	鄭溥 was moved down 1 generation (to 20) so that no recorded kin tie points upwards; the print itself gives no generation numbers.	E200266	鄭溥	1	23	a
generation-repair	note	申泂 was moved down 2 generations (to 21) so that no recorded kin tie points upwards; the print itself gives no generation numbers.	E203635	申泂	1	23	a
generation-repair	note	鄭自洋 was moved down 1 generation (to 19) so that no recorded kin tie points upwards; the print itself gives no generation numbers.	E204083	鄭自洋	1	23	a
generation-repair	note	權聃 was moved down 1 generation (to 19) so that no recorded kin tie points upwards; the print itself gives no generation numbers.	E205414	權聃	1	23	a
generation-repair	note	申渙 was moved down 1 generation (to 20) so that no recorded kin tie points upwards; the print itself gives no generation numbers.	E206129	申渙	1	23	a
generation-repair	note	李汶 was moved down 1 generation (to 20) so that no recorded kin tie points upwards; the print itself gives no generation numbers.	E300632	李汶	1	23	a
generation-repair	note	鄭澥 was moved down 1 generation (to 21) so that no recorded kin tie points upwards; the print itself gives no generation numbers.	E302680	鄭澥	1	23	a
generation-repair	note	鄭淮 was moved down 2 generations (to 22) so that no recorded kin tie points upwards; the print itself gives no generation numbers.	E502866	鄭淮	1	23	a
generation-repair	note	鄭涵 was moved down 1 generation (to 20) so that no recorded kin tie points upwards; the print itself gives no generation numbers.	E901771	鄭涵	1	23	a
generation-repair	note	申澮 was moved down 1 generation (to 20) so that no recorded kin tie points upwards; the print itself gives no generation numbers.	EA01969	申澮	1	23	a
generation-repair	note	崔允中 was moved down 1 generation (to 18) so that no recorded kin tie points upwards; the print itself gives no generation numbers.	E103516	崔允中	1	23	b
generation-repair	note	金國楨 was moved down 2 generations (to 21) so that no recorded kin tie points upwards; the print itself gives no generation numbers.	E301217	金國楨	1	23	b
generation-repair	note	李薰 was moved down 1 generation (to 20) so that no recorded kin tie points upwards; the print itself gives no generation numbers.	E701563	李薰	1	23	b
generation-repair	note	柳伯昌 was moved down 2 generations (to 20) so that no recorded kin tie points upwards; the print itself gives no generation numbers.	EA03646	柳伯昌	1	23	b
generation-repair	note	柳條 was moved down 2 generations (to 19) so that no recorded kin tie points upwards; the print itself gives no generation numbers.	EB00629	柳條	1	23	b
generation-repair	note	柳伯全 was moved down 2 generations (to 20) so that no recorded kin tie points upwards; the print itself gives no generation numbers.	EB00650	柳伯全	1	23	b
generation-repair	note	李綽 was moved down 2 generations (to 20) so that no recorded kin tie points upwards; the print itself gives no generation numbers.	EB00661	李綽	1	23	b
generation-repair	note	李尹孫 was moved down 1 generation (to 20) so that no recorded kin tie points upwards; the print itself gives no generation numbers.	EB01028	李尹孫	1	23	b
generation-repair	note	閔矗 was moved down 1 generation (to 19) so that no recorded kin tie points upwards; the print itself gives no generation numbers.	E103969	閔矗	1	24	a
generation-repair	note	閔興 was moved down 1 generation (to 20) so that no recorded kin tie points upwards; the print itself gives no generation numbers.	E103970	閔興	1	24	a
generation-repair	note	鄭穗 was moved down 1 generation (to 20) so that no recorded kin tie points upwards; the print itself gives no generation numbers.	E200439	鄭穗	1	24	a
generation-repair	note	閔奇 was moved down 1 generation (to 20) so that no recorded kin tie points upwards; the print itself gives no generation numbers.	E205054	閔奇	1	24	a
generation-repair	note	權訓 was moved down 1 generation (to 20) so that no recorded kin tie points upwards; the print itself gives no generation numbers.	E205436	權訓	1	24	a
generation-repair	note	崔泰 was moved down 1 generation (to 20) so that no recorded kin tie points upwards; the print itself gives no generation numbers.	E205457	崔泰	1	24	a
generation-repair	note	李衡 was moved down 1 generation (to 19) so that no recorded kin tie points upwards; the print itself gives no generation numbers.	EA01103	李衡	1	24	a
generation-repair	note	柳澳 was moved down 1 generation (to 19) so that no recorded kin tie points upwards; the print itself gives no generation numbers.	EB00688	柳澳	1	24	a
generation-repair	note	洪禹明 was moved down 2 generations (to 20) so that no recorded kin tie points upwards; the print itself gives no generation numbers.	E000347	洪禹明	1	24	b
generation-repair	note	崔承宗 was moved down 3 generations (to 20) so that no recorded kin tie points upwards; the print itself gives no generation numbers.	E101435	崔承宗	1	24	b
generation-repair	note	李緊 was moved down 3 generations (to 19) so that no recorded kin tie points upwards; the print itself gives no generation numbers.	E103972	李緊	1	24	b
generation-repair	note	李昭 was moved down 2 generations (to 20) so that no recorded kin tie points upwards; the print itself gives no generation numbers.	E103976	李昭	1	24	b
generation-repair	note	閔希念 was moved down 2 generations (to 21) so that no recorded kin tie points upwards; the print itself gives no generation numbers.	E203177	閔希念	1	24	b
generation-repair	note	崔侹 was moved down 2 generations (to 20) so that no recorded kin tie points upwards; the print itself gives no generation numbers.	E401609	崔侹	1	24	b
generation-repair	note	崔敬孫 was moved down 2 generations (to 21) so that no recorded kin tie points upwards; the print itself gives no generation numbers.	E501391	崔敬孫	1	24	b
generation-repair	note	沈潾 was moved down 2 generations (to 21) so that no recorded kin tie points upwards; the print itself gives no generation numbers.	E000335	沈潾	1	25	a
generation-repair	note	崔永潾 was moved down 1 generation (to 20) so that no recorded kin tie points upwards; the print itself gives no generation numbers.	E100284	崔永潾	1	25	a
generation-repair	note	尹塢 was moved down 3 generations (to 21) so that no recorded kin tie points upwards; the print itself gives no generation numbers.	E101381	尹塢	1	25	a
generation-repair	note	尹坤 was moved down 1 generation (to 18) so that no recorded kin tie points upwards; the print itself gives no generation numbers.	E103980	尹坤	1	25	a
generation-repair	note	鄭尙祖 was moved down 2 generations (to 22) so that no recorded kin tie points upwards; the print itself gives no generation numbers.	E200475	鄭尙祖	1	25	a
generation-repair	note	金由岳 was moved down 2 generations (to 21) so that no recorded kin tie points upwards; the print itself gives no generation numbers.	E300041	金由岳	1	25	a
generation-repair	note	尹汝弼 was moved down 1 generation (to 21) so that no recorded kin tie points upwards; the print itself gives no generation numbers.	E300114	尹汝弼	1	25	a
generation-repair	note	鄭顯祖 was moved down 3 generations (to 22) so that no recorded kin tie points upwards; the print itself gives no generation numbers.	E300447	鄭顯祖	1	25	a
generation-repair	note	韓尙質 was moved down 1 generation (to 17) so that no recorded kin tie points upwards; the print itself gives no generation numbers.	E400478	韓尙質	1	25	a
generation-repair	note	李孟賢 was moved down 3 generations (to 22) so that no recorded kin tie points upwards; the print itself gives no generation numbers.	E804899	李孟賢	1	25	a
generation-repair	note	尹汝霖 was moved down 3 generations (to 22) so that no recorded kin tie points upwards; the print itself gives no generation numbers.	E804945	尹汝霖	1	25	a
generation-repair	note	鄭敬祖 was moved down 2 generations (to 21) so that no recorded kin tie points upwards; the print itself gives no generation numbers.	E901488	鄭敬祖	1	25	a
generation-repair	note	尹殷老 was moved down 2 generations (to 22) so that no recorded kin tie points upwards; the print itself gives no generation numbers.	EA02145	尹殷老	1	25	a
generation-repair	note	鄭光祖 was moved down 1 generation (to 20) so that no recorded kin tie points upwards; the print itself gives no generation numbers.	EA04070	鄭光祖	1	25	a
generation-repair	note	柳洽 was moved down 1 generation (to 21) so that no recorded kin tie points upwards; the print itself gives no generation numbers.	EA04073	柳洽	1	25	a
generation-repair	note	尹磻 was moved down 1 generation (to 20) so that no recorded kin tie points upwards; the print itself gives no generation numbers.	E103990	尹磻	1	25	b
generation-repair	note	韓堡 was moved down 1 generation (to 20) so that no recorded kin tie points upwards; the print itself gives no generation numbers.	E300421	韓堡	1	25	b
generation-repair	note	申澍 was moved down 1 generation (to 20) so that no recorded kin tie points upwards; the print itself gives no generation numbers.	E702074	申澍	1	25	b
generation-repair	note	韓明澮 was moved down 1 generation (to 19) so that no recorded kin tie points upwards; the print itself gives no generation numbers.	E900137	韓明澮	1	25	b
generation-repair	note	韓起 was moved down 1 generation (to 18) so that no recorded kin tie points upwards; the print itself gives no generation numbers.	E900138	韓起	1	25	b
generation-repair	note	金孟諴 was moved down 1 generation (to 20) so that no recorded kin tie points upwards; the print itself gives no generation numbers.	E103992	金孟諴	1	26	a
generation-repair	note	韓堰 was moved down 1 generation (to 20) so that no recorded kin tie points upwards; the print itself gives no generation numbers.	E103993	韓堰	1	26	a
generation-repair	note	宋秀琳 was moved down 1 generation (to 19) so that no recorded kin tie points upwards; the print itself gives no generation numbers.	E103995	宋秀琳	1	26	a
generation-repair	note	韓峻 was moved down 1 generation (to 20) so that no recorded kin tie points upwards; the print itself gives no generation numbers.	E103997	韓峻	1	26	a
generation-repair	note	李亮 was moved down 2 generations (to 20) so that no recorded kin tie points upwards; the print itself gives no generation numbers.	E200098	李亮	1	26	a
generation-repair	note	李從胤 was moved down 1 generation (to 20) so that no recorded kin tie points upwards; the print itself gives no generation numbers.	E301441	李從胤	1	26	a
generation-repair	note	成扱 was moved down 1 generation (to 18) so that no recorded kin tie points upwards; the print itself gives no generation numbers.	E901954	成扱	1	26	a
generation-repair	note	成繼性 was moved down 1 generation (to 19) so that no recorded kin tie points upwards; the print itself gives no generation numbers.	E901957	成繼性	1	26	a
generation-repair	note	趙岷 was moved down 1 generation (to 19) so that no recorded kin tie points upwards; the print itself gives no generation numbers.	E901963	趙岷	1	26	a
generation-repair	note	崔孝原 was moved down 1 generation (to 19) so that no recorded kin tie points upwards; the print itself gives no generation numbers.	E901968	崔孝原	1	26	a
generation-repair	note	成重性 was moved down 1 generation (to 19) so that no recorded kin tie points upwards; the print itself gives no generation numbers.	E901971	成重性	1	26	a
generation-repair	note	成順性 was moved down 1 generation (to 19) so that no recorded kin tie points upwards; the print itself gives no generation numbers.	E901978	成順性	1	26	a
generation-repair	note	趙崙 was moved down 1 generation (to 21) so that no recorded kin tie points upwards; the print itself gives no generation numbers.	EC02141	趙崙	1	26	a
generation-repair	note	趙瑞廷 was moved down 2 generations (to 20) so that no recorded kin tie points upwards; the print itself gives no generation numbers.	E200209	趙瑞廷	1	26	b
generation-repair	note	李淳仲 was moved down 1 generation (to 20) so that no recorded kin tie points upwards; the print itself gives no generation numbers.	E302639	李淳仲	1	26	b
generation-repair	note	閔孝孫 was moved down 2 generations (to 21) so that no recorded kin tie points upwards; the print itself gives no generation numbers.	E502367	閔孝孫	1	26	b
generation-repair	note	閔孝誠 was moved down 2 generations (to 21) so that no recorded kin tie points upwards; the print itself gives no generation numbers.	E502375	閔孝誠	1	26	b
generation-repair	note	李承宗 was moved down 2 generations (to 21) so that no recorded kin tie points upwards; the print itself gives no generation numbers.	E502398	李承宗	1	26	b
generation-repair	note	李弼孫 was moved down 3 generations (to 21) so that no recorded kin tie points upwards; the print itself gives no generation numbers.	E502432	李弼孫	1	26	b
generation-repair	note	李承叔 was moved down 2 generations (to 21) so that no recorded kin tie points upwards; the print itself gives no generation numbers.	E803998	李承叔	1	26	b
generation-repair	note	安友商 was moved down 3 generations (to 21) so that no recorded kin tie points upwards; the print itself gives no generation numbers.	E902028	安友商	1	26	b
generation-repair	note	李兼善 was moved down 2 generations (to 19) so that no recorded kin tie points upwards; the print itself gives no generation numbers.	E902068	李兼善	1	26	b
generation-repair	note	李筬 was moved down 2 generations (to 20) so that no recorded kin tie points upwards; the print itself gives no generation numbers.	E902070	李筬	1	26	b
generation-repair	note	閔亨 was moved down 2 generations (to 20) so that no recorded kin tie points upwards; the print itself gives no generation numbers.	E902073	閔亨	1	26	b
generation-repair	note	李竿 was moved down 2 generations (to 20) so that no recorded kin tie points upwards; the print itself gives no generation numbers.	E902078	李竿	1	26	b
generation-repair	note	朴壽宗 was moved down 2 generations (to 21) so that no recorded kin tie points upwards; the print itself gives no generation numbers.	EA00329	朴壽宗	1	26	b
generation-repair	note	朴招孫 was moved down 2 generations (to 20) so that no recorded kin tie points upwards; the print itself gives no generation numbers.	EB01228	朴招孫	1	26	b
generation-repair	note	朴壽長 was moved down 2 generations (to 21) so that no recorded kin tie points upwards; the print itself gives no generation numbers.	EB01233	朴壽長	1	26	b
generation-repair	note	李荷 was moved down 2 generations (to 20) so that no recorded kin tie points upwards; the print itself gives no generation numbers.	58ec8485-7879-45b2-baa4-da147457ea07	李荷	1	27	a
generation-repair	note	崔孝安 was moved down 1 generation (to 20) so that no recorded kin tie points upwards; the print itself gives no generation numbers.	E101467	崔孝安	1	27	a
generation-repair	note	李楢 was moved down 2 generations (to 20) so that no recorded kin tie points upwards; the print itself gives no generation numbers.	E104000	李楢	1	27	a
generation-repair	note	李樗 was moved down 1 generation (to 20) so that no recorded kin tie points upwards; the print itself gives no generation numbers.	E104003	李樗	1	27	a
generation-repair	note	李不敏 was moved down 2 generations (to 19) so that no recorded kin tie points upwards; the print itself gives no generation numbers.	E201045	李不敏	1	27	a
generation-repair	note	金孟節 was moved down 1 generation (to 20) so that no recorded kin tie points upwards; the print itself gives no generation numbers.	E302214	金孟節	1	27	a
generation-repair	note	李正己 was moved down 1 generation (to 19) so that no recorded kin tie points upwards; the print itself gives no generation numbers.	E901692	李正己	1	27	a
generation-repair	note	朴衡治 was moved down 3 generations (to 21) so that no recorded kin tie points upwards; the print itself gives no generation numbers.	E902089	朴衡治	1	27	a
generation-repair	note	許作 was moved down 2 generations (to 20) so that no recorded kin tie points upwards; the print itself gives no generation numbers.	EA01032	許作	1	27	a
generation-repair	note	金眉壽 was moved down 2 generations (to 20) so that no recorded kin tie points upwards; the print itself gives no generation numbers.	E000150	金眉壽	1	27	b
generation-repair	note	柳麟種 was moved down 1 generation (to 22) so that no recorded kin tie points upwards; the print itself gives no generation numbers.	E100097	柳麟種	1	27	b
generation-repair	note	柳遠 was moved down 1 generation (to 23) so that no recorded kin tie points upwards; the print itself gives no generation numbers.	E100100	柳遠	1	27	b
generation-repair	note	柳近 was moved down 2 generations (to 23) so that no recorded kin tie points upwards; the print itself gives no generation numbers.	E100105	柳近	1	27	b
generation-repair	note	楊淑 was moved down 1 generation (to 23) so that no recorded kin tie points upwards; the print itself gives no generation numbers.	E100107	楊淑	1	27	b
generation-repair	note	高克誠 was moved down 1 generation (to 23) so that no recorded kin tie points upwards; the print itself gives no generation numbers.	E100111	高克誠	1	27	b
generation-repair	note	柳邊 was moved down 1 generation (to 23) so that no recorded kin tie points upwards; the print itself gives no generation numbers.	E100112	柳邊	1	27	b
generation-repair	note	李壽生 was moved down 1 generation (to 20) so that no recorded kin tie points upwards; the print itself gives no generation numbers.	E100961	李壽生	1	27	b
generation-repair	note	李魁 was moved down 1 generation (to 19) so that no recorded kin tie points upwards; the print itself gives no generation numbers.	E103080	李魁	1	27	b
generation-repair	note	李城孝 was moved down 1 generation (to 20) so that no recorded kin tie points upwards; the print itself gives no generation numbers.	E104016	李城孝	1	27	b
generation-repair	note	李祿崇 was moved down 1 generation (to 20) so that no recorded kin tie points upwards; the print itself gives no generation numbers.	E104026	李祿崇	1	27	b
generation-repair	note	李鈞 was moved down 1 generation (to 20) so that no recorded kin tie points upwards; the print itself gives no generation numbers.	E203200	李鈞	1	27	b
generation-repair	note	李義孫 was moved down 2 generations (to 21) so that no recorded kin tie points upwards; the print itself gives no generation numbers.	E204463	李義孫	1	27	b
generation-repair	note	李衡 was moved down 2 generations (to 20) so that no recorded kin tie points upwards; the print itself gives no generation numbers.	E205265	李衡	1	27	b
generation-repair	note	李福崇 was moved down 1 generation (to 20) so that no recorded kin tie points upwards; the print itself gives no generation numbers.	E205568	李福崇	1	27	b
generation-repair	note	尹澹 was moved down 1 generation (to 21) so that no recorded kin tie points upwards; the print itself gives no generation numbers.	E502991	尹澹	1	27	b
generation-repair	note	尹碩 was moved down 1 generation (to 22) so that no recorded kin tie points upwards; the print itself gives no generation numbers.	E502993	尹碩	1	27	b
generation-repair	note	李元孫 was moved down 1 generation (to 21) so that no recorded kin tie points upwards; the print itself gives no generation numbers.	E805232	李元孫	1	27	b
generation-repair	note	李宜榮 was moved down 1 generation (to 19) so that no recorded kin tie points upwards; the print itself gives no generation numbers.	E902288	李宜榮	1	27	b
generation-repair	note	朴葳 was moved down 1 generation (to 20) so that no recorded kin tie points upwards; the print itself gives no generation numbers.	EC00779	朴葳	1	27	b
generation-repair	note	李晛 was moved down 1 generation (to 20) so that no recorded kin tie points upwards; the print itself gives no generation numbers.	E000808	李晛	1	28	a
generation-repair	note	崔孝恭 was moved down 3 generations (to 21) so that no recorded kin tie points upwards; the print itself gives no generation numbers.	E101440	崔孝恭	1	28	a
generation-repair	note	李賁然 was moved down 1 generation (to 19) so that no recorded kin tie points upwards; the print itself gives no generation numbers.	E103871	李賁然	1	28	a
generation-repair	note	李一山 was moved down 1 generation (to 21) so that no recorded kin tie points upwards; the print itself gives no generation numbers.	E104038	李一山	1	28	a
generation-repair	note	朴詢 was moved down 1 generation (to 20) so that no recorded kin tie points upwards; the print itself gives no generation numbers.	E104042	朴詢	1	28	a
generation-repair	note	李一童 was moved down 1 generation (to 20) so that no recorded kin tie points upwards; the print itself gives no generation numbers.	E300189	李一童	1	28	a
generation-repair	note	安榆 was moved down 2 generations (to 21) so that no recorded kin tie points upwards; the print itself gives no generation numbers.	E303929	安榆	1	28	a
generation-repair	note	李明弼 was moved down 1 generation (to 21) so that no recorded kin tie points upwards; the print itself gives no generation numbers.	E701763	李明弼	1	28	a
generation-repair	note	李禮全 was moved down 1 generation (to 20) so that no recorded kin tie points upwards; the print itself gives no generation numbers.	EC01611	李禮全	1	28	a
generation-repair	note	李光弼 was moved down 1 generation (to 21) so that no recorded kin tie points upwards; the print itself gives no generation numbers.	EC02160	李光弼	1	28	a
generation-repair	note	李壽孩 was moved down 1 generation (to 20) so that no recorded kin tie points upwards; the print itself gives no generation numbers.	E200836	李壽孩	1	28	b
generation-repair	note	李壽稚 was moved down 1 generation (to 20) so that no recorded kin tie points upwards; the print itself gives no generation numbers.	E300012	李壽稚	1	28	b
generation-repair	note	李才良 was moved down 1 generation (to 20) so that no recorded kin tie points upwards; the print itself gives no generation numbers.	E901907	李才良	1	28	b
generation-repair	note	李壽嬰 was moved down 1 generation (to 20) so that no recorded kin tie points upwards; the print itself gives no generation numbers.	EA01628	李壽嬰	1	28	b
generation-repair	note	朴緝 was moved down 2 generations (to 21) so that no recorded kin tie points upwards; the print itself gives no generation numbers.	EC02224	朴緝	1	28	b
generation-repair	note	韓重中 was moved down 1 generation (to 21) so that no recorded kin tie points upwards; the print itself gives no generation numbers.	4ab4c827-096a-4165-9f1b-dca037b6759d	韓重中	1	29	a
generation-repair	note	柳均 was moved down 2 generations (to 20) so that no recorded kin tie points upwards; the print itself gives no generation numbers.	E100573	柳均	1	29	a
generation-repair	note	鄭昌宗 was moved down 1 generation (to 21) so that no recorded kin tie points upwards; the print itself gives no generation numbers.	E104049	鄭昌宗	1	29	a
generation-repair	note	鄭錫年 was moved down 1 generation (to 20) so that no recorded kin tie points upwards; the print itself gives no generation numbers.	E200428	鄭錫年	1	29	a
generation-repair	note	愼先庚 was moved down 1 generation (to 19) so that no recorded kin tie points upwards; the print itself gives no generation numbers.	E200648	愼先庚	1	29	a
generation-repair	note	柳仁濕 was moved down 2 generations (to 21) so that no recorded kin tie points upwards; the print itself gives no generation numbers.	E202366	柳仁濕	1	29	a
generation-repair	note	韓繼美 was moved down 1 generation (to 19) so that no recorded kin tie points upwards; the print itself gives no generation numbers.	E300362	韓繼美	1	29	a
generation-repair	note	安友三 was moved down 1 generation (to 20) so that no recorded kin tie points upwards; the print itself gives no generation numbers.	E502137	安友三	1	29	a
generation-repair	note	安熙 was moved down 1 generation (to 21) so that no recorded kin tie points upwards; the print itself gives no generation numbers.	E502138	安熙	1	29	a
generation-repair	note	鄭嗣宗 was moved down 1 generation (to 21) so that no recorded kin tie points upwards; the print itself gives no generation numbers.	E805270	鄭嗣宗	1	29	a
generation-repair	note	韓亨元 was moved down 2 generations (to 22) so that no recorded kin tie points upwards; the print itself gives no generation numbers.	EA00277	韓亨元	1	29	a
generation-repair	note	柳義濕 was moved down 2 generations (to 21) so that no recorded kin tie points upwards; the print itself gives no generation numbers.	EA02688	柳義濕	1	29	a
generation-repair	note	權慄 was moved down 1 generation (to 20) so that no recorded kin tie points upwards; the print itself gives no generation numbers.	EC02301	權慄	1	29	a
generation-repair	note	韓承源 was moved down 1 generation (to 21) so that no recorded kin tie points upwards; the print itself gives no generation numbers.	1f7971b0-b1ea-4ee2-9850-9f6b36fc64a9	韓承源	1	29	b
generation-repair	note	韓稱錘 was moved down 1 generation (to 22) so that no recorded kin tie points upwards; the print itself gives no generation numbers.	78bef2b0-6078-42f6-ba7a-11270c069ebf	韓稱錘	1	29	b
generation-repair	note	南悌 was moved down 2 generations (to 21) so that no recorded kin tie points upwards; the print itself gives no generation numbers.	E104067	南悌	1	29	b
generation-repair	note	韓珽 was moved down 2 generations (to 21) so that no recorded kin tie points upwards; the print itself gives no generation numbers.	E104069	韓珽	1	29	b
generation-repair	note	韓琛 was moved down 1 generation (to 21) so that no recorded kin tie points upwards; the print itself gives no generation numbers.	E202332	韓琛	1	29	b
generation-repair	note	權彭 was moved down 1 generation (to 20) so that no recorded kin tie points upwards; the print itself gives no generation numbers.	E206146	權彭	1	29	b
generation-repair	note	韓斯信 was moved down 1 generation (to 21) so that no recorded kin tie points upwards; the print itself gives no generation numbers.	E300256	韓斯信	1	29	b
generation-repair	note	韓瑾 was moved down 1 generation (to 21) so that no recorded kin tie points upwards; the print itself gives no generation numbers.	E303166	韓瑾	1	29	b
generation-repair	note	韓孝孫 was moved down 2 generations (to 22) so that no recorded kin tie points upwards; the print itself gives no generation numbers.	E805416	韓孝孫	1	29	b
generation-repair	note	韓嶔 was moved down 1 generation (to 20) so that no recorded kin tie points upwards; the print itself gives no generation numbers.	E901492	韓嶔	1	29	b
generation-repair	note	韓岊 was moved down 1 generation (to 20) so that no recorded kin tie points upwards; the print itself gives no generation numbers.	E901917	韓岊	1	29	b
generation-repair	note	辛舜鼎 was moved down 1 generation (to 20) so that no recorded kin tie points upwards; the print itself gives no generation numbers.	E902243	辛舜鼎	1	29	b
generation-repair	note	韓士武 was moved down 1 generation (to 20) so that no recorded kin tie points upwards; the print itself gives no generation numbers.	EA01492	韓士武	1	29	b
generation-repair	note	韓玠 was moved down 1 generation (to 21) so that no recorded kin tie points upwards; the print itself gives no generation numbers.	EA03511	韓玠	1	29	b
generation-repair	note	鄭鐵壽 was moved down 1 generation (to 21) so that no recorded kin tie points upwards; the print itself gives no generation numbers.	EB02466	鄭鐵壽	1	29	b
generation-repair	note	韓連源 was moved down 1 generation (to 21) so that no recorded kin tie points upwards; the print itself gives no generation numbers.	be117e50-a304-4b03-84e4-1c57260e6f56	韓連源	1	29	b
generation-repair	note	李益培 was moved down 1 generation (to 20) so that no recorded kin tie points upwards; the print itself gives no generation numbers.	E000543	李益培	1	30	a
generation-repair	note	朴亨宗 was moved down 2 generations (to 20) so that no recorded kin tie points upwards; the print itself gives no generation numbers.	E304182	朴亨宗	1	30	a
generation-repair	note	閔懷晳 was moved down 2 generations (to 21) so that no recorded kin tie points upwards; the print itself gives no generation numbers.	E900329	閔懷晳	1	30	a
generation-repair	note	任由謙 was moved down 1 generation (to 20) so that no recorded kin tie points upwards; the print itself gives no generation numbers.	E100646	任由謙	1	30	b
generation-repair	note	任由敬 was moved down 1 generation (to 20) so that no recorded kin tie points upwards; the print itself gives no generation numbers.	E104136	任由敬	1	30	b
generation-repair	note	任由謹 was moved down 1 generation (to 20) so that no recorded kin tie points upwards; the print itself gives no generation numbers.	E104140	任由謹	1	30	b
generation-repair	note	任由遜 was moved down 1 generation (to 20) so that no recorded kin tie points upwards; the print itself gives no generation numbers.	E104143	任由遜	1	30	b
generation-repair	note	趙永輝 was moved down 1 generation (to 20) so that no recorded kin tie points upwards; the print itself gives no generation numbers.	E200344	趙永輝	1	30	b
generation-repair	note	任漢 was moved down 1 generation (to 19) so that no recorded kin tie points upwards; the print itself gives no generation numbers.	E202601	任漢	1	30	b
generation-repair	note	崔乙斗 was moved down 1 generation (to 20) so that no recorded kin tie points upwards; the print itself gives no generation numbers.	E206138	崔乙斗	1	30	b
generation-repair	note	鄭允恪 was moved down 1 generation (to 19) so that no recorded kin tie points upwards; the print itself gives no generation numbers.	EB02855	鄭允恪	1	30	b
generation-repair	note	尹萱 was moved down 1 generation (to 20) so that no recorded kin tie points upwards; the print itself gives no generation numbers.	EC00614	尹萱	1	30	b
generation-repair	note	尹蓁 was moved down 1 generation (to 20) so that no recorded kin tie points upwards; the print itself gives no generation numbers.	EC01405	尹蓁	1	30	b
generation-repair	note	尹巖 was moved down 1 generation (to 21) so that no recorded kin tie points upwards; the print itself gives no generation numbers.	EC01406	尹巖	1	30	b
generation-repair	note	李珌 was moved down 2 generations (to 21) so that no recorded kin tie points upwards; the print itself gives no generation numbers.	E101931	李珌	1	31	a
generation-repair	note	金伯演 was moved down 1 generation (to 20) so that no recorded kin tie points upwards; the print itself gives no generation numbers.	EA01963	金伯演	1	31	a
generation-repair	note	柳胤 was moved down 1 generation (to 20) so that no recorded kin tie points upwards; the print itself gives no generation numbers.	EB02140	柳胤	1	31	a
generation-repair	note	崔哲重 was moved down 2 generations (to 22) so that no recorded kin tie points upwards; the print itself gives no generation numbers.	E201395	崔哲重	1	31	b
generation-repair	note	李繼孫 was moved down 2 generations (to 21) so that no recorded kin tie points upwards; the print itself gives no generation numbers.	E301289	李繼孫	1	31	b
generation-repair	note	李之任 was moved down 2 generations (to 22) so that no recorded kin tie points upwards; the print itself gives no generation numbers.	E301292	李之任	1	31	b
generation-repair	note	李渾 was moved down 2 generations (to 22) so that no recorded kin tie points upwards; the print itself gives no generation numbers.	E902417	李渾	1	31	b
generation-repair	note	權井 was moved down 2 generations (to 18) so that no recorded kin tie points upwards; the print itself gives no generation numbers.	E104189	權井	1	32	a
generation-repair	note	權治 was moved down 2 generations (to 18) so that no recorded kin tie points upwards; the print itself gives no generation numbers.	E104202	權治	1	32	a
generation-repair	note	李知命 was moved down 2 generations (to 18) so that no recorded kin tie points upwards; the print itself gives no generation numbers.	E104204	李知命	1	32	a
generation-repair	note	李傅良 was moved down 2 generations (to 19) so that no recorded kin tie points upwards; the print itself gives no generation numbers.	E104205	李傅良	1	32	a
generation-repair	note	李渭良 was moved down 2 generations (to 19) so that no recorded kin tie points upwards; the print itself gives no generation numbers.	E104206	李渭良	1	32	a
generation-repair	note	權稱 was moved down 2 generations (to 18) so that no recorded kin tie points upwards; the print itself gives no generation numbers.	E104207	權稱	1	32	a
generation-repair	note	權萃 was moved down 2 generations (to 18) so that no recorded kin tie points upwards; the print itself gives no generation numbers.	E104208	權萃	1	32	a
generation-repair	note	李辟 was moved down 2 generations (to 19) so that no recorded kin tie points upwards; the print itself gives no generation numbers.	E104211	李辟	1	32	a
generation-repair	note	權晃 was moved down 2 generations (to 19) so that no recorded kin tie points upwards; the print itself gives no generation numbers.	E104212	權晃	1	32	a
generation-repair	note	權暠 was moved down 2 generations (to 19) so that no recorded kin tie points upwards; the print itself gives no generation numbers.	E104213	權暠	1	32	a
generation-repair	note	申希弼 was moved down 2 generations (to 18) so that no recorded kin tie points upwards; the print itself gives no generation numbers.	E104215	申希弼	1	32	a
generation-repair	note	崔明達 was moved down 2 generations (to 19) so that no recorded kin tie points upwards; the print itself gives no generation numbers.	E104217	崔明達	1	32	a
generation-repair	note	申澍 was moved down 2 generations (to 19) so that no recorded kin tie points upwards; the print itself gives no generation numbers.	E104218	申澍	1	32	a
generation-repair	note	金元石 was moved down 1 generation (to 19) so that no recorded kin tie points upwards; the print itself gives no generation numbers.	E104224	金元石	1	32	a
generation-repair	note	權需 was moved down 2 generations (to 18) so that no recorded kin tie points upwards; the print itself gives no generation numbers.	E506748	權需	1	32	a
generation-repair	note	曹九叙 was moved down 2 generations (to 20) so that no recorded kin tie points upwards; the print itself gives no generation numbers.	E802607	曹九叙	1	32	a
generation-repair	note	曺繼虞 was moved down 2 generations (to 21) so that no recorded kin tie points upwards; the print itself gives no generation numbers.	E805626	曺繼虞	1	32	a
generation-repair	note	崔道全 was moved down 3 generations (to 21) so that no recorded kin tie points upwards; the print itself gives no generation numbers.	E101405	崔道全	1	32	b
generation-repair	note	黃事忠 was moved down 1 generation (to 20) so that no recorded kin tie points upwards; the print itself gives no generation numbers.	E201166	黃事忠	1	32	b
generation-repair	note	權季禧 was moved down 1 generation (to 20) so that no recorded kin tie points upwards; the print itself gives no generation numbers.	E204461	權季禧	1	32	b
generation-repair	note	李保仁 was moved down 1 generation (to 19) so that no recorded kin tie points upwards; the print itself gives no generation numbers.	E301464	李保仁	1	32	b
generation-repair	note	洪繼常 was moved down 2 generations (to 20) so that no recorded kin tie points upwards; the print itself gives no generation numbers.	E000413	洪繼常	1	33	a
generation-repair	note	禹垓 was moved down 3 generations (to 20) so that no recorded kin tie points upwards; the print itself gives no generation numbers.	E000519	禹垓	1	33	a
generation-repair	note	韓致良 was moved down 3 generations (to 21) so that no recorded kin tie points upwards; the print itself gives no generation numbers.	E000521	韓致良	1	33	a
generation-repair	note	李鉉 was moved down 1 generation (to 21) so that no recorded kin tie points upwards; the print itself gives no generation numbers.	E000523	李鉉	1	33	a
generation-repair	note	崔允亨 was moved down 2 generations (to 19) so that no recorded kin tie points upwards; the print itself gives no generation numbers.	E104317	崔允亨	1	33	a
generation-repair	note	李思恥 was moved down 3 generations (to 18) so that no recorded kin tie points upwards; the print itself gives no generation numbers.	E104331	李思恥	1	33	a
generation-repair	note	李養正 was moved down 3 generations (to 20) so that no recorded kin tie points upwards; the print itself gives no generation numbers.	E104332	李養正	1	33	a
generation-repair	note	鄭自周 was moved down 3 generations (to 20) so that no recorded kin tie points upwards; the print itself gives no generation numbers.	E104338	鄭自周	1	33	a
generation-repair	note	崔孝基 was moved down 1 generation (to 20) so that no recorded kin tie points upwards; the print itself gives no generation numbers.	E501372	崔孝基	1	33	a
generation-repair	note	李蒙 was moved down 3 generations (to 19) so that no recorded kin tie points upwards; the print itself gives no generation numbers.	E902185	李蒙	1	33	a
generation-repair	note	李乾 was moved down 2 generations (to 22) so that no recorded kin tie points upwards; the print itself gives no generation numbers.	970ec3ff-2144-429c-af20-437940cad10e	李乾	1	33	b
generation-repair	note	金嚴 was moved down 3 generations (to 21) so that no recorded kin tie points upwards; the print itself gives no generation numbers.	E100326	金嚴	1	33	b
generation-repair	note	崔士康 was moved down 3 generations (to 19) so that no recorded kin tie points upwards; the print itself gives no generation numbers.	E101374	崔士康	1	33	b
generation-repair	note	李希振 was moved down 3 generations (to 21) so that no recorded kin tie points upwards; the print itself gives no generation numbers.	E101412	李希振	1	33	b
generation-repair	note	崔孝忠 was moved down 3 generations (to 21) so that no recorded kin tie points upwards; the print itself gives no generation numbers.	E101421	崔孝忠	1	33	b
generation-repair	note	薛誠 was moved down 3 generations (to 21) so that no recorded kin tie points upwards; the print itself gives no generation numbers.	E101424	薛誠	1	33	b
generation-repair	note	李世芬 was moved down 3 generations (to 21) so that no recorded kin tie points upwards; the print itself gives no generation numbers.	E101426	李世芬	1	33	b
generation-repair	note	崔孝良 was moved down 3 generations (to 21) so that no recorded kin tie points upwards; the print itself gives no generation numbers.	E101428	崔孝良	1	33	b
generation-repair	note	錦城大君 was moved down 3 generations (to 20) so that no recorded kin tie points upwards; the print itself gives no generation numbers.	E101432	錦城大君	1	33	b
generation-repair	note	李重元 was moved down 3 generations (to 20) so that no recorded kin tie points upwards; the print itself gives no generation numbers.	E102301	李重元	1	33	b
generation-repair	note	鄭佸 was moved down 3 generations (to 20) so that no recorded kin tie points upwards; the print itself gives no generation numbers.	E102358	鄭佸	1	33	b
generation-repair	note	沈光亨 was moved down 3 generations (to 21) so that no recorded kin tie points upwards; the print itself gives no generation numbers.	E102364	沈光亨	1	33	b
generation-repair	note	李世疇 was moved down 3 generations (to 20) so that no recorded kin tie points upwards; the print itself gives no generation numbers.	E104342	李世疇	1	33	b
generation-repair	note	金元老 was moved down 3 generations (to 21) so that no recorded kin tie points upwards; the print itself gives no generation numbers.	E201883	金元老	1	33	b
generation-repair	note	李重連 was moved down 2 generations (to 21) so that no recorded kin tie points upwards; the print itself gives no generation numbers.	E301222	李重連	1	33	b
generation-repair	note	李師衍 was moved down 3 generations (to 21) so that no recorded kin tie points upwards; the print itself gives no generation numbers.	E601635	李師衍	1	33	b
generation-repair	note	李叔禧 was moved down 1 generation (to 21) so that no recorded kin tie points upwards; the print itself gives no generation numbers.	E701279	李叔禧	1	33	b
generation-repair	note	金信 was moved down 3 generations (to 21) so that no recorded kin tie points upwards; the print itself gives no generation numbers.	E701552	金信	1	33	b
generation-repair	note	韓謹 was moved down 3 generations (to 21) so that no recorded kin tie points upwards; the print itself gives no generation numbers.	E803883	韓謹	1	33	b
generation-repair	note	李坤 was moved down 2 generations (to 22) so that no recorded kin tie points upwards; the print itself gives no generation numbers.	a38ab07b-322c-4ce1-b1fb-acf8022ca9f7	李坤	1	33	b
generation-repair	note	朴松廿 was moved down 2 generations (to 22) so that no recorded kin tie points upwards; the print itself gives no generation numbers.	a807fa94-0fe2-4752-9736-4b4dca0d05b9	朴松廿	1	33	b
generation-repair	note	柳垓 was moved down 3 generations (to 21) so that no recorded kin tie points upwards; the print itself gives no generation numbers.	E101439	柳垓	1	34	a
generation-repair	note	崔孝順 was moved down 3 generations (to 21) so that no recorded kin tie points upwards; the print itself gives no generation numbers.	E101450	崔孝順	1	34	a
generation-repair	note	姜徯 was moved down 3 generations (to 20) so that no recorded kin tie points upwards; the print itself gives no generation numbers.	E101452	姜徯	1	34	a
generation-repair	note	崔漢望 was moved down 1 generation (to 21) so that no recorded kin tie points upwards; the print itself gives no generation numbers.	E203279	崔漢望	1	34	a
generation-repair	note	李熙 was moved down 2 generations (to 21) so that no recorded kin tie points upwards; the print itself gives no generation numbers.	E805869	李熙	1	34	a
generation-repair	note	李承召 was moved down 2 generations (to 20) so that no recorded kin tie points upwards; the print itself gives no generation numbers.	E903296	李承召	1	34	a
generation-repair	note	李孟思 was moved down 2 generations (to 21) so that no recorded kin tie points upwards; the print itself gives no generation numbers.	EC01277	李孟思	1	34	a
generation-repair	note	楊億 was moved down 1 generation (to 19) so that no recorded kin tie points upwards; the print itself gives no generation numbers.	E201297	楊億	1	34	b
generation-repair	note	李奎 was moved down 2 generations (to 20) so that no recorded kin tie points upwards; the print itself gives no generation numbers.	E205133	李奎	1	35	a
generation-repair	note	黃濟 was moved down 1 generation (to 21) so that no recorded kin tie points upwards; the print itself gives no generation numbers.	E502851	黃濟	1	35	a
generation-repair	note	尹沂 was moved down 3 generations (to 20) so that no recorded kin tie points upwards; the print itself gives no generation numbers.	E901437	尹沂	1	35	a
generation-repair	note	辛季琚 was moved down 1 generation (to 21) so that no recorded kin tie points upwards; the print itself gives no generation numbers.	E901930	辛季琚	1	35	a
generation-repair	note	姜利溫 was moved down 2 generations (to 20) so that no recorded kin tie points upwards; the print itself gives no generation numbers.	E901189	姜利溫	1	35	b
generation-repair	note	李孝幹 was moved down 2 generations (to 20) so that no recorded kin tie points upwards; the print itself gives no generation numbers.	E100596	李孝幹	1	36	a
generation-repair	note	黃瓘 was moved down 1 generation (to 21) so that no recorded kin tie points upwards; the print itself gives no generation numbers.	E201231	黃瓘	1	36	a
generation-repair	note	李垓 was moved down 2 generations (to 20) so that no recorded kin tie points upwards; the print itself gives no generation numbers.	E205123	李垓	1	36	a
generation-repair	note	權伸 was moved down 1 generation (to 20) so that no recorded kin tie points upwards; the print itself gives no generation numbers.	E205354	權伸	1	36	a
generation-repair	note	李宜茂 was moved down 2 generations (to 20) so that no recorded kin tie points upwards; the print itself gives no generation numbers.	E104472	李宜茂	1	36	b
generation-repair	note	李釘堅 was moved down 1 generation (to 20) so that no recorded kin tie points upwards; the print itself gives no generation numbers.	E300254	李釘堅	1	36	b
generation-repair	note	李季禧 was moved down 2 generations (to 20) so that no recorded kin tie points upwards; the print itself gives no generation numbers.	E902662	李季禧	1	36	b
generation-repair	note	李復善 was moved down 2 generations (to 20) so that no recorded kin tie points upwards; the print itself gives no generation numbers.	E903117	李復善	1	36	b
generation-repair	note	愼承命 was moved down 1 generation (to 20) so that no recorded kin tie points upwards; the print itself gives no generation numbers.	E904236	愼承命	1	36	b
generation-repair	note	韓繼純 was moved down 1 generation (to 20) so that no recorded kin tie points upwards; the print itself gives no generation numbers.	EA02810	韓繼純	1	36	b
generation-repair	note	韓[日+耆] was moved down 2 generations (to 21) so that no recorded kin tie points upwards; the print itself gives no generation numbers.	7a00ba1c-ab88-42b6-8c93-360e0ed2f27a	韓[日+耆]	1	37	a
generation-repair	note	李中正 was moved down 1 generation (to 18) so that no recorded kin tie points upwards; the print itself gives no generation numbers.	E104499	李中正	1	37	a
generation-repair	note	李處仁 was moved down 1 generation (to 19) so that no recorded kin tie points upwards; the print itself gives no generation numbers.	E104500	李處仁	1	37	a
generation-repair	note	李承元 was moved down 1 generation (to 20) so that no recorded kin tie points upwards; the print itself gives no generation numbers.	E104501	李承元	1	37	a
generation-repair	note	李承亨 was moved down 2 generations (to 20) so that no recorded kin tie points upwards; the print itself gives no generation numbers.	E104502	李承亨	1	37	a
generation-repair	note	李承常 was moved down 1 generation (to 20) so that no recorded kin tie points upwards; the print itself gives no generation numbers.	E104503	李承常	1	37	a
generation-repair	note	李承貞 was moved down 1 generation (to 20) so that no recorded kin tie points upwards; the print itself gives no generation numbers.	E104504	李承貞	1	37	a
generation-repair	note	李處義 was moved down 1 generation (to 19) so that no recorded kin tie points upwards; the print itself gives no generation numbers.	E104505	李處義	1	37	a
generation-repair	note	金億之 was moved down 1 generation (to 19) so that no recorded kin tie points upwards; the print itself gives no generation numbers.	E104507	金億之	1	37	a
generation-repair	note	金華 was moved down 2 generations (to 20) so that no recorded kin tie points upwards; the print itself gives no generation numbers.	E104508	金華	1	37	a
generation-repair	note	王信 was moved down 1 generation (to 19) so that no recorded kin tie points upwards; the print itself gives no generation numbers.	E104510	王信	1	37	a
generation-repair	note	王敬贊 was moved down 1 generation (to 20) so that no recorded kin tie points upwards; the print itself gives no generation numbers.	E104511	王敬贊	1	37	a
generation-repair	note	王敬臣 was moved down 1 generation (to 20) so that no recorded kin tie points upwards; the print itself gives no generation numbers.	E104512	王敬臣	1	37	a
generation-repair	note	辛師勉 was moved down 1 generation (to 19) so that no recorded kin tie points upwards; the print itself gives no generation numbers.	E104515	辛師勉	1	37	a
generation-repair	note	韓終孫 was moved down 2 generations (to 20) so that no recorded kin tie points upwards; the print itself gives no generation numbers.	E104522	韓終孫	1	37	a
generation-repair	note	安吳生 was moved down 1 generation (to 20) so that no recorded kin tie points upwards; the print itself gives no generation numbers.	E201769	安吳生	1	37	a
generation-repair	note	崔源海 was moved down 2 generations (to 21) so that no recorded kin tie points upwards; the print itself gives no generation numbers.	E203266	崔源海	1	37	a
generation-repair	note	韓㬢 was moved down 2 generations (to 21) so that no recorded kin tie points upwards; the print itself gives no generation numbers.	E203517	韓㬢	1	37	a
generation-repair	note	韓瑞龍 was moved down 1 generation (to 19) so that no recorded kin tie points upwards; the print itself gives no generation numbers.	E204397	韓瑞龍	1	37	a
generation-repair	note	邊大海 was moved down 1 generation (to 20) so that no recorded kin tie points upwards; the print itself gives no generation numbers.	E300304	邊大海	1	37	a
generation-repair	note	韓仲倫 was moved down 1 generation (to 20) so that no recorded kin tie points upwards; the print itself gives no generation numbers.	E301394	韓仲倫	1	37	a
generation-repair	note	金永濡 was moved down 1 generation (to 20) so that no recorded kin tie points upwards; the print itself gives no generation numbers.	E401577	金永濡	1	37	a
generation-repair	note	韓曾 was moved down 1 generation (to 21) so that no recorded kin tie points upwards; the print itself gives no generation numbers.	E806256	韓曾	1	37	a
generation-repair	note	李錫㱓 was moved down 3 generations (to 21) so that no recorded kin tie points upwards; the print itself gives no generation numbers.	E901660	李錫㱓	1	37	a
generation-repair	note	韓萬孫 was moved down 1 generation (to 20) so that no recorded kin tie points upwards; the print itself gives no generation numbers.	E902134	韓萬孫	1	37	a
generation-repair	note	韓千孫 was moved down 1 generation (to 20) so that no recorded kin tie points upwards; the print itself gives no generation numbers.	E903286	韓千孫	1	37	a
generation-repair	note	韓長孫 was moved down 1 generation (to 20) so that no recorded kin tie points upwards; the print itself gives no generation numbers.	EB01164	韓長孫	1	37	a
generation-repair	note	金愉 was moved down 2 generations (to 20) so that no recorded kin tie points upwards; the print itself gives no generation numbers.	E104535	金愉	1	37	b
generation-repair	note	韓彦倫 was moved down 2 generations (to 20) so that no recorded kin tie points upwards; the print itself gives no generation numbers.	E104536	韓彦倫	1	37	b
generation-repair	note	李崇孫 was moved down 2 generations (to 20) so that no recorded kin tie points upwards; the print itself gives no generation numbers.	E104538	李崇孫	1	37	b
generation-repair	note	許琮 was moved down 2 generations (to 20) so that no recorded kin tie points upwards; the print itself gives no generation numbers.	E201887	許琮	1	37	b
generation-repair	note	韓瑞鳳 was moved down 2 generations (to 19) so that no recorded kin tie points upwards; the print itself gives no generation numbers.	E204232	韓瑞鳳	1	37	b
generation-repair	note	朴元良 was moved down 1 generation (to 21) so that no recorded kin tie points upwards; the print itself gives no generation numbers.	E303030	朴元良	1	37	b
generation-repair	note	閔孝忻 was moved down 1 generation (to 19) so that no recorded kin tie points upwards; the print itself gives no generation numbers.	E900045	閔孝忻	1	37	b
generation-repair	note	朴元忠 was moved down 2 generations (to 20) so that no recorded kin tie points upwards; the print itself gives no generation numbers.	EB01388	朴元忠	1	37	b
generation-repair	note	李亨門 was moved down 2 generations (to 21) so that no recorded kin tie points upwards; the print itself gives no generation numbers.	E100552	李亨門	1	38	a
generation-repair	note	金春卿 was moved down 1 generation (to 21) so that no recorded kin tie points upwards; the print itself gives no generation numbers.	E100912	金春卿	1	38	a
generation-repair	note	洪克治 was moved down 2 generations (to 20) so that no recorded kin tie points upwards; the print itself gives no generation numbers.	E101173	洪克治	1	38	a
generation-repair	note	李顯門 was moved down 2 generations (to 21) so that no recorded kin tie points upwards; the print itself gives no generation numbers.	E101902	李顯門	1	38	a
generation-repair	note	李楷 was moved down 2 generations (to 20) so that no recorded kin tie points upwards; the print itself gives no generation numbers.	E104541	李楷	1	38	a
generation-repair	note	李曾門 was moved down 2 generations (to 21) so that no recorded kin tie points upwards; the print itself gives no generation numbers.	E104542	李曾門	1	38	a
generation-repair	note	李張訔 was moved down 2 generations (to 20) so that no recorded kin tie points upwards; the print itself gives no generation numbers.	E104566	李張訔	1	38	a
generation-repair	note	洪禹成 was moved down 1 generation (to 19) so that no recorded kin tie points upwards; the print itself gives no generation numbers.	E301149	洪禹成	1	38	a
generation-repair	note	辛自金 was moved down 1 generation (to 21) so that no recorded kin tie points upwards; the print itself gives no generation numbers.	E303247	辛自金	1	38	a
generation-repair	note	金孝卿 was moved down 1 generation (to 21) so that no recorded kin tie points upwards; the print itself gives no generation numbers.	E902504	金孝卿	1	38	a
generation-repair	note	金仁民 was moved down 1 generation (to 20) so that no recorded kin tie points upwards; the print itself gives no generation numbers.	E903370	金仁民	1	38	a
generation-repair	note	金夏卿 was moved down 1 generation (to 21) so that no recorded kin tie points upwards; the print itself gives no generation numbers.	E903383	金夏卿	1	38	a
generation-repair	note	金正卿 was moved down 1 generation (to 21) so that no recorded kin tie points upwards; the print itself gives no generation numbers.	E903404	金正卿	1	38	a
generation-repair	note	張賢孫 was moved down 1 generation (to 21) so that no recorded kin tie points upwards; the print itself gives no generation numbers.	E903408	張賢孫	1	38	a
generation-repair	note	洪萬齡 was moved down 3 generations (to 21) so that no recorded kin tie points upwards; the print itself gives no generation numbers.	E100626	洪萬齡	1	38	b
generation-repair	note	洪億齡 was moved down 2 generations (to 21) so that no recorded kin tie points upwards; the print itself gives no generation numbers.	E104571	洪億齡	1	38	b
generation-repair	note	洪義孫 was moved down 3 generations (to 22) so that no recorded kin tie points upwards; the print itself gives no generation numbers.	E806464	洪義孫	1	38	b
generation-repair	note	辛祖義 was moved down 1 generation (to 21) so that no recorded kin tie points upwards; the print itself gives no generation numbers.	E806644	辛祖義	1	38	b
generation-repair	note	尹[石+廉] was moved down 1 generation (to 21) so that no recorded kin tie points upwards; the print itself gives no generation numbers.	816532e4-eaed-42cb-8b14-6f5ee2c57058	尹[石+廉]	1	39	a
generation-repair	note	尹師路 was moved down 1 generation (to 20) so that no recorded kin tie points upwards; the print itself gives no generation numbers.	E104640	尹師路	1	39	a
generation-repair	note	尹師有 was moved down 1 generation (to 20) so that no recorded kin tie points upwards; the print itself gives no generation numbers.	E104644	尹師有	1	39	a
generation-repair	note	尹師淵 was moved down 1 generation (to 20) so that no recorded kin tie points upwards; the print itself gives no generation numbers.	E104648	尹師淵	1	39	a
generation-repair	note	尹師孟 was moved down 1 generation (to 20) so that no recorded kin tie points upwards; the print itself gives no generation numbers.	E104651	尹師孟	1	39	a
generation-repair	note	尹礇 was moved down 2 generations (to 21) so that no recorded kin tie points upwards; the print itself gives no generation numbers.	E205571	尹礇	1	39	a
generation-repair	note	尹礪 was moved down 1 generation (to 21) so that no recorded kin tie points upwards; the print itself gives no generation numbers.	E206434	尹礪	1	39	a
generation-repair	note	尹師夏 was moved down 1 generation (to 20) so that no recorded kin tie points upwards; the print itself gives no generation numbers.	E401444	尹師夏	1	39	a
generation-repair	note	尹垠 was moved down 1 generation (to 19) so that no recorded kin tie points upwards; the print itself gives no generation numbers.	E401445	尹垠	1	39	a
generation-repair	note	尹磻 was moved down 1 generation (to 21) so that no recorded kin tie points upwards; the print itself gives no generation numbers.	E806681	尹磻	1	39	a
generation-repair	note	尹師晳 was moved down 2 generations (to 20) so that no recorded kin tie points upwards; the print itself gives no generation numbers.	E904096	尹師晳	1	39	a
generation-repair	note	尹師華 was moved down 2 generations (to 21) so that no recorded kin tie points upwards; the print itself gives no generation numbers.	EA00379	尹師華	1	39	a
generation-repair	note	尹磷 was moved down 1 generation (to 21) so that no recorded kin tie points upwards; the print itself gives no generation numbers.	EA02735	尹磷	1	39	a
generation-repair	note	金言愼 was moved down 1 generation (to 20) so that no recorded kin tie points upwards; the print itself gives no generation numbers.	EB03071	金言愼	1	39	a
generation-repair	note	金琚 was moved down 1 generation (to 20) so that no recorded kin tie points upwards; the print itself gives no generation numbers.	EC00536	金琚	1	39	a
generation-repair	note	李喜孫 was moved down 1 generation (to 21) so that no recorded kin tie points upwards; the print itself gives no generation numbers.	EC00549	李喜孫	1	39	a
generation-repair	note	尹羽 was moved down 2 generations (to 21) so that no recorded kin tie points upwards; the print itself gives no generation numbers.	EC02118	尹羽	1	39	a
generation-repair	note	尹砥 was moved down 1 generation (to 21) so that no recorded kin tie points upwards; the print itself gives no generation numbers.	b0571644-e72b-4430-893c-69d5f67c9bb8	尹砥	1	39	a
generation-repair	note	尹磪 was moved down 1 generation (to 21) so that no recorded kin tie points upwards; the print itself gives no generation numbers.	b16a5fa3-3108-45fd-aca6-f987a3ca28f5	尹磪	1	39	a
generation-repair	note	李孟淳 was moved down 1 generation (to 21) so that no recorded kin tie points upwards; the print itself gives no generation numbers.	E000801	李孟淳	1	39	b
generation-repair	note	南孝溫 was moved down 1 generation (to 20) so that no recorded kin tie points upwards; the print itself gives no generation numbers.	E101994	南孝溫	1	39	b
generation-repair	note	尹壎 was moved down 1 generation (to 19) so that no recorded kin tie points upwards; the print itself gives no generation numbers.	E104673	尹壎	1	39	b
generation-repair	note	洪保正 was moved down 2 generations (to 20) so that no recorded kin tie points upwards; the print itself gives no generation numbers.	E104694	洪保正	1	39	b
generation-repair	note	李昌祖 was moved down 2 generations (to 21) so that no recorded kin tie points upwards; the print itself gives no generation numbers.	E104696	李昌祖	1	39	b
generation-repair	note	權漢生 was moved down 1 generation (to 19) so that no recorded kin tie points upwards; the print itself gives no generation numbers.	E104727	權漢生	1	39	b
generation-repair	note	金伋 was moved down 1 generation (to 20) so that no recorded kin tie points upwards; the print itself gives no generation numbers.	E206028	金伋	1	39	b
generation-repair	note	姜利仁 was moved down 2 generations (to 20) so that no recorded kin tie points upwards; the print itself gives no generation numbers.	E206049	姜利仁	1	39	b
generation-repair	note	成顧 was moved down 1 generation (to 20) so that no recorded kin tie points upwards; the print itself gives no generation numbers.	E206227	成顧	1	39	b
generation-repair	note	洪叔阜 was moved down 1 generation (to 19) so that no recorded kin tie points upwards; the print itself gives no generation numbers.	E401053	洪叔阜	1	39	b
generation-repair	note	尹師點 was moved down 1 generation (to 20) so that no recorded kin tie points upwards; the print itself gives no generation numbers.	E901563	尹師點	1	39	b
generation-repair	note	許逕 was moved down 1 generation (to 20) so that no recorded kin tie points upwards; the print itself gives no generation numbers.	E902315	許逕	1	39	b
generation-repair	note	金偁 was moved down 1 generation (to 20) so that no recorded kin tie points upwards; the print itself gives no generation numbers.	EB03161	金偁	1	39	b
generation-repair	note	李仲淳 was moved down 1 generation (to 20) so that no recorded kin tie points upwards; the print itself gives no generation numbers.	E102288	李仲淳	1	40	a
generation-repair	note	辛福聃 was moved down 2 generations (to 21) so that no recorded kin tie points upwards; the print itself gives no generation numbers.	E902284	辛福聃	1	41	a
generation-repair	note	黃事孝 was moved down 2 generations (to 21) so that no recorded kin tie points upwards; the print itself gives no generation numbers.	E201177	黃事孝	1	41	b
generation-repair	note	許岩 was moved down 2 generations (to 21) so that no recorded kin tie points upwards; the print itself gives no generation numbers.	E203063	許岩	1	41	b
generation-repair	note	許崇 was moved down 3 generations (to 21) so that no recorded kin tie points upwards; the print itself gives no generation numbers.	E502855	許崇	1	41	b
generation-repair	note	許峻 was moved down 1 generation (to 21) so that no recorded kin tie points upwards; the print itself gives no generation numbers.	E502878	許峻	1	41	b
generation-repair	note	許連 was moved down 3 generations (to 20) so that no recorded kin tie points upwards; the print itself gives no generation numbers.	E902301	許連	1	41	b
generation-repair	note	閔愷 was moved down 3 generations (to 21) so that no recorded kin tie points upwards; the print itself gives no generation numbers.	E902303	閔愷	1	41	b
generation-repair	note	崔和美 was moved down 3 generations (to 21) so that no recorded kin tie points upwards; the print itself gives no generation numbers.	E902305	崔和美	1	41	b
generation-repair	note	李長孫 was moved down 3 generations (to 21) so that no recorded kin tie points upwards; the print itself gives no generation numbers.	E902307	李長孫	1	41	b
generation-repair	note	許迪 was moved down 1 generation (to 20) so that no recorded kin tie points upwards; the print itself gives no generation numbers.	E902318	許迪	1	41	b
generation-repair	note	李徵 was moved down 2 generations (to 21) so that no recorded kin tie points upwards; the print itself gives no generation numbers.	E902321	李徵	1	41	b
generation-repair	note	李均 was moved down 3 generations (to 21) so that no recorded kin tie points upwards; the print itself gives no generation numbers.	E902323	李均	1	41	b
generation-repair	note	黃沚 was moved down 1 generation (to 21) so that no recorded kin tie points upwards; the print itself gives no generation numbers.	EB04102	黃沚	1	41	b
generation-repair	note	朴根孫 was moved down 1 generation (to 21) so that no recorded kin tie points upwards; the print itself gives no generation numbers.	E000863	朴根孫	1	42	a
generation-repair	note	黃友兄 was moved down 1 generation (to 20) so that no recorded kin tie points upwards; the print itself gives no generation numbers.	E201215	黃友兄	1	42	a
generation-repair	note	李次 was moved down 1 generation (to 18) so that no recorded kin tie points upwards; the print itself gives no generation numbers.	E402342	李次	1	42	a
generation-repair	note	洪任 was moved down 2 generations (to 21) so that no recorded kin tie points upwards; the print itself gives no generation numbers.	E502920	洪任	1	42	a
generation-repair	note	尹淑 was moved down 2 generations (to 21) so that no recorded kin tie points upwards; the print itself gives no generation numbers.	E902338	尹淑	1	42	a
generation-repair	note	洪淀 was moved down 2 generations (to 20) so that no recorded kin tie points upwards; the print itself gives no generation numbers.	EA01517	洪淀	1	42	a
generation-repair	note	鄭允愼 was moved down 1 generation (to 19) so that no recorded kin tie points upwards; the print itself gives no generation numbers.	E102691	鄭允愼	1	42	b
generation-repair	note	蔡碩卿 was moved down 1 generation (to 20) so that no recorded kin tie points upwards; the print itself gives no generation numbers.	E104873	蔡碩卿	1	42	b
generation-repair	note	鄭謙 was moved down 1 generation (to 20) so that no recorded kin tie points upwards; the print itself gives no generation numbers.	E104883	鄭謙	1	42	b
generation-repair	note	鄭譚 was moved down 1 generation (to 20) so that no recorded kin tie points upwards; the print itself gives no generation numbers.	E104884	鄭譚	1	42	b
generation-repair	note	金銓 was moved down 1 generation (to 20) so that no recorded kin tie points upwards; the print itself gives no generation numbers.	E104891	金銓	1	42	b
generation-repair	note	辛繼祖 was moved down 1 generation (to 19) so that no recorded kin tie points upwards; the print itself gives no generation numbers.	E104903	辛繼祖	1	42	b
generation-repair	note	柳霔 was moved down 1 generation (to 20) so that no recorded kin tie points upwards; the print itself gives no generation numbers.	E202065	柳霔	1	42	b
generation-repair	note	鄭謜 was moved down 1 generation (to 20) so that no recorded kin tie points upwards; the print itself gives no generation numbers.	E204096	鄭謜	1	42	b
generation-repair	note	鄭詮 was moved down 1 generation (to 20) so that no recorded kin tie points upwards; the print itself gives no generation numbers.	E301529	鄭詮	1	42	b
generation-repair	note	鄭發 was moved down 1 generation (to 18) so that no recorded kin tie points upwards; the print itself gives no generation numbers.	E402658	鄭發	1	42	b
generation-repair	note	曺瑞 was moved down 1 generation (to 20) so that no recorded kin tie points upwards; the print itself gives no generation numbers.	E904284	曺瑞	1	42	b
generation-repair	note	辛厚聃 was moved down 1 generation (to 20) so that no recorded kin tie points upwards; the print itself gives no generation numbers.	EB01503	辛厚聃	1	42	b
generation-repair	note	沈安信 was moved down 1 generation (to 20) so that no recorded kin tie points upwards; the print itself gives no generation numbers.	E101418	沈安信	1	43	a
generation-repair	note	辛從聃 was moved down 1 generation (to 20) so that no recorded kin tie points upwards; the print itself gives no generation numbers.	E101630	辛從聃	1	43	a
generation-repair	note	沈安禮 was moved down 1 generation (to 20) so that no recorded kin tie points upwards; the print itself gives no generation numbers.	E101906	沈安禮	1	43	a
generation-repair	note	沈安仁 was moved down 1 generation (to 20) so that no recorded kin tie points upwards; the print itself gives no generation numbers.	E300199	沈安仁	1	43	a
generation-repair	note	鄭誼 was moved down 1 generation (to 20) so that no recorded kin tie points upwards; the print itself gives no generation numbers.	E303978	鄭誼	1	43	a
generation-repair	note	芮忠年 was moved down 3 generations (to 22) so that no recorded kin tie points upwards; the print itself gives no generation numbers.	E502870	芮忠年	1	43	a
generation-repair	note	朴衡文 was moved down 3 generations (to 21) so that no recorded kin tie points upwards; the print itself gives no generation numbers.	E600000	朴衡文	1	43	a
generation-repair	note	李淳 was moved down 2 generations (to 21) so that no recorded kin tie points upwards; the print itself gives no generation numbers.	EA02184	李淳	1	43	a
generation-repair	note	鄭允愊 was moved down 1 generation (to 19) so that no recorded kin tie points upwards; the print itself gives no generation numbers.	EA02869	鄭允愊	1	43	a
generation-repair	note	吳山老 was moved down 1 generation (to 20) so that no recorded kin tie points upwards; the print itself gives no generation numbers.	EB02824	吳山老	1	43	a
generation-repair	note	李義亨 was moved down 1 generation (to 20) so that no recorded kin tie points upwards; the print itself gives no generation numbers.	EB02826	李義亨	1	43	a
generation-repair	note	沈璿 was moved down 1 generation (to 19) so that no recorded kin tie points upwards; the print itself gives no generation numbers.	EB02841	沈璿	1	43	a
generation-repair	note	沈安義 was moved down 1 generation (to 20) so that no recorded kin tie points upwards; the print itself gives no generation numbers.	EB02844	沈安義	1	43	a
generation-repair	note	鄭訓 was moved down 1 generation (to 20) so that no recorded kin tie points upwards; the print itself gives no generation numbers.	EB02857	鄭訓	1	43	a
generation-repair	note	鄭讚 was moved down 1 generation (to 20) so that no recorded kin tie points upwards; the print itself gives no generation numbers.	EB02871	鄭讚	1	43	a
generation-repair	note	金恥 was moved down 1 generation (to 20) so that no recorded kin tie points upwards; the print itself gives no generation numbers.	EB02886	金恥	1	43	a
generation-repair	note	金乙辛 was moved down 2 generations (to 18) so that no recorded kin tie points upwards; the print itself gives no generation numbers.	E000148	金乙辛	1	43	b
generation-repair	note	宋元年 was moved down 2 generations (to 19) so that no recorded kin tie points upwards; the print itself gives no generation numbers.	E000418	宋元年	1	43	b
generation-repair	note	李淑琦 was moved down 1 generation (to 20) so that no recorded kin tie points upwards; the print itself gives no generation numbers.	E203589	李淑琦	1	43	b
generation-repair	note	金仲衡 was moved down 1 generation (to 20) so that no recorded kin tie points upwards; the print itself gives no generation numbers.	EA03933	金仲衡	1	43	b
generation-repair	note	鄭訥 was moved down 1 generation (to 20) so that no recorded kin tie points upwards; the print itself gives no generation numbers.	EB02879	鄭訥	1	43	b
generation-repair	note	鄭允惐 was moved down 1 generation (to 19) so that no recorded kin tie points upwards; the print itself gives no generation numbers.	EB02899	鄭允惐	1	43	b
generation-repair	note	趙偁 was moved down 1 generation (to 20) so that no recorded kin tie points upwards; the print itself gives no generation numbers.	EB02900	趙偁	1	43	b
generation-repair	note	鄭讓 was moved down 1 generation (to 20) so that no recorded kin tie points upwards; the print itself gives no generation numbers.	EB02902	鄭讓	1	43	b
generation-repair	note	鄭譓 was moved down 1 generation (to 20) so that no recorded kin tie points upwards; the print itself gives no generation numbers.	EB02904	鄭譓	1	43	b
generation-repair	note	鄭認 was moved down 1 generation (to 20) so that no recorded kin tie points upwards; the print itself gives no generation numbers.	EB02912	鄭認	1	43	b
generation-repair	note	鄭允懽 was moved down 1 generation (to 19) so that no recorded kin tie points upwards; the print itself gives no generation numbers.	EB02929	鄭允懽	1	43	b
generation-repair	note	權守精 was moved down 2 generations (to 20) so that no recorded kin tie points upwards; the print itself gives no generation numbers.	E304673	權守精	1	44	a
generation-repair	note	柳晡 was moved down 2 generations (to 20) so that no recorded kin tie points upwards; the print itself gives no generation numbers.	E400822	柳晡	1	44	a
generation-repair	note	洪忻 was moved down 2 generations (to 21) so that no recorded kin tie points upwards; the print itself gives no generation numbers.	E903983	洪忻	1	44	a
generation-repair	note	柳連孫 was moved down 2 generations (to 21) so that no recorded kin tie points upwards; the print itself gives no generation numbers.	EA03541	柳連孫	1	44	a
generation-repair	note	柳末孫 was moved down 2 generations (to 21) so that no recorded kin tie points upwards; the print itself gives no generation numbers.	EA03559	柳末孫	1	44	a
generation-repair	note	柳允昌 was moved down 2 generations (to 21) so that no recorded kin tie points upwards; the print itself gives no generation numbers.	EA04321	柳允昌	1	44	a
generation-repair	note	洪義老 was moved down 2 generations (to 18) so that no recorded kin tie points upwards; the print itself gives no generation numbers.	EB02994	洪義老	1	44	a
generation-repair	note	洪治 was moved down 2 generations (to 19) so that no recorded kin tie points upwards; the print itself gives no generation numbers.	EB02995	洪治	1	44	a
generation-repair	note	洪達孫 was moved down 2 generations (to 20) so that no recorded kin tie points upwards; the print itself gives no generation numbers.	EB02996	洪達孫	1	44	a
generation-repair	note	朴樞 was moved down 2 generations (to 21) so that no recorded kin tie points upwards; the print itself gives no generation numbers.	EB02998	朴樞	1	44	a
generation-repair	note	洪忭 was moved down 2 generations (to 21) so that no recorded kin tie points upwards; the print itself gives no generation numbers.	EB02999	洪忭	1	44	a
generation-repair	note	洪順孫 was moved down 2 generations (to 20) so that no recorded kin tie points upwards; the print itself gives no generation numbers.	EB03000	洪順孫	1	44	a
generation-repair	note	洪慓 was moved down 2 generations (to 21) so that no recorded kin tie points upwards; the print itself gives no generation numbers.	EB03001	洪慓	1	44	a
generation-repair	note	李晨 was moved down 2 generations (to 21) so that no recorded kin tie points upwards; the print itself gives no generation numbers.	EB03003	李晨	1	44	a
generation-repair	note	朴栴 was moved down 1 generation (to 21) so that no recorded kin tie points upwards; the print itself gives no generation numbers.	0197f399-6b5e-7917-8d4a-efa8dd36153b	朴栴	1	44	b
generation-repair	note	洪孝達 was moved down 2 generations (to 21) so that no recorded kin tie points upwards; the print itself gives no generation numbers.	E205395	洪孝達	1	44	b
generation-repair	note	李衍基 was moved down 2 generations (to 20) so that no recorded kin tie points upwards; the print itself gives no generation numbers.	E401470	李衍基	1	44	b
generation-repair	note	洪錫 was moved down 1 generation (to 20) so that no recorded kin tie points upwards; the print itself gives no generation numbers.	E706044	洪錫	1	44	b
generation-repair	note	崔允庸 was moved down 2 generations (to 19) so that no recorded kin tie points upwards; the print itself gives no generation numbers.	E904107	崔允庸	1	44	b
generation-repair	note	朴大孫 was moved down 2 generations (to 20) so that no recorded kin tie points upwards; the print itself gives no generation numbers.	EB01243	朴大孫	1	44	b
generation-repair	note	朴仲孫 was moved down 1 generation (to 20) so that no recorded kin tie points upwards; the print itself gives no generation numbers.	EB01245	朴仲孫	1	44	b
generation-repair	note	李瓔 was moved down 1 generation (to 21) so that no recorded kin tie points upwards; the print itself gives no generation numbers.	EB01248	李瓔	1	44	b
generation-repair	note	朴楣 was moved down 3 generations (to 21) so that no recorded kin tie points upwards; the print itself gives no generation numbers.	EB01259	朴楣	1	44	b
generation-repair	note	朴楗 was moved down 1 generation (to 21) so that no recorded kin tie points upwards; the print itself gives no generation numbers.	EB01284	朴楗	1	44	b
generation-repair	note	柳塢 was moved down 2 generations (to 21) so that no recorded kin tie points upwards; the print itself gives no generation numbers.	EB01297	柳塢	1	44	b
generation-repair	note	洪仁達 was moved down 1 generation (to 21) so that no recorded kin tie points upwards; the print itself gives no generation numbers.	EB03023	洪仁達	1	44	b
generation-repair	note	鄭有年 was moved down 1 generation (to 21) so that no recorded kin tie points upwards; the print itself gives no generation numbers.	EB03034	鄭有年	1	44	b
generation-repair	note	李克堅 was moved down 1 generation (to 21) so that no recorded kin tie points upwards; the print itself gives no generation numbers.	EB03061	李克堅	1	44	b
generation-repair	note	黃得粹 was moved down 1 generation (to 19) so that no recorded kin tie points upwards; the print itself gives no generation numbers.	E401820	黃得粹	1	45	a
generation-repair	note	金暉 was moved down 1 generation (to 19) so that no recorded kin tie points upwards; the print itself gives no generation numbers.	E401920	金暉	1	45	a
generation-repair	note	金永年 was moved down 1 generation (to 20) so that no recorded kin tie points upwards; the print itself gives no generation numbers.	E901266	金永年	1	45	a
generation-repair	note	金剛 was moved down 1 generation (to 21) so that no recorded kin tie points upwards; the print itself gives no generation numbers.	E901268	金剛	1	45	a
generation-repair	note	金伯衡 was moved down 1 generation (to 21) so that no recorded kin tie points upwards; the print itself gives no generation numbers.	E901272	金伯衡	1	45	a
generation-repair	note	洪湘 was moved down 2 generations (to 20) so that no recorded kin tie points upwards; the print itself gives no generation numbers.	EB01767	洪湘	1	45	a
generation-repair	note	金懷慎 was moved down 1 generation (to 20) so that no recorded kin tie points upwards; the print itself gives no generation numbers.	EB03068	金懷慎	1	45	a
generation-repair	note	趙季發 was moved down 1 generation (to 20) so that no recorded kin tie points upwards; the print itself gives no generation numbers.	EB03070	趙季發	1	45	a
generation-repair	note	姜安壽 was moved down 1 generation (to 18) so that no recorded kin tie points upwards; the print itself gives no generation numbers.	EB03091	姜安壽	1	45	a
generation-repair	note	朴安性 was moved down 2 generations (to 21) so that no recorded kin tie points upwards; the print itself gives no generation numbers.	EC00873	朴安性	1	45	a
generation-repair	note	許容 was moved down 1 generation (to 19) so that no recorded kin tie points upwards; the print itself gives no generation numbers.	E204675	許容	1	45	b
generation-repair	note	朴林 was moved down 1 generation (to 18) so that no recorded kin tie points upwards; the print itself gives no generation numbers.	E402527	朴林	1	45	b
generation-repair	note	許珪 was moved down 1 generation (to 20) so that no recorded kin tie points upwards; the print itself gives no generation numbers.	EB03151	許珪	1	45	b
generation-repair	note	李銀生 was moved down 1 generation (to 20) so that no recorded kin tie points upwards; the print itself gives no generation numbers.	EB03153	李銀生	1	45	b
generation-repair	note	金僖 was moved down 1 generation (to 20) so that no recorded kin tie points upwards; the print itself gives no generation numbers.	E200463	金僖	1	46	a
generation-repair	note	金薰 was moved down 2 generations (to 21) so that no recorded kin tie points upwards; the print itself gives no generation numbers.	E204159	金薰	1	46	a
generation-repair	note	權摩 was moved down 1 generation (to 19) so that no recorded kin tie points upwards; the print itself gives no generation numbers.	E205352	權摩	1	46	a
generation-repair	note	柳宗秀 was moved down 1 generation (to 21) so that no recorded kin tie points upwards; the print itself gives no generation numbers.	E401575	柳宗秀	1	46	a
generation-repair	note	金箕 was moved down 1 generation (to 21) so that no recorded kin tie points upwards; the print itself gives no generation numbers.	EA04726	金箕	1	46	a
generation-repair	note	金永湔 was moved down 1 generation (to 19) so that no recorded kin tie points upwards; the print itself gives no generation numbers.	EB03166	金永湔	1	46	a
generation-repair	note	金萱 was moved down 1 generation (to 21) so that no recorded kin tie points upwards; the print itself gives no generation numbers.	EB03167	金萱	1	46	a
generation-repair	note	金蓀 was moved down 1 generation (to 21) so that no recorded kin tie points upwards; the print itself gives no generation numbers.	EB03168	金蓀	1	46	a
generation-repair	note	閔悛 was moved down 1 generation (to 19) so that no recorded kin tie points upwards; the print itself gives no generation numbers.	E202895	閔悛	1	46	b
generation-repair	note	李承孫 was moved down 1 generation (to 18) so that no recorded kin tie points upwards; the print itself gives no generation numbers.	E301287	李承孫	1	46	b
generation-repair	note	閔繼祥 was moved down 1 generation (to 20) so that no recorded kin tie points upwards; the print itself gives no generation numbers.	EA04341	閔繼祥	1	46	b
generation-repair	note	閔伯和 was moved down 2 generations (to 20) so that no recorded kin tie points upwards; the print itself gives no generation numbers.	EB00169	閔伯和	1	46	b
generation-repair	note	鄭忠敬 was moved down 2 generations (to 19) so that no recorded kin tie points upwards; the print itself gives no generation numbers.	EB03236	鄭忠敬	1	46	b
generation-repair	note	閔仲和 was moved down 2 generations (to 20) so that no recorded kin tie points upwards; the print itself gives no generation numbers.	EB03249	閔仲和	1	46	b
generation-repair	note	閔憺 was moved down 2 generations (to 19) so that no recorded kin tie points upwards; the print itself gives no generation numbers.	EB03250	閔憺	1	46	b
generation-repair	note	閔季和 was moved down 2 generations (to 20) so that no recorded kin tie points upwards; the print itself gives no generation numbers.	EB03261	閔季和	1	46	b
generation-repair	note	李緝 was moved down 1 generation (to 20) so that no recorded kin tie points upwards; the print itself gives no generation numbers.	EB03276	李緝	1	46	b
generation-repair	note	閔繼禎 was moved down 1 generation (to 20) so that no recorded kin tie points upwards; the print itself gives no generation numbers.	EB03277	閔繼禎	1	46	b
generation-repair	note	楊悌達 was moved down 1 generation (to 20) so that no recorded kin tie points upwards; the print itself gives no generation numbers.	E201352	楊悌達	1	47	a
generation-repair	note	崔謚 was moved down 1 generation (to 20) so that no recorded kin tie points upwards; the print itself gives no generation numbers.	E203251	崔謚	1	47	a
generation-repair	note	閔繼瑞 was moved down 1 generation (to 20) so that no recorded kin tie points upwards; the print itself gives no generation numbers.	EB03283	閔繼瑞	1	47	a
generation-repair	note	趙衷孫 was moved down 2 generations (to 20) so that no recorded kin tie points upwards; the print itself gives no generation numbers.	E000634	趙衷孫	1	47	b
generation-repair	note	趙元常 was moved down 2 generations (to 21) so that no recorded kin tie points upwards; the print itself gives no generation numbers.	E000635	趙元常	1	47	b
generation-repair	note	黃承祖 was moved down 2 generations (to 21) so that no recorded kin tie points upwards; the print itself gives no generation numbers.	E000637	黃承祖	1	47	b
generation-repair	note	文潤 was moved down 2 generations (to 21) so that no recorded kin tie points upwards; the print itself gives no generation numbers.	E000642	文潤	1	47	b
generation-repair	note	庾碩輔 was moved down 2 generations (to 21) so that no recorded kin tie points upwards; the print itself gives no generation numbers.	E000644	庾碩輔	1	47	b
generation-repair	note	洪泂 was moved down 2 generations (to 21) so that no recorded kin tie points upwards; the print itself gives no generation numbers.	E000646	洪泂	1	47	b
generation-repair	note	趙元綱 was moved down 2 generations (to 21) so that no recorded kin tie points upwards; the print itself gives no generation numbers.	E000649	趙元綱	1	47	b
generation-repair	note	趙元紀 was moved down 2 generations (to 21) so that no recorded kin tie points upwards; the print itself gives no generation numbers.	E000653	趙元紀	1	47	b
generation-repair	note	趙信孫 was moved down 2 generations (to 20) so that no recorded kin tie points upwards; the print itself gives no generation numbers.	E000654	趙信孫	1	47	b
generation-repair	note	趙叔廷 was moved down 2 generations (to 21) so that no recorded kin tie points upwards; the print itself gives no generation numbers.	E000655	趙叔廷	1	47	b
generation-repair	note	李侃 was moved down 2 generations (to 21) so that no recorded kin tie points upwards; the print itself gives no generation numbers.	E000658	李侃	1	47	b
generation-repair	note	尹俊民 was moved down 2 generations (to 21) so that no recorded kin tie points upwards; the print itself gives no generation numbers.	E100943	尹俊民	1	47	b
generation-repair	note	崔泗 was moved down 2 generations (to 21) so that no recorded kin tie points upwards; the print itself gives no generation numbers.	E100944	崔泗	1	47	b
generation-repair	note	具熙 was moved down 1 generation (to 20) so that no recorded kin tie points upwards; the print itself gives no generation numbers.	EA04214	具熙	1	47	b
generation-repair	note	李孝敦 was moved down 3 generations (to 21) so that no recorded kin tie points upwards; the print itself gives no generation numbers.	E000397	李孝敦	1	48	a
generation-repair	note	韓迹 was moved down 2 generations (to 21) so that no recorded kin tie points upwards; the print itself gives no generation numbers.	E000689	韓迹	1	48	a
generation-repair	note	李孝篤 was moved down 3 generations (to 21) so that no recorded kin tie points upwards; the print itself gives no generation numbers.	E000693	李孝篤	1	48	a
generation-repair	note	房貴和 was moved down 3 generations (to 21) so that no recorded kin tie points upwards; the print itself gives no generation numbers.	E000707	房貴和	1	48	a
generation-repair	note	李孝重 was moved down 3 generations (to 21) so that no recorded kin tie points upwards; the print itself gives no generation numbers.	E000728	李孝重	1	48	a
generation-repair	note	李延源 was moved down 3 generations (to 21) so that no recorded kin tie points upwards; the print itself gives no generation numbers.	E200450	李延源	1	48	a
generation-repair	note	楊守泗 was moved down 1 generation (to 19) so that no recorded kin tie points upwards; the print itself gives no generation numbers.	E205029	楊守泗	1	48	a
generation-repair	note	薛孟岡 was moved down 1 generation (to 21) so that no recorded kin tie points upwards; the print itself gives no generation numbers.	E000797	薛孟岡	1	48	b
generation-repair	note	洪性剛 was moved down 1 generation (to 20) so that no recorded kin tie points upwards; the print itself gives no generation numbers.	E000815	洪性剛	1	48	b
generation-repair	note	柳義孫 was moved down 1 generation (to 19) so that no recorded kin tie points upwards; the print itself gives no generation numbers.	E102553	柳義孫	1	49	a
generation-repair	note	鄭淑精 was moved down 1 generation (to 20) so that no recorded kin tie points upwards; the print itself gives no generation numbers.	E102940	鄭淑精	1	49	a
generation-repair	note	奉忠孝 was moved down 1 generation (to 20) so that no recorded kin tie points upwards; the print itself gives no generation numbers.	E300111	奉忠孝	1	49	a
generation-repair	note	奉珪 was moved down 1 generation (to 19) so that no recorded kin tie points upwards; the print itself gives no generation numbers.	E401003	奉珪	1	49	a
generation-repair	note	奉元良 was moved down 1 generation (to 18) so that no recorded kin tie points upwards; the print itself gives no generation numbers.	E401004	奉元良	1	49	a
generation-repair	note	朴繼曾 was moved down 1 generation (to 20) so that no recorded kin tie points upwards; the print itself gives no generation numbers.	E200073	朴繼曾	1	49	b
generation-repair	note	許認 was moved down 2 generations (to 20) so that no recorded kin tie points upwards; the print itself gives no generation numbers.	E200283	許認	1	49	b
generation-repair	note	許埰 was moved down 2 generations (to 21) so that no recorded kin tie points upwards; the print itself gives no generation numbers.	E200285	許埰	1	49	b
generation-repair	note	許埴 was moved down 2 generations (to 21) so that no recorded kin tie points upwards; the print itself gives no generation numbers.	E200286	許埴	1	49	b
generation-repair	note	許塘 was moved down 2 generations (to 21) so that no recorded kin tie points upwards; the print itself gives no generation numbers.	E200288	許塘	1	49	b
generation-repair	note	李曾若 was moved down 2 generations (to 21) so that no recorded kin tie points upwards; the print itself gives no generation numbers.	E200293	李曾若	1	49	b
generation-repair	note	許塾 was moved down 2 generations (to 21) so that no recorded kin tie points upwards; the print itself gives no generation numbers.	E200297	許塾	1	49	b
generation-repair	note	許壎 was moved down 2 generations (to 21) so that no recorded kin tie points upwards; the print itself gives no generation numbers.	E200304	許壎	1	49	b
generation-repair	note	李楯 was moved down 1 generation (to 20) so that no recorded kin tie points upwards; the print itself gives no generation numbers.	E200341	李楯	1	49	b
generation-repair	note	李楨 was moved down 1 generation (to 20) so that no recorded kin tie points upwards; the print itself gives no generation numbers.	E200359	李楨	1	50	a
generation-repair	note	李世蕃 was moved down 1 generation (to 21) so that no recorded kin tie points upwards; the print itself gives no generation numbers.	E200431	李世蕃	1	50	a
generation-repair	note	鄭仁厚 was moved down 1 generation (to 21) so that no recorded kin tie points upwards; the print itself gives no generation numbers.	E200445	鄭仁厚	1	50	a
generation-repair	note	閔寬 was moved down 2 generations (to 21) so that no recorded kin tie points upwards; the print itself gives no generation numbers.	EA00509	閔寬	1	50	a
generation-repair	note	愼先甲 was moved down 1 generation (to 19) so that no recorded kin tie points upwards; the print itself gives no generation numbers.	E200563	愼先甲	1	50	b
generation-repair	note	愼仲行 was moved down 1 generation (to 20) so that no recorded kin tie points upwards; the print itself gives no generation numbers.	E200565	愼仲行	1	50	b
generation-repair	note	庾止府 was moved down 1 generation (to 20) so that no recorded kin tie points upwards; the print itself gives no generation numbers.	E200576	庾止府	1	50	b
generation-repair	note	崔有恒 was moved down 1 generation (to 20) so that no recorded kin tie points upwards; the print itself gives no generation numbers.	E200578	崔有恒	1	50	b
generation-repair	note	奉安恭 was moved down 1 generation (to 20) so that no recorded kin tie points upwards; the print itself gives no generation numbers.	E200595	奉安恭	1	50	b
generation-repair	note	趙希宗 was moved down 1 generation (to 20) so that no recorded kin tie points upwards; the print itself gives no generation numbers.	E200597	趙希宗	1	50	b
generation-repair	note	成世愼 was moved down 1 generation (to 21) so that no recorded kin tie points upwards; the print itself gives no generation numbers.	E501894	成世愼	1	50	b
generation-repair	note	張友圭 was moved down 1 generation (to 20) so that no recorded kin tie points upwards; the print itself gives no generation numbers.	E901938	張友圭	1	50	b
generation-repair	note	成世傑 was moved down 1 generation (to 21) so that no recorded kin tie points upwards; the print itself gives no generation numbers.	EC03992	成世傑	1	50	b
generation-repair	note	朝鮮 德宗 was moved down 1 generation (to 20) so that no recorded kin tie points upwards; the print itself gives no generation numbers.	711c156f-327b-40a3-b8a6-178696946b59	朝鮮 德宗	1	51	a
generation-repair	note	權準 was moved down 2 generations (to 19) so that no recorded kin tie points upwards; the print itself gives no generation numbers.	E200606	權準	1	51	a
generation-repair	note	姜利敬 was moved down 2 generations (to 20) so that no recorded kin tie points upwards; the print itself gives no generation numbers.	E200668	姜利敬	1	51	a
generation-repair	note	鄭仁學 was moved down 1 generation (to 20) so that no recorded kin tie points upwards; the print itself gives no generation numbers.	E200729	鄭仁學	1	51	a
generation-repair	note	盧盼 was moved down 1 generation (to 20) so that no recorded kin tie points upwards; the print itself gives no generation numbers.	E200751	盧盼	1	51	a
generation-repair	note	愼嗣源 was moved down 2 generations (to 21) so that no recorded kin tie points upwards; the print itself gives no generation numbers.	E200791	愼嗣源	1	51	a
generation-repair	note	愼繼源 was moved down 1 generation (to 20) so that no recorded kin tie points upwards; the print itself gives no generation numbers.	E200818	愼繼源	1	51	a
generation-repair	note	柳仁濠 was moved down 1 generation (to 20) so that no recorded kin tie points upwards; the print itself gives no generation numbers.	E200853	柳仁濠	1	51	a
generation-repair	note	沈貞源 was moved down 2 generations (to 19) so that no recorded kin tie points upwards; the print itself gives no generation numbers.	E200871	沈貞源	1	51	a
generation-repair	note	金龜石 was moved down 2 generations (to 20) so that no recorded kin tie points upwards; the print itself gives no generation numbers.	E200970	金龜石	1	51	b
generation-repair	note	楊沔 was moved down 1 generation (to 20) so that no recorded kin tie points upwards; the print itself gives no generation numbers.	E201023	楊沔	1	51	b
generation-repair	note	楊子濡 was moved down 1 generation (to 20) so that no recorded kin tie points upwards; the print itself gives no generation numbers.	E201037	楊子濡	1	52	a
generation-repair	note	李孟準 was moved down 2 generations (to 20) so that no recorded kin tie points upwards; the print itself gives no generation numbers.	E201044	李孟準	1	52	a
generation-repair	note	楊有宗 was moved down 1 generation (to 19) so that no recorded kin tie points upwards; the print itself gives no generation numbers.	E201092	楊有宗	1	52	b
generation-repair	note	黃致身 was moved down 1 generation (to 19) so that no recorded kin tie points upwards; the print itself gives no generation numbers.	E201099	黃致身	1	52	b
generation-repair	note	禹孝新 was moved down 1 generation (to 20) so that no recorded kin tie points upwards; the print itself gives no generation numbers.	E201102	禹孝新	1	52	b
generation-repair	note	王宗義 was moved down 2 generations (to 21) so that no recorded kin tie points upwards; the print itself gives no generation numbers.	E201106	王宗義	1	52	b
generation-repair	note	禹培 was moved down 1 generation (to 21) so that no recorded kin tie points upwards; the print itself gives no generation numbers.	E201109	禹培	1	52	b
generation-repair	note	金塊 was moved down 1 generation (to 21) so that no recorded kin tie points upwards; the print itself gives no generation numbers.	E201114	金塊	1	52	b
generation-repair	note	黃事親 was moved down 1 generation (to 20) so that no recorded kin tie points upwards; the print itself gives no generation numbers.	E201117	黃事親	1	52	b
generation-repair	note	崔湜 was moved down 1 generation (to 21) so that no recorded kin tie points upwards; the print itself gives no generation numbers.	E201120	崔湜	1	52	b
generation-repair	note	黃事長 was moved down 1 generation (to 20) so that no recorded kin tie points upwards; the print itself gives no generation numbers.	E201129	黃事長	1	52	b
generation-repair	note	李崇文 was moved down 1 generation (to 21) so that no recorded kin tie points upwards; the print itself gives no generation numbers.	E201131	李崇文	1	52	b
generation-repair	note	黃蟾 was moved down 1 generation (to 21) so that no recorded kin tie points upwards; the print itself gives no generation numbers.	E201133	黃蟾	1	52	b
generation-repair	note	黃事賢 was moved down 1 generation (to 20) so that no recorded kin tie points upwards; the print itself gives no generation numbers.	E201138	黃事賢	1	52	b
generation-repair	note	蔡潭 was moved down 1 generation (to 20) so that no recorded kin tie points upwards; the print itself gives no generation numbers.	E201146	蔡潭	1	53	a
generation-repair	note	蔡自沉 was moved down 1 generation (to 21) so that no recorded kin tie points upwards; the print itself gives no generation numbers.	E201150	蔡自沉	1	53	a
generation-repair	note	崔伾 was moved down 1 generation (to 21) so that no recorded kin tie points upwards; the print itself gives no generation numbers.	E201152	崔伾	1	53	a
generation-repair	note	崔敬止 was moved down 1 generation (to 21) so that no recorded kin tie points upwards; the print itself gives no generation numbers.	E201154	崔敬止	1	53	a
generation-repair	note	黃事兄 was moved down 1 generation (to 20) so that no recorded kin tie points upwards; the print itself gives no generation numbers.	E201162	黃事兄	1	53	a
generation-repair	note	安堯卿 was moved down 1 generation (to 20) so that no recorded kin tie points upwards; the print itself gives no generation numbers.	E201170	安堯卿	1	53	a
generation-repair	note	李九經 was moved down 1 generation (to 20) so that no recorded kin tie points upwards; the print itself gives no generation numbers.	E201174	李九經	1	53	a
generation-repair	note	黃事恭 was moved down 1 generation (to 20) so that no recorded kin tie points upwards; the print itself gives no generation numbers.	E201180	黃事恭	1	53	a
generation-repair	note	黃事尊 was moved down 1 generation (to 20) so that no recorded kin tie points upwards; the print itself gives no generation numbers.	E201183	黃事尊	1	53	a
generation-repair	note	申叔檜 was moved down 1 generation (to 20) so that no recorded kin tie points upwards; the print itself gives no generation numbers.	E201184	申叔檜	1	53	a
generation-repair	note	黃事敬 was moved down 1 generation (to 20) so that no recorded kin tie points upwards; the print itself gives no generation numbers.	E201200	黃事敬	1	53	a
generation-repair	note	金國光 was moved down 3 generations (to 20) so that no recorded kin tie points upwards; the print itself gives no generation numbers.	E201218	金國光	1	53	a
generation-repair	note	黃從兄 was moved down 3 generations (to 20) so that no recorded kin tie points upwards; the print itself gives no generation numbers.	E201222	黃從兄	1	53	a
generation-repair	note	金孟錘 was moved down 1 generation (to 21) so that no recorded kin tie points upwards; the print itself gives no generation numbers.	E201224	金孟錘	1	53	a
generation-repair	note	柳約 was moved down 3 generations (to 21) so that no recorded kin tie points upwards; the print itself gives no generation numbers.	E201228	柳約	1	53	a
generation-repair	note	李譓 was moved down 1 generation (to 21) so that no recorded kin tie points upwards; the print itself gives no generation numbers.	E203117	李譓	1	53	a
generation-repair	note	李垾 was moved down 3 generations (to 21) so that no recorded kin tie points upwards; the print itself gives no generation numbers.	E205215	李垾	1	53	a
generation-repair	note	金克忸 was moved down 3 generations (to 21) so that no recorded kin tie points upwards; the print itself gives no generation numbers.	E300515	金克忸	1	53	a
generation-repair	note	金克怩 was moved down 2 generations (to 21) so that no recorded kin tie points upwards; the print itself gives no generation numbers.	E902675	金克怩	1	53	a
generation-repair	note	金克羞 was moved down 3 generations (to 21) so that no recorded kin tie points upwards; the print itself gives no generation numbers.	E902679	金克羞	1	53	a
generation-repair	note	金克愧 was moved down 2 generations (to 21) so that no recorded kin tie points upwards; the print itself gives no generation numbers.	E902680	金克愧	1	53	a
generation-repair	note	黃謹昌 was moved down 2 generations (to 21) so that no recorded kin tie points upwards; the print itself gives no generation numbers.	E200844	黃謹昌	1	53	b
generation-repair	note	黃瓚 was moved down 3 generations (to 21) so that no recorded kin tie points upwards; the print itself gives no generation numbers.	E201233	黃瓚	1	53	b
generation-repair	note	黃瑾 was moved down 3 generations (to 21) so that no recorded kin tie points upwards; the print itself gives no generation numbers.	E201234	黃瑾	1	53	b
generation-repair	note	李繼重 was moved down 1 generation (to 20) so that no recorded kin tie points upwards; the print itself gives no generation numbers.	E201266	李繼重	1	53	b
generation-repair	note	黃脊 was moved down 2 generations (to 20) so that no recorded kin tie points upwards; the print itself gives no generation numbers.	E201268	黃脊	1	53	b
generation-repair	note	黃誠昌 was moved down 2 generations (to 21) so that no recorded kin tie points upwards; the print itself gives no generation numbers.	E201271	黃誠昌	1	53	b
generation-repair	note	崔漢良 was moved down 1 generation (to 20) so that no recorded kin tie points upwards; the print itself gives no generation numbers.	E201285	崔漢良	1	53	b
generation-repair	note	楊處順 was moved down 1 generation (to 20) so that no recorded kin tie points upwards; the print itself gives no generation numbers.	E201299	楊處順	1	53	b
generation-repair	note	楊處離 was moved down 1 generation (to 20) so that no recorded kin tie points upwards; the print itself gives no generation numbers.	E201300	楊處離	1	53	b
generation-repair	note	辛胤祖 was moved down 2 generations (to 20) so that no recorded kin tie points upwards; the print itself gives no generation numbers.	E202321	辛胤祖	1	53	b
generation-repair	note	黃諴昌 was moved down 2 generations (to 21) so that no recorded kin tie points upwards; the print itself gives no generation numbers.	EC04001	黃諴昌	1	53	b
generation-repair	note	楊信達 was moved down 2 generations (to 21) so that no recorded kin tie points upwards; the print itself gives no generation numbers.	E201371	楊信達	1	54	a
generation-repair	note	李春英 was moved down 1 generation (to 18) so that no recorded kin tie points upwards; the print itself gives no generation numbers.	E300521	李春英	1	54	a
generation-repair	note	李溥 was moved down 1 generation (to 19) so that no recorded kin tie points upwards; the print itself gives no generation numbers.	E201479	李溥	1	54	b
generation-repair	note	朴林蕃 was moved down 1 generation (to 20) so that no recorded kin tie points upwards; the print itself gives no generation numbers.	E201483	朴林蕃	1	54	b
generation-repair	note	崔閏玉 was moved down 1 generation (to 19) so that no recorded kin tie points upwards; the print itself gives no generation numbers.	E201501	崔閏玉	1	54	b
generation-repair	note	南贄 was moved down 2 generations (to 20) so that no recorded kin tie points upwards; the print itself gives no generation numbers.	E201503	南贄	1	54	b
generation-repair	note	權琳 was moved down 1 generation (to 20) so that no recorded kin tie points upwards; the print itself gives no generation numbers.	E201505	權琳	1	54	b
generation-repair	note	崔泳 was moved down 1 generation (to 20) so that no recorded kin tie points upwards; the print itself gives no generation numbers.	E201533	崔泳	1	54	b
generation-repair	note	崔融 was moved down 1 generation (to 20) so that no recorded kin tie points upwards; the print itself gives no generation numbers.	E201534	崔融	1	54	b
generation-repair	note	尹渾 was moved down 2 generations (to 20) so that no recorded kin tie points upwards; the print itself gives no generation numbers.	E800131	尹渾	1	54	b
generation-repair	note	李堤 was moved down 1 generation (to 20) so that no recorded kin tie points upwards; the print itself gives no generation numbers.	E102782	李堤	1	55	a
generation-repair	note	奉石柱 was moved down 1 generation (to 20) so that no recorded kin tie points upwards; the print itself gives no generation numbers.	E102791	奉石柱	1	55	a
generation-repair	note	崔璘 was moved down 2 generations (to 21) so that no recorded kin tie points upwards; the print itself gives no generation numbers.	E000241	崔璘	1	55	b
generation-repair	note	金昇 was moved down 1 generation (to 19) so that no recorded kin tie points upwards; the print itself gives no generation numbers.	E201891	金昇	1	56	b
generation-repair	note	金錫賢 was moved down 2 generations (to 20) so that no recorded kin tie points upwards; the print itself gives no generation numbers.	E201893	金錫賢	1	56	b
generation-repair	note	金錫哲 was moved down 1 generation (to 20) so that no recorded kin tie points upwards; the print itself gives no generation numbers.	E201903	金錫哲	1	56	b
generation-repair	note	金錫輔 was moved down 1 generation (to 20) so that no recorded kin tie points upwards; the print itself gives no generation numbers.	E201914	金錫輔	1	56	b
generation-repair	note	郭頤正 was moved down 1 generation (to 18) so that no recorded kin tie points upwards; the print itself gives no generation numbers.	E201947	郭頤正	1	57	a
generation-repair	note	都繼良 was moved down 1 generation (to 19) so that no recorded kin tie points upwards; the print itself gives no generation numbers.	E201949	都繼良	1	57	a
generation-repair	note	金銓 was moved down 1 generation (to 19) so that no recorded kin tie points upwards; the print itself gives no generation numbers.	E201953	金銓	1	57	a
generation-repair	note	李庇 was moved down 1 generation (to 19) so that no recorded kin tie points upwards; the print itself gives no generation numbers.	E201955	李庇	1	57	a
generation-repair	note	宋寶林 was moved down 1 generation (to 19) so that no recorded kin tie points upwards; the print itself gives no generation numbers.	E201957	宋寶林	1	57	a
generation-repair	note	崔明進 was moved down 1 generation (to 19) so that no recorded kin tie points upwards; the print itself gives no generation numbers.	E201959	崔明進	1	57	a
generation-repair	note	金崇智 was moved down 1 generation (to 19) so that no recorded kin tie points upwards; the print itself gives no generation numbers.	E902174	金崇智	1	57	a
generation-repair	note	朴秀邊 was moved down 1 generation (to 19) so that no recorded kin tie points upwards; the print itself gives no generation numbers.	E201996	朴秀邊	1	57	b
generation-repair	note	李崇徑 was moved down 2 generations (to 20) so that no recorded kin tie points upwards; the print itself gives no generation numbers.	E202104	李崇徑	2	1	a
generation-repair	note	李圻 was moved down 2 generations (to 20) so that no recorded kin tie points upwards; the print itself gives no generation numbers.	E202177	李圻	2	1	a
generation-repair	note	李承寧 was moved down 2 generations (to 21) so that no recorded kin tie points upwards; the print itself gives no generation numbers.	E202179	李承寧	2	1	a
generation-repair	note	李垤 was moved down 1 generation (to 19) so that no recorded kin tie points upwards; the print itself gives no generation numbers.	E202196	李垤	2	1	a
generation-repair	note	李承騫 was moved down 2 generations (to 21) so that no recorded kin tie points upwards; the print itself gives no generation numbers.	E700450	李承騫	2	1	a
generation-repair	note	李承張 was moved down 1 generation (to 20) so that no recorded kin tie points upwards; the print itself gives no generation numbers.	E700464	李承張	2	1	a
generation-repair	note	安桑鷄 was moved down 2 generations (to 21) so that no recorded kin tie points upwards; the print itself gives no generation numbers.	E300360	安桑鷄	2	1	b
generation-repair	note	朴叔楙 was moved down 2 generations (to 20) so that no recorded kin tie points upwards; the print itself gives no generation numbers.	E202204	朴叔楙	2	2	a
generation-repair	note	崔承流 was moved down 1 generation (to 20) so that no recorded kin tie points upwards; the print itself gives no generation numbers.	E202247	崔承流	2	2	a
generation-repair	note	柳末孫 was moved down 3 generations (to 21) so that no recorded kin tie points upwards; the print itself gives no generation numbers.	E202249	柳末孫	2	2	a
generation-repair	note	宋繼殷 was moved down 2 generations (to 21) so that no recorded kin tie points upwards; the print itself gives no generation numbers.	E202251	宋繼殷	2	2	a
generation-repair	note	李伯規 was moved down 1 generation (to 20) so that no recorded kin tie points upwards; the print itself gives no generation numbers.	E202253	李伯規	2	2	a
generation-repair	note	朴昨 was moved down 2 generations (to 19) so that no recorded kin tie points upwards; the print itself gives no generation numbers.	E202276	朴昨	2	2	a
generation-repair	note	朴叔進 was moved down 2 generations (to 20) so that no recorded kin tie points upwards; the print itself gives no generation numbers.	E202284	朴叔進	2	2	a
generation-repair	note	朴叔帳 was moved down 2 generations (to 20) so that no recorded kin tie points upwards; the print itself gives no generation numbers.	E202289	朴叔帳	2	2	a
generation-repair	note	朴之蕃 was moved down 2 generations (to 20) so that no recorded kin tie points upwards; the print itself gives no generation numbers.	E202292	朴之蕃	2	2	a
generation-repair	note	尹謹德 was moved down 1 generation (to 20) so that no recorded kin tie points upwards; the print itself gives no generation numbers.	E202426	尹謹德	2	2	a
generation-repair	note	崔石堅 was moved down 1 generation (to 19) so that no recorded kin tie points upwards; the print itself gives no generation numbers.	E401018	崔石堅	2	2	a
generation-repair	note	權循 was moved down 1 generation (to 18) so that no recorded kin tie points upwards; the print itself gives no generation numbers.	E401227	權循	2	2	a
generation-repair	note	韓致仁 was moved down 2 generations (to 20) so that no recorded kin tie points upwards; the print itself gives no generation numbers.	E401606	韓致仁	2	2	a
generation-repair	note	李隲 was moved down 1 generation (to 17) so that no recorded kin tie points upwards; the print itself gives no generation numbers.	E402390	李隲	2	2	a
generation-repair	note	崔處淵 was moved down 1 generation (to 21) so that no recorded kin tie points upwards; the print itself gives no generation numbers.	E700524	崔處淵	2	2	a
generation-repair	note	朴叔紊 was moved down 2 generations (to 20) so that no recorded kin tie points upwards; the print itself gives no generation numbers.	E700531	朴叔紊	2	2	a
generation-repair	note	柳壕 was moved down 2 generations (to 21) so that no recorded kin tie points upwards; the print itself gives no generation numbers.	E202438	柳壕	2	2	b
generation-repair	note	李景華 was moved down 2 generations (to 20) so that no recorded kin tie points upwards; the print itself gives no generation numbers.	E202462	李景華	2	2	b
generation-repair	note	閔禮達 was moved down 1 generation (to 20) so that no recorded kin tie points upwards; the print itself gives no generation numbers.	E301457	閔禮達	2	3	a
generation-repair	note	權審 was moved down 1 generation (to 18) so that no recorded kin tie points upwards; the print itself gives no generation numbers.	E402535	權審	2	3	a
generation-repair	note	尹鐔 was moved down 2 generations (to 21) so that no recorded kin tie points upwards; the print itself gives no generation numbers.	E202539	尹鐔	2	3	b
generation-repair	note	尹任 was moved down 1 generation (to 20) so that no recorded kin tie points upwards; the print itself gives no generation numbers.	E202541	尹任	2	3	b
generation-repair	note	尹壽生 was moved down 1 generation (to 21) so that no recorded kin tie points upwards; the print itself gives no generation numbers.	E202543	尹壽生	2	3	b
generation-repair	note	柳澤 was moved down 2 generations (to 21) so that no recorded kin tie points upwards; the print itself gives no generation numbers.	E202546	柳澤	2	3	b
generation-repair	note	韓㠖 was moved down 2 generations (to 21) so that no recorded kin tie points upwards; the print itself gives no generation numbers.	E202548	韓㠖	2	3	b
generation-repair	note	尹起莘 was moved down 3 generations (to 20) so that no recorded kin tie points upwards; the print itself gives no generation numbers.	E202563	尹起莘	2	3	b
generation-repair	note	朝鮮 文宗 was moved down 1 generation (to 20) so that no recorded kin tie points upwards; the print itself gives no generation numbers.	E202603	朝鮮 文宗	2	3	b
generation-repair	note	孟碩欽 was moved down 3 generations (to 20) so that no recorded kin tie points upwards; the print itself gives no generation numbers.	E202677	孟碩欽	2	3	b
generation-repair	note	尹瑗 was moved down 3 generations (to 19) so that no recorded kin tie points upwards; the print itself gives no generation numbers.	E300713	尹瑗	2	3	b
generation-repair	note	尹採 was moved down 2 generations (to 21) so that no recorded kin tie points upwards; the print itself gives no generation numbers.	E700959	尹採	2	3	b
generation-repair	note	尹龜壽 was moved down 2 generations (to 21) so that no recorded kin tie points upwards; the print itself gives no generation numbers.	E202770	尹龜壽	2	4	a
generation-repair	note	尹龜年 was moved down 1 generation (to 20) so that no recorded kin tie points upwards; the print itself gives no generation numbers.	E202813	尹龜年	2	4	a
generation-repair	note	洪常 was moved down 4 generations (to 23) so that no recorded kin tie points upwards; the print itself gives no generation numbers.	E300443	洪常	2	4	a
generation-repair	note	李堯臣 was moved down 1 generation (to 20) so that no recorded kin tie points upwards; the print itself gives no generation numbers.	E202325	李堯臣	2	4	b
generation-repair	note	李億年 was moved down 1 generation (to 21) so that no recorded kin tie points upwards; the print itself gives no generation numbers.	E202335	李億年	2	4	b
generation-repair	note	李萬年 was moved down 1 generation (to 21) so that no recorded kin tie points upwards; the print itself gives no generation numbers.	E202336	李萬年	2	4	b
generation-repair	note	李堯丁 was moved down 2 generations (to 19) so that no recorded kin tie points upwards; the print itself gives no generation numbers.	E202339	李堯丁	2	4	b
generation-repair	note	禹得圭 was moved down 1 generation (to 19) so that no recorded kin tie points upwards; the print itself gives no generation numbers.	E202847	禹得圭	2	4	b
generation-repair	note	鄭楫 was moved down 1 generation (to 20) so that no recorded kin tie points upwards; the print itself gives no generation numbers.	E202851	鄭楫	2	4	b
generation-repair	note	姜岱 was moved down 1 generation (to 19) so that no recorded kin tie points upwards; the print itself gives no generation numbers.	E202853	姜岱	2	4	b
generation-repair	note	朴㱓 was moved down 1 generation (to 18) so that no recorded kin tie points upwards; the print itself gives no generation numbers.	E400739	朴㱓	2	4	b
generation-repair	note	李承仝 was moved down 2 generations (to 20) so that no recorded kin tie points upwards; the print itself gives no generation numbers.	E700571	李承仝	2	4	b
generation-repair	note	柳思問 was moved down 1 generation (to 19) so that no recorded kin tie points upwards; the print itself gives no generation numbers.	E202883	柳思問	2	5	a
generation-repair	note	朴經 was moved down 2 generations (to 21) so that no recorded kin tie points upwards; the print itself gives no generation numbers.	E202951	朴經	2	6	a
generation-repair	note	辛季磷 was moved down 1 generation (to 20) so that no recorded kin tie points upwards; the print itself gives no generation numbers.	E202961	辛季磷	2	6	a
generation-repair	note	金渰 was moved down 1 generation (to 21) so that no recorded kin tie points upwards; the print itself gives no generation numbers.	E202963	金渰	2	6	a
generation-repair	note	李謙 was moved down 2 generations (to 20) so that no recorded kin tie points upwards; the print itself gives no generation numbers.	E000954	李謙	2	6	b
generation-repair	note	李泙 was moved down 2 generations (to 20) so that no recorded kin tie points upwards; the print itself gives no generation numbers.	E102133	李泙	2	6	b
generation-repair	note	李蓀 was moved down 2 generations (to 20) so that no recorded kin tie points upwards; the print itself gives no generation numbers.	E200536	李蓀	2	6	b
generation-repair	note	李𡩁 was moved down 1 generation (to 19) so that no recorded kin tie points upwards; the print itself gives no generation numbers.	E203046	李𡩁	2	6	b
generation-repair	note	姜和纘 was moved down 2 generations (to 20) so that no recorded kin tie points upwards; the print itself gives no generation numbers.	E203106	姜和纘	2	6	b
generation-repair	note	李詮 was moved down 1 generation (to 20) so that no recorded kin tie points upwards; the print itself gives no generation numbers.	E300560	李詮	2	6	b
generation-repair	note	李沉 was moved down 1 generation (to 20) so that no recorded kin tie points upwards; the print itself gives no generation numbers.	EC04158	李沉	2	6	b
generation-repair	note	金碬 was moved down 2 generations (to 22) so that no recorded kin tie points upwards; the print itself gives no generation numbers.	E102444	金碬	2	7	a
generation-repair	note	權晧 was moved down 1 generation (to 19) so that no recorded kin tie points upwards; the print itself gives no generation numbers.	E203152	權晧	2	7	a
generation-repair	note	李文炳 was moved down 2 generations (to 20) so that no recorded kin tie points upwards; the print itself gives no generation numbers.	E203175	李文炳	2	7	a
generation-repair	note	李証 was moved down 2 generations (to 21) so that no recorded kin tie points upwards; the print itself gives no generation numbers.	E203184	李証	2	7	a
generation-repair	note	金盖銓 was moved down 2 generations (to 21) so that no recorded kin tie points upwards; the print itself gives no generation numbers.	E301202	金盖銓	2	7	a
generation-repair	note	李諫 was moved down 2 generations (to 21) so that no recorded kin tie points upwards; the print itself gives no generation numbers.	E701703	李諫	2	7	a
generation-repair	note	李乾壽 was moved down 2 generations (to 21) so that no recorded kin tie points upwards; the print itself gives no generation numbers.	EC04161	李乾壽	2	7	a
generation-repair	note	李坤壽 was moved down 2 generations (to 21) so that no recorded kin tie points upwards; the print itself gives no generation numbers.	EC04162	李坤壽	2	7	a
generation-repair	note	權璉 was moved down 2 generations (to 20) so that no recorded kin tie points upwards; the print itself gives no generation numbers.	E203022	權璉	2	7	b
generation-repair	note	李佑甫 was moved down 2 generations (to 21) so that no recorded kin tie points upwards; the print itself gives no generation numbers.	E203026	李佑甫	2	7	b
generation-repair	note	金益鏻 was moved down 1 generation (to 20) so that no recorded kin tie points upwards; the print itself gives no generation numbers.	E203211	金益鏻	2	7	b
generation-repair	note	奇來 was moved down 1 generation (to 20) so that no recorded kin tie points upwards; the print itself gives no generation numbers.	E203231	奇來	2	8	a
generation-repair	note	鄭孝常 was moved down 1 generation (to 21) so that no recorded kin tie points upwards; the print itself gives no generation numbers.	E203233	鄭孝常	2	8	a
generation-repair	note	崔永灝 was moved down 3 generations (to 22) so that no recorded kin tie points upwards; the print itself gives no generation numbers.	E203237	崔永灝	2	8	a
generation-repair	note	柳綸 was moved down 1 generation (to 19) so that no recorded kin tie points upwards; the print itself gives no generation numbers.	E203239	柳綸	2	8	a
generation-repair	note	權翊 was moved down 1 generation (to 19) so that no recorded kin tie points upwards; the print itself gives no generation numbers.	EA03216	權翊	2	8	a
generation-repair	note	許敬 was moved down 2 generations (to 20) so that no recorded kin tie points upwards; the print itself gives no generation numbers.	EA03221	許敬	2	8	a
generation-repair	note	許揆 was moved down 2 generations (to 21) so that no recorded kin tie points upwards; the print itself gives no generation numbers.	EA03223	許揆	2	8	a
generation-repair	note	姜利順 was moved down 3 generations (to 21) so that no recorded kin tie points upwards; the print itself gives no generation numbers.	EA03225	姜利順	2	8	a
generation-repair	note	許振 was moved down 2 generations (to 21) so that no recorded kin tie points upwards; the print itself gives no generation numbers.	EC04166	許振	2	8	a
generation-repair	note	鄭千石 was moved down 1 generation (to 22) so that no recorded kin tie points upwards; the print itself gives no generation numbers.	EC04167	鄭千石	2	8	a
generation-repair	note	鄭萬石 was moved down 1 generation (to 22) so that no recorded kin tie points upwards; the print itself gives no generation numbers.	EC04168	鄭萬石	2	8	a
generation-repair	note	李運忠 was moved down 1 generation (to 20) so that no recorded kin tie points upwards; the print itself gives no generation numbers.	E102704	李運忠	2	8	b
generation-repair	note	申瀞 was moved down 1 generation (to 20) so that no recorded kin tie points upwards; the print itself gives no generation numbers.	E203624	申瀞	2	8	b
generation-repair	note	申錫禧 was moved down 1 generation (to 20) so that no recorded kin tie points upwards; the print itself gives no generation numbers.	E301144	申錫禧	2	8	b
generation-repair	note	申守祉 was moved down 1 generation (to 19) so that no recorded kin tie points upwards; the print itself gives no generation numbers.	E301145	申守祉	2	8	b
generation-repair	note	朴居仁 was moved down 1 generation (to 20) so that no recorded kin tie points upwards; the print itself gives no generation numbers.	E302181	朴居仁	2	8	b
generation-repair	note	李承蕃 was moved down 1 generation (to 20) so that no recorded kin tie points upwards; the print itself gives no generation numbers.	E902493	李承蕃	2	8	b
generation-repair	note	申永錫 was moved down 1 generation (to 20) so that no recorded kin tie points upwards; the print itself gives no generation numbers.	E902601	申永錫	2	8	b
generation-repair	note	朴大生 was moved down 1 generation (to 19) so that no recorded kin tie points upwards; the print itself gives no generation numbers.	EA00527	朴大生	2	8	b
generation-repair	note	申錫寧 was moved down 1 generation (to 20) so that no recorded kin tie points upwards; the print itself gives no generation numbers.	EA03267	申錫寧	2	8	b
generation-repair	note	申永禎 was moved down 1 generation (to 20) so that no recorded kin tie points upwards; the print itself gives no generation numbers.	EA03316	申永禎	2	8	b
generation-repair	note	韓倧 was moved down 2 generations (to 21) so that no recorded kin tie points upwards; the print itself gives no generation numbers.	EA03333	韓倧	2	8	b
generation-repair	note	申守仁 was moved down 2 generations (to 20) so that no recorded kin tie points upwards; the print itself gives no generation numbers.	EA03376	申守仁	2	8	b
generation-repair	note	李培 was moved down 2 generations (to 21) so that no recorded kin tie points upwards; the print itself gives no generation numbers.	EA03379	李培	2	8	b
generation-repair	note	南仲 was moved down 1 generation (to 20) so that no recorded kin tie points upwards; the print itself gives no generation numbers.	EA03390	南仲	2	8	b
generation-repair	note	李承宗 was moved down 1 generation (to 20) so that no recorded kin tie points upwards; the print itself gives no generation numbers.	EA03401	李承宗	2	8	b
generation-repair	note	尹士昫 was moved down 3 generations (to 21) so that no recorded kin tie points upwards; the print itself gives no generation numbers.	E300021	尹士昫	2	9	a
generation-repair	note	崔水山 was moved down 1 generation (to 21) so that no recorded kin tie points upwards; the print itself gives no generation numbers.	E301236	崔水山	2	9	a
generation-repair	note	崔義 was moved down 1 generation (to 20) so that no recorded kin tie points upwards; the print itself gives no generation numbers.	E301238	崔義	2	9	a
generation-repair	note	朴离 was moved down 1 generation (to 21) so that no recorded kin tie points upwards; the print itself gives no generation numbers.	E303324	朴离	2	9	a
generation-repair	note	朴崇仁 was moved down 1 generation (to 22) so that no recorded kin tie points upwards; the print itself gives no generation numbers.	E705686	朴崇仁	2	9	a
generation-repair	note	朴崇智 was moved down 1 generation (to 22) so that no recorded kin tie points upwards; the print itself gives no generation numbers.	E705687	朴崇智	2	9	a
generation-repair	note	朴崇禮 was moved down 1 generation (to 22) so that no recorded kin tie points upwards; the print itself gives no generation numbers.	E901399	朴崇禮	2	9	a
generation-repair	note	黃溍 was moved down 1 generation (to 20) so that no recorded kin tie points upwards; the print itself gives no generation numbers.	EA03436	黃溍	2	9	a
generation-repair	note	李繼幹 was moved down 1 generation (to 21) so that no recorded kin tie points upwards; the print itself gives no generation numbers.	EA03438	李繼幹	2	9	a
generation-repair	note	黃孝善 was moved down 1 generation (to 21) so that no recorded kin tie points upwards; the print itself gives no generation numbers.	EA03439	黃孝善	2	9	a
generation-repair	note	黃孝良 was moved down 1 generation (to 21) so that no recorded kin tie points upwards; the print itself gives no generation numbers.	EA03440	黃孝良	2	9	a
generation-repair	note	黃潤 was moved down 1 generation (to 20) so that no recorded kin tie points upwards; the print itself gives no generation numbers.	EA03441	黃潤	2	9	a
generation-repair	note	高守禮 was moved down 1 generation (to 21) so that no recorded kin tie points upwards; the print itself gives no generation numbers.	EA03443	高守禮	2	9	a
generation-repair	note	張孟禧 was moved down 1 generation (to 21) so that no recorded kin tie points upwards; the print itself gives no generation numbers.	EA03445	張孟禧	2	9	a
generation-repair	note	李順孫 was moved down 1 generation (to 21) so that no recorded kin tie points upwards; the print itself gives no generation numbers.	EA03449	李順孫	2	9	a
generation-repair	note	崔末山 was moved down 1 generation (to 21) so that no recorded kin tie points upwards; the print itself gives no generation numbers.	EA03450	崔末山	2	9	a
generation-repair	note	黃淑 was moved down 2 generations (to 20) so that no recorded kin tie points upwards; the print itself gives no generation numbers.	E204193	黃淑	2	9	b
generation-repair	note	金有慶 was moved down 3 generations (to 20) so that no recorded kin tie points upwards; the print itself gives no generation numbers.	EA03463	金有慶	2	9	b
generation-repair	note	朴譓 was moved down 1 generation (to 21) so that no recorded kin tie points upwards; the print itself gives no generation numbers.	56c1b4df-67c9-4744-9122-3d4081318d8c	朴譓	2	10	a
generation-repair	note	朴謙 was moved down 1 generation (to 20) so that no recorded kin tie points upwards; the print itself gives no generation numbers.	E203387	朴謙	2	10	a
generation-repair	note	申可湛 was moved down 1 generation (to 21) so that no recorded kin tie points upwards; the print itself gives no generation numbers.	EC00697	申可湛	2	10	a
generation-repair	note	李孟文 was moved down 2 generations (to 21) so that no recorded kin tie points upwards; the print itself gives no generation numbers.	EC00699	李孟文	2	10	a
generation-repair	note	任元浩 was moved down 1 generation (to 21) so that no recorded kin tie points upwards; the print itself gives no generation numbers.	EC00704	任元浩	2	10	a
generation-repair	note	權奇 was moved down 3 generations (to 22) so that no recorded kin tie points upwards; the print itself gives no generation numbers.	EC00709	權奇	2	10	a
generation-repair	note	朴護 was moved down 1 generation (to 21) so that no recorded kin tie points upwards; the print itself gives no generation numbers.	dcfd9a47-603f-4ca2-8f2e-9804f18d7463	朴護	2	10	a
generation-repair	note	朴譜 was moved down 1 generation (to 21) so that no recorded kin tie points upwards; the print itself gives no generation numbers.	f3442605-41d5-4655-8cb1-f2fba0e05901	朴譜	2	10	a
generation-repair	note	朴安命 was moved down 1 generation (to 20) so that no recorded kin tie points upwards; the print itself gives no generation numbers.	E900051	朴安命	2	10	b
generation-repair	note	朴守幹 was moved down 1 generation (to 21) so that no recorded kin tie points upwards; the print itself gives no generation numbers.	EC00785	朴守幹	2	10	b
generation-repair	note	李成孫 was moved down 1 generation (to 21) so that no recorded kin tie points upwards; the print itself gives no generation numbers.	EC00787	李成孫	2	10	b
generation-repair	note	朴守根 was moved down 1 generation (to 21) so that no recorded kin tie points upwards; the print itself gives no generation numbers.	EC00788	朴守根	2	10	b
generation-repair	note	朴守同 was moved down 2 generations (to 22) so that no recorded kin tie points upwards; the print itself gives no generation numbers.	EB00085	朴守同	2	11	a
generation-repair	note	許顒 was moved down 1 generation (to 21) so that no recorded kin tie points upwards; the print itself gives no generation numbers.	EC00831	許顒	2	11	a
generation-repair	note	權恩榮 was moved down 1 generation (to 20) so that no recorded kin tie points upwards; the print itself gives no generation numbers.	EC00919	權恩榮	2	11	a
generation-repair	note	朴安壽 was moved down 1 generation (to 20) so that no recorded kin tie points upwards; the print itself gives no generation numbers.	EC00921	朴安壽	2	11	a
generation-repair	note	李從孫 was moved down 1 generation (to 20) so that no recorded kin tie points upwards; the print itself gives no generation numbers.	EC00939	李從孫	2	11	a
generation-repair	note	朴安福 was moved down 1 generation (to 20) so that no recorded kin tie points upwards; the print itself gives no generation numbers.	EC00941	朴安福	2	11	a
generation-repair	note	尹思涵 was moved down 1 generation (to 20) so that no recorded kin tie points upwards; the print itself gives no generation numbers.	E900269	尹思涵	2	11	b
generation-repair	note	李具商 was moved down 2 generations (to 19) so that no recorded kin tie points upwards; the print itself gives no generation numbers.	E402469	李具商	2	12	a
generation-repair	note	尹可宣 was moved down 1 generation (to 19) so that no recorded kin tie points upwards; the print itself gives no generation numbers.	EC01154	尹可宣	2	12	a
generation-repair	note	尹瑞 was moved down 1 generation (to 20) so that no recorded kin tie points upwards; the print itself gives no generation numbers.	EC01156	尹瑞	2	12	a
generation-repair	note	南芷 was moved down 1 generation (to 20) so that no recorded kin tie points upwards; the print itself gives no generation numbers.	EC01158	南芷	2	12	a
generation-repair	note	尹琓 was moved down 1 generation (to 20) so that no recorded kin tie points upwards; the print itself gives no generation numbers.	EC01159	尹琓	2	12	a
generation-repair	note	趙仲叔 was moved down 1 generation (to 20) so that no recorded kin tie points upwards; the print itself gives no generation numbers.	EC01161	趙仲叔	2	12	a
generation-repair	note	尹渭 was moved down 2 generations (to 20) so that no recorded kin tie points upwards; the print itself gives no generation numbers.	EC01162	尹渭	2	12	a
generation-repair	note	尹處信 was moved down 2 generations (to 20) so that no recorded kin tie points upwards; the print itself gives no generation numbers.	E401867	尹處信	2	12	b
generation-repair	note	金季演 was moved down 1 generation (to 20) so that no recorded kin tie points upwards; the print itself gives no generation numbers.	EC01193	金季演	2	12	b
generation-repair	note	元壽命 was moved down 1 generation (to 20) so that no recorded kin tie points upwards; the print itself gives no generation numbers.	EC01207	元壽命	2	12	b
generation-repair	note	洪致敬 was moved down 2 generations (to 21) so that no recorded kin tie points upwards; the print itself gives no generation numbers.	EC01224	洪致敬	2	12	b
generation-repair	note	尹惠 was moved down 3 generations (to 21) so that no recorded kin tie points upwards; the print itself gives no generation numbers.	EC01226	尹惠	2	12	b
generation-repair	note	尹濟 was moved down 2 generations (to 21) so that no recorded kin tie points upwards; the print itself gives no generation numbers.	EC01227	尹濟	2	12	b
generation-repair	note	尹汀 was moved down 2 generations (to 21) so that no recorded kin tie points upwards; the print itself gives no generation numbers.	EC01239	尹汀	2	12	b
generation-repair	note	具信忠 was moved down 1 generation (to 19) so that no recorded kin tie points upwards; the print itself gives no generation numbers.	E401042	具信忠	2	13	a
generation-repair	note	李梓 was moved down 1 generation (to 19) so that no recorded kin tie points upwards; the print itself gives no generation numbers.	EC01241	李梓	2	13	a
generation-repair	note	鄭有仁 was moved down 1 generation (to 20) so that no recorded kin tie points upwards; the print itself gives no generation numbers.	EC01243	鄭有仁	2	13	a
generation-repair	note	李孟欽 was moved down 1 generation (to 20) so that no recorded kin tie points upwards; the print itself gives no generation numbers.	EC01244	李孟欽	2	13	a
generation-repair	note	李孟明 was moved down 1 generation (to 20) so that no recorded kin tie points upwards; the print itself gives no generation numbers.	EC01246	李孟明	2	13	a
generation-repair	note	尹子濚 was moved down 1 generation (to 19) so that no recorded kin tie points upwards; the print itself gives no generation numbers.	EC01288	尹子濚	2	13	a
generation-repair	note	崔灝元 was moved down 2 generations (to 19) so that no recorded kin tie points upwards; the print itself gives no generation numbers.	EC01335	崔灝元	2	13	a
generation-repair	note	李禎 was moved down 1 generation (to 19) so that no recorded kin tie points upwards; the print itself gives no generation numbers.	E203241	李禎	2	14	a
generation-repair	note	李陽茂 was moved down 1 generation (to 20) so that no recorded kin tie points upwards; the print itself gives no generation numbers.	E203242	李陽茂	2	14	a
generation-repair	note	李咸臨 was moved down 2 generations (to 20) so that no recorded kin tie points upwards; the print itself gives no generation numbers.	E203243	李咸臨	2	14	a
generation-repair	note	金强 was moved down 2 generations (to 20) so that no recorded kin tie points upwards; the print itself gives no generation numbers.	E203244	金强	2	14	a
generation-repair	note	金謹獨 was moved down 2 generations (to 21) so that no recorded kin tie points upwards; the print itself gives no generation numbers.	E203246	金謹獨	2	14	a
generation-repair	note	崔承溫 was moved down 1 generation (to 19) so that no recorded kin tie points upwards; the print itself gives no generation numbers.	E203249	崔承溫	2	14	a
generation-repair	note	崔濱 was moved down 1 generation (to 20) so that no recorded kin tie points upwards; the print itself gives no generation numbers.	E203255	崔濱	2	14	a
generation-repair	note	崔愼全 was moved down 2 generations (to 20) so that no recorded kin tie points upwards; the print itself gives no generation numbers.	E203257	崔愼全	2	14	a
generation-repair	note	崔松達 was moved down 2 generations (to 21) so that no recorded kin tie points upwards; the print itself gives no generation numbers.	E203259	崔松達	2	14	a
generation-repair	note	申禧 was moved down 2 generations (to 22) so that no recorded kin tie points upwards; the print itself gives no generation numbers.	E203260	申禧	2	14	a
generation-repair	note	崔松連 was moved down 2 generations (to 21) so that no recorded kin tie points upwards; the print itself gives no generation numbers.	E203262	崔松連	2	14	a
generation-repair	note	崔松謙 was moved down 2 generations (to 21) so that no recorded kin tie points upwards; the print itself gives no generation numbers.	E203263	崔松謙	2	14	a
generation-repair	note	崔礩 was moved down 1 generation (to 20) so that no recorded kin tie points upwards; the print itself gives no generation numbers.	E203264	崔礩	2	14	a
generation-repair	note	崔寬海 was moved down 1 generation (to 21) so that no recorded kin tie points upwards; the print itself gives no generation numbers.	E203270	崔寬海	2	14	a
generation-repair	note	尹禮卿 was moved down 1 generation (to 20) so that no recorded kin tie points upwards; the print itself gives no generation numbers.	E203272	尹禮卿	2	14	a
generation-repair	note	尹蓋孫 was moved down 1 generation (to 21) so that no recorded kin tie points upwards; the print itself gives no generation numbers.	E203274	尹蓋孫	2	14	a
generation-repair	note	崔涵 was moved down 1 generation (to 18) so that no recorded kin tie points upwards; the print itself gives no generation numbers.	E205677	崔涵	2	14	a
generation-repair	note	李惓 was moved down 2 generations (to 20) so that no recorded kin tie points upwards; the print itself gives no generation numbers.	E302303	李惓	2	14	a
generation-repair	note	崔揆 was moved down 1 generation (to 19) so that no recorded kin tie points upwards; the print itself gives no generation numbers.	E401869	崔揆	2	14	a
generation-repair	note	李英發 was moved down 1 generation (to 18) so that no recorded kin tie points upwards; the print itself gives no generation numbers.	E402428	李英發	2	14	a
generation-repair	note	李寧 was moved down 2 generations (to 19) so that no recorded kin tie points upwards; the print itself gives no generation numbers.	E402617	李寧	2	14	a
generation-repair	note	朴秉德 was moved down 2 generations (to 21) so that no recorded kin tie points upwards; the print itself gives no generation numbers.	EA00495	朴秉德	2	14	a
generation-repair	note	金良臣 was moved down 1 generation (to 20) so that no recorded kin tie points upwards; the print itself gives no generation numbers.	E001128	金良臣	2	14	b
generation-repair	note	崔稪 was moved down 1 generation (to 19) so that no recorded kin tie points upwards; the print itself gives no generation numbers.	E203275	崔稪	2	14	b
generation-repair	note	崔承祖 was moved down 1 generation (to 20) so that no recorded kin tie points upwards; the print itself gives no generation numbers.	E203277	崔承祖	2	14	b
generation-repair	note	崔榮祖 was moved down 1 generation (to 20) so that no recorded kin tie points upwards; the print itself gives no generation numbers.	E203281	崔榮祖	2	14	b
generation-repair	note	薛貞新 was moved down 1 generation (to 20) so that no recorded kin tie points upwards; the print itself gives no generation numbers.	E203286	薛貞新	2	14	b
generation-repair	note	金元直 was moved down 1 generation (to 20) so that no recorded kin tie points upwards; the print itself gives no generation numbers.	E203288	金元直	2	14	b
generation-repair	note	金用礪 was moved down 1 generation (to 21) so that no recorded kin tie points upwards; the print itself gives no generation numbers.	E203290	金用礪	2	14	b
generation-repair	note	金用砥 was moved down 1 generation (to 21) so that no recorded kin tie points upwards; the print itself gives no generation numbers.	E203293	金用砥	2	14	b
generation-repair	note	朴保生 was moved down 1 generation (to 20) so that no recorded kin tie points upwards; the print itself gives no generation numbers.	E203294	朴保生	2	14	b
generation-repair	note	田樟 was moved down 1 generation (to 21) so that no recorded kin tie points upwards; the print itself gives no generation numbers.	E203296	田樟	2	14	b
generation-repair	note	丘世隣 was moved down 1 generation (to 19) so that no recorded kin tie points upwards; the print itself gives no generation numbers.	E203298	丘世隣	2	14	b
generation-repair	note	田甫明 was moved down 1 generation (to 20) so that no recorded kin tie points upwards; the print itself gives no generation numbers.	E203301	田甫明	2	14	b
generation-repair	note	金孟宜 was moved down 1 generation (to 20) so that no recorded kin tie points upwards; the print itself gives no generation numbers.	E203303	金孟宜	2	14	b
generation-repair	note	丘自源 was moved down 1 generation (to 20) so that no recorded kin tie points upwards; the print itself gives no generation numbers.	E203340	丘自源	2	14	b
generation-repair	note	金俓 was moved down 1 generation (to 19) so that no recorded kin tie points upwards; the print itself gives no generation numbers.	E203344	金俓	2	14	b
generation-repair	note	成文猷 was moved down 1 generation (to 19) so that no recorded kin tie points upwards; the print itself gives no generation numbers.	E203352	成文猷	2	14	b
generation-repair	note	閔輕 was moved down 1 generation (to 21) so that no recorded kin tie points upwards; the print itself gives no generation numbers.	E303026	閔輕	2	14	b
generation-repair	note	薛墀 was moved down 1 generation (to 21) so that no recorded kin tie points upwards; the print itself gives no generation numbers.	E303028	薛墀	2	14	b
generation-repair	note	薛坪 was moved down 1 generation (to 21) so that no recorded kin tie points upwards; the print itself gives no generation numbers.	E303029	薛坪	2	14	b
generation-repair	note	金乙富 was moved down 1 generation (to 18) so that no recorded kin tie points upwards; the print itself gives no generation numbers.	E402432	金乙富	2	14	b
generation-repair	note	朴思齊 was moved down 1 generation (to 18) so that no recorded kin tie points upwards; the print itself gives no generation numbers.	E402433	朴思齊	2	14	b
generation-repair	note	成載 was moved down 1 generation (to 18) so that no recorded kin tie points upwards; the print itself gives no generation numbers.	E402435	成載	2	14	b
generation-repair	note	崔仲淹 was moved down 1 generation (to 22) so that no recorded kin tie points upwards; the print itself gives no generation numbers.	E701825	崔仲淹	2	14	b
generation-repair	note	宋仲孫 was moved down 1 generation (to 21) so that no recorded kin tie points upwards; the print itself gives no generation numbers.	310ab88d-3718-43e5-be38-98068bc40b7a	宋仲孫	2	15	a
generation-repair	note	成文治 was moved down 2 generations (to 20) so that no recorded kin tie points upwards; the print itself gives no generation numbers.	E203353	成文治	2	15	a
generation-repair	note	朴益昌 was moved down 2 generations (to 21) so that no recorded kin tie points upwards; the print itself gives no generation numbers.	E203355	朴益昌	2	15	a
generation-repair	note	姜利誠 was moved down 3 generations (to 21) so that no recorded kin tie points upwards; the print itself gives no generation numbers.	E203361	姜利誠	2	15	a
generation-repair	note	李邊 was moved down 1 generation (to 19) so that no recorded kin tie points upwards; the print itself gives no generation numbers.	E203383	李邊	2	15	a
generation-repair	note	許曾 was moved down 1 generation (to 20) so that no recorded kin tie points upwards; the print itself gives no generation numbers.	E203389	許曾	2	15	a
generation-repair	note	李孝祖 was moved down 1 generation (to 20) so that no recorded kin tie points upwards; the print itself gives no generation numbers.	E203391	李孝祖	2	15	a
generation-repair	note	李有直 was moved down 1 generation (to 20) so that no recorded kin tie points upwards; the print itself gives no generation numbers.	E203402	李有直	2	15	a
generation-repair	note	李孝宗 was moved down 1 generation (to 20) so that no recorded kin tie points upwards; the print itself gives no generation numbers.	E203404	李孝宗	2	15	a
generation-repair	note	李孟 was moved down 1 generation (to 19) so that no recorded kin tie points upwards; the print itself gives no generation numbers.	E203411	李孟	2	15	a
generation-repair	note	李仲 was moved down 1 generation (to 19) so that no recorded kin tie points upwards; the print itself gives no generation numbers.	E203412	李仲	2	15	a
generation-repair	note	李季 was moved down 1 generation (to 19) so that no recorded kin tie points upwards; the print itself gives no generation numbers.	E203413	李季	2	15	a
generation-repair	note	宋思瓊 was moved down 1 generation (to 20) so that no recorded kin tie points upwards; the print itself gives no generation numbers.	E301311	宋思瓊	2	15	a
generation-repair	note	盧石堅 was moved down 1 generation (to 21) so that no recorded kin tie points upwards; the print itself gives no generation numbers.	E301332	盧石堅	2	15	a
generation-repair	note	李臣賢 was moved down 1 generation (to 18) so that no recorded kin tie points upwards; the print itself gives no generation numbers.	E402437	李臣賢	2	15	a
generation-repair	note	宋臨孫 was moved down 1 generation (to 21) so that no recorded kin tie points upwards; the print itself gives no generation numbers.	e958a14e-a633-4300-bb53-36584c8e9f82	宋臨孫	2	15	a
generation-repair	note	李舜㱓 was moved down 2 generations (to 21) so that no recorded kin tie points upwards; the print itself gives no generation numbers.	E203494	李舜㱓	2	15	b
generation-repair	note	李彭㱓 was moved down 2 generations (to 21) so that no recorded kin tie points upwards; the print itself gives no generation numbers.	E203498	李彭㱓	2	15	b
generation-repair	note	李崇元 was moved down 1 generation (to 20) so that no recorded kin tie points upwards; the print itself gives no generation numbers.	E203506	李崇元	2	15	b
generation-repair	note	李萬㱓 was moved down 2 generations (to 21) so that no recorded kin tie points upwards; the print itself gives no generation numbers.	E203508	李萬㱓	2	15	b
generation-repair	note	李補丁 was moved down 1 generation (to 19) so that no recorded kin tie points upwards; the print itself gives no generation numbers.	E301370	李補丁	2	15	b
generation-repair	note	閔孝根 was moved down 1 generation (to 19) so that no recorded kin tie points upwards; the print itself gives no generation numbers.	E900296	閔孝根	2	15	b
generation-repair	note	李世則 was moved down 1 generation (to 21) so that no recorded kin tie points upwards; the print itself gives no generation numbers.	E101130	李世則	2	16	a
generation-repair	note	李世範 was moved down 1 generation (to 21) so that no recorded kin tie points upwards; the print itself gives no generation numbers.	E101871	李世範	2	16	a
generation-repair	note	李崇允 was moved down 1 generation (to 20) so that no recorded kin tie points upwards; the print itself gives no generation numbers.	E203519	李崇允	2	16	a
generation-repair	note	李仁㱓 was moved down 1 generation (to 21) so that no recorded kin tie points upwards; the print itself gives no generation numbers.	E203521	李仁㱓	2	16	a
generation-repair	note	鄭而儉 was moved down 1 generation (to 20) so that no recorded kin tie points upwards; the print itself gives no generation numbers.	E700800	鄭而儉	2	16	a
generation-repair	note	李九㱓 was moved down 1 generation (to 21) so that no recorded kin tie points upwards; the print itself gives no generation numbers.	E701927	李九㱓	2	16	a
generation-repair	note	金善擧 was moved down 1 generation (to 20) so that no recorded kin tie points upwards; the print itself gives no generation numbers.	E203728	金善擧	2	16	b
generation-repair	note	李希俊 was moved down 1 generation (to 21) so that no recorded kin tie points upwards; the print itself gives no generation numbers.	E203730	李希俊	2	16	b
generation-repair	note	朴林敬 was moved down 1 generation (to 21) so that no recorded kin tie points upwards; the print itself gives no generation numbers.	E203732	朴林敬	2	16	b
generation-repair	note	黃芷 was moved down 1 generation (to 20) so that no recorded kin tie points upwards; the print itself gives no generation numbers.	E203736	黃芷	2	16	b
generation-repair	note	李蕟孫 was moved down 1 generation (to 20) so that no recorded kin tie points upwards; the print itself gives no generation numbers.	E203738	李蕟孫	2	16	b
generation-repair	note	尹景淵 was moved down 1 generation (to 18) so that no recorded kin tie points upwards; the print itself gives no generation numbers.	E301197	尹景淵	2	16	b
generation-repair	note	慶緝 was moved down 1 generation (to 20) so that no recorded kin tie points upwards; the print itself gives no generation numbers.	E302982	慶緝	2	16	b
generation-repair	note	金貞用 was moved down 1 generation (to 19) so that no recorded kin tie points upwards; the print itself gives no generation numbers.	E401605	金貞用	2	16	b
generation-repair	note	鄭蘭元 was moved down 1 generation (to 19) so that no recorded kin tie points upwards; the print itself gives no generation numbers.	E901093	鄭蘭元	2	16	b
generation-repair	note	趙季平 was moved down 1 generation (to 19) so that no recorded kin tie points upwards; the print itself gives no generation numbers.	E203745	趙季平	2	17	a
generation-repair	note	高台弼 was moved down 1 generation (to 19) so that no recorded kin tie points upwards; the print itself gives no generation numbers.	E203746	高台弼	2	17	a
generation-repair	note	李命敏 was moved down 1 generation (to 18) so that no recorded kin tie points upwards; the print itself gives no generation numbers.	E203749	李命敏	2	17	a
generation-repair	note	閔甫啓 was moved down 1 generation (to 19) so that no recorded kin tie points upwards; the print itself gives no generation numbers.	E203751	閔甫啓	2	17	a
generation-repair	note	李興祖 was moved down 1 generation (to 19) so that no recorded kin tie points upwards; the print itself gives no generation numbers.	E203753	李興祖	2	17	a
generation-repair	note	李榮祖 was moved down 1 generation (to 19) so that no recorded kin tie points upwards; the print itself gives no generation numbers.	E203760	李榮祖	2	17	a
generation-repair	note	李承祖 was moved down 1 generation (to 19) so that no recorded kin tie points upwards; the print itself gives no generation numbers.	E203789	李承祖	2	17	a
generation-repair	note	李末敏 was moved down 1 generation (to 18) so that no recorded kin tie points upwards; the print itself gives no generation numbers.	E203790	李末敏	2	17	a
generation-repair	note	李仁準 was moved down 1 generation (to 19) so that no recorded kin tie points upwards; the print itself gives no generation numbers.	E203791	李仁準	2	17	a
generation-repair	note	李智準 was moved down 1 generation (to 19) so that no recorded kin tie points upwards; the print itself gives no generation numbers.	E203792	李智準	2	17	a
generation-repair	note	洪係江 was moved down 1 generation (to 20) so that no recorded kin tie points upwards; the print itself gives no generation numbers.	E302499	洪係江	2	17	a
generation-repair	note	李繩直 was moved down 1 generation (to 17) so that no recorded kin tie points upwards; the print itself gives no generation numbers.	E900584	李繩直	2	17	a
generation-repair	note	金巖 was moved down 1 generation (to 18) so that no recorded kin tie points upwards; the print itself gives no generation numbers.	E900589	金巖	2	17	a
generation-repair	note	李勿敏 was moved down 1 generation (to 18) so that no recorded kin tie points upwards; the print itself gives no generation numbers.	E900590	李勿敏	2	17	a
generation-repair	note	洪允成 was moved down 2 generations (to 20) so that no recorded kin tie points upwards; the print itself gives no generation numbers.	E900735	洪允成	2	17	a
generation-repair	note	閔伸 was moved down 1 generation (to 19) so that no recorded kin tie points upwards; the print itself gives no generation numbers.	E101847	閔伸	2	17	b
generation-repair	note	李石巘 was moved down 1 generation (to 20) so that no recorded kin tie points upwards; the print itself gives no generation numbers.	E203808	李石巘	2	17	b
generation-repair	note	李植 was moved down 1 generation (to 21) so that no recorded kin tie points upwards; the print itself gives no generation numbers.	E203810	李植	2	17	b
generation-repair	note	張孟昌 was moved down 1 generation (to 19) so that no recorded kin tie points upwards; the print itself gives no generation numbers.	E203812	張孟昌	2	17	b
generation-repair	note	柳彭壽 was moved down 2 generations (to 20) so that no recorded kin tie points upwards; the print itself gives no generation numbers.	E203838	柳彭壽	2	17	b
generation-repair	note	許柴 was moved down 1 generation (to 18) so that no recorded kin tie points upwards; the print itself gives no generation numbers.	E400096	許柴	2	19	a
generation-repair	note	權仍 was moved down 1 generation (to 20) so that no recorded kin tie points upwards; the print itself gives no generation numbers.	EB01695	權仍	2	19	a
generation-repair	note	權履 was moved down 1 generation (to 18) so that no recorded kin tie points upwards; the print itself gives no generation numbers.	E204176	權履	2	20	a
generation-repair	note	權述 was moved down 1 generation (to 19) so that no recorded kin tie points upwards; the print itself gives no generation numbers.	E204177	權述	2	20	a
generation-repair	note	尹遘 was moved down 1 generation (to 20) so that no recorded kin tie points upwards; the print itself gives no generation numbers.	E204181	尹遘	2	20	a
generation-repair	note	李吉安 was moved down 1 generation (to 18) so that no recorded kin tie points upwards; the print itself gives no generation numbers.	E204189	李吉安	2	20	a
generation-repair	note	朴溫 was moved down 1 generation (to 19) so that no recorded kin tie points upwards; the print itself gives no generation numbers.	E204195	朴溫	2	20	a
generation-repair	note	李堪 was moved down 1 generation (to 19) so that no recorded kin tie points upwards; the print itself gives no generation numbers.	E204203	李堪	2	20	a
generation-repair	note	李堤 was moved down 1 generation (to 19) so that no recorded kin tie points upwards; the print itself gives no generation numbers.	E204230	李堤	2	20	a
generation-repair	note	權紹 was moved down 1 generation (to 17) so that no recorded kin tie points upwards; the print itself gives no generation numbers.	E400083	權紹	2	20	a
generation-repair	note	李靖 was moved down 2 generations (to 21) so that no recorded kin tie points upwards; the print itself gives no generation numbers.	0197f969-c933-7c39-8b37-00ad18fe5bed	李靖	2	20	b
generation-repair	note	宋鐵山 was moved down 2 generations (to 20) so that no recorded kin tie points upwards; the print itself gives no generation numbers.	E102530	宋鐵山	2	20	b
generation-repair	note	李淸新 was moved down 1 generation (to 18) so that no recorded kin tie points upwards; the print itself gives no generation numbers.	E204234	李淸新	2	20	b
generation-repair	note	鄭溫 was moved down 1 generation (to 19) so that no recorded kin tie points upwards; the print itself gives no generation numbers.	E204237	鄭溫	2	20	b
generation-repair	note	金浩 was moved down 1 generation (to 19) so that no recorded kin tie points upwards; the print itself gives no generation numbers.	E204239	金浩	2	20	b
generation-repair	note	李𥩲 was moved down 2 generations (to 20) so that no recorded kin tie points upwards; the print itself gives no generation numbers.	E204244	李𥩲	2	20	b
generation-repair	note	李參 was moved down 2 generations (to 20) so that no recorded kin tie points upwards; the print itself gives no generation numbers.	E204245	李參	2	20	b
generation-repair	note	李孟靖 was moved down 2 generations (to 21) so that no recorded kin tie points upwards; the print itself gives no generation numbers.	E204248	李孟靖	2	20	b
generation-repair	note	李仲靖 was moved down 2 generations (to 21) so that no recorded kin tie points upwards; the print itself gives no generation numbers.	E204249	李仲靖	2	20	b
generation-repair	note	金連壽 was moved down 2 generations (to 21) so that no recorded kin tie points upwards; the print itself gives no generation numbers.	E204250	金連壽	2	20	b
generation-repair	note	李季靖 was moved down 2 generations (to 21) so that no recorded kin tie points upwards; the print itself gives no generation numbers.	E204252	李季靖	2	20	b
generation-repair	note	李益靖 was moved down 2 generations (to 21) so that no recorded kin tie points upwards; the print itself gives no generation numbers.	E204253	李益靖	2	20	b
generation-repair	note	趙廷瑞 was moved down 2 generations (to 20) so that no recorded kin tie points upwards; the print itself gives no generation numbers.	E204255	趙廷瑞	2	20	b
generation-repair	note	宋石山 was moved down 2 generations (to 20) so that no recorded kin tie points upwards; the print itself gives no generation numbers.	E401035	宋石山	2	20	b
generation-repair	note	金靈雨 was moved down 3 generations (to 21) so that no recorded kin tie points upwards; the print itself gives no generation numbers.	E204381	金靈雨	2	21	b
generation-repair	note	趙云恭 was moved down 2 generations (to 20) so that no recorded kin tie points upwards; the print itself gives no generation numbers.	E300973	趙云恭	2	21	b
generation-repair	note	權實 was moved down 2 generations (to 20) so that no recorded kin tie points upwards; the print itself gives no generation numbers.	EA02994	權實	2	21	b
generation-repair	note	李種生 was moved down 2 generations (to 21) so that no recorded kin tie points upwards; the print itself gives no generation numbers.	E204848	李種生	2	22	a
generation-repair	note	趙孟發 was moved down 2 generations (to 20) so that no recorded kin tie points upwards; the print itself gives no generation numbers.	E204447	趙孟發	2	22	b
generation-repair	note	趙承源 was moved down 2 generations (to 21) so that no recorded kin tie points upwards; the print itself gives no generation numbers.	E204449	趙承源	2	22	b
generation-repair	note	趙淑 was moved down 2 generations (to 22) so that no recorded kin tie points upwards; the print itself gives no generation numbers.	E204450	趙淑	2	22	b
generation-repair	note	權裕 was moved down 2 generations (to 20) so that no recorded kin tie points upwards; the print itself gives no generation numbers.	E204472	權裕	2	22	b
generation-repair	note	權綽 was moved down 2 generations (to 20) so that no recorded kin tie points upwards; the print itself gives no generation numbers.	E204480	權綽	2	22	b
generation-repair	note	申肅文 was moved down 2 generations (to 20) so that no recorded kin tie points upwards; the print itself gives no generation numbers.	E204481	申肅文	2	22	b
generation-repair	note	柳紹 was moved down 2 generations (to 20) so that no recorded kin tie points upwards; the print itself gives no generation numbers.	E204488	柳紹	2	22	b
generation-repair	note	宋扶 was moved down 2 generations (to 20) so that no recorded kin tie points upwards; the print itself gives no generation numbers.	E204527	宋扶	2	22	b
generation-repair	note	朴仁蕃 was moved down 2 generations (to 20) so that no recorded kin tie points upwards; the print itself gives no generation numbers.	E204530	朴仁蕃	2	22	b
generation-repair	note	金有完 was moved down 2 generations (to 20) so that no recorded kin tie points upwards; the print itself gives no generation numbers.	E204537	金有完	2	22	b
generation-repair	note	申繼良 was moved down 2 generations (to 20) so that no recorded kin tie points upwards; the print itself gives no generation numbers.	E204538	申繼良	2	22	b
generation-repair	note	趙之周 was moved down 1 generation (to 19) so that no recorded kin tie points upwards; the print itself gives no generation numbers.	E300919	趙之周	2	22	b
generation-repair	note	盧尙智 was moved down 2 generations (to 19) so that no recorded kin tie points upwards; the print itself gives no generation numbers.	E402488	盧尙智	2	22	b
generation-repair	note	權雍 was moved down 2 generations (to 19) so that no recorded kin tie points upwards; the print itself gives no generation numbers.	E402489	權雍	2	22	b
generation-repair	note	權質 was moved down 2 generations (to 19) so that no recorded kin tie points upwards; the print itself gives no generation numbers.	E402491	權質	2	22	b
generation-repair	note	李兆壽 was moved down 1 generation (to 20) so that no recorded kin tie points upwards; the print itself gives no generation numbers.	E204673	李兆壽	2	23	a
generation-repair	note	趙光門 was moved down 1 generation (to 20) so that no recorded kin tie points upwards; the print itself gives no generation numbers.	E204699	趙光門	2	23	b
generation-repair	note	李順蒙 was moved down 2 generations (to 20) so that no recorded kin tie points upwards; the print itself gives no generation numbers.	E102409	李順蒙	2	24	a
generation-repair	note	李檜 was moved down 2 generations (to 20) so that no recorded kin tie points upwards; the print itself gives no generation numbers.	E102412	李檜	2	24	a
generation-repair	note	李賢童 was moved down 2 generations (to 22) so that no recorded kin tie points upwards; the print itself gives no generation numbers.	E204850	李賢童	2	24	a
generation-repair	note	張希顔 was moved down 1 generation (to 18) so that no recorded kin tie points upwards; the print itself gives no generation numbers.	E204853	張希顔	2	24	a
generation-repair	note	權誠 was moved down 4 generations (to 23) so that no recorded kin tie points upwards; the print itself gives no generation numbers.	E204890	權誠	2	24	a
generation-repair	note	李敷 was moved down 2 generations (to 21) so that no recorded kin tie points upwards; the print itself gives no generation numbers.	E204909	李敷	2	24	a
generation-repair	note	權訥 was moved down 2 generations (to 19) so that no recorded kin tie points upwards; the print itself gives no generation numbers.	E402498	權訥	2	24	a
generation-repair	note	權佚 was moved down 1 generation (to 20) so that no recorded kin tie points upwards; the print itself gives no generation numbers.	1ac56422-676d-403b-bafc-1321296aeea6	權佚	2	24	b
generation-repair	note	權伻 was moved down 1 generation (to 20) so that no recorded kin tie points upwards; the print itself gives no generation numbers.	9587d1d1-8d8c-4d7d-812a-24d690e1d573	權伻	2	24	b
generation-repair	note	朴孝誠 was moved down 1 generation (to 18) so that no recorded kin tie points upwards; the print itself gives no generation numbers.	E204919	朴孝誠	2	24	b
generation-repair	note	李著 was moved down 2 generations (to 20) so that no recorded kin tie points upwards; the print itself gives no generation numbers.	E204996	李著	2	24	b
generation-repair	note	權瞻 was moved down 1 generation (to 18) so that no recorded kin tie points upwards; the print itself gives no generation numbers.	E205025	權瞻	2	24	b
generation-repair	note	權躽 was moved down 1 generation (to 19) so that no recorded kin tie points upwards; the print itself gives no generation numbers.	E205027	權躽	2	24	b
generation-repair	note	權軆 was moved down 1 generation (to 19) so that no recorded kin tie points upwards; the print itself gives no generation numbers.	E205028	權軆	2	24	b
generation-repair	note	楊世英 was moved down 1 generation (to 20) so that no recorded kin tie points upwards; the print itself gives no generation numbers.	E205032	楊世英	2	24	b
generation-repair	note	崔主孫 was moved down 2 generations (to 20) so that no recorded kin tie points upwards; the print itself gives no generation numbers.	E301502	崔主孫	2	24	b
generation-repair	note	李培倫 was moved down 1 generation (to 19) so that no recorded kin tie points upwards; the print itself gives no generation numbers.	E901694	李培倫	2	25	a
generation-repair	note	李嗣宗 was moved down 2 generations (to 20) so that no recorded kin tie points upwards; the print itself gives no generation numbers.	EA00244	李嗣宗	2	25	a
generation-repair	note	文簡 was moved down 3 generations (to 22) so that no recorded kin tie points upwards; the print itself gives no generation numbers.	E901773	文簡	2	25	b
generation-repair	note	申億年 was moved down 1 generation (to 19) so that no recorded kin tie points upwards; the print itself gives no generation numbers.	E205283	申億年	2	26	a
generation-repair	note	權偁 was moved down 3 generations (to 22) so that no recorded kin tie points upwards; the print itself gives no generation numbers.	E205350	權偁	2	26	a
generation-repair	note	申末平 was moved down 1 generation (to 20) so that no recorded kin tie points upwards; the print itself gives no generation numbers.	E303638	申末平	2	26	a
generation-repair	note	愼守勤 was moved down 4 generations (to 23) so that no recorded kin tie points upwards; the print itself gives no generation numbers.	E600147	愼守勤	2	26	a
generation-repair	note	金壽亨 was moved down 1 generation (to 20) so that no recorded kin tie points upwards; the print itself gives no generation numbers.	E900144	金壽亨	2	26	a
generation-repair	note	權顥 was moved down 1 generation (to 21) so that no recorded kin tie points upwards; the print itself gives no generation numbers.	E102498	權顥	2	26	b
generation-repair	note	權壽男 was moved down 1 generation (to 21) so that no recorded kin tie points upwards; the print itself gives no generation numbers.	E205358	權壽男	2	26	b
generation-repair	note	權僑 was moved down 1 generation (to 20) so that no recorded kin tie points upwards; the print itself gives no generation numbers.	E205368	權僑	2	26	b
generation-repair	note	韓明溍 was moved down 1 generation (to 19) so that no recorded kin tie points upwards; the print itself gives no generation numbers.	E205399	韓明溍	2	26	b
generation-repair	note	權倬 was moved down 2 generations (to 21) so that no recorded kin tie points upwards; the print itself gives no generation numbers.	E205402	權倬	2	26	b
generation-repair	note	權倜 was moved down 2 generations (to 21) so that no recorded kin tie points upwards; the print itself gives no generation numbers.	E205411	權倜	2	26	b
generation-repair	note	金玄錫 was moved down 1 generation (to 20) so that no recorded kin tie points upwards; the print itself gives no generation numbers.	E205416	金玄錫	2	26	b
generation-repair	note	宋希獻 was moved down 1 generation (to 21) so that no recorded kin tie points upwards; the print itself gives no generation numbers.	E205418	宋希獻	2	26	b
generation-repair	note	權訔 was moved down 1 generation (to 20) so that no recorded kin tie points upwards; the print itself gives no generation numbers.	E205425	權訔	2	26	b
generation-repair	note	權順 was moved down 1 generation (to 21) so that no recorded kin tie points upwards; the print itself gives no generation numbers.	E205427	權順	2	26	b
generation-repair	note	權譼 was moved down 1 generation (to 20) so that no recorded kin tie points upwards; the print itself gives no generation numbers.	E205441	權譼	2	26	b
generation-repair	note	權擎 was moved down 2 generations (to 20) so that no recorded kin tie points upwards; the print itself gives no generation numbers.	E301511	權擎	2	26	b
generation-repair	note	柳睠 was moved down 1 generation (to 21) so that no recorded kin tie points upwards; the print itself gives no generation numbers.	E400819	柳睠	2	26	b
generation-repair	note	權肩 was moved down 1 generation (to 22) so that no recorded kin tie points upwards; the print itself gives no generation numbers.	E703368	權肩	2	26	b
generation-repair	note	李立 was moved down 3 generations (to 22) so that no recorded kin tie points upwards; the print itself gives no generation numbers.	E902222	李立	2	26	b
generation-repair	note	李唐 was moved down 2 generations (to 21) so that no recorded kin tie points upwards; the print itself gives no generation numbers.	EA02059	李唐	2	26	b
generation-repair	note	權聰 was moved down 3 generations (to 20) so that no recorded kin tie points upwards; the print itself gives no generation numbers.	E101383	權聰	2	27	a
generation-repair	note	權憶 was moved down 2 generations (to 21) so that no recorded kin tie points upwards; the print itself gives no generation numbers.	E200654	權憶	2	27	a
generation-repair	note	權念 was moved down 2 generations (to 20) so that no recorded kin tie points upwards; the print itself gives no generation numbers.	E200655	權念	2	27	a
generation-repair	note	權緝 was moved down 3 generations (to 21) so that no recorded kin tie points upwards; the print itself gives no generation numbers.	E205448	權緝	2	27	a
generation-repair	note	李蕙 was moved down 3 generations (to 22) so that no recorded kin tie points upwards; the print itself gives no generation numbers.	E205450	李蕙	2	27	a
generation-repair	note	權恰 was moved down 2 generations (to 21) so that no recorded kin tie points upwards; the print itself gives no generation numbers.	E205526	權恰	2	27	a
generation-repair	note	趙欣孫 was moved down 2 generations (to 21) so that no recorded kin tie points upwards; the print itself gives no generation numbers.	E300922	趙欣孫	2	27	a
generation-repair	note	崔宙 was moved down 1 generation (to 18) so that no recorded kin tie points upwards; the print itself gives no generation numbers.	E402503	崔宙	2	27	a
generation-repair	note	權惇 was moved down 3 generations (to 22) so that no recorded kin tie points upwards; the print itself gives no generation numbers.	E703465	權惇	2	27	a
generation-repair	note	權忱 was moved down 3 generations (to 22) so that no recorded kin tie points upwards; the print itself gives no generation numbers.	E901904	權忱	2	27	a
generation-repair	note	權恢 was moved down 3 generations (to 22) so that no recorded kin tie points upwards; the print itself gives no generation numbers.	EA01624	權恢	2	27	a
generation-repair	note	權憭 was moved down 2 generations (to 21) so that no recorded kin tie points upwards; the print itself gives no generation numbers.	EB01476	權憭	2	27	a
generation-repair	note	蔡碩年 was moved down 1 generation (to 20) so that no recorded kin tie points upwards; the print itself gives no generation numbers.	E205142	蔡碩年	2	27	b
generation-repair	note	辛尙調 was moved down 1 generation (to 19) so that no recorded kin tie points upwards; the print itself gives no generation numbers.	E205535	辛尙調	2	27	b
generation-repair	note	李靖 was moved down 3 generations (to 22) so that no recorded kin tie points upwards; the print itself gives no generation numbers.	E902220	李靖	2	27	b
generation-repair	note	李頥 was moved down 2 generations (to 20) so that no recorded kin tie points upwards; the print itself gives no generation numbers.	EA00310	李頥	2	27	b
generation-repair	note	崔思淸 was moved down 1 generation (to 19) so that no recorded kin tie points upwards; the print itself gives no generation numbers.	E301501	崔思淸	2	28	a
generation-repair	note	權怡 was moved down 1 generation (to 20) so that no recorded kin tie points upwards; the print itself gives no generation numbers.	E302914	權怡	2	28	a
generation-repair	note	蔡年 was moved down 1 generation (to 19) so that no recorded kin tie points upwards; the print itself gives no generation numbers.	EC01238	蔡年	2	28	a
generation-repair	note	許憺 was moved down 2 generations (to 20) so that no recorded kin tie points upwards; the print itself gives no generation numbers.	E205735	許憺	2	28	b
generation-repair	note	權期 was moved down 1 generation (to 20) so that no recorded kin tie points upwards; the print itself gives no generation numbers.	E000029	權期	2	29	a
generation-repair	note	權頤 was moved down 1 generation (to 20) so that no recorded kin tie points upwards; the print itself gives no generation numbers.	E101192	權頤	2	29	a
generation-repair	note	李𤥽 was moved down 1 generation (to 20) so that no recorded kin tie points upwards; the print itself gives no generation numbers.	E201008	李𤥽	2	29	a
generation-repair	note	宋眉年 was moved down 1 generation (to 18) so that no recorded kin tie points upwards; the print itself gives no generation numbers.	E205841	宋眉年	2	29	a
generation-repair	note	權裕 was moved down 1 generation (to 19) so that no recorded kin tie points upwards; the print itself gives no generation numbers.	E205879	權裕	2	29	a
generation-repair	note	權壽 was moved down 1 generation (to 20) so that no recorded kin tie points upwards; the print itself gives no generation numbers.	E205882	權壽	2	29	a
generation-repair	note	權耄 was moved down 1 generation (to 20) so that no recorded kin tie points upwards; the print itself gives no generation numbers.	E205891	權耄	2	29	a
generation-repair	note	崔孝宗 was moved down 1 generation (to 21) so that no recorded kin tie points upwards; the print itself gives no generation numbers.	2c7d2618-0577-42be-8822-03db4d3844e1	崔孝宗	2	29	b
generation-repair	note	崔忠宗 was moved down 1 generation (to 21) so that no recorded kin tie points upwards; the print itself gives no generation numbers.	3d9f2f57-92a3-4ae0-b2a4-669cc384f3d8	崔忠宗	2	29	b
generation-repair	note	李光佐 was moved down 1 generation (to 21) so that no recorded kin tie points upwards; the print itself gives no generation numbers.	E000172	李光佐	2	29	b
generation-repair	note	崔士老 was moved down 1 generation (to 19) so that no recorded kin tie points upwards; the print itself gives no generation numbers.	E201286	崔士老	2	29	b
generation-repair	note	權永聃 was moved down 1 generation (to 20) so that no recorded kin tie points upwards; the print itself gives no generation numbers.	E205910	權永聃	2	29	b
generation-repair	note	權㱓 was moved down 3 generations (to 21) so that no recorded kin tie points upwards; the print itself gives no generation numbers.	E205939	權㱓	2	29	b
generation-repair	note	權老 was moved down 2 generations (to 21) so that no recorded kin tie points upwards; the print itself gives no generation numbers.	E205953	權老	2	29	b
generation-repair	note	權聃 was moved down 2 generations (to 21) so that no recorded kin tie points upwards; the print itself gives no generation numbers.	E205961	權聃	2	29	b
generation-repair	note	權眉 was moved down 2 generations (to 21) so that no recorded kin tie points upwards; the print itself gives no generation numbers.	E205966	權眉	2	29	b
generation-repair	note	李萬壽 was moved down 1 generation (to 20) so that no recorded kin tie points upwards; the print itself gives no generation numbers.	E205984	李萬壽	2	29	b
generation-repair	note	李延壽 was moved down 1 generation (to 20) so that no recorded kin tie points upwards; the print itself gives no generation numbers.	E205987	李延壽	2	29	b
generation-repair	note	李益壽 was moved down 1 generation (to 20) so that no recorded kin tie points upwards; the print itself gives no generation numbers.	E205998	李益壽	2	29	b
generation-repair	note	李眉壽 was moved down 1 generation (to 20) so that no recorded kin tie points upwards; the print itself gives no generation numbers.	E206004	李眉壽	2	29	b
generation-repair	note	李繼宗 was moved down 1 generation (to 21) so that no recorded kin tie points upwards; the print itself gives no generation numbers.	E206005	李繼宗	2	29	b
generation-repair	note	李克墩 was moved down 1 generation (to 20) so that no recorded kin tie points upwards; the print itself gives no generation numbers.	E302751	李克墩	2	29	b
generation-repair	note	權至 was moved down 1 generation (to 19) so that no recorded kin tie points upwards; the print itself gives no generation numbers.	E401225	權至	2	29	b
generation-repair	note	李孝禮 was moved down 1 generation (to 18) so that no recorded kin tie points upwards; the print itself gives no generation numbers.	E402518	李孝禮	2	29	b
generation-repair	note	金禮生 was moved down 1 generation (to 21) so that no recorded kin tie points upwards; the print itself gives no generation numbers.	E501121	金禮生	2	29	b
generation-repair	note	金胤宗 was moved down 1 generation (to 22) so that no recorded kin tie points upwards; the print itself gives no generation numbers.	E501123	金胤宗	2	29	b
generation-repair	note	金胤先 was moved down 1 generation (to 22) so that no recorded kin tie points upwards; the print itself gives no generation numbers.	E501132	金胤先	2	29	b
generation-repair	note	安懽 was moved down 1 generation (to 22) so that no recorded kin tie points upwards; the print itself gives no generation numbers.	E503140	安懽	2	29	b
generation-repair	note	安忭 was moved down 1 generation (to 22) so that no recorded kin tie points upwards; the print itself gives no generation numbers.	E503147	安忭	2	29	b
generation-repair	note	安恂 was moved down 1 generation (to 22) so that no recorded kin tie points upwards; the print itself gives no generation numbers.	E503154	安恂	2	29	b
generation-repair	note	崔漢忠 was moved down 1 generation (to 20) so that no recorded kin tie points upwards; the print itself gives no generation numbers.	E901681	崔漢忠	2	29	b
generation-repair	note	崔漢輔 was moved down 1 generation (to 20) so that no recorded kin tie points upwards; the print itself gives no generation numbers.	E901701	崔漢輔	2	29	b
generation-repair	note	安自諴 was moved down 1 generation (to 21) so that no recorded kin tie points upwards; the print itself gives no generation numbers.	E902455	安自諴	2	29	b
generation-repair	note	柳應祥 was moved down 1 generation (to 22) so that no recorded kin tie points upwards; the print itself gives no generation numbers.	E902458	柳應祥	2	29	b
generation-repair	note	趙確 was moved down 1 generation (to 20) so that no recorded kin tie points upwards; the print itself gives no generation numbers.	E101572	趙確	2	30	a
generation-repair	note	李子番 was moved down 1 generation (to 21) so that no recorded kin tie points upwards; the print itself gives no generation numbers.	E101577	李子番	2	30	a
generation-repair	note	趙烟 was moved down 1 generation (to 21) so that no recorded kin tie points upwards; the print itself gives no generation numbers.	E101583	趙烟	2	30	a
generation-repair	note	趙煥 was moved down 1 generation (to 21) so that no recorded kin tie points upwards; the print itself gives no generation numbers.	E101597	趙煥	2	30	a
generation-repair	note	李億壽 was moved down 1 generation (to 20) so that no recorded kin tie points upwards; the print itself gives no generation numbers.	E206016	李億壽	2	30	a
generation-repair	note	宋繼後 was moved down 1 generation (to 19) so that no recorded kin tie points upwards; the print itself gives no generation numbers.	E206021	宋繼後	2	30	a
generation-repair	note	李明孫 was moved down 1 generation (to 20) so that no recorded kin tie points upwards; the print itself gives no generation numbers.	E206024	李明孫	2	30	a
generation-repair	note	李希年 was moved down 1 generation (to 20) so that no recorded kin tie points upwards; the print itself gives no generation numbers.	E206033	李希年	2	30	a
generation-repair	note	宋宰 was moved down 1 generation (to 20) so that no recorded kin tie points upwards; the print itself gives no generation numbers.	E206035	宋宰	2	30	a
generation-repair	note	趙致中 was moved down 2 generations (to 20) so that no recorded kin tie points upwards; the print itself gives no generation numbers.	E206037	趙致中	2	30	a
generation-repair	note	具壽永 was moved down 1 generation (to 21) so that no recorded kin tie points upwards; the print itself gives no generation numbers.	E300069	具壽永	2	30	a
generation-repair	note	李友林 was moved down 1 generation (to 21) so that no recorded kin tie points upwards; the print itself gives no generation numbers.	E501292	李友林	2	30	a
generation-repair	note	李光興 was moved down 1 generation (to 21) so that no recorded kin tie points upwards; the print itself gives no generation numbers.	E705159	李光興	2	30	a
generation-repair	note	李昀 was moved down 1 generation (to 21) so that no recorded kin tie points upwards; the print itself gives no generation numbers.	E706046	李昀	2	30	a
generation-repair	note	李孝琳 was moved down 1 generation (to 21) so that no recorded kin tie points upwards; the print itself gives no generation numbers.	E706048	李孝琳	2	30	a
generation-repair	note	宋胤宗 was moved down 3 generations (to 22) so that no recorded kin tie points upwards; the print itself gives no generation numbers.	E901208	宋胤宗	2	30	a
generation-repair	note	具致洪 was moved down 1 generation (to 20) so that no recorded kin tie points upwards; the print itself gives no generation numbers.	E901353	具致洪	2	30	a
generation-repair	note	具壽城 was moved down 1 generation (to 21) so that no recorded kin tie points upwards; the print itself gives no generation numbers.	E901355	具壽城	2	30	a
generation-repair	note	宋宣 was moved down 2 generations (to 21) so that no recorded kin tie points upwards; the print itself gives no generation numbers.	EA02092	宋宣	2	30	a
generation-repair	note	宋連宗 was moved down 2 generations (to 22) so that no recorded kin tie points upwards; the print itself gives no generation numbers.	EC00509	宋連宗	2	30	a
generation-repair	note	尹沔 was moved down 1 generation (to 19) so that no recorded kin tie points upwards; the print itself gives no generation numbers.	EC01368	尹沔	2	30	a
generation-repair	note	沈胄 was moved down 1 generation (to 20) so that no recorded kin tie points upwards; the print itself gives no generation numbers.	EC01383	沈胄	2	30	a
generation-repair	note	沈匡弼 was moved down 1 generation (to 21) so that no recorded kin tie points upwards; the print itself gives no generation numbers.	EC01388	沈匡弼	2	30	a
generation-repair	note	姜萱 was moved down 2 generations (to 20) so that no recorded kin tie points upwards; the print itself gives no generation numbers.	5cac33fa-adc2-4725-af0f-6f91defa535d	姜萱	2	30	b
generation-repair	note	李則 was moved down 1 generation (to 20) so that no recorded kin tie points upwards; the print itself gives no generation numbers.	E102048	李則	2	30	b
generation-repair	note	權儉 was moved down 1 generation (to 19) so that no recorded kin tie points upwards; the print itself gives no generation numbers.	E102340	權儉	2	30	b
generation-repair	note	李㙲 was moved down 1 generation (to 20) so that no recorded kin tie points upwards; the print itself gives no generation numbers.	E102504	李㙲	2	30	b
generation-repair	note	李愓若 was moved down 1 generation (to 19) so that no recorded kin tie points upwards; the print itself gives no generation numbers.	E102727	李愓若	2	30	b
generation-repair	note	姜安福 was moved down 2 generations (to 19) so that no recorded kin tie points upwards; the print itself gives no generation numbers.	E200670	姜安福	2	30	b
generation-repair	note	李徠 was moved down 1 generation (to 20) so that no recorded kin tie points upwards; the print itself gives no generation numbers.	E206122	李徠	2	30	b
generation-repair	note	權昶 was moved down 1 generation (to 20) so that no recorded kin tie points upwards; the print itself gives no generation numbers.	E206131	權昶	2	30	b
generation-repair	note	權良 was moved down 1 generation (to 19) so that no recorded kin tie points upwards; the print itself gives no generation numbers.	E206136	權良	2	30	b
generation-repair	note	權九㱓 was moved down 1 generation (to 20) so that no recorded kin tie points upwards; the print itself gives no generation numbers.	E206140	權九㱓	2	30	b
generation-repair	note	權恭 was moved down 1 generation (to 19) so that no recorded kin tie points upwards; the print itself gives no generation numbers.	E206144	權恭	2	30	b
generation-repair	note	權讓 was moved down 1 generation (to 19) so that no recorded kin tie points upwards; the print itself gives no generation numbers.	E206157	權讓	2	30	b
generation-repair	note	權畏 was moved down 1 generation (to 19) so that no recorded kin tie points upwards; the print itself gives no generation numbers.	E206159	權畏	2	30	b
generation-repair	note	權愼 was moved down 1 generation (to 19) so that no recorded kin tie points upwards; the print itself gives no generation numbers.	E206160	權愼	2	30	b
generation-repair	note	李孝恭 was moved down 1 generation (to 19) so that no recorded kin tie points upwards; the print itself gives no generation numbers.	E300518	李孝恭	2	30	b
generation-repair	note	權旭 was moved down 1 generation (to 20) so that no recorded kin tie points upwards; the print itself gives no generation numbers.	E302961	權旭	2	30	b
generation-repair	note	權復 was moved down 1 generation (to 18) so that no recorded kin tie points upwards; the print itself gives no generation numbers.	E402519	權復	2	30	b
generation-repair	note	趙雲龍 was moved down 1 generation (to 21) so that no recorded kin tie points upwards; the print itself gives no generation numbers.	E501072	趙雲龍	2	30	b
generation-repair	note	權溫 was moved down 1 generation (to 19) so that no recorded kin tie points upwards; the print itself gives no generation numbers.	EA02924	權溫	2	30	b
generation-repair	note	權玄㱓 was moved down 1 generation (to 20) so that no recorded kin tie points upwards; the print itself gives no generation numbers.	EA03493	權玄㱓	2	30	b
generation-repair	note	沈匡輔 was moved down 1 generation (to 21) so that no recorded kin tie points upwards; the print itself gives no generation numbers.	EC01384	沈匡輔	2	30	b
generation-repair	note	沈匡佐 was moved down 1 generation (to 21) so that no recorded kin tie points upwards; the print itself gives no generation numbers.	EC01401	沈匡佐	2	30	b
generation-repair	note	柳季燔 was moved down 2 generations (to 20) so that no recorded kin tie points upwards; the print itself gives no generation numbers.	EC02308	柳季燔	2	30	b
generation-repair	note	姜蓁 was moved down 2 generations (to 20) so that no recorded kin tie points upwards; the print itself gives no generation numbers.	d6e1cca0-5682-4870-aadb-d83e9a9a7332	姜蓁	2	30	b
generation-repair	note	柳之盛 was moved down 1 generation (to 19) so that no recorded kin tie points upwards; the print itself gives no generation numbers.	E204091	柳之盛	2	31	a
generation-repair	note	李季町 was moved down 2 generations (to 19) so that no recorded kin tie points upwards; the print itself gives no generation numbers.	E205225	李季町	2	31	a
generation-repair	note	權瑭 was moved down 1 generation (to 19) so that no recorded kin tie points upwards; the print itself gives no generation numbers.	E206167	權瑭	2	31	a
generation-repair	note	權璋 was moved down 1 generation (to 19) so that no recorded kin tie points upwards; the print itself gives no generation numbers.	E206169	權璋	2	31	a
generation-repair	note	權瑚 was moved down 1 generation (to 19) so that no recorded kin tie points upwards; the print itself gives no generation numbers.	E206170	權瑚	2	31	a
generation-repair	note	權璘 was moved down 1 generation (to 19) so that no recorded kin tie points upwards; the print itself gives no generation numbers.	E206171	權璘	2	31	a
generation-repair	note	申從年 was moved down 1 generation (to 19) so that no recorded kin tie points upwards; the print itself gives no generation numbers.	E206172	申從年	2	31	a
generation-repair	note	權得 was moved down 1 generation (to 18) so that no recorded kin tie points upwards; the print itself gives no generation numbers.	E402520	權得	2	31	a
generation-repair	note	尹太山 was moved down 1 generation (to 18) so that no recorded kin tie points upwards; the print itself gives no generation numbers.	E402522	尹太山	2	31	a
generation-repair	note	朴軒 was moved down 1 generation (to 20) so that no recorded kin tie points upwards; the print itself gives no generation numbers.	E103093	朴軒	2	31	b
generation-repair	note	崔虎山 was moved down 2 generations (to 20) so that no recorded kin tie points upwards; the print itself gives no generation numbers.	E000380	崔虎山	2	32	a
generation-repair	note	朴從幹 was moved down 1 generation (to 18) so that no recorded kin tie points upwards; the print itself gives no generation numbers.	E100703	朴從幹	2	32	a
generation-repair	note	朴復卿 was moved down 1 generation (to 20) so that no recorded kin tie points upwards; the print itself gives no generation numbers.	E101169	朴復卿	2	32	a
generation-repair	note	尹瑗 was moved down 1 generation (to 20) so that no recorded kin tie points upwards; the print itself gives no generation numbers.	E206334	尹瑗	2	32	a
generation-repair	note	朴景祉 was moved down 1 generation (to 19) so that no recorded kin tie points upwards; the print itself gives no generation numbers.	E206360	朴景祉	2	32	a
generation-repair	note	元瑾 was moved down 1 generation (to 20) so that no recorded kin tie points upwards; the print itself gives no generation numbers.	E206375	元瑾	2	32	a
generation-repair	note	李孟孫 was moved down 1 generation (to 19) so that no recorded kin tie points upwards; the print itself gives no generation numbers.	E206377	李孟孫	2	32	a
generation-repair	note	李鱗 was moved down 1 generation (to 19) so that no recorded kin tie points upwards; the print itself gives no generation numbers.	E206379	李鱗	2	32	a
generation-repair	note	金恞 was moved down 1 generation (to 19) so that no recorded kin tie points upwards; the print itself gives no generation numbers.	E100121	金恞	2	32	b
generation-repair	note	尹仲涓 was moved down 1 generation (to 20) so that no recorded kin tie points upwards; the print itself gives no generation numbers.	E102307	尹仲涓	2	32	b
generation-repair	note	趙慈 was moved down 1 generation (to 18) so that no recorded kin tie points upwards; the print itself gives no generation numbers.	E300802	趙慈	2	32	b
generation-repair	note	任孝敦 was moved down 1 generation (to 18) so that no recorded kin tie points upwards; the print itself gives no generation numbers.	E402532	任孝敦	2	32	b
generation-repair	note	尹伯涓 was moved down 1 generation (to 20) so that no recorded kin tie points upwards; the print itself gives no generation numbers.	E903455	尹伯涓	2	32	b
generation-repair	note	愼承福 was moved down 1 generation (to 20) so that no recorded kin tie points upwards; the print itself gives no generation numbers.	E903464	愼承福	2	32	b
generation-repair	note	尹深 was moved down 1 generation (to 19) so that no recorded kin tie points upwards; the print itself gives no generation numbers.	EC02322	尹深	2	32	b
generation-repair	note	姜利行 was moved down 2 generations (to 20) so that no recorded kin tie points upwards; the print itself gives no generation numbers.	E200277	姜利行	2	33	a
generation-repair	note	許確 was moved down 2 generations (to 21) so that no recorded kin tie points upwards; the print itself gives no generation numbers.	E201886	許確	2	33	a
generation-repair	note	申永和 was moved down 2 generations (to 21) so that no recorded kin tie points upwards; the print itself gives no generation numbers.	E902603	申永和	2	33	a
generation-repair	note	朴林宗 was moved down 1 generation (to 20) so that no recorded kin tie points upwards; the print itself gives no generation numbers.	EA00447	朴林宗	2	33	a
generation-repair	note	慶侃 was moved down 1 generation (to 19) so that no recorded kin tie points upwards; the print itself gives no generation numbers.	E302926	慶侃	2	33	b
generation-repair	note	許瑞 was moved down 1 generation (to 20) so that no recorded kin tie points upwards; the print itself gives no generation numbers.	E900110	許瑞	2	33	b
generation-repair	note	許蘅 was moved down 1 generation (to 19) so that no recorded kin tie points upwards; the print itself gives no generation numbers.	E900111	許蘅	2	33	b
generation-repair	note	許瑊 was moved down 1 generation (to 20) so that no recorded kin tie points upwards; the print itself gives no generation numbers.	E902632	許瑊	2	33	b
generation-repair	note	李承重 was moved down 1 generation (to 20) so that no recorded kin tie points upwards; the print itself gives no generation numbers.	EA01137	李承重	2	33	b
generation-repair	note	許璠 was moved down 1 generation (to 20) so that no recorded kin tie points upwards; the print itself gives no generation numbers.	EA03910	許璠	2	33	b
generation-repair	note	權欽 was moved down 1 generation (to 21) so that no recorded kin tie points upwards; the print itself gives no generation numbers.	E101755	權欽	2	34	a
generation-repair	note	權晏 was moved down 1 generation (to 20) so that no recorded kin tie points upwards; the print itself gives no generation numbers.	E103077	權晏	2	34	a
generation-repair	note	金宗智 was moved down 1 generation (to 21) so that no recorded kin tie points upwards; the print itself gives no generation numbers.	E206398	金宗智	2	34	a
generation-repair	note	權智 was moved down 1 generation (to 20) so that no recorded kin tie points upwards; the print itself gives no generation numbers.	E206408	權智	2	34	a
generation-repair	note	曺承重 was moved down 1 generation (to 19) so that no recorded kin tie points upwards; the print itself gives no generation numbers.	E206409	曺承重	2	34	a
generation-repair	note	崔漢伯 was moved down 4 generations (to 20) so that no recorded kin tie points upwards; the print itself gives no generation numbers.	E206411	崔漢伯	2	34	a
generation-repair	note	曺倜 was moved down 1 generation (to 20) so that no recorded kin tie points upwards; the print itself gives no generation numbers.	E206414	曺倜	2	34	a
generation-repair	note	曺保 was moved down 1 generation (to 20) so that no recorded kin tie points upwards; the print itself gives no generation numbers.	E206420	曺保	2	34	a
generation-repair	note	池繼海 was moved down 1 generation (to 19) so that no recorded kin tie points upwards; the print itself gives no generation numbers.	E206421	池繼海	2	34	a
generation-repair	note	文敏 was moved down 1 generation (to 19) so that no recorded kin tie points upwards; the print itself gives no generation numbers.	E400593	文敏	2	34	a
generation-repair	note	文諶 was moved down 2 generations (to 20) so that no recorded kin tie points upwards; the print itself gives no generation numbers.	E706056	文諶	2	34	a
generation-repair	note	文譿 was moved down 1 generation (to 20) so that no recorded kin tie points upwards; the print itself gives no generation numbers.	E706057	文譿	2	34	a
generation-repair	note	文諗 was moved down 1 generation (to 20) so that no recorded kin tie points upwards; the print itself gives no generation numbers.	E706058	文諗	2	34	a
generation-repair	note	鄭以僑 was moved down 4 generations (to 21) so that no recorded kin tie points upwards; the print itself gives no generation numbers.	E901138	鄭以僑	2	34	a
generation-repair	note	南輳 was moved down 2 generations (to 20) so that no recorded kin tie points upwards; the print itself gives no generation numbers.	EA01079	南輳	2	34	a
generation-repair	note	柳承緖 was moved down 1 generation (to 20) so that no recorded kin tie points upwards; the print itself gives no generation numbers.	EB01934	柳承緖	2	34	a
generation-repair	note	池允源 was moved down 1 generation (to 20) so that no recorded kin tie points upwards; the print itself gives no generation numbers.	EC01845	池允源	2	34	a
generation-repair	note	洪允清 was moved down 2 generations (to 20) so that no recorded kin tie points upwards; the print itself gives no generation numbers.	E302511	洪允清	2	34	b
generation-repair	note	權節 was moved down 1 generation (to 19) so that no recorded kin tie points upwards; the print itself gives no generation numbers.	E304548	權節	2	34	b
generation-repair	note	權自平 was moved down 1 generation (to 20) so that no recorded kin tie points upwards; the print itself gives no generation numbers.	E304550	權自平	2	34	b
generation-repair	note	辛得涵 was moved down 1 generation (to 20) so that no recorded kin tie points upwards; the print itself gives no generation numbers.	EA02893	辛得涵	2	34	b
generation-repair	note	權自均 was moved down 2 generations (to 21) so that no recorded kin tie points upwards; the print itself gives no generation numbers.	EA04074	權自均	2	34	b
generation-repair	note	李鐵石 was moved down 1 generation (to 21) so that no recorded kin tie points upwards; the print itself gives no generation numbers.	E703867	李鐵石	2	35	a
generation-repair	note	李孝植 was moved down 1 generation (to 20) so that no recorded kin tie points upwards; the print itself gives no generation numbers.	E101124	李孝植	2	36	b
generation-repair	note	鄭棄 was moved down 1 generation (to 20) so that no recorded kin tie points upwards; the print itself gives no generation numbers.	E304743	鄭棄	2	36	b
generation-repair	note	李孝老 was moved down 1 generation (to 18) so that no recorded kin tie points upwards; the print itself gives no generation numbers.	E100529	李孝老	2	37	a
generation-repair	note	南景祐 was moved down 1 generation (to 18) so that no recorded kin tie points upwards; the print itself gives no generation numbers.	E101113	南景祐	2	37	a
generation-repair	note	沈湄 was moved down 1 generation (to 19) so that no recorded kin tie points upwards; the print itself gives no generation numbers.	E101115	沈湄	2	37	a
generation-repair	note	孫繼溫 was moved down 1 generation (to 20) so that no recorded kin tie points upwards; the print itself gives no generation numbers.	E301374	孫繼溫	2	37	a
generation-repair	note	元自恭 was moved down 1 generation (to 19) so that no recorded kin tie points upwards; the print itself gives no generation numbers.	E304800	元自恭	2	37	a
generation-repair	note	元自敬 was moved down 1 generation (to 19) so that no recorded kin tie points upwards; the print itself gives no generation numbers.	E304802	元自敬	2	37	a
generation-repair	note	孫繼良 was moved down 1 generation (to 20) so that no recorded kin tie points upwards; the print itself gives no generation numbers.	E304813	孫繼良	2	37	a
generation-repair	note	元自讓 was moved down 1 generation (to 19) so that no recorded kin tie points upwards; the print itself gives no generation numbers.	E304826	元自讓	2	37	a
generation-repair	note	鄭吉祥 was moved down 1 generation (to 17) so that no recorded kin tie points upwards; the print itself gives no generation numbers.	E401027	鄭吉祥	2	37	a
generation-repair	note	孫謙 was moved down 1 generation (to 19) so that no recorded kin tie points upwards; the print itself gives no generation numbers.	E401506	孫謙	2	37	a
generation-repair	note	元閔生 was moved down 1 generation (to 18) so that no recorded kin tie points upwards; the print itself gives no generation numbers.	E402562	元閔生	2	37	a
generation-repair	note	鄭延慶 was moved down 1 generation (to 20) so that no recorded kin tie points upwards; the print itself gives no generation numbers.	E302928	鄭延慶	2	37	b
generation-repair	note	辛叔生 was moved down 1 generation (to 21) so that no recorded kin tie points upwards; the print itself gives no generation numbers.	E902245	辛叔生	2	37	b
generation-repair	note	元恭 was moved down 1 generation (to 18) so that no recorded kin tie points upwards; the print itself gives no generation numbers.	E300131	元恭	2	38	a
generation-repair	note	元龜 was moved down 1 generation (to 18) so that no recorded kin tie points upwards; the print itself gives no generation numbers.	E304900	元龜	2	38	a
generation-repair	note	元蒙 was moved down 1 generation (to 18) so that no recorded kin tie points upwards; the print itself gives no generation numbers.	E304916	元蒙	2	38	a
generation-repair	note	元崇 was moved down 1 generation (to 18) so that no recorded kin tie points upwards; the print itself gives no generation numbers.	E304927	元崇	2	38	a
generation-repair	note	元和 was moved down 1 generation (to 18) so that no recorded kin tie points upwards; the print itself gives no generation numbers.	E304928	元和	2	38	a
generation-repair	note	陳畤 was moved down 1 generation (to 18) so that no recorded kin tie points upwards; the print itself gives no generation numbers.	E304967	陳畤	2	38	a
generation-repair	note	趙瑊 was moved down 1 generation (to 18) so that no recorded kin tie points upwards; the print itself gives no generation numbers.	E304978	趙瑊	2	38	a
generation-repair	note	元有文 was moved down 1 generation (to 17) so that no recorded kin tie points upwards; the print itself gives no generation numbers.	E400085	元有文	2	38	a
generation-repair	note	柳孝根 was moved down 3 generations (to 20) so that no recorded kin tie points upwards; the print itself gives no generation numbers.	E100767	柳孝根	2	38	b
generation-repair	note	柳季孫 was moved down 2 generations (to 20) so that no recorded kin tie points upwards; the print itself gives no generation numbers.	E304087	柳季孫	2	38	b
generation-repair	note	曺閈 was moved down 1 generation (to 20) so that no recorded kin tie points upwards; the print itself gives no generation numbers.	E305030	曺閈	2	38	b
generation-repair	note	曺闓 was moved down 1 generation (to 20) so that no recorded kin tie points upwards; the print itself gives no generation numbers.	E305039	曺闓	2	38	b
generation-repair	note	李偵 was moved down 1 generation (to 20) so that no recorded kin tie points upwards; the print itself gives no generation numbers.	E305040	李偵	2	38	b
generation-repair	note	許慥 was moved down 2 generations (to 20) so that no recorded kin tie points upwards; the print itself gives no generation numbers.	E103873	許慥	2	39	a
generation-repair	note	李繼明 was moved down 3 generations (to 22) so that no recorded kin tie points upwards; the print itself gives no generation numbers.	E300085	李繼明	2	39	a
generation-repair	note	李桂林 was moved down 1 generation (to 21) so that no recorded kin tie points upwards; the print itself gives no generation numbers.	E304399	李桂林	2	39	a
generation-repair	note	洪若衷 was moved down 1 generation (to 21) so that no recorded kin tie points upwards; the print itself gives no generation numbers.	E304401	洪若衷	2	39	a
generation-repair	note	洪若彛 was moved down 2 generations (to 21) so that no recorded kin tie points upwards; the print itself gives no generation numbers.	E304411	洪若彛	2	39	a
generation-repair	note	洪若輶 was moved down 1 generation (to 21) so that no recorded kin tie points upwards; the print itself gives no generation numbers.	E304418	洪若輶	2	39	a
generation-repair	note	洪若忱 was moved down 1 generation (to 21) so that no recorded kin tie points upwards; the print itself gives no generation numbers.	E304428	洪若忱	2	39	a
generation-repair	note	許訥 was moved down 2 generations (to 19) so that no recorded kin tie points upwards; the print itself gives no generation numbers.	E305064	許訥	2	39	a
generation-repair	note	尹士昐 was moved down 1 generation (to 18) so that no recorded kin tie points upwards; the print itself gives no generation numbers.	E300008	尹士昐	2	39	b
generation-repair	note	尹欽 was moved down 1 generation (to 19) so that no recorded kin tie points upwards; the print itself gives no generation numbers.	E300010	尹欽	2	39	b
generation-repair	note	尹甫 was moved down 3 generations (to 22) so that no recorded kin tie points upwards; the print itself gives no generation numbers.	E300023	尹甫	2	39	b
generation-repair	note	李季男 was moved down 3 generations (to 22) so that no recorded kin tie points upwards; the print itself gives no generation numbers.	E300087	李季男	2	39	b
generation-repair	note	盧善卿 was moved down 1 generation (to 20) so that no recorded kin tie points upwards; the print itself gives no generation numbers.	E802626	盧善卿	2	39	b
generation-repair	note	成懼 was moved down 1 generation (to 19) so that no recorded kin tie points upwards; the print itself gives no generation numbers.	E901895	成懼	2	39	b
generation-repair	note	安璿 was moved down 2 generations (to 21) so that no recorded kin tie points upwards; the print itself gives no generation numbers.	E901897	安璿	2	39	b
generation-repair	note	金守千 was moved down 1 generation (to 20) so that no recorded kin tie points upwards; the print itself gives no generation numbers.	E901899	金守千	2	39	b
generation-repair	note	李崇壽 was moved down 1 generation (to 20) so that no recorded kin tie points upwards; the print itself gives no generation numbers.	E300099	李崇壽	2	40	a
generation-repair	note	李成茂 was moved down 1 generation (to 21) so that no recorded kin tie points upwards; the print itself gives no generation numbers.	E300101	李成茂	2	40	a
generation-repair	note	李成樑 was moved down 1 generation (to 21) so that no recorded kin tie points upwards; the print itself gives no generation numbers.	E300117	李成樑	2	40	a
generation-repair	note	金珝 was moved down 1 generation (to 21) so that no recorded kin tie points upwards; the print itself gives no generation numbers.	E300123	金珝	2	40	a
generation-repair	note	申宗幹 was moved down 1 generation (to 21) so that no recorded kin tie points upwards; the print itself gives no generation numbers.	E300127	申宗幹	2	40	a
generation-repair	note	吳千孫 was moved down 1 generation (to 21) so that no recorded kin tie points upwards; the print itself gives no generation numbers.	E300147	吳千孫	2	40	a
generation-repair	note	李繼義 was moved down 2 generations (to 21) so that no recorded kin tie points upwards; the print itself gives no generation numbers.	E300184	李繼義	2	40	a
generation-repair	note	玄俊 was moved down 1 generation (to 21) so that no recorded kin tie points upwards; the print itself gives no generation numbers.	E300246	玄俊	2	40	b
generation-repair	note	李孝貞 was moved down 2 generations (to 22) so that no recorded kin tie points upwards; the print itself gives no generation numbers.	E300274	李孝貞	2	40	b
generation-repair	note	李禮貞 was moved down 2 generations (to 22) so that no recorded kin tie points upwards; the print itself gives no generation numbers.	E300286	李禮貞	2	40	b
generation-repair	note	朝鮮 世祖 was moved down 3 generations (to 21) so that no recorded kin tie points upwards; the print itself gives no generation numbers.	E300370	朝鮮 世祖	2	40	b
generation-repair	note	朝鮮 月山大君 was moved down 4 generations (to 23) so that no recorded kin tie points upwards; the print itself gives no generation numbers.	E300032	朝鮮 月山大君	2	41	a
generation-repair	note	朝鮮 成宗 was moved down 4 generations (to 23) so that no recorded kin tie points upwards; the print itself gives no generation numbers.	E300049	朝鮮 成宗	2	41	a
generation-repair	note	朝鮮 德宗 was moved down 4 generations (to 22) so that no recorded kin tie points upwards; the print itself gives no generation numbers.	E300374	朝鮮 德宗	2	41	a
generation-repair	note	朝鮮 齊安大君 was moved down 3 generations (to 23) so that no recorded kin tie points upwards; the print itself gives no generation numbers.	E300454	朝鮮 齊安大君	2	41	a
generation-repair	note	尹頊 was moved down 1 generation (to 21) so that no recorded kin tie points upwards; the print itself gives no generation numbers.	E300478	尹頊	2	41	a
generation-repair	note	李吉甫 was moved down 1 generation (to 20) so that no recorded kin tie points upwards; the print itself gives no generation numbers.	E300517	李吉甫	2	41	a
generation-repair	note	韓繼善 was moved down 1 generation (to 20) so that no recorded kin tie points upwards; the print itself gives no generation numbers.	E104065	韓繼善	2	41	b
generation-repair	note	李石文 was moved down 1 generation (to 19) so that no recorded kin tie points upwards; the print itself gives no generation numbers.	E300525	李石文	2	41	b
generation-repair	note	李玉文 was moved down 1 generation (to 19) so that no recorded kin tie points upwards; the print itself gives no generation numbers.	E300532	李玉文	2	41	b
generation-repair	note	李順文 was moved down 1 generation (to 19) so that no recorded kin tie points upwards; the print itself gives no generation numbers.	E300535	李順文	2	41	b
generation-repair	note	李遇文 was moved down 1 generation (to 19) so that no recorded kin tie points upwards; the print itself gives no generation numbers.	E300537	李遇文	2	41	b
generation-repair	note	趙慕 was moved down 1 generation (to 18) so that no recorded kin tie points upwards; the print itself gives no generation numbers.	E300544	趙慕	2	41	b
generation-repair	note	趙宗孝 was moved down 1 generation (to 19) so that no recorded kin tie points upwards; the print itself gives no generation numbers.	E300548	趙宗孝	2	41	b
generation-repair	note	趙勛 was moved down 1 generation (to 20) so that no recorded kin tie points upwards; the print itself gives no generation numbers.	E300549	趙勛	2	41	b
generation-repair	note	朴壔 was moved down 1 generation (to 20) so that no recorded kin tie points upwards; the print itself gives no generation numbers.	E300576	朴壔	2	41	b
generation-repair	note	趙宗智 was moved down 1 generation (to 19) so that no recorded kin tie points upwards; the print itself gives no generation numbers.	E300638	趙宗智	2	41	b
generation-repair	note	文敍 was moved down 1 generation (to 19) so that no recorded kin tie points upwards; the print itself gives no generation numbers.	E400597	文敍	2	41	b
generation-repair	note	文孟敦 was moved down 1 generation (to 20) so that no recorded kin tie points upwards; the print itself gives no generation numbers.	E904369	文孟敦	2	41	b
generation-repair	note	文孟衷 was moved down 1 generation (to 20) so that no recorded kin tie points upwards; the print itself gives no generation numbers.	E904379	文孟衷	2	41	b
generation-repair	note	柳塘 was moved down 1 generation (to 20) so that no recorded kin tie points upwards; the print itself gives no generation numbers.	835ef098-d990-40fc-90de-7ca1c5eeece8	柳塘	2	42	a
generation-repair	note	柳墰 was moved down 1 generation (to 20) so that no recorded kin tie points upwards; the print itself gives no generation numbers.	96469a69-e671-431c-bac0-e7cbae6561ba	柳墰	2	42	a
generation-repair	note	鄭胤曾 was moved down 2 generations (to 20) so that no recorded kin tie points upwards; the print itself gives no generation numbers.	E300336	鄭胤曾	2	42	a
generation-repair	note	金崇禮 was moved down 1 generation (to 19) so that no recorded kin tie points upwards; the print itself gives no generation numbers.	E300639	金崇禮	2	42	a
generation-repair	note	金孟暘 was moved down 1 generation (to 19) so that no recorded kin tie points upwards; the print itself gives no generation numbers.	E300643	金孟暘	2	42	a
generation-repair	note	柳敀淵 was moved down 1 generation (to 19) so that no recorded kin tie points upwards; the print itself gives no generation numbers.	E300648	柳敀淵	2	42	a
generation-repair	note	李孝溫 was moved down 1 generation (to 19) so that no recorded kin tie points upwards; the print itself gives no generation numbers.	E300791	李孝溫	2	42	a
generation-repair	note	李薈長 was moved down 1 generation (to 19) so that no recorded kin tie points upwards; the print itself gives no generation numbers.	E300793	李薈長	2	42	a
generation-repair	note	李孝忠 was moved down 1 generation (to 19) so that no recorded kin tie points upwards; the print itself gives no generation numbers.	E300804	李孝忠	2	42	a
generation-repair	note	鄭沃卿 was moved down 1 generation (to 19) so that no recorded kin tie points upwards; the print itself gives no generation numbers.	E300806	鄭沃卿	2	42	a
generation-repair	note	金益昌 was moved down 1 generation (to 19) so that no recorded kin tie points upwards; the print itself gives no generation numbers.	E300810	金益昌	2	42	a
generation-repair	note	趙之商 was moved down 2 generations (to 19) so that no recorded kin tie points upwards; the print itself gives no generation numbers.	E300816	趙之商	2	42	a
generation-repair	note	趙珣 was moved down 2 generations (to 20) so that no recorded kin tie points upwards; the print itself gives no generation numbers.	E300818	趙珣	2	42	a
generation-repair	note	文孟彰 was moved down 1 generation (to 20) so that no recorded kin tie points upwards; the print itself gives no generation numbers.	E904396	文孟彰	2	42	a
generation-repair	note	趙之魯 was moved down 1 generation (to 19) so that no recorded kin tie points upwards; the print itself gives no generation numbers.	E300835	趙之魯	2	42	b
generation-repair	note	趙貴孫 was moved down 1 generation (to 20) so that no recorded kin tie points upwards; the print itself gives no generation numbers.	E300921	趙貴孫	2	42	b
generation-repair	note	趙新孫 was moved down 1 generation (to 20) so that no recorded kin tie points upwards; the print itself gives no generation numbers.	E300950	趙新孫	2	42	b
generation-repair	note	趙之元 was moved down 1 generation (to 19) so that no recorded kin tie points upwards; the print itself gives no generation numbers.	E300957	趙之元	2	43	a
generation-repair	note	趙賢孫 was moved down 1 generation (to 20) so that no recorded kin tie points upwards; the print itself gives no generation numbers.	E300959	趙賢孫	2	43	a
generation-repair	note	趙明孫 was moved down 1 generation (to 20) so that no recorded kin tie points upwards; the print itself gives no generation numbers.	E300960	趙明孫	2	43	a
generation-repair	note	趙嗣元 was moved down 2 generations (to 21) so that no recorded kin tie points upwards; the print itself gives no generation numbers.	E300975	趙嗣元	2	43	a
generation-repair	note	趙云從 was moved down 1 generation (to 19) so that no recorded kin tie points upwards; the print itself gives no generation numbers.	E300983	趙云從	2	43	a
generation-repair	note	盧哲堅 was moved down 2 generations (to 20) so that no recorded kin tie points upwards; the print itself gives no generation numbers.	E301101	盧哲堅	2	43	a
generation-repair	note	李諧 was moved down 1 generation (to 20) so that no recorded kin tie points upwards; the print itself gives no generation numbers.	E301468	李諧	2	43	b
generation-repair	note	李山甫 was moved down 2 generations (to 21) so that no recorded kin tie points upwards; the print itself gives no generation numbers.	E301188	李山甫	2	44	a
generation-repair	note	尹子雲 was moved down 2 generations (to 20) so that no recorded kin tie points upwards; the print itself gives no generation numbers.	E301195	尹子雲	2	44	a
generation-repair	note	金承慶 was moved down 1 generation (to 20) so that no recorded kin tie points upwards; the print itself gives no generation numbers.	E301210	金承慶	2	44	b
generation-repair	note	姜𧨝 was moved down 1 generation (to 21) so that no recorded kin tie points upwards; the print itself gives no generation numbers.	E301212	姜𧨝	2	44	b
generation-repair	note	金國樑 was moved down 1 generation (to 21) so that no recorded kin tie points upwards; the print itself gives no generation numbers.	E301216	金國樑	2	44	b
generation-repair	note	李碩孫 was moved down 2 generations (to 20) so that no recorded kin tie points upwards; the print itself gives no generation numbers.	E301240	李碩孫	2	44	b
generation-repair	note	文承祚 was moved down 1 generation (to 19) so that no recorded kin tie points upwards; the print itself gives no generation numbers.	E400584	文承祚	2	44	b
generation-repair	note	文松壽 was moved down 1 generation (to 20) so that no recorded kin tie points upwards; the print itself gives no generation numbers.	E904326	文松壽	2	44	b
generation-repair	note	文修德 was moved down 2 generations (to 21) so that no recorded kin tie points upwards; the print itself gives no generation numbers.	E904329	文修德	2	44	b
generation-repair	note	鄭貫 was moved down 1 generation (to 20) so that no recorded kin tie points upwards; the print itself gives no generation numbers.	E904333	鄭貫	2	44	b
generation-repair	note	李復 was moved down 3 generations (to 21) so that no recorded kin tie points upwards; the print itself gives no generation numbers.	EA01097	李復	2	44	b
generation-repair	note	李長源 was moved down 1 generation (to 21) so that no recorded kin tie points upwards; the print itself gives no generation numbers.	E102374	李長源	2	45	a
generation-repair	note	李元亮 was moved down 1 generation (to 21) so that no recorded kin tie points upwards; the print itself gives no generation numbers.	E102681	李元亮	2	45	a
generation-repair	note	金孟誠 was moved down 2 generations (to 18) so that no recorded kin tie points upwards; the print itself gives no generation numbers.	E400481	金孟誠	2	45	a
generation-repair	note	閔子溫 was moved down 1 generation (to 19) so that no recorded kin tie points upwards; the print itself gives no generation numbers.	E401028	閔子溫	2	45	a
generation-repair	note	李介甫 was moved down 1 generation (to 20) so that no recorded kin tie points upwards; the print itself gives no generation numbers.	E903279	李介甫	2	45	a
generation-repair	note	李亨甫 was moved down 1 generation (to 20) so that no recorded kin tie points upwards; the print itself gives no generation numbers.	E903985	李亨甫	2	45	a
generation-repair	note	宋洗光 was moved down 2 generations (to 21) so that no recorded kin tie points upwards; the print itself gives no generation numbers.	EB02770	宋洗光	2	45	a
generation-repair	note	明 宣德帝 was moved down 2 generations (to 20) so that no recorded kin tie points upwards; the print itself gives no generation numbers.	E103615	明 宣德帝	2	45	b
generation-repair	note	金和 was moved down 3 generations (to 19) so that no recorded kin tie points upwards; the print itself gives no generation numbers.	E901419	金和	2	45	b
generation-repair	note	金克墩 was moved down 3 generations (to 20) so that no recorded kin tie points upwards; the print itself gives no generation numbers.	E901420	金克墩	2	45	b
generation-repair	note	金自中 was moved down 3 generations (to 20) so that no recorded kin tie points upwards; the print itself gives no generation numbers.	E901424	金自中	2	45	b
generation-repair	note	金克均 was moved down 3 generations (to 20) so that no recorded kin tie points upwards; the print itself gives no generation numbers.	E901426	金克均	2	45	b
generation-repair	note	崔敬本 was moved down 3 generations (to 20) so that no recorded kin tie points upwards; the print itself gives no generation numbers.	E901428	崔敬本	2	45	b
generation-repair	note	安琮 was moved down 3 generations (to 21) so that no recorded kin tie points upwards; the print itself gives no generation numbers.	E201803	安琮	2	46	a
generation-repair	note	金壽億 was moved down 3 generations (to 21) so that no recorded kin tie points upwards; the print itself gives no generation numbers.	E301230	金壽億	2	46	a
generation-repair	note	安玫 was moved down 2 generations (to 19) so that no recorded kin tie points upwards; the print itself gives no generation numbers.	E301351	安玫	2	46	a
generation-repair	note	李承胤 was moved down 1 generation (to 20) so that no recorded kin tie points upwards; the print itself gives no generation numbers.	E301356	李承胤	2	46	a
generation-repair	note	安瑚 was moved down 1 generation (to 21) so that no recorded kin tie points upwards; the print itself gives no generation numbers.	E505911	安瑚	2	46	a
generation-repair	note	楊子贍 was moved down 3 generations (to 21) so that no recorded kin tie points upwards; the print itself gives no generation numbers.	E505965	楊子贍	2	46	a
generation-repair	note	安琛 was moved down 3 generations (to 21) so that no recorded kin tie points upwards; the print itself gives no generation numbers.	E506098	安琛	2	46	a
generation-repair	note	安璣 was moved down 3 generations (to 21) so that no recorded kin tie points upwards; the print itself gives no generation numbers.	E506116	安璣	2	46	a
generation-repair	note	李順亨 was moved down 3 generations (to 21) so that no recorded kin tie points upwards; the print itself gives no generation numbers.	E802351	李順亨	2	46	a
generation-repair	note	李景昌 was moved down 2 generations (to 20) so that no recorded kin tie points upwards; the print itself gives no generation numbers.	E900156	李景昌	2	46	a
generation-repair	note	安知歸 was moved down 3 generations (to 20) so that no recorded kin tie points upwards; the print itself gives no generation numbers.	E904028	安知歸	2	46	a
generation-repair	note	李永瑞 was moved down 1 generation (to 20) so that no recorded kin tie points upwards; the print itself gives no generation numbers.	E300088	李永瑞	2	46	b
generation-repair	note	盧公著 was moved down 1 generation (to 21) so that no recorded kin tie points upwards; the print itself gives no generation numbers.	E301414	盧公著	2	46	b
generation-repair	note	柳輊 was moved down 2 generations (to 21) so that no recorded kin tie points upwards; the print itself gives no generation numbers.	E301418	柳輊	2	46	b
generation-repair	note	李季童 was moved down 1 generation (to 21) so that no recorded kin tie points upwards; the print itself gives no generation numbers.	E301420	李季童	2	46	b
generation-repair	note	李湛 was moved down 1 generation (to 18) so that no recorded kin tie points upwards; the print itself gives no generation numbers.	E301433	李湛	2	46	b
generation-repair	note	卞範 was moved down 1 generation (to 20) so that no recorded kin tie points upwards; the print itself gives no generation numbers.	E301466	卞範	2	46	b
generation-repair	note	李謀 was moved down 1 generation (to 20) so that no recorded kin tie points upwards; the print itself gives no generation numbers.	E301470	李謀	2	46	b
generation-repair	note	李漸 was moved down 1 generation (to 18) so that no recorded kin tie points upwards; the print itself gives no generation numbers.	E401275	李漸	2	46	b
generation-repair	note	李敷 was moved down 1 generation (to 20) so that no recorded kin tie points upwards; the print itself gives no generation numbers.	E301513	李敷	2	47	a
generation-repair	note	邊希哲 was moved down 1 generation (to 20) so that no recorded kin tie points upwards; the print itself gives no generation numbers.	E301521	邊希哲	2	47	a
generation-repair	note	崔思厚 was moved down 1 generation (to 19) so that no recorded kin tie points upwards; the print itself gives no generation numbers.	E301534	崔思厚	2	47	a
generation-repair	note	崔自濱 was moved down 1 generation (to 20) so that no recorded kin tie points upwards; the print itself gives no generation numbers.	E301535	崔自濱	2	47	a
generation-repair	note	崔長孫 was moved down 1 generation (to 21) so that no recorded kin tie points upwards; the print itself gives no generation numbers.	E301537	崔長孫	2	47	a
generation-repair	note	崔自泳 was moved down 1 generation (to 20) so that no recorded kin tie points upwards; the print itself gives no generation numbers.	E301540	崔自泳	2	47	a
generation-repair	note	安克祥 was moved down 1 generation (to 20) so that no recorded kin tie points upwards; the print itself gives no generation numbers.	E301542	安克祥	2	47	a
generation-repair	note	崔自澴 was moved down 1 generation (to 20) so that no recorded kin tie points upwards; the print itself gives no generation numbers.	E301544	崔自澴	2	47	a
generation-repair	note	盧信達 was moved down 1 generation (to 20) so that no recorded kin tie points upwards; the print itself gives no generation numbers.	E301551	盧信達	2	47	a
generation-repair	note	權孝良 was moved down 2 generations (to 20) so that no recorded kin tie points upwards; the print itself gives no generation numbers.	E301656	權孝良	2	47	b
generation-repair	note	李景行 was moved down 1 generation (to 19) so that no recorded kin tie points upwards; the print itself gives no generation numbers.	E301798	李景行	2	48	b
generation-repair	note	柳孝潭 was moved down 2 generations (to 19) so that no recorded kin tie points upwards; the print itself gives no generation numbers.	E301905	柳孝潭	2	48	b
generation-repair	note	柳孝智 was moved down 2 generations (to 19) so that no recorded kin tie points upwards; the print itself gives no generation numbers.	E301947	柳孝智	2	49	a
generation-repair	note	李頼 was moved down 1 generation (to 19) so that no recorded kin tie points upwards; the print itself gives no generation numbers.	E302021	李頼	2	49	a
generation-repair	note	李承彦 was moved down 2 generations (to 21) so that no recorded kin tie points upwards; the print itself gives no generation numbers.	E302105	李承彦	2	49	b
generation-repair	note	高台翼 was moved down 1 generation (to 19) so that no recorded kin tie points upwards; the print itself gives no generation numbers.	E900771	高台翼	2	49	b
generation-repair	note	柳仲孫 was moved down 2 generations (to 20) so that no recorded kin tie points upwards; the print itself gives no generation numbers.	E302145	柳仲孫	2	50	a
generation-repair	note	金季溫 was moved down 1 generation (to 20) so that no recorded kin tie points upwards; the print itself gives no generation numbers.	E105013	金季溫	2	50	b
generation-repair	note	金孟溫 was moved down 1 generation (to 20) so that no recorded kin tie points upwards; the print itself gives no generation numbers.	E302243	金孟溫	2	50	b
generation-repair	note	金仲溫 was moved down 1 generation (to 20) so that no recorded kin tie points upwards; the print itself gives no generation numbers.	E302244	金仲溫	2	50	b
generation-repair	note	崔滋 was moved down 1 generation (to 20) so that no recorded kin tie points upwards; the print itself gives no generation numbers.	E302251	崔滋	2	50	b
generation-repair	note	金先 was moved down 1 generation (to 20) so that no recorded kin tie points upwards; the print itself gives no generation numbers.	E302253	金先	2	50	b
generation-repair	note	李惟康 was moved down 2 generations (to 21) so that no recorded kin tie points upwards; the print itself gives no generation numbers.	E000993	李惟康	2	51	a
generation-repair	note	李壽川 was moved down 1 generation (to 20) so that no recorded kin tie points upwards; the print itself gives no generation numbers.	E101014	李壽川	2	51	a
generation-repair	note	金仲訥 was moved down 2 generations (to 20) so that no recorded kin tie points upwards; the print itself gives no generation numbers.	E302286	金仲訥	2	51	a
generation-repair	note	李惟孝 was moved down 2 generations (to 21) so that no recorded kin tie points upwards; the print itself gives no generation numbers.	E302305	李惟孝	2	51	a
generation-repair	note	李惟精 was moved down 2 generations (to 21) so that no recorded kin tie points upwards; the print itself gives no generation numbers.	E302331	李惟精	2	51	a
generation-repair	note	金輪 was moved down 2 generations (to 21) so that no recorded kin tie points upwards; the print itself gives no generation numbers.	E302336	金輪	2	51	a
generation-repair	note	李亨元 was moved down 2 generations (to 21) so that no recorded kin tie points upwards; the print itself gives no generation numbers.	E302348	李亨元	2	51	a
generation-repair	note	尹孜善 was moved down 2 generations (to 21) so that no recorded kin tie points upwards; the print itself gives no generation numbers.	E302366	尹孜善	2	51	a
generation-repair	note	洪量 was moved down 2 generations (to 21) so that no recorded kin tie points upwards; the print itself gives no generation numbers.	E000159	洪量	2	52	a
generation-repair	note	洪敬昌 was moved down 1 generation (to 21) so that no recorded kin tie points upwards; the print itself gives no generation numbers.	E000553	洪敬昌	2	52	a
generation-repair	note	洪師錫 was moved down 1 generation (to 18) so that no recorded kin tie points upwards; the print itself gives no generation numbers.	E302476	洪師錫	2	52	a
generation-repair	note	金順孫 was moved down 1 generation (to 19) so that no recorded kin tie points upwards; the print itself gives no generation numbers.	E302478	金順孫	2	52	a
generation-repair	note	金孟堅 was moved down 1 generation (to 20) so that no recorded kin tie points upwards; the print itself gives no generation numbers.	E302480	金孟堅	2	52	a
generation-repair	note	金仲堅 was moved down 1 generation (to 20) so that no recorded kin tie points upwards; the print itself gives no generation numbers.	E302481	金仲堅	2	52	a
generation-repair	note	洪伯涓 was moved down 1 generation (to 19) so that no recorded kin tie points upwards; the print itself gives no generation numbers.	E302482	洪伯涓	2	52	a
generation-repair	note	洪季涓 was moved down 1 generation (to 19) so that no recorded kin tie points upwards; the print itself gives no generation numbers.	E302483	洪季涓	2	52	a
generation-repair	note	洪順孫 was moved down 1 generation (to 20) so that no recorded kin tie points upwards; the print itself gives no generation numbers.	E302486	洪順孫	2	52	a
generation-repair	note	洪器 was moved down 2 generations (to 21) so that no recorded kin tie points upwards; the print itself gives no generation numbers.	E302513	洪器	2	52	a
generation-repair	note	洪度 was moved down 2 generations (to 21) so that no recorded kin tie points upwards; the print itself gives no generation numbers.	E302517	洪度	2	52	a
generation-repair	note	安彭命 was moved down 3 generations (to 21) so that no recorded kin tie points upwards; the print itself gives no generation numbers.	E900741	安彭命	2	52	a
generation-repair	note	洪吉昌 was moved down 1 generation (to 21) so that no recorded kin tie points upwards; the print itself gives no generation numbers.	bb2249f5-7bd6-43a4-8385-a621b0b8ad35	洪吉昌	2	52	a
generation-repair	note	李堧 was moved down 2 generations (to 20) so that no recorded kin tie points upwards; the print itself gives no generation numbers.	E302553	李堧	2	52	b
generation-repair	note	李保基 was moved down 2 generations (to 20) so that no recorded kin tie points upwards; the print itself gives no generation numbers.	E401465	李保基	2	52	b
generation-repair	note	安克思 was moved down 1 generation (to 19) so that no recorded kin tie points upwards; the print itself gives no generation numbers.	E102508	安克思	2	53	a
generation-repair	note	金智童 was moved down 1 generation (to 20) so that no recorded kin tie points upwards; the print itself gives no generation numbers.	E102513	金智童	2	53	a
generation-repair	note	崔閏身 was moved down 1 generation (to 20) so that no recorded kin tie points upwards; the print itself gives no generation numbers.	E102515	崔閏身	2	53	a
generation-repair	note	韓禹昌 was moved down 3 generations (to 22) so that no recorded kin tie points upwards; the print itself gives no generation numbers.	E804084	韓禹昌	2	53	a
generation-repair	note	鄭浩然 was moved down 1 generation (to 18) so that no recorded kin tie points upwards; the print itself gives no generation numbers.	E903194	鄭浩然	2	53	a
generation-repair	note	李叔謙 was moved down 1 generation (to 19) so that no recorded kin tie points upwards; the print itself gives no generation numbers.	E903197	李叔謙	2	53	a
generation-repair	note	韓洽 was moved down 1 generation (to 19) so that no recorded kin tie points upwards; the print itself gives no generation numbers.	E903199	韓洽	2	53	a
generation-repair	note	韓孝孫 was moved down 1 generation (to 20) so that no recorded kin tie points upwards; the print itself gives no generation numbers.	E903200	韓孝孫	2	53	a
generation-repair	note	文惠 was moved down 1 generation (to 20) so that no recorded kin tie points upwards; the print itself gives no generation numbers.	E903202	文惠	2	53	a
generation-repair	note	鳳城君 was moved down 3 generations (to 21) so that no recorded kin tie points upwards; the print itself gives no generation numbers.	EA01147	鳳城君	2	53	a
generation-repair	note	鄭永通 was moved down 1 generation (to 19) so that no recorded kin tie points upwards; the print itself gives no generation numbers.	EA01477	鄭永通	2	53	a
generation-repair	note	柳讓 was moved down 2 generations (to 21) so that no recorded kin tie points upwards; the print itself gives no generation numbers.	EA02700	柳讓	2	53	a
generation-repair	note	朴蔚 was moved down 1 generation (to 19) so that no recorded kin tie points upwards; the print itself gives no generation numbers.	E302605	朴蔚	2	53	b
generation-repair	note	朴繼祖 was moved down 1 generation (to 20) so that no recorded kin tie points upwards; the print itself gives no generation numbers.	E302608	朴繼祖	2	53	b
generation-repair	note	朴震孫 was moved down 1 generation (to 21) so that no recorded kin tie points upwards; the print itself gives no generation numbers.	E302609	朴震孫	2	53	b
generation-repair	note	徐濟 was moved down 1 generation (to 21) so that no recorded kin tie points upwards; the print itself gives no generation numbers.	E302610	徐濟	2	53	b
generation-repair	note	徐孟元 was moved down 1 generation (to 22) so that no recorded kin tie points upwards; the print itself gives no generation numbers.	E302612	徐孟元	2	53	b
generation-repair	note	成漢 was moved down 1 generation (to 22) so that no recorded kin tie points upwards; the print itself gives no generation numbers.	E302613	成漢	2	53	b
generation-repair	note	朴亨孫 was moved down 1 generation (to 21) so that no recorded kin tie points upwards; the print itself gives no generation numbers.	E302616	朴亨孫	2	53	b
generation-repair	note	朴利孫 was moved down 1 generation (to 21) so that no recorded kin tie points upwards; the print itself gives no generation numbers.	E302617	朴利孫	2	53	b
generation-repair	note	朴貞孫 was moved down 1 generation (to 21) so that no recorded kin tie points upwards; the print itself gives no generation numbers.	E302618	朴貞孫	2	53	b
generation-repair	note	朴承祖 was moved down 1 generation (to 20) so that no recorded kin tie points upwards; the print itself gives no generation numbers.	E302619	朴承祖	2	53	b
generation-repair	note	朴嗣祖 was moved down 1 generation (to 20) so that no recorded kin tie points upwards; the print itself gives no generation numbers.	E302620	朴嗣祖	2	53	b
generation-repair	note	朴纘祖 was moved down 1 generation (to 20) so that no recorded kin tie points upwards; the print itself gives no generation numbers.	E302637	朴纘祖	2	53	b
generation-repair	note	朴弘祖 was moved down 1 generation (to 20) so that no recorded kin tie points upwards; the print itself gives no generation numbers.	E302638	朴弘祖	2	53	b
generation-repair	note	朴順祖 was moved down 1 generation (to 20) so that no recorded kin tie points upwards; the print itself gives no generation numbers.	E302641	朴順祖	2	53	b
generation-repair	note	朴貴孫 was moved down 1 generation (to 21) so that no recorded kin tie points upwards; the print itself gives no generation numbers.	E302642	朴貴孫	2	53	b
generation-repair	note	李仁孫 was moved down 1 generation (to 18) so that no recorded kin tie points upwards; the print itself gives no generation numbers.	E302646	李仁孫	2	53	b
generation-repair	note	李元植 was moved down 1 generation (to 19) so that no recorded kin tie points upwards; the print itself gives no generation numbers.	E302650	李元植	2	53	b
generation-repair	note	李淑文 was moved down 1 generation (to 20) so that no recorded kin tie points upwards; the print itself gives no generation numbers.	E302652	李淑文	2	53	b
generation-repair	note	金思禹 was moved down 1 generation (to 19) so that no recorded kin tie points upwards; the print itself gives no generation numbers.	E302657	金思禹	2	53	b
generation-repair	note	盧信 was moved down 1 generation (to 17) so that no recorded kin tie points upwards; the print itself gives no generation numbers.	E402646	盧信	2	53	b
generation-repair	note	李世弼 was moved down 2 generations (to 21) so that no recorded kin tie points upwards; the print itself gives no generation numbers.	E900299	李世弼	2	53	b
generation-repair	note	金光瑞 was moved down 1 generation (to 21) so that no recorded kin tie points upwards; the print itself gives no generation numbers.	50957099-e875-4dec-b9e5-3d225a1a0f32	金光瑞	2	54	a
generation-repair	note	金沆 was moved down 2 generations (to 22) so that no recorded kin tie points upwards; the print itself gives no generation numbers.	6ee72c7a-0a88-4f4e-9821-e7dcb6d09320	金沆	2	54	a
generation-repair	note	李克堪 was moved down 1 generation (to 19) so that no recorded kin tie points upwards; the print itself gives no generation numbers.	E100765	李克堪	2	54	a
generation-repair	note	李世匡 was moved down 1 generation (to 21) so that no recorded kin tie points upwards; the print itself gives no generation numbers.	E203058	李世匡	2	54	a
generation-repair	note	李克均 was moved down 1 generation (to 19) so that no recorded kin tie points upwards; the print itself gives no generation numbers.	E300251	李克均	2	54	a
generation-repair	note	李世佐 was moved down 1 generation (to 20) so that no recorded kin tie points upwards; the print itself gives no generation numbers.	E302682	李世佐	2	54	a
generation-repair	note	李世佑 was moved down 2 generations (to 21) so that no recorded kin tie points upwards; the print itself gives no generation numbers.	E302695	李世佑	2	54	a
generation-repair	note	玄賁 was moved down 1 generation (to 20) so that no recorded kin tie points upwards; the print itself gives no generation numbers.	E302697	玄賁	2	54	a
generation-repair	note	李舜 was moved down 1 generation (to 20) so that no recorded kin tie points upwards; the print itself gives no generation numbers.	E302710	李舜	2	54	a
generation-repair	note	李世傑 was moved down 1 generation (to 20) so that no recorded kin tie points upwards; the print itself gives no generation numbers.	E302721	李世傑	2	54	a
generation-repair	note	李世卿 was moved down 1 generation (to 21) so that no recorded kin tie points upwards; the print itself gives no generation numbers.	E302762	李世卿	2	54	a
generation-repair	note	朴垠 was moved down 1 generation (to 20) so that no recorded kin tie points upwards; the print itself gives no generation numbers.	E501997	朴垠	2	54	a
generation-repair	note	李世銓 was moved down 1 generation (to 21) so that no recorded kin tie points upwards; the print itself gives no generation numbers.	E701541	李世銓	2	54	a
generation-repair	note	金永轍 was moved down 1 generation (to 18) so that no recorded kin tie points upwards; the print itself gives no generation numbers.	E302799	金永轍	2	54	b
generation-repair	note	韓𥑇 was moved down 2 generations (to 19) so that no recorded kin tie points upwards; the print itself gives no generation numbers.	E302803	韓𥑇	2	54	b
generation-repair	note	尹壽千 was moved down 3 generations (to 21) so that no recorded kin tie points upwards; the print itself gives no generation numbers.	E501114	尹壽千	3	1	b
generation-repair	note	宋淇 was moved down 2 generations (to 21) so that no recorded kin tie points upwards; the print itself gives no generation numbers.	E901440	宋淇	3	1	b
generation-repair	note	申永綏 was moved down 3 generations (to 21) so that no recorded kin tie points upwards; the print itself gives no generation numbers.	E901442	申永綏	3	1	b
generation-repair	note	李終岩 was moved down 2 generations (to 22) so that no recorded kin tie points upwards; the print itself gives no generation numbers.	EA00287	李終岩	3	2	a
generation-repair	note	李孜 was moved down 3 generations (to 19) so that no recorded kin tie points upwards; the print itself gives no generation numbers.	E200294	李孜	3	2	b
generation-repair	note	金老至 was moved down 2 generations (to 20) so that no recorded kin tie points upwards; the print itself gives no generation numbers.	E203823	金老至	3	2	b
generation-repair	note	鄭稗 was moved down 3 generations (to 20) so that no recorded kin tie points upwards; the print itself gives no generation numbers.	EA00228	鄭稗	3	2	b
generation-repair	note	李曾碩 was moved down 3 generations (to 20) so that no recorded kin tie points upwards; the print itself gives no generation numbers.	EA00229	李曾碩	3	2	b
generation-repair	note	尹汀 was moved down 2 generations (to 20) so that no recorded kin tie points upwards; the print itself gives no generation numbers.	EA00262	尹汀	3	2	b
generation-repair	note	李玉石 was moved down 2 generations (to 20) so that no recorded kin tie points upwards; the print itself gives no generation numbers.	EA00265	李玉石	3	2	b
generation-repair	note	李譓 was moved down 2 generations (to 19) so that no recorded kin tie points upwards; the print itself gives no generation numbers.	EA00308	李譓	3	2	b
generation-repair	note	李顆 was moved down 2 generations (to 20) so that no recorded kin tie points upwards; the print itself gives no generation numbers.	EA00314	李顆	3	2	b
generation-repair	note	李焜 was moved down 1 generation (to 21) so that no recorded kin tie points upwards; the print itself gives no generation numbers.	E201562	李焜	3	3	a
generation-repair	note	王宗仁 was moved down 1 generation (to 20) so that no recorded kin tie points upwards; the print itself gives no generation numbers.	EA00339	王宗仁	3	3	a
generation-repair	note	王宗禮 was moved down 1 generation (to 20) so that no recorded kin tie points upwards; the print itself gives no generation numbers.	EA00344	王宗禮	3	3	a
generation-repair	note	朴孟揆 was moved down 1 generation (to 21) so that no recorded kin tie points upwards; the print itself gives no generation numbers.	EA00352	朴孟揆	3	3	a
generation-repair	note	孫孝徹 was moved down 1 generation (to 21) so that no recorded kin tie points upwards; the print itself gives no generation numbers.	EA00371	孫孝徹	3	3	a
generation-repair	note	朴仲揆 was moved down 1 generation (to 21) so that no recorded kin tie points upwards; the print itself gives no generation numbers.	EA00382	朴仲揆	3	3	a
generation-repair	note	許宕 was moved down 1 generation (to 20) so that no recorded kin tie points upwards; the print itself gives no generation numbers.	EA00397	許宕	3	3	b
generation-repair	note	朴輳 was moved down 2 generations (to 21) so that no recorded kin tie points upwards; the print itself gives no generation numbers.	EA00477	朴輳	3	4	a
generation-repair	note	朴輔 was moved down 2 generations (to 21) so that no recorded kin tie points upwards; the print itself gives no generation numbers.	EA00478	朴輔	3	4	a
generation-repair	note	朴軫 was moved down 2 generations (to 21) so that no recorded kin tie points upwards; the print itself gives no generation numbers.	EA00484	朴軫	3	4	a
generation-repair	note	朴輊 was moved down 2 generations (to 21) so that no recorded kin tie points upwards; the print itself gives no generation numbers.	EA00487	朴輊	3	4	a
generation-repair	note	朴礫 was moved down 2 generations (to 22) so that no recorded kin tie points upwards; the print itself gives no generation numbers.	E100609	朴礫	3	4	b
generation-repair	note	柳怡 was moved down 1 generation (to 18) so that no recorded kin tie points upwards; the print itself gives no generation numbers.	E401642	柳怡	3	5	b
generation-repair	note	權瑊 was moved down 2 generations (to 20) so that no recorded kin tie points upwards; the print itself gives no generation numbers.	E901039	權瑊	3	5	b
generation-repair	note	柳子偕 was moved down 1 generation (to 19) so that no recorded kin tie points upwards; the print itself gives no generation numbers.	EA02686	柳子偕	3	5	b
generation-repair	note	柳塾 was moved down 1 generation (to 20) so that no recorded kin tie points upwards; the print itself gives no generation numbers.	EA02714	柳塾	3	5	b
generation-repair	note	成孝源 was moved down 3 generations (to 20) so that no recorded kin tie points upwards; the print itself gives no generation numbers.	EA02737	成孝源	3	5	b
generation-repair	note	河澍 was moved down 1 generation (to 20) so that no recorded kin tie points upwards; the print itself gives no generation numbers.	EA02744	河澍	3	5	b
generation-repair	note	柳守昌 was moved down 1 generation (to 20) so that no recorded kin tie points upwards; the print itself gives no generation numbers.	EB00276	柳守昌	3	5	b
generation-repair	note	柳漢長 was moved down 1 generation (to 20) so that no recorded kin tie points upwards; the print itself gives no generation numbers.	E205179	柳漢長	3	6	a
generation-repair	note	辛孟和 was moved down 1 generation (to 18) so that no recorded kin tie points upwards; the print itself gives no generation numbers.	E401652	辛孟和	3	6	a
generation-repair	note	柳漢平 was moved down 1 generation (to 20) so that no recorded kin tie points upwards; the print itself gives no generation numbers.	E900099	柳漢平	3	6	a
generation-repair	note	崔曦 was moved down 1 generation (to 20) so that no recorded kin tie points upwards; the print itself gives no generation numbers.	E901626	崔曦	3	6	a
generation-repair	note	金玲 was moved down 2 generations (to 21) so that no recorded kin tie points upwards; the print itself gives no generation numbers.	EA02032	金玲	3	6	a
generation-repair	note	鄭齊 was moved down 1 generation (to 20) so that no recorded kin tie points upwards; the print itself gives no generation numbers.	EA02758	鄭齊	3	6	a
generation-repair	note	柳子文 was moved down 1 generation (to 19) so that no recorded kin tie points upwards; the print itself gives no generation numbers.	EA02840	柳子文	3	6	a
generation-repair	note	李光明 was moved down 2 generations (to 19) so that no recorded kin tie points upwards; the print itself gives no generation numbers.	EC00187	李光明	3	6	a
generation-repair	note	宋介金 was moved down 1 generation (to 21) so that no recorded kin tie points upwards; the print itself gives no generation numbers.	45a43d6b-c2b6-4bc5-b32f-063bcfae75bf	宋介金	3	7	a
generation-repair	note	宋珍 was moved down 1 generation (to 20) so that no recorded kin tie points upwards; the print itself gives no generation numbers.	E301313	宋珍	3	7	a
generation-repair	note	朴茂 was moved down 1 generation (to 20) so that no recorded kin tie points upwards; the print itself gives no generation numbers.	E703675	朴茂	3	7	a
generation-repair	note	朴弘幹 was moved down 1 generation (to 19) so that no recorded kin tie points upwards; the print itself gives no generation numbers.	E904812	朴弘幹	3	7	a
generation-repair	note	李禮全 was moved down 1 generation (to 20) so that no recorded kin tie points upwards; the print itself gives no generation numbers.	E904815	李禮全	3	7	a
generation-repair	note	朴仁元 was moved down 1 generation (to 21) so that no recorded kin tie points upwards; the print itself gives no generation numbers.	E904818	朴仁元	3	7	a
generation-repair	note	朴仁亨 was moved down 1 generation (to 21) so that no recorded kin tie points upwards; the print itself gives no generation numbers.	E904819	朴仁亨	3	7	a
generation-repair	note	金孝孫 was moved down 1 generation (to 20) so that no recorded kin tie points upwards; the print itself gives no generation numbers.	E904832	金孝孫	3	7	a
generation-repair	note	李稛 was moved down 1 generation (to 19) so that no recorded kin tie points upwards; the print itself gives no generation numbers.	E904837	李稛	3	7	a
generation-repair	note	全符 was moved down 1 generation (to 20) so that no recorded kin tie points upwards; the print itself gives no generation numbers.	E904839	全符	3	7	a
generation-repair	note	全景文 was moved down 1 generation (to 21) so that no recorded kin tie points upwards; the print itself gives no generation numbers.	E904840	全景文	3	7	a
generation-repair	note	柳依 was moved down 1 generation (to 20) so that no recorded kin tie points upwards; the print itself gives no generation numbers.	EC02611	柳依	3	7	a
generation-repair	note	柳命山 was moved down 1 generation (to 21) so that no recorded kin tie points upwards; the print itself gives no generation numbers.	a0590bde-c602-43a2-9b2e-6ec5bc3daa8e	柳命山	3	7	a
generation-repair	note	尹商老 was moved down 1 generation (to 21) so that no recorded kin tie points upwards; the print itself gives no generation numbers.	E600026	尹商老	3	7	b
generation-repair	note	鄭益 was moved down 1 generation (to 20) so that no recorded kin tie points upwards; the print itself gives no generation numbers.	E901622	鄭益	3	7	b
generation-repair	note	李石崑 was moved down 1 generation (to 20) so that no recorded kin tie points upwards; the print itself gives no generation numbers.	E904209	李石崑	3	7	b
generation-repair	note	李石崙 was moved down 1 generation (to 20) so that no recorded kin tie points upwards; the print itself gives no generation numbers.	E904844	李石崙	3	7	b
generation-repair	note	李一陽 was moved down 1 generation (to 21) so that no recorded kin tie points upwards; the print itself gives no generation numbers.	E904845	李一陽	3	7	b
generation-repair	note	李繼宗 was moved down 1 generation (to 21) so that no recorded kin tie points upwards; the print itself gives no generation numbers.	E904846	李繼宗	3	7	b
generation-repair	note	柳依享 was moved down 1 generation (to 20) so that no recorded kin tie points upwards; the print itself gives no generation numbers.	E904849	柳依享	3	7	b
generation-repair	note	柳佛山 was moved down 1 generation (to 21) so that no recorded kin tie points upwards; the print itself gives no generation numbers.	E904850	柳佛山	3	7	b
generation-repair	note	李石峻 was moved down 1 generation (to 20) so that no recorded kin tie points upwards; the print itself gives no generation numbers.	E904851	李石峻	3	7	b
generation-repair	note	李貴玉 was moved down 1 generation (to 21) so that no recorded kin tie points upwards; the print itself gives no generation numbers.	E904852	李貴玉	3	7	b
generation-repair	note	李良玉 was moved down 1 generation (to 21) so that no recorded kin tie points upwards; the print itself gives no generation numbers.	E904853	李良玉	3	7	b
generation-repair	note	李善玉 was moved down 1 generation (to 21) so that no recorded kin tie points upwards; the print itself gives no generation numbers.	E904854	李善玉	3	7	b
generation-repair	note	鄭而漢 was moved down 1 generation (to 19) so that no recorded kin tie points upwards; the print itself gives no generation numbers.	E904856	鄭而漢	3	7	b
generation-repair	note	鄭摯 was moved down 1 generation (to 20) so that no recorded kin tie points upwards; the print itself gives no generation numbers.	E904864	鄭摯	3	7	b
generation-repair	note	朴弘智 was moved down 1 generation (to 19) so that no recorded kin tie points upwards; the print itself gives no generation numbers.	E103058	朴弘智	3	8	a
generation-repair	note	趙琮 was moved down 1 generation (to 20) so that no recorded kin tie points upwards; the print itself gives no generation numbers.	E103495	趙琮	3	8	a
generation-repair	note	趙永守 was moved down 1 generation (to 21) so that no recorded kin tie points upwards; the print itself gives no generation numbers.	E103497	趙永守	3	8	a
generation-repair	note	鄭奭 was moved down 1 generation (to 20) so that no recorded kin tie points upwards; the print itself gives no generation numbers.	E904865	鄭奭	3	8	a
generation-repair	note	鄭良 was moved down 1 generation (to 20) so that no recorded kin tie points upwards; the print itself gives no generation numbers.	E904866	鄭良	3	8	a
generation-repair	note	趙之縜 was moved down 1 generation (to 20) so that no recorded kin tie points upwards; the print itself gives no generation numbers.	E904869	趙之縜	3	8	a
generation-repair	note	朴弘直 was moved down 1 generation (to 19) so that no recorded kin tie points upwards; the print itself gives no generation numbers.	E904878	朴弘直	3	8	a
generation-repair	note	朴恭信 was moved down 1 generation (to 19) so that no recorded kin tie points upwards; the print itself gives no generation numbers.	E904879	朴恭信	3	8	a
generation-repair	note	朴陽昌 was moved down 1 generation (to 20) so that no recorded kin tie points upwards; the print itself gives no generation numbers.	E904881	朴陽昌	3	8	a
generation-repair	note	朴璟 was moved down 1 generation (to 20) so that no recorded kin tie points upwards; the print itself gives no generation numbers.	E904883	朴璟	3	8	a
generation-repair	note	河砺 was moved down 1 generation (to 20) so that no recorded kin tie points upwards; the print itself gives no generation numbers.	E904886	河砺	3	8	a
generation-repair	note	姜允寶 was moved down 1 generation (to 20) so that no recorded kin tie points upwards; the print itself gives no generation numbers.	E904888	姜允寶	3	8	a
generation-repair	note	李芮 was moved down 2 generations (to 20) so that no recorded kin tie points upwards; the print itself gives no generation numbers.	EB02674	李芮	3	8	a
generation-repair	note	趙玉貞 was moved down 1 generation (to 21) so that no recorded kin tie points upwards; the print itself gives no generation numbers.	e0687c61-8404-4cd4-84aa-65cc5f940180	趙玉貞	3	8	a
generation-repair	note	閔悃 was moved down 1 generation (to 20) so that no recorded kin tie points upwards; the print itself gives no generation numbers.	E900046	閔悃	3	8	b
generation-repair	note	金致運 was moved down 1 generation (to 21) so that no recorded kin tie points upwards; the print itself gives no generation numbers.	E900048	金致運	3	8	b
generation-repair	note	閔利孫 was moved down 1 generation (to 20) so that no recorded kin tie points upwards; the print itself gives no generation numbers.	E900069	閔利孫	3	8	b
generation-repair	note	洪浩 was moved down 1 generation (to 20) so that no recorded kin tie points upwards; the print itself gives no generation numbers.	E900073	洪浩	3	8	b
generation-repair	note	王地德 was moved down 1 generation (to 19) so that no recorded kin tie points upwards; the print itself gives no generation numbers.	E201107	王地德	3	9	a
generation-repair	note	辛肅 was moved down 1 generation (to 19) so that no recorded kin tie points upwards; the print itself gives no generation numbers.	E900303	辛肅	3	9	a
generation-repair	note	閔孝源 was moved down 2 generations (to 20) so that no recorded kin tie points upwards; the print itself gives no generation numbers.	E900324	閔孝源	3	9	a
generation-repair	note	閔懷曾 was moved down 2 generations (to 21) so that no recorded kin tie points upwards; the print itself gives no generation numbers.	E900326	閔懷曾	3	9	a
generation-repair	note	柳撛童 was moved down 1 generation (to 20) so that no recorded kin tie points upwards; the print itself gives no generation numbers.	E904981	柳撛童	3	9	a
generation-repair	note	宋終童 was moved down 2 generations (to 21) so that no recorded kin tie points upwards; the print itself gives no generation numbers.	04f75497-8bc7-4950-89b4-068a441da7e7	宋終童	3	9	b
generation-repair	note	韓澗 was moved down 2 generations (to 21) so that no recorded kin tie points upwards; the print itself gives no generation numbers.	E803688	韓澗	3	9	b
generation-repair	note	閔懷參 was moved down 2 generations (to 21) so that no recorded kin tie points upwards; the print itself gives no generation numbers.	E900327	閔懷參	3	9	b
generation-repair	note	閔懷騫 was moved down 2 generations (to 21) so that no recorded kin tie points upwards; the print itself gives no generation numbers.	E900328	閔懷騫	3	9	b
generation-repair	note	姜惟信 was moved down 2 generations (to 21) so that no recorded kin tie points upwards; the print itself gives no generation numbers.	E900338	姜惟信	3	9	b
generation-repair	note	宋益孫 was moved down 2 generations (to 20) so that no recorded kin tie points upwards; the print itself gives no generation numbers.	EA04129	宋益孫	3	9	b
generation-repair	note	黃自中 was moved down 2 generations (to 21) so that no recorded kin tie points upwards; the print itself gives no generation numbers.	EA04131	黃自中	3	9	b
generation-repair	note	宋璉 was moved down 2 generations (to 21) so that no recorded kin tie points upwards; the print itself gives no generation numbers.	EA04150	宋璉	3	9	b
generation-repair	note	宋瑚 was moved down 2 generations (to 21) so that no recorded kin tie points upwards; the print itself gives no generation numbers.	EB00738	宋瑚	3	9	b
generation-repair	note	廉縡 was moved down 1 generation (to 20) so that no recorded kin tie points upwards; the print itself gives no generation numbers.	E103534	廉縡	3	10	a
generation-repair	note	鄭之禮 was moved down 1 generation (to 18) so that no recorded kin tie points upwards; the print itself gives no generation numbers.	E401026	鄭之禮	3	10	a
generation-repair	note	具達忠 was moved down 1 generation (to 19) so that no recorded kin tie points upwards; the print itself gives no generation numbers.	E401039	具達忠	3	10	a
generation-repair	note	權景佑 was moved down 2 generations (to 21) so that no recorded kin tie points upwards; the print itself gives no generation numbers.	E800341	權景佑	3	10	a
generation-repair	note	魚孟濂 was moved down 2 generations (to 21) so that no recorded kin tie points upwards; the print itself gives no generation numbers.	E901212	魚孟濂	3	10	a
generation-repair	note	宋碩孫 was moved down 1 generation (to 20) so that no recorded kin tie points upwards; the print itself gives no generation numbers.	EA00236	宋碩孫	3	10	a
generation-repair	note	金光世 was moved down 1 generation (to 21) so that no recorded kin tie points upwards; the print itself gives no generation numbers.	EA01520	金光世	3	10	a
generation-repair	note	具良卿 was moved down 1 generation (to 20) so that no recorded kin tie points upwards; the print itself gives no generation numbers.	EA04193	具良卿	3	10	a
generation-repair	note	具壽長 was moved down 1 generation (to 21) so that no recorded kin tie points upwards; the print itself gives no generation numbers.	EA04194	具壽長	3	10	a
generation-repair	note	魚世謙 was moved down 1 generation (to 20) so that no recorded kin tie points upwards; the print itself gives no generation numbers.	EA04208	魚世謙	3	10	a
generation-repair	note	李敏元 was moved down 1 generation (to 20) so that no recorded kin tie points upwards; the print itself gives no generation numbers.	EA04220	李敏元	3	10	a
generation-repair	note	李仲規 was moved down 1 generation (to 20) so that no recorded kin tie points upwards; the print itself gives no generation numbers.	EC01742	李仲規	3	10	a
generation-repair	note	李謹行 was moved down 1 generation (to 21) so that no recorded kin tie points upwards; the print itself gives no generation numbers.	EC01744	李謹行	3	10	a
generation-repair	note	李敏 was moved down 3 generations (to 21) so that no recorded kin tie points upwards; the print itself gives no generation numbers.	E101378	李敏	3	10	b
generation-repair	note	朴崇文 was moved down 1 generation (to 20) so that no recorded kin tie points upwards; the print itself gives no generation numbers.	E102540	朴崇文	3	10	b
generation-repair	note	洪達宗 was moved down 1 generation (to 20) so that no recorded kin tie points upwards; the print itself gives no generation numbers.	EA04223	洪達宗	3	10	b
generation-repair	note	具頤 was moved down 1 generation (to 20) so that no recorded kin tie points upwards; the print itself gives no generation numbers.	EA04224	具頤	3	10	b
generation-repair	note	柳方善 was moved down 1 generation (to 19) so that no recorded kin tie points upwards; the print itself gives no generation numbers.	E101908	柳方善	3	11	a
generation-repair	note	柳沂 was moved down 1 generation (to 18) so that no recorded kin tie points upwards; the print itself gives no generation numbers.	E401456	柳沂	3	11	a
generation-repair	note	曺始孫 was moved down 1 generation (to 21) so that no recorded kin tie points upwards; the print itself gives no generation numbers.	E502552	曺始孫	3	11	a
generation-repair	note	柳守宗 was moved down 1 generation (to 21) so that no recorded kin tie points upwards; the print itself gives no generation numbers.	E502556	柳守宗	3	11	a
generation-repair	note	柳惠仝 was moved down 1 generation (to 21) so that no recorded kin tie points upwards; the print itself gives no generation numbers.	E502560	柳惠仝	3	11	a
generation-repair	note	陸機 was moved down 1 generation (to 21) so that no recorded kin tie points upwards; the print itself gives no generation numbers.	E502562	陸機	3	11	a
generation-repair	note	金有錚 was moved down 1 generation (to 21) so that no recorded kin tie points upwards; the print itself gives no generation numbers.	E502568	金有錚	3	11	a
generation-repair	note	金有鏗 was moved down 1 generation (to 21) so that no recorded kin tie points upwards; the print itself gives no generation numbers.	E502572	金有鏗	3	11	a
generation-repair	note	金䃴 was moved down 1 generation (to 21) so that no recorded kin tie points upwards; the print itself gives no generation numbers.	E502613	金䃴	3	11	a
generation-repair	note	柳伯堅 was moved down 1 generation (to 21) so that no recorded kin tie points upwards; the print itself gives no generation numbers.	E502638	柳伯堅	3	11	a
generation-repair	note	柳仲堅 was moved down 1 generation (to 21) so that no recorded kin tie points upwards; the print itself gives no generation numbers.	E502642	柳仲堅	3	11	a
generation-repair	note	金揮 was moved down 1 generation (to 21) so that no recorded kin tie points upwards; the print itself gives no generation numbers.	E901857	金揮	3	11	a
generation-repair	note	柳允庚 was moved down 1 generation (to 20) so that no recorded kin tie points upwards; the print itself gives no generation numbers.	E902109	柳允庚	3	11	a
generation-repair	note	房峻 was moved down 1 generation (to 20) so that no recorded kin tie points upwards; the print itself gives no generation numbers.	E902112	房峻	3	11	a
generation-repair	note	房紹祖 was moved down 1 generation (to 21) so that no recorded kin tie points upwards; the print itself gives no generation numbers.	E902113	房紹祖	3	11	a
generation-repair	note	柳允謙 was moved down 1 generation (to 20) so that no recorded kin tie points upwards; the print itself gives no generation numbers.	E902114	柳允謙	3	11	a
generation-repair	note	金永堅 was moved down 1 generation (to 20) so that no recorded kin tie points upwards; the print itself gives no generation numbers.	E902116	金永堅	3	11	a
generation-repair	note	金元信 was moved down 1 generation (to 20) so that no recorded kin tie points upwards; the print itself gives no generation numbers.	E902118	金元信	3	11	a
generation-repair	note	柳方敬 was moved down 1 generation (to 19) so that no recorded kin tie points upwards; the print itself gives no generation numbers.	E902119	柳方敬	3	11	a
generation-repair	note	柳休復 was moved down 1 generation (to 20) so that no recorded kin tie points upwards; the print itself gives no generation numbers.	E902121	柳休復	3	11	a
generation-repair	note	柳敦復 was moved down 1 generation (to 20) so that no recorded kin tie points upwards; the print itself gives no generation numbers.	E902122	柳敦復	3	11	a
generation-repair	note	柳石堅 was moved down 1 generation (to 21) so that no recorded kin tie points upwards; the print itself gives no generation numbers.	E902123	柳石堅	3	11	a
generation-repair	note	吳克俊 was moved down 1 generation (to 20) so that no recorded kin tie points upwards; the print itself gives no generation numbers.	E902125	吳克俊	3	11	a
generation-repair	note	金礪 was moved down 1 generation (to 20) so that no recorded kin tie points upwards; the print itself gives no generation numbers.	E902127	金礪	3	11	a
generation-repair	note	朴信同 was moved down 1 generation (to 20) so that no recorded kin tie points upwards; the print itself gives no generation numbers.	EA00368	朴信同	3	11	a
generation-repair	note	金永孫 was moved down 1 generation (to 21) so that no recorded kin tie points upwards; the print itself gives no generation numbers.	59e45e98-94fd-4164-9f98-94bd557984a0	金永孫	3	11	b
generation-repair	note	李孟㽥 was moved down 1 generation (to 18) so that no recorded kin tie points upwards; the print itself gives no generation numbers.	E401457	李孟㽥	3	11	b
generation-repair	note	李孟畇 was moved down 1 generation (to 18) so that no recorded kin tie points upwards; the print itself gives no generation numbers.	E401458	李孟畇	3	11	b
generation-repair	note	李孟畯 was moved down 1 generation (to 18) so that no recorded kin tie points upwards; the print itself gives no generation numbers.	E401461	李孟畯	3	11	b
generation-repair	note	李孟畛 was moved down 1 generation (to 18) so that no recorded kin tie points upwards; the print itself gives no generation numbers.	E401462	李孟畛	3	11	b
generation-repair	note	金自行 was moved down 1 generation (to 19) so that no recorded kin tie points upwards; the print itself gives no generation numbers.	E401464	金自行	3	11	b
generation-repair	note	李椅 was moved down 1 generation (to 19) so that no recorded kin tie points upwards; the print itself gives no generation numbers.	E401469	李椅	3	11	b
generation-repair	note	李垾 was moved down 1 generation (to 21) so that no recorded kin tie points upwards; the print itself gives no generation numbers.	EA00452	李垾	3	11	b
generation-repair	note	李灌 was moved down 2 generations (to 21) so that no recorded kin tie points upwards; the print itself gives no generation numbers.	EA01572	李灌	3	11	b
generation-repair	note	金仲演 was moved down 1 generation (to 20) so that no recorded kin tie points upwards; the print itself gives no generation numbers.	EA01970	金仲演	3	11	b
generation-repair	note	金叔演 was moved down 1 generation (to 20) so that no recorded kin tie points upwards; the print itself gives no generation numbers.	EA01976	金叔演	3	11	b
generation-repair	note	李俊 was moved down 2 generations (to 21) so that no recorded kin tie points upwards; the print itself gives no generation numbers.	EA01999	李俊	3	11	b
generation-repair	note	李涵 was moved down 2 generations (to 21) so that no recorded kin tie points upwards; the print itself gives no generation numbers.	EA02011	李涵	3	11	b
generation-repair	note	安友淵 was moved down 1 generation (to 21) so that no recorded kin tie points upwards; the print itself gives no generation numbers.	E301317	安友淵	3	12	a
generation-repair	note	李裕基 was moved down 1 generation (to 19) so that no recorded kin tie points upwards; the print itself gives no generation numbers.	E401473	李裕基	3	12	a
generation-repair	note	李厚 was moved down 1 generation (to 19) so that no recorded kin tie points upwards; the print itself gives no generation numbers.	E401475	李厚	3	12	a
generation-repair	note	朴耣 was moved down 1 generation (to 20) so that no recorded kin tie points upwards; the print itself gives no generation numbers.	E501996	朴耣	3	12	a
generation-repair	note	安友晢 was moved down 1 generation (to 21) so that no recorded kin tie points upwards; the print itself gives no generation numbers.	E802789	安友晢	3	12	a
generation-repair	note	權叔慄 was moved down 4 generations (to 21) so that no recorded kin tie points upwards; the print itself gives no generation numbers.	E900831	權叔慄	3	12	a
generation-repair	note	安訓 was moved down 1 generation (to 20) so that no recorded kin tie points upwards; the print itself gives no generation numbers.	E902019	安訓	3	12	a
generation-repair	note	李止堈 was moved down 2 generations (to 21) so that no recorded kin tie points upwards; the print itself gives no generation numbers.	E902023	李止堈	3	12	a
generation-repair	note	李䇏 was moved down 2 generations (to 22) so that no recorded kin tie points upwards; the print itself gives no generation numbers.	E902230	李䇏	3	12	a
generation-repair	note	李永期 was moved down 1 generation (to 21) so that no recorded kin tie points upwards; the print itself gives no generation numbers.	EA00322	李永期	3	12	a
generation-repair	note	李儹 was moved down 2 generations (to 21) so that no recorded kin tie points upwards; the print itself gives no generation numbers.	EA02089	李儹	3	12	a
generation-repair	note	李沆 was moved down 2 generations (to 21) so that no recorded kin tie points upwards; the print itself gives no generation numbers.	EA02093	李沆	3	12	a
generation-repair	note	李淹 was moved down 2 generations (to 21) so that no recorded kin tie points upwards; the print itself gives no generation numbers.	EA02106	李淹	3	12	a
generation-repair	note	金福其 was moved down 2 generations (to 21) so that no recorded kin tie points upwards; the print itself gives no generation numbers.	EA02127	金福其	3	12	a
generation-repair	note	金漢孫 was moved down 2 generations (to 22) so that no recorded kin tie points upwards; the print itself gives no generation numbers.	EA02128	金漢孫	3	12	a
generation-repair	note	李湑 was moved down 2 generations (to 21) so that no recorded kin tie points upwards; the print itself gives no generation numbers.	EA02146	李湑	3	12	a
generation-repair	note	金克諴 was moved down 2 generations (to 21) so that no recorded kin tie points upwards; the print itself gives no generation numbers.	EA02180	金克諴	3	12	a
generation-repair	note	金富春 was moved down 1 generation (to 20) so that no recorded kin tie points upwards; the print itself gives no generation numbers.	EA02215	金富春	3	12	a
generation-repair	note	安友商 was moved down 1 generation (to 21) so that no recorded kin tie points upwards; the print itself gives no generation numbers.	058f3d0b-5ec8-4e83-8158-126e9f2384a5	安友商	3	12	b
generation-repair	note	李塤 was moved down 1 generation (to 19) so that no recorded kin tie points upwards; the print itself gives no generation numbers.	E102976	李塤	3	12	b
generation-repair	note	河久 was moved down 1 generation (to 18) so that no recorded kin tie points upwards; the print itself gives no generation numbers.	E401477	河久	3	12	b
generation-repair	note	崔侃 was moved down 1 generation (to 21) so that no recorded kin tie points upwards; the print itself gives no generation numbers.	E501477	崔侃	3	12	b
generation-repair	note	崔偁 was moved down 1 generation (to 21) so that no recorded kin tie points upwards; the print itself gives no generation numbers.	E501496	崔偁	3	12	b
generation-repair	note	李惟淸 was moved down 1 generation (to 20) so that no recorded kin tie points upwards; the print itself gives no generation numbers.	E901537	李惟淸	3	12	b
generation-repair	note	崔昕 was moved down 1 generation (to 20) so that no recorded kin tie points upwards; the print itself gives no generation numbers.	E901633	崔昕	3	12	b
generation-repair	note	崔儉 was moved down 1 generation (to 21) so that no recorded kin tie points upwards; the print itself gives no generation numbers.	E901641	崔儉	3	12	b
generation-repair	note	崔健 was moved down 1 generation (to 21) so that no recorded kin tie points upwards; the print itself gives no generation numbers.	E901643	崔健	3	12	b
generation-repair	note	崔倬 was moved down 1 generation (to 21) so that no recorded kin tie points upwards; the print itself gives no generation numbers.	E901644	崔倬	3	12	b
generation-repair	note	尹江 was moved down 1 generation (to 21) so that no recorded kin tie points upwards; the print itself gives no generation numbers.	c611faaa-ae4b-422e-9d26-c245dca62afc	尹江	3	12	b
generation-repair	note	李壽垠 was moved down 2 generations (to 20) so that no recorded kin tie points upwards; the print itself gives no generation numbers.	EB02738	李壽垠	3	13	a
generation-repair	note	李龜孫 was moved down 2 generations (to 21) so that no recorded kin tie points upwards; the print itself gives no generation numbers.	EB02740	李龜孫	3	13	a
generation-repair	note	金堅壽 was moved down 2 generations (to 20) so that no recorded kin tie points upwards; the print itself gives no generation numbers.	E000356	金堅壽	3	13	b
generation-repair	note	河龜壽 was moved down 1 generation (to 21) so that no recorded kin tie points upwards; the print itself gives no generation numbers.	E901410	河龜壽	3	13	b
generation-repair	note	姜希孟 was moved down 1 generation (to 19) so that no recorded kin tie points upwards; the print itself gives no generation numbers.	E902053	姜希孟	3	13	b
generation-repair	note	河龜年 was moved down 1 generation (to 21) so that no recorded kin tie points upwards; the print itself gives no generation numbers.	EA02745	河龜年	3	13	b
generation-repair	note	李德生 was moved down 1 generation (to 21) so that no recorded kin tie points upwards; the print itself gives no generation numbers.	EA02755	李德生	3	13	b
generation-repair	note	尹岑 was moved down 1 generation (to 19) so that no recorded kin tie points upwards; the print itself gives no generation numbers.	E102574	尹岑	3	14	a
generation-repair	note	郭自安 was moved down 1 generation (to 20) so that no recorded kin tie points upwards; the print itself gives no generation numbers.	E103083	郭自安	3	14	b
generation-repair	note	李耕老 was moved down 2 generations (to 20) so that no recorded kin tie points upwards; the print itself gives no generation numbers.	E103084	李耕老	3	14	b
generation-repair	note	李耕元 was moved down 1 generation (to 20) so that no recorded kin tie points upwards; the print itself gives no generation numbers.	E103089	李耕元	3	14	b
generation-repair	note	柳伸 was moved down 1 generation (to 20) so that no recorded kin tie points upwards; the print itself gives no generation numbers.	E103091	柳伸	3	14	b
generation-repair	note	朴時衡 was moved down 1 generation (to 20) so that no recorded kin tie points upwards; the print itself gives no generation numbers.	E103095	朴時衡	3	14	b
generation-repair	note	金承圭 was moved down 3 generations (to 19) so that no recorded kin tie points upwards; the print itself gives no generation numbers.	E905042	金承圭	3	14	b
generation-repair	note	沈淄 was moved down 1 generation (to 20) so that no recorded kin tie points upwards; the print itself gives no generation numbers.	E905044	沈淄	3	14	b
generation-repair	note	康衮 was moved down 3 generations (to 20) so that no recorded kin tie points upwards; the print itself gives no generation numbers.	EC00334	康衮	3	14	b
generation-repair	note	李廣 was moved down 2 generations (to 21) so that no recorded kin tie points upwards; the print itself gives no generation numbers.	6bf9c1ee-5d0d-4464-9101-c5cbc92aca9a	李廣	3	15	a
generation-repair	note	李文壃 was moved down 2 generations (to 20) so that no recorded kin tie points upwards; the print itself gives no generation numbers.	E103518	李文壃	3	15	a
generation-repair	note	李元精 was moved down 2 generations (to 21) so that no recorded kin tie points upwards; the print itself gives no generation numbers.	E103521	李元精	3	15	a
generation-repair	note	李季疇 was moved down 1 generation (to 18) so that no recorded kin tie points upwards; the print itself gives no generation numbers.	E103868	李季疇	3	15	a
generation-repair	note	李儼 was moved down 1 generation (to 19) so that no recorded kin tie points upwards; the print itself gives no generation numbers.	E103875	李儼	3	15	a
generation-repair	note	李塏 was moved down 1 generation (to 19) so that no recorded kin tie points upwards; the print itself gives no generation numbers.	E203039	李塏	3	15	a
generation-repair	note	朴確 was moved down 1 generation (to 19) so that no recorded kin tie points upwards; the print itself gives no generation numbers.	E205095	朴確	3	15	a
generation-repair	note	李苡 was moved down 1 generation (to 19) so that no recorded kin tie points upwards; the print itself gives no generation numbers.	E205098	李苡	3	15	a
generation-repair	note	李壽淡 was moved down 1 generation (to 20) so that no recorded kin tie points upwards; the print itself gives no generation numbers.	E205100	李壽淡	3	15	a
generation-repair	note	李壽彭 was moved down 1 generation (to 20) so that no recorded kin tie points upwards; the print itself gives no generation numbers.	E205105	李壽彭	3	15	a
generation-repair	note	柳井文 was moved down 2 generations (to 20) so that no recorded kin tie points upwards; the print itself gives no generation numbers.	E303988	柳井文	3	15	a
generation-repair	note	朴仁昌 was moved down 1 generation (to 20) so that no recorded kin tie points upwards; the print itself gives no generation numbers.	E304526	朴仁昌	3	15	a
generation-repair	note	李伯常 was moved down 1 generation (to 18) so that no recorded kin tie points upwards; the print itself gives no generation numbers.	E401301	李伯常	3	15	a
generation-repair	note	李季憐 was moved down 1 generation (to 18) so that no recorded kin tie points upwards; the print itself gives no generation numbers.	E902239	李季憐	3	15	a
generation-repair	note	安貧世 was moved down 1 generation (to 20) so that no recorded kin tie points upwards; the print itself gives no generation numbers.	E903979	安貧世	3	15	a
generation-repair	note	崔潾 was moved down 1 generation (to 20) so that no recorded kin tie points upwards; the print itself gives no generation numbers.	E100755	崔潾	3	15	b
generation-repair	note	李塾 was moved down 1 generation (to 19) so that no recorded kin tie points upwards; the print itself gives no generation numbers.	E205119	李塾	3	15	b
generation-repair	note	李季甸 was moved down 1 generation (to 18) so that no recorded kin tie points upwards; the print itself gives no generation numbers.	E205138	李季甸	3	15	b
generation-repair	note	劉沼 was moved down 1 generation (to 19) so that no recorded kin tie points upwards; the print itself gives no generation numbers.	E205140	劉沼	3	15	b
generation-repair	note	李浥 was moved down 1 generation (to 20) so that no recorded kin tie points upwards; the print itself gives no generation numbers.	E205145	李浥	3	15	b
generation-repair	note	劉瑾 was moved down 1 generation (to 20) so that no recorded kin tie points upwards; the print itself gives no generation numbers.	E205149	劉瑾	3	15	b
generation-repair	note	劉璟 was moved down 1 generation (to 20) so that no recorded kin tie points upwards; the print itself gives no generation numbers.	E205153	劉璟	3	15	b
generation-repair	note	劉瓚 was moved down 1 generation (to 20) so that no recorded kin tie points upwards; the print itself gives no generation numbers.	E205155	劉瓚	3	15	b
generation-repair	note	崔延年 was moved down 1 generation (to 19) so that no recorded kin tie points upwards; the print itself gives no generation numbers.	E205156	崔延年	3	15	b
generation-repair	note	崔沃 was moved down 1 generation (to 20) so that no recorded kin tie points upwards; the print itself gives no generation numbers.	E205165	崔沃	3	15	b
generation-repair	note	盧公弼 was moved down 1 generation (to 20) so that no recorded kin tie points upwards; the print itself gives no generation numbers.	E701796	盧公弼	3	15	b
generation-repair	note	成俔 was moved down 1 generation (to 20) so that no recorded kin tie points upwards; the print itself gives no generation numbers.	E901884	成俔	3	15	b
generation-repair	note	崔淳 was moved down 1 generation (to 20) so that no recorded kin tie points upwards; the print itself gives no generation numbers.	E901950	崔淳	3	15	b
generation-repair	note	金軸 was moved down 1 generation (to 19) so that no recorded kin tie points upwards; the print itself gives no generation numbers.	E101816	金軸	3	16	a
generation-repair	note	鄭繼金 was moved down 1 generation (to 19) so that no recorded kin tie points upwards; the print itself gives no generation numbers.	E102293	鄭繼金	3	16	a
generation-repair	note	權善 was moved down 1 generation (to 19) so that no recorded kin tie points upwards; the print itself gives no generation numbers.	E202344	權善	3	16	a
generation-repair	note	閔慶安 was moved down 1 generation (to 20) so that no recorded kin tie points upwards; the print itself gives no generation numbers.	E204569	閔慶安	3	16	a
generation-repair	note	李坡 was moved down 1 generation (to 19) so that no recorded kin tie points upwards; the print itself gives no generation numbers.	E205181	李坡	3	16	a
generation-repair	note	李季畹 was moved down 1 generation (to 18) so that no recorded kin tie points upwards; the print itself gives no generation numbers.	E205212	李季畹	3	16	a
generation-repair	note	金崇老 was moved down 1 generation (to 18) so that no recorded kin tie points upwards; the print itself gives no generation numbers.	E205223	金崇老	3	16	a
generation-repair	note	金運西 was moved down 2 generations (to 20) so that no recorded kin tie points upwards; the print itself gives no generation numbers.	E205227	金運西	3	16	a
generation-repair	note	李坦 was moved down 2 generations (to 20) so that no recorded kin tie points upwards; the print itself gives no generation numbers.	E205229	李坦	3	16	a
generation-repair	note	朴英蕃 was moved down 2 generations (to 20) so that no recorded kin tie points upwards; the print itself gives no generation numbers.	E205267	朴英蕃	3	16	a
generation-repair	note	李墩 was moved down 1 generation (to 19) so that no recorded kin tie points upwards; the print itself gives no generation numbers.	E302779	李墩	3	16	a
generation-repair	note	李堣 was moved down 1 generation (to 19) so that no recorded kin tie points upwards; the print itself gives no generation numbers.	EA02443	李堣	3	16	a
generation-repair	note	尹愚 was moved down 1 generation (to 19) so that no recorded kin tie points upwards; the print itself gives no generation numbers.	E102527	尹愚	3	16	b
generation-repair	note	尹元根 was moved down 1 generation (to 20) so that no recorded kin tie points upwards; the print itself gives no generation numbers.	E102531	尹元根	3	16	b
generation-repair	note	姜孟卿 was moved down 1 generation (to 19) so that no recorded kin tie points upwards; the print itself gives no generation numbers.	E102533	姜孟卿	3	16	b
generation-repair	note	尹慈 was moved down 1 generation (to 19) so that no recorded kin tie points upwards; the print itself gives no generation numbers.	E102535	尹慈	3	16	b
generation-repair	note	河伯達 was moved down 1 generation (to 20) so that no recorded kin tie points upwards; the print itself gives no generation numbers.	E102538	河伯達	3	16	b
generation-repair	note	尹伯煴 was moved down 1 generation (to 20) so that no recorded kin tie points upwards; the print itself gives no generation numbers.	E102541	尹伯煴	3	16	b
generation-repair	note	趙祉 was moved down 1 generation (to 20) so that no recorded kin tie points upwards; the print itself gives no generation numbers.	E102543	趙祉	3	16	b
generation-repair	note	奇允濬 was moved down 1 generation (to 20) so that no recorded kin tie points upwards; the print itself gives no generation numbers.	E102545	奇允濬	3	16	b
generation-repair	note	尹恕 was moved down 1 generation (to 19) so that no recorded kin tie points upwards; the print itself gives no generation numbers.	E102546	尹恕	3	16	b
generation-repair	note	尹仲鈞 was moved down 1 generation (to 20) so that no recorded kin tie points upwards; the print itself gives no generation numbers.	E102547	尹仲鈞	3	16	b
generation-repair	note	兪惲 was moved down 1 generation (to 20) so that no recorded kin tie points upwards; the print itself gives no generation numbers.	E102549	兪惲	3	16	b
generation-repair	note	尹愈 was moved down 1 generation (to 19) so that no recorded kin tie points upwards; the print itself gives no generation numbers.	E102557	尹愈	3	16	b
generation-repair	note	尹彭壽 was moved down 1 generation (to 20) so that no recorded kin tie points upwards; the print itself gives no generation numbers.	E102558	尹彭壽	3	16	b
generation-repair	note	尹敏 was moved down 1 generation (to 19) so that no recorded kin tie points upwards; the print itself gives no generation numbers.	E102560	尹敏	3	16	b
generation-repair	note	尹喜孫 was moved down 1 generation (to 20) so that no recorded kin tie points upwards; the print itself gives no generation numbers.	E102562	尹喜孫	3	16	b
generation-repair	note	趙詮 was moved down 1 generation (to 19) so that no recorded kin tie points upwards; the print itself gives no generation numbers.	E102571	趙詮	3	16	b
generation-repair	note	尹之崑 was moved down 1 generation (to 20) so that no recorded kin tie points upwards; the print itself gives no generation numbers.	E102576	尹之崑	3	16	b
generation-repair	note	尹伯焞 was moved down 1 generation (to 20) so that no recorded kin tie points upwards; the print itself gives no generation numbers.	E200338	尹伯焞	3	16	b
generation-repair	note	尹喜男 was moved down 1 generation (to 20) so that no recorded kin tie points upwards; the print itself gives no generation numbers.	E203845	尹喜男	3	16	b
generation-repair	note	尹須彌 was moved down 1 generation (to 18) so that no recorded kin tie points upwards; the print itself gives no generation numbers.	E400791	尹須彌	3	16	b
generation-repair	note	尹俊童 was moved down 2 generations (to 20) so that no recorded kin tie points upwards; the print itself gives no generation numbers.	E000377	尹俊童	3	17	a
generation-repair	note	尹之峀 was moved down 1 generation (to 20) so that no recorded kin tie points upwards; the print itself gives no generation numbers.	E101859	尹之峀	3	17	a
generation-repair	note	尹之峻 was moved down 1 generation (to 20) so that no recorded kin tie points upwards; the print itself gives no generation numbers.	E102577	尹之峻	3	17	a
generation-repair	note	尹之崗 was moved down 1 generation (to 20) so that no recorded kin tie points upwards; the print itself gives no generation numbers.	E102578	尹之崗	3	17	a
generation-repair	note	尹之崇 was moved down 1 generation (to 20) so that no recorded kin tie points upwards; the print itself gives no generation numbers.	E102579	尹之崇	3	17	a
generation-repair	note	尹之嶸 was moved down 1 generation (to 20) so that no recorded kin tie points upwards; the print itself gives no generation numbers.	E102581	尹之嶸	3	17	a
generation-repair	note	尹巖 was moved down 1 generation (to 19) so that no recorded kin tie points upwards; the print itself gives no generation numbers.	E102582	尹巖	3	17	a
generation-repair	note	尹俊元 was moved down 1 generation (to 20) so that no recorded kin tie points upwards; the print itself gives no generation numbers.	E102584	尹俊元	3	17	a
generation-repair	note	尹俊生 was moved down 1 generation (to 20) so that no recorded kin tie points upwards; the print itself gives no generation numbers.	E102586	尹俊生	3	17	a
generation-repair	note	尹俊丁 was moved down 1 generation (to 20) so that no recorded kin tie points upwards; the print itself gives no generation numbers.	E203398	尹俊丁	3	17	a
generation-repair	note	申燦求 was moved down 1 generation (to 20) so that no recorded kin tie points upwards; the print itself gives no generation numbers.	E203619	申燦求	3	17	a
generation-repair	note	尹俊文 was moved down 2 generations (to 21) so that no recorded kin tie points upwards; the print itself gives no generation numbers.	E501291	尹俊文	3	17	a
generation-repair	note	申從洽 was moved down 2 generations (to 21) so that no recorded kin tie points upwards; the print itself gives no generation numbers.	E702073	申從洽	3	17	a
generation-repair	note	尹之崙 was moved down 1 generation (to 20) so that no recorded kin tie points upwards; the print itself gives no generation numbers.	EC01601	尹之崙	3	17	a
generation-repair	note	柳末孫 was moved down 2 generations (to 19) so that no recorded kin tie points upwards; the print itself gives no generation numbers.	EC02307	柳末孫	3	17	a
generation-repair	note	金繼文 was moved down 2 generations (to 20) so that no recorded kin tie points upwards; the print itself gives no generation numbers.	EC02313	金繼文	3	17	a
generation-repair	note	柳季漳 was moved down 2 generations (to 20) so that no recorded kin tie points upwards; the print itself gives no generation numbers.	EC02314	柳季漳	3	17	a
generation-repair	note	柳季潼 was moved down 2 generations (to 20) so that no recorded kin tie points upwards; the print itself gives no generation numbers.	EC02315	柳季潼	3	17	a
generation-repair	note	李哲同 was moved down 1 generation (to 21) so that no recorded kin tie points upwards; the print itself gives no generation numbers.	E103283	李哲同	3	17	b
generation-repair	note	李愊 was moved down 1 generation (to 20) so that no recorded kin tie points upwards; the print itself gives no generation numbers.	E104686	李愊	3	17	b
generation-repair	note	尹孝祥 was moved down 1 generation (to 20) so that no recorded kin tie points upwards; the print itself gives no generation numbers.	E203051	尹孝祥	3	17	b
generation-repair	note	玄碩珪 was moved down 1 generation (to 20) so that no recorded kin tie points upwards; the print itself gives no generation numbers.	E203053	玄碩珪	3	17	b
generation-repair	note	姜子平 was moved down 1 generation (to 20) so that no recorded kin tie points upwards; the print itself gives no generation numbers.	E301214	姜子平	3	17	b
generation-repair	note	安溫泉 was moved down 2 generations (to 21) so that no recorded kin tie points upwards; the print itself gives no generation numbers.	E701469	安溫泉	3	17	b
generation-repair	note	李菆 was moved down 2 generations (to 20) so that no recorded kin tie points upwards; the print itself gives no generation numbers.	E701471	李菆	3	17	b
generation-repair	note	李恒 was moved down 3 generations (to 21) so that no recorded kin tie points upwards; the print itself gives no generation numbers.	EB03107	李恒	3	17	b
generation-repair	note	李蒳 was moved down 1 generation (to 20) so that no recorded kin tie points upwards; the print itself gives no generation numbers.	E203060	李蒳	3	18	a
generation-repair	note	鄭由禮 was moved down 1 generation (to 20) so that no recorded kin tie points upwards; the print itself gives no generation numbers.	E203070	鄭由禮	3	18	a
generation-repair	note	李蒨 was moved down 1 generation (to 20) so that no recorded kin tie points upwards; the print itself gives no generation numbers.	E203078	李蒨	3	18	a
generation-repair	note	李毅 was moved down 1 generation (to 21) so that no recorded kin tie points upwards; the print itself gives no generation numbers.	E203080	李毅	3	18	a
generation-repair	note	南忻 was moved down 1 generation (to 21) so that no recorded kin tie points upwards; the print itself gives no generation numbers.	E504569	南忻	3	18	a
generation-repair	note	李蒀 was moved down 1 generation (to 20) so that no recorded kin tie points upwards; the print itself gives no generation numbers.	E701526	李蒀	3	18	a
generation-repair	note	李蕙 was moved down 1 generation (to 20) so that no recorded kin tie points upwards; the print itself gives no generation numbers.	E905080	李蕙	3	18	a
generation-repair	note	李循 was moved down 1 generation (to 20) so that no recorded kin tie points upwards; the print itself gives no generation numbers.	EB03097	李循	3	18	a
generation-repair	note	柳軫 was moved down 1 generation (to 21) so that no recorded kin tie points upwards; the print itself gives no generation numbers.	EB03100	柳軫	3	18	a
generation-repair	note	趙永錫 was moved down 1 generation (to 21) so that no recorded kin tie points upwards; the print itself gives no generation numbers.	EB03102	趙永錫	3	18	a
generation-repair	note	奇裕 was moved down 2 generations (to 21) so that no recorded kin tie points upwards; the print itself gives no generation numbers.	E100763	奇裕	3	18	b
generation-repair	note	李行 was moved down 1 generation (to 20) so that no recorded kin tie points upwards; the print itself gives no generation numbers.	EB00464	李行	3	18	b
generation-repair	note	奇軸 was moved down 2 generations (to 20) so that no recorded kin tie points upwards; the print itself gives no generation numbers.	EB01780	奇軸	3	18	b
generation-repair	note	奇襸 was moved down 2 generations (to 21) so that no recorded kin tie points upwards; the print itself gives no generation numbers.	EB01789	奇襸	3	18	b
generation-repair	note	奇褚 was moved down 2 generations (to 21) so that no recorded kin tie points upwards; the print itself gives no generation numbers.	EB01820	奇褚	3	18	b
generation-repair	note	鄭悰 was moved down 2 generations (to 20) so that no recorded kin tie points upwards; the print itself gives no generation numbers.	EB03237	鄭悰	3	18	b
generation-repair	note	鄭眉壽 was moved down 2 generations (to 21) so that no recorded kin tie points upwards; the print itself gives no generation numbers.	EC02232	鄭眉壽	3	18	b
generation-repair	note	崔延命 was moved down 1 generation (to 20) so that no recorded kin tie points upwards; the print itself gives no generation numbers.	5b5c0d88-8722-404b-bd46-a23883b9c6fd	崔延命	3	19	a
generation-repair	note	鄭文明 was moved down 2 generations (to 21) so that no recorded kin tie points upwards; the print itself gives no generation numbers.	E201010	鄭文明	3	19	a
generation-repair	note	鄭忻 was moved down 2 generations (to 20) so that no recorded kin tie points upwards; the print itself gives no generation numbers.	E201011	鄭忻	3	19	a
generation-repair	note	李琰 was moved down 2 generations (to 20) so that no recorded kin tie points upwards; the print itself gives no generation numbers.	E304180	李琰	3	19	a
generation-repair	note	金永錘 was moved down 1 generation (to 19) so that no recorded kin tie points upwards; the print itself gives no generation numbers.	E901020	金永錘	3	19	a
generation-repair	note	鄭元老 was moved down 1 generation (to 19) so that no recorded kin tie points upwards; the print itself gives no generation numbers.	E902920	鄭元老	3	19	a
generation-repair	note	陳猷 was moved down 2 generations (to 20) so that no recorded kin tie points upwards; the print itself gives no generation numbers.	EA00387	陳猷	3	19	a
generation-repair	note	辛碩敦 was moved down 2 generations (to 20) so that no recorded kin tie points upwards; the print itself gives no generation numbers.	EC02556	辛碩敦	3	19	a
generation-repair	note	李調陽 was moved down 1 generation (to 20) so that no recorded kin tie points upwards; the print itself gives no generation numbers.	E104226	李調陽	3	19	b
generation-repair	note	尹瀣 was moved down 2 generations (to 21) so that no recorded kin tie points upwards; the print itself gives no generation numbers.	E203608	尹瀣	3	19	b
generation-repair	note	宋訓 was moved down 1 generation (to 20) so that no recorded kin tie points upwards; the print itself gives no generation numbers.	E502758	宋訓	3	19	b
generation-repair	note	金亨石 was moved down 1 generation (to 19) so that no recorded kin tie points upwards; the print itself gives no generation numbers.	EA00643	金亨石	3	19	b
generation-repair	note	金若枰 was moved down 1 generation (to 20) so that no recorded kin tie points upwards; the print itself gives no generation numbers.	EA00644	金若枰	3	19	b
generation-repair	note	金用石 was moved down 1 generation (to 20) so that no recorded kin tie points upwards; the print itself gives no generation numbers.	EA00693	金用石	3	19	b
generation-repair	note	李扶 was moved down 2 generations (to 20) so that no recorded kin tie points upwards; the print itself gives no generation numbers.	EB01023	李扶	3	19	b
generation-repair	note	宋譚 was moved down 1 generation (to 20) so that no recorded kin tie points upwards; the print itself gives no generation numbers.	EB01026	宋譚	3	19	b
generation-repair	note	宋讚 was moved down 1 generation (to 20) so that no recorded kin tie points upwards; the print itself gives no generation numbers.	EB01042	宋讚	3	19	b
generation-repair	note	奉至 was moved down 1 generation (to 20) so that no recorded kin tie points upwards; the print itself gives no generation numbers.	EB01067	奉至	3	19	b
generation-repair	note	宋誡 was moved down 1 generation (to 20) so that no recorded kin tie points upwards; the print itself gives no generation numbers.	EB01068	宋誡	3	19	b
generation-repair	note	柳漵 was moved down 2 generations (to 19) so that no recorded kin tie points upwards; the print itself gives no generation numbers.	EC00178	柳漵	3	19	b
generation-repair	note	宋衣 was moved down 1 generation (to 19) so that no recorded kin tie points upwards; the print itself gives no generation numbers.	EC00319	宋衣	3	19	b
generation-repair	note	金士恭 was moved down 2 generations (to 21) so that no recorded kin tie points upwards; the print itself gives no generation numbers.	E102477	金士恭	3	20	a
generation-repair	note	李孟孝 was moved down 1 generation (to 20) so that no recorded kin tie points upwards; the print itself gives no generation numbers.	E303648	李孟孝	3	20	a
generation-repair	note	邊祥 was moved down 2 generations (to 20) so that no recorded kin tie points upwards; the print itself gives no generation numbers.	EA00264	邊祥	3	20	a
generation-repair	note	李逮 was moved down 1 generation (to 19) so that no recorded kin tie points upwards; the print itself gives no generation numbers.	EA01475	李逮	3	20	a
generation-repair	note	卞鈞 was moved down 1 generation (to 18) so that no recorded kin tie points upwards; the print itself gives no generation numbers.	E102827	卞鈞	3	20	b
generation-repair	note	李垦 was moved down 2 generations (to 21) so that no recorded kin tie points upwards; the print itself gives no generation numbers.	E202281	李垦	3	20	b
generation-repair	note	申泌 was moved down 1 generation (to 20) so that no recorded kin tie points upwards; the print itself gives no generation numbers.	E203646	申泌	3	20	b
generation-repair	note	尹漬 was moved down 1 generation (to 20) so that no recorded kin tie points upwards; the print itself gives no generation numbers.	EC01289	尹漬	3	20	b
generation-repair	note	權景禧 was moved down 2 generations (to 21) so that no recorded kin tie points upwards; the print itself gives no generation numbers.	E800351	權景禧	3	21	a
generation-repair	note	權耋 was moved down 2 generations (to 20) so that no recorded kin tie points upwards; the print itself gives no generation numbers.	EA01634	權耋	3	21	a
generation-repair	note	權永和 was moved down 2 generations (to 19) so that no recorded kin tie points upwards; the print itself gives no generation numbers.	EC00414	權永和	3	21	a
generation-repair	note	金安生 was moved down 1 generation (to 18) so that no recorded kin tie points upwards; the print itself gives no generation numbers.	E302288	金安生	3	22	a
generation-repair	note	權旭 was moved down 1 generation (to 19) so that no recorded kin tie points upwards; the print itself gives no generation numbers.	EA03110	權旭	3	22	a
generation-repair	note	朴薰 was moved down 1 generation (to 20) so that no recorded kin tie points upwards; the print itself gives no generation numbers.	EA03115	朴薰	3	22	a
generation-repair	note	權綏 was moved down 1 generation (to 17) so that no recorded kin tie points upwards; the print itself gives no generation numbers.	EB03952	權綏	3	22	a
generation-repair	note	權敬溫 was moved down 1 generation (to 18) so that no recorded kin tie points upwards; the print itself gives no generation numbers.	EB03953	權敬溫	3	22	a
generation-repair	note	金仁安 was moved down 1 generation (to 18) so that no recorded kin tie points upwards; the print itself gives no generation numbers.	EB03956	金仁安	3	22	b
generation-repair	note	朴紹楨 was moved down 1 generation (to 19) so that no recorded kin tie points upwards; the print itself gives no generation numbers.	EB03958	朴紹楨	3	22	b
generation-repair	note	朴碩 was moved down 1 generation (to 20) so that no recorded kin tie points upwards; the print itself gives no generation numbers.	EB03959	朴碩	3	22	b
generation-repair	note	朴礩 was moved down 1 generation (to 20) so that no recorded kin tie points upwards; the print itself gives no generation numbers.	EB03960	朴礩	3	22	b
generation-repair	note	朴確 was moved down 1 generation (to 20) so that no recorded kin tie points upwards; the print itself gives no generation numbers.	EB03961	朴確	3	22	b
generation-repair	note	吳順孫 was moved down 1 generation (to 19) so that no recorded kin tie points upwards; the print itself gives no generation numbers.	EB03965	吳順孫	3	22	b
generation-repair	note	吳祖同 was moved down 1 generation (to 20) so that no recorded kin tie points upwards; the print itself gives no generation numbers.	EB03966	吳祖同	3	22	b
generation-repair	note	徐恒 was moved down 1 generation (to 19) so that no recorded kin tie points upwards; the print itself gives no generation numbers.	EB03971	徐恒	3	22	b
generation-repair	note	徐方同 was moved down 1 generation (to 20) so that no recorded kin tie points upwards; the print itself gives no generation numbers.	EB03972	徐方同	3	22	b
generation-repair	note	徐方賣 was moved down 1 generation (to 20) so that no recorded kin tie points upwards; the print itself gives no generation numbers.	EB03973	徐方賣	3	22	b
generation-repair	note	徐方千 was moved down 1 generation (to 20) so that no recorded kin tie points upwards; the print itself gives no generation numbers.	EB03974	徐方千	3	22	b
generation-repair	note	金永保 was moved down 1 generation (to 19) so that no recorded kin tie points upwards; the print itself gives no generation numbers.	EB03976	金永保	3	22	b
generation-repair	note	吳廣孫 was moved down 1 generation (to 19) so that no recorded kin tie points upwards; the print itself gives no generation numbers.	EB03980	吳廣孫	3	22	b
generation-repair	note	金永全 was moved down 1 generation (to 19) so that no recorded kin tie points upwards; the print itself gives no generation numbers.	EB03983	金永全	3	22	b
generation-repair	note	閔乙巽 was moved down 3 generations (to 21) so that no recorded kin tie points upwards; the print itself gives no generation numbers.	EA03465	閔乙巽	3	23	a
generation-repair	note	成愼仁 was moved down 2 generations (to 20) so that no recorded kin tie points upwards; the print itself gives no generation numbers.	E901941	成愼仁	3	23	b
generation-repair	note	鄭夏 was moved down 3 generations (to 21) so that no recorded kin tie points upwards; the print itself gives no generation numbers.	EA03471	鄭夏	3	23	b
generation-repair	note	閔善 was moved down 3 generations (to 21) so that no recorded kin tie points upwards; the print itself gives no generation numbers.	EA03473	閔善	3	23	b
generation-repair	note	鄭自諴 was moved down 3 generations (to 21) so that no recorded kin tie points upwards; the print itself gives no generation numbers.	EB04024	鄭自諴	3	23	b
generation-repair	note	金自琓 was moved down 2 generations (to 20) so that no recorded kin tie points upwards; the print itself gives no generation numbers.	E103578	金自琓	3	24	b
generation-repair	note	柳哲孫 was moved down 3 generations (to 21) so that no recorded kin tie points upwards; the print itself gives no generation numbers.	E103580	柳哲孫	3	24	b
generation-repair	note	韓確 was moved down 2 generations (to 19) so that no recorded kin tie points upwards; the print itself gives no generation numbers.	E202244	韓確	3	24	b
generation-repair	note	韓健 was moved down 2 generations (to 21) so that no recorded kin tie points upwards; the print itself gives no generation numbers.	E401603	韓健	3	24	b
generation-repair	note	李瀜 was moved down 2 generations (to 21) so that no recorded kin tie points upwards; the print itself gives no generation numbers.	E501146	李瀜	3	24	b
generation-repair	note	李湜 was moved down 2 generations (to 21) so that no recorded kin tie points upwards; the print itself gives no generation numbers.	E501193	李湜	3	24	b
generation-repair	note	鄭由智 was moved down 2 generations (to 21) so that no recorded kin tie points upwards; the print itself gives no generation numbers.	E803636	鄭由智	3	24	b
generation-repair	note	韓世補 was moved down 2 generations (to 22) so that no recorded kin tie points upwards; the print itself gives no generation numbers.	E803690	韓世補	3	24	b
generation-repair	note	韓世祐 was moved down 2 generations (to 22) so that no recorded kin tie points upwards; the print itself gives no generation numbers.	E803704	韓世祐	3	24	b
generation-repair	note	韓儹 was moved down 2 generations (to 21) so that no recorded kin tie points upwards; the print itself gives no generation numbers.	E803741	韓儹	3	24	b
generation-repair	note	金允剛 was moved down 2 generations (to 21) so that no recorded kin tie points upwards; the print itself gives no generation numbers.	E803783	金允剛	3	24	b
generation-repair	note	金允精 was moved down 2 generations (to 21) so that no recorded kin tie points upwards; the print itself gives no generation numbers.	E803786	金允精	3	24	b
generation-repair	note	李璔 was moved down 2 generations (to 20) so that no recorded kin tie points upwards; the print itself gives no generation numbers.	E901479	李璔	3	24	b
generation-repair	note	李澧 was moved down 2 generations (to 21) so that no recorded kin tie points upwards; the print itself gives no generation numbers.	E901481	李澧	3	24	b
generation-repair	note	安繼宋 was moved down 2 generations (to 21) so that no recorded kin tie points upwards; the print itself gives no generation numbers.	E901486	安繼宋	3	24	b
generation-repair	note	申永保 was moved down 2 generations (to 21) so that no recorded kin tie points upwards; the print itself gives no generation numbers.	EA03334	申永保	3	24	b
generation-repair	note	李季寧 was moved down 2 generations (to 20) so that no recorded kin tie points upwards; the print itself gives no generation numbers.	EB01922	李季寧	3	24	b
generation-repair	note	韓忠信 was moved down 2 generations (to 20) so that no recorded kin tie points upwards; the print itself gives no generation numbers.	E000022	韓忠信	3	25	a
generation-repair	note	韓致義 was moved down 2 generations (to 20) so that no recorded kin tie points upwards; the print itself gives no generation numbers.	E103581	韓致義	3	25	a
generation-repair	note	韓致禮 was moved down 2 generations (to 20) so that no recorded kin tie points upwards; the print itself gives no generation numbers.	E103584	韓致禮	3	25	a
generation-repair	note	韓碩 was moved down 2 generations (to 19) so that no recorded kin tie points upwards; the print itself gives no generation numbers.	E103586	韓碩	3	25	a
generation-repair	note	韓忠義 was moved down 2 generations (to 20) so that no recorded kin tie points upwards; the print itself gives no generation numbers.	E103592	韓忠義	3	25	a
generation-repair	note	韓忠禮 was moved down 2 generations (to 20) so that no recorded kin tie points upwards; the print itself gives no generation numbers.	E103598	韓忠禮	3	25	a
generation-repair	note	韓忠智 was moved down 2 generations (to 20) so that no recorded kin tie points upwards; the print itself gives no generation numbers.	E103601	韓忠智	3	25	a
generation-repair	note	韓忠常 was moved down 2 generations (to 20) so that no recorded kin tie points upwards; the print itself gives no generation numbers.	E103604	韓忠常	3	25	a
generation-repair	note	韓忠仁 was moved down 2 generations (to 20) so that no recorded kin tie points upwards; the print itself gives no generation numbers.	E203197	韓忠仁	3	25	a
generation-repair	note	成健 was moved down 2 generations (to 20) so that no recorded kin tie points upwards; the print itself gives no generation numbers.	E901920	成健	3	25	a
generation-repair	note	韓致亨 was moved down 2 generations (to 20) so that no recorded kin tie points upwards; the print itself gives no generation numbers.	E000575	韓致亨	3	25	b
generation-repair	note	韓運 was moved down 3 generations (to 21) so that no recorded kin tie points upwards; the print itself gives no generation numbers.	E100624	韓運	3	25	b
generation-repair	note	金承恪 was moved down 2 generations (to 21) so that no recorded kin tie points upwards; the print itself gives no generation numbers.	E103611	金承恪	3	25	b
generation-repair	note	韓達 was moved down 2 generations (to 21) so that no recorded kin tie points upwards; the print itself gives no generation numbers.	E804045	韓達	3	25	b
generation-repair	note	林有琛 was moved down 2 generations (to 21) so that no recorded kin tie points upwards; the print itself gives no generation numbers.	E804075	林有琛	3	25	b
generation-repair	note	韓致元 was moved down 2 generations (to 20) so that no recorded kin tie points upwards; the print itself gives no generation numbers.	E902007	韓致元	3	25	b
generation-repair	note	韓連 was moved down 2 generations (to 21) so that no recorded kin tie points upwards; the print itself gives no generation numbers.	EB04054	韓連	3	25	b
generation-repair	note	權永誠 was moved down 2 generations (to 18) so that no recorded kin tie points upwards; the print itself gives no generation numbers.	EB04056	權永誠	3	25	b
generation-repair	note	權奉升 was moved down 2 generations (to 19) so that no recorded kin tie points upwards; the print itself gives no generation numbers.	EB04057	權奉升	3	25	b
generation-repair	note	權奉丁 was moved down 2 generations (to 19) so that no recorded kin tie points upwards; the print itself gives no generation numbers.	EB04058	權奉丁	3	25	b
generation-repair	note	權奉衡 was moved down 2 generations (to 19) so that no recorded kin tie points upwards; the print itself gives no generation numbers.	EB04059	權奉衡	3	25	b
generation-repair	note	權奉臨 was moved down 2 generations (to 19) so that no recorded kin tie points upwards; the print itself gives no generation numbers.	EB04060	權奉臨	3	25	b
generation-repair	note	金可則 was moved down 2 generations (to 19) so that no recorded kin tie points upwards; the print itself gives no generation numbers.	EB04062	金可則	3	25	b
generation-repair	note	李孝梅 was moved down 2 generations (to 19) so that no recorded kin tie points upwards; the print itself gives no generation numbers.	EB04064	李孝梅	3	25	b
generation-repair	note	金瑀 was moved down 2 generations (to 19) so that no recorded kin tie points upwards; the print itself gives no generation numbers.	EB04066	金瑀	3	25	b
generation-repair	note	權永愼 was moved down 2 generations (to 18) so that no recorded kin tie points upwards; the print itself gives no generation numbers.	E001024	權永愼	3	26	a
generation-repair	note	權錘 was moved down 2 generations (to 19) so that no recorded kin tie points upwards; the print itself gives no generation numbers.	E001025	權錘	3	26	a
generation-repair	note	張末孫 was moved down 2 generations (to 19) so that no recorded kin tie points upwards; the print itself gives no generation numbers.	E001040	張末孫	3	26	a
generation-repair	note	權鈞 was moved down 2 generations (to 19) so that no recorded kin tie points upwards; the print itself gives no generation numbers.	E001066	權鈞	3	26	a
generation-repair	note	金成慶 was moved down 2 generations (to 19) so that no recorded kin tie points upwards; the print itself gives no generation numbers.	E001069	金成慶	3	26	a
generation-repair	note	孟繼曾 was moved down 2 generations (to 18) so that no recorded kin tie points upwards; the print itself gives no generation numbers.	E202678	孟繼曾	3	26	a
generation-repair	note	李士平 was moved down 2 generations (to 18) so that no recorded kin tie points upwards; the print itself gives no generation numbers.	E305680	李士平	3	26	a
generation-repair	note	權永保 was moved down 2 generations (to 18) so that no recorded kin tie points upwards; the print itself gives no generation numbers.	EB04068	權永保	3	26	a
generation-repair	note	權慶 was moved down 2 generations (to 19) so that no recorded kin tie points upwards; the print itself gives no generation numbers.	EB04069	權慶	3	26	a
generation-repair	note	權偮 was moved down 2 generations (to 20) so that no recorded kin tie points upwards; the print itself gives no generation numbers.	EB04070	權偮	3	26	a
generation-repair	note	趙季瑾 was moved down 2 generations (to 20) so that no recorded kin tie points upwards; the print itself gives no generation numbers.	EB04072	趙季瑾	3	26	a
generation-repair	note	崔叔 was moved down 2 generations (to 19) so that no recorded kin tie points upwards; the print itself gives no generation numbers.	EB04074	崔叔	3	26	a
generation-repair	note	權悰 was moved down 2 generations (to 19) so that no recorded kin tie points upwards; the print itself gives no generation numbers.	EB04075	權悰	3	26	a
generation-repair	note	朴元根 was moved down 2 generations (to 19) so that no recorded kin tie points upwards; the print itself gives no generation numbers.	EB04077	朴元根	3	26	a
generation-repair	note	權恂 was moved down 2 generations (to 19) so that no recorded kin tie points upwards; the print itself gives no generation numbers.	EB04078	權恂	3	26	a
generation-repair	note	朴嚴 was moved down 2 generations (to 19) so that no recorded kin tie points upwards; the print itself gives no generation numbers.	EB04080	朴嚴	3	26	a
generation-repair	note	孟碩堅 was moved down 2 generations (to 19) so that no recorded kin tie points upwards; the print itself gives no generation numbers.	EB04082	孟碩堅	3	26	a
generation-repair	note	孟碩俊 was moved down 2 generations (to 19) so that no recorded kin tie points upwards; the print itself gives no generation numbers.	EB04083	孟碩俊	3	26	a
generation-repair	note	安修義 was moved down 2 generations (to 18) so that no recorded kin tie points upwards; the print itself gives no generation numbers.	EB04085	安修義	3	26	a
generation-repair	note	李秉正 was moved down 2 generations (to 19) so that no recorded kin tie points upwards; the print itself gives no generation numbers.	EC02379	李秉正	3	26	a
generation-repair	note	孟碩敬 was moved down 2 generations (to 19) so that no recorded kin tie points upwards; the print itself gives no generation numbers.	EC03374	孟碩敬	3	26	a
generation-repair	note	柳僡 was moved down 1 generation (to 19) so that no recorded kin tie points upwards; the print itself gives no generation numbers.	EA03183	柳僡	3	26	b
generation-repair	note	柳儹 was moved down 1 generation (to 19) so that no recorded kin tie points upwards; the print itself gives no generation numbers.	EB02139	柳儹	3	26	b
generation-repair	note	柳復 was moved down 1 generation (to 20) so that no recorded kin tie points upwards; the print itself gives no generation numbers.	EB02156	柳復	3	26	b
generation-repair	note	柳孟孫 was moved down 1 generation (to 20) so that no recorded kin tie points upwards; the print itself gives no generation numbers.	EB02166	柳孟孫	3	26	b
generation-repair	note	柳千孫 was moved down 1 generation (to 20) so that no recorded kin tie points upwards; the print itself gives no generation numbers.	EB02194	柳千孫	3	26	b
generation-repair	note	柳孝孫 was moved down 1 generation (to 20) so that no recorded kin tie points upwards; the print itself gives no generation numbers.	EB02223	柳孝孫	3	26	b
generation-repair	note	柳季孫 was moved down 1 generation (to 20) so that no recorded kin tie points upwards; the print itself gives no generation numbers.	EB04098	柳季孫	3	26	b
generation-repair	note	廉頤 was moved down 1 generation (to 18) so that no recorded kin tie points upwards; the print itself gives no generation numbers.	D401299	廉頤	3	27	a
generation-repair	note	廉致中 was moved down 1 generation (to 17) so that no recorded kin tie points upwards; the print itself gives no generation numbers.	D401697	廉致中	3	27	a
generation-repair	note	李伯良 was moved down 1 generation (to 19) so that no recorded kin tie points upwards; the print itself gives no generation numbers.	E401297	李伯良	3	27	a
generation-repair	note	金壽元 was moved down 1 generation (to 20) so that no recorded kin tie points upwards; the print itself gives no generation numbers.	E903573	金壽元	3	27	a
generation-repair	note	李孝奉 was moved down 1 generation (to 20) so that no recorded kin tie points upwards; the print itself gives no generation numbers.	EA01806	李孝奉	3	27	a
generation-repair	note	李長孫 was moved down 1 generation (to 21) so that no recorded kin tie points upwards; the print itself gives no generation numbers.	EA01807	李長孫	3	27	a
generation-repair	note	李蓿 was moved down 1 generation (to 20) so that no recorded kin tie points upwards; the print itself gives no generation numbers.	EA01813	李蓿	3	27	a
generation-repair	note	李孝孫 was moved down 1 generation (to 21) so that no recorded kin tie points upwards; the print itself gives no generation numbers.	EA01814	李孝孫	3	27	a
generation-repair	note	柳纁 was moved down 1 generation (to 19) so that no recorded kin tie points upwards; the print itself gives no generation numbers.	EB02505	柳纁	3	27	a
generation-repair	note	姜淮伯 was moved down 1 generation (to 17) so that no recorded kin tie points upwards; the print itself gives no generation numbers.	EB04104	姜淮伯	3	27	a
generation-repair	note	廉順良 was moved down 1 generation (to 19) so that no recorded kin tie points upwards; the print itself gives no generation numbers.	E000919	廉順良	3	27	b
generation-repair	note	廉尙恒 was moved down 1 generation (to 20) so that no recorded kin tie points upwards; the print itself gives no generation numbers.	E103522	廉尙恒	3	27	b
generation-repair	note	廉修 was moved down 1 generation (to 21) so that no recorded kin tie points upwards; the print itself gives no generation numbers.	E103523	廉修	3	27	b
generation-repair	note	李念智 was moved down 1 generation (to 20) so that no recorded kin tie points upwards; the print itself gives no generation numbers.	E103526	李念智	3	27	b
generation-repair	note	廉貴恒 was moved down 1 generation (to 20) so that no recorded kin tie points upwards; the print itself gives no generation numbers.	E103528	廉貴恒	3	27	b
generation-repair	note	廉有恒 was moved down 1 generation (to 20) so that no recorded kin tie points upwards; the print itself gives no generation numbers.	E103529	廉有恒	3	27	b
generation-repair	note	李葳 was moved down 1 generation (to 20) so that no recorded kin tie points upwards; the print itself gives no generation numbers.	EA01818	李葳	3	27	b
generation-repair	note	李蘅 was moved down 1 generation (to 20) so that no recorded kin tie points upwards; the print itself gives no generation numbers.	EA01822	李蘅	3	27	b
generation-repair	note	李菖 was moved down 1 generation (to 20) so that no recorded kin tie points upwards; the print itself gives no generation numbers.	EA01832	李菖	3	27	b
generation-repair	note	李若奉 was moved down 1 generation (to 20) so that no recorded kin tie points upwards; the print itself gives no generation numbers.	EA01833	李若奉	3	27	b
generation-repair	note	李莫奉 was moved down 1 generation (to 20) so that no recorded kin tie points upwards; the print itself gives no generation numbers.	EA01834	李莫奉	3	27	b
generation-repair	note	李興奉 was moved down 1 generation (to 20) so that no recorded kin tie points upwards; the print itself gives no generation numbers.	EA01835	李興奉	3	27	b
generation-repair	note	李末奉 was moved down 1 generation (to 20) so that no recorded kin tie points upwards; the print itself gives no generation numbers.	EB04106	李末奉	3	27	b
generation-repair	note	安民 was moved down 1 generation (to 20) so that no recorded kin tie points upwards; the print itself gives no generation numbers.	79ecaf98-e46a-48e1-ad12-b8811abe793a	安民	3	28	a
generation-repair	note	愼承善 was moved down 3 generations (to 22) so that no recorded kin tie points upwards; the print itself gives no generation numbers.	E101393	愼承善	3	28	a
generation-repair	note	安節 was moved down 1 generation (to 20) so that no recorded kin tie points upwards; the print itself gives no generation numbers.	E101750	安節	3	28	a
generation-repair	note	廉紀 was moved down 1 generation (to 20) so that no recorded kin tie points upwards; the print itself gives no generation numbers.	E102338	廉紀	3	28	a
generation-repair	note	廉以恒 was moved down 1 generation (to 20) so that no recorded kin tie points upwards; the print itself gives no generation numbers.	E103530	廉以恒	3	28	a
generation-repair	note	廉從恒 was moved down 1 generation (to 20) so that no recorded kin tie points upwards; the print itself gives no generation numbers.	E103531	廉從恒	3	28	a
generation-repair	note	廉順恭 was moved down 1 generation (to 19) so that no recorded kin tie points upwards; the print itself gives no generation numbers.	E103533	廉順恭	3	28	a
generation-repair	note	趙普 was moved down 1 generation (to 21) so that no recorded kin tie points upwards; the print itself gives no generation numbers.	E103537	趙普	3	28	a
generation-repair	note	權宗 was moved down 1 generation (to 21) so that no recorded kin tie points upwards; the print itself gives no generation numbers.	E204893	權宗	3	28	a
generation-repair	note	朝鮮 燕山君 was moved down 3 generations (to 23) so that no recorded kin tie points upwards; the print itself gives no generation numbers.	E300376	朝鮮 燕山君	3	28	a
generation-repair	note	李垙 was moved down 1 generation (to 21) so that no recorded kin tie points upwards; the print itself gives no generation numbers.	E303498	李垙	3	28	a
generation-repair	note	安祖同 was moved down 1 generation (to 17) so that no recorded kin tie points upwards; the print itself gives no generation numbers.	E400561	安祖同	3	28	a
generation-repair	note	安剛 was moved down 1 generation (to 18) so that no recorded kin tie points upwards; the print itself gives no generation numbers.	E401041	安剛	3	28	a
generation-repair	note	愼敦仁 was moved down 1 generation (to 21) so that no recorded kin tie points upwards; the print itself gives no generation numbers.	E600027	愼敦仁	3	28	a
generation-repair	note	愼敦義 was moved down 1 generation (to 21) so that no recorded kin tie points upwards; the print itself gives no generation numbers.	E600067	愼敦義	3	28	a
generation-repair	note	愼敦禮 was moved down 1 generation (to 21) so that no recorded kin tie points upwards; the print itself gives no generation numbers.	E600089	愼敦禮	3	28	a
generation-repair	note	愼敦智 was moved down 1 generation (to 21) so that no recorded kin tie points upwards; the print itself gives no generation numbers.	E600101	愼敦智	3	28	a
generation-repair	note	愼敦信 was moved down 1 generation (to 21) so that no recorded kin tie points upwards; the print itself gives no generation numbers.	E600115	愼敦信	3	28	a
generation-repair	note	愼守正 was moved down 1 generation (to 21) so that no recorded kin tie points upwards; the print itself gives no generation numbers.	E600137	愼守正	3	28	a
generation-repair	note	愼守榮 was moved down 3 generations (to 23) so that no recorded kin tie points upwards; the print itself gives no generation numbers.	E600168	愼守榮	3	28	a
generation-repair	note	愼守謙 was moved down 3 generations (to 23) so that no recorded kin tie points upwards; the print itself gives no generation numbers.	E600192	愼守謙	3	28	a
generation-repair	note	安敬止 was moved down 1 generation (to 19) so that no recorded kin tie points upwards; the print itself gives no generation numbers.	E904229	安敬止	3	28	a
generation-repair	note	朴悌諴 was moved down 3 generations (to 20) so that no recorded kin tie points upwards; the print itself gives no generation numbers.	E904232	朴悌諴	3	28	a
generation-repair	note	愼詮 was moved down 1 generation (to 19) so that no recorded kin tie points upwards; the print itself gives no generation numbers.	E904235	愼詮	3	28	a
generation-repair	note	安敬慮 was moved down 1 generation (to 19) so that no recorded kin tie points upwards; the print itself gives no generation numbers.	E904242	安敬慮	3	28	a
generation-repair	note	安邦 was moved down 1 generation (to 20) so that no recorded kin tie points upwards; the print itself gives no generation numbers.	E904243	安邦	3	28	a
generation-repair	note	安國 was moved down 1 generation (to 20) so that no recorded kin tie points upwards; the print itself gives no generation numbers.	E904244	安國	3	28	a
generation-repair	note	安民 was moved down 1 generation (to 20) so that no recorded kin tie points upwards; the print itself gives no generation numbers.	E904247	安民	3	28	a
generation-repair	note	安敬曾 was moved down 1 generation (to 19) so that no recorded kin tie points upwards; the print itself gives no generation numbers.	E904250	安敬曾	3	28	a
generation-repair	note	安敬宗 was moved down 1 generation (to 19) so that no recorded kin tie points upwards; the print itself gives no generation numbers.	E904251	安敬宗	3	28	a
generation-repair	note	金好衡 was moved down 1 generation (to 20) so that no recorded kin tie points upwards; the print itself gives no generation numbers.	E904253	金好衡	3	28	a
generation-repair	note	安定 was moved down 1 generation (to 20) so that no recorded kin tie points upwards; the print itself gives no generation numbers.	E904254	安定	3	28	a
generation-repair	note	金允孫 was moved down 1 generation (to 21) so that no recorded kin tie points upwards; the print itself gives no generation numbers.	b4743b37-5b0e-4e35-8d89-9a928a408b12	金允孫	3	28	a
generation-repair	note	廉致庸 was moved down 1 generation (to 17) so that no recorded kin tie points upwards; the print itself gives no generation numbers.	E402226	廉致庸	3	28	b
generation-repair	note	成重識 was moved down 1 generation (to 19) so that no recorded kin tie points upwards; the print itself gives no generation numbers.	E901939	成重識	3	28	b
generation-repair	note	成慎義 was moved down 1 generation (to 20) so that no recorded kin tie points upwards; the print itself gives no generation numbers.	E901943	成慎義	3	28	b
generation-repair	note	成愼禮 was moved down 1 generation (to 20) so that no recorded kin tie points upwards; the print itself gives no generation numbers.	E901951	成愼禮	3	28	b
generation-repair	note	安仁剛 was moved down 1 generation (to 18) so that no recorded kin tie points upwards; the print itself gives no generation numbers.	E904261	安仁剛	3	28	b
generation-repair	note	李逈 was moved down 1 generation (to 19) so that no recorded kin tie points upwards; the print itself gives no generation numbers.	E904263	李逈	3	28	b
generation-repair	note	安孝悌 was moved down 1 generation (to 19) so that no recorded kin tie points upwards; the print itself gives no generation numbers.	E904270	安孝悌	3	28	b
generation-repair	note	曺仲道 was moved down 1 generation (to 19) so that no recorded kin tie points upwards; the print itself gives no generation numbers.	E904281	曺仲道	3	28	b
generation-repair	note	安孝友 was moved down 1 generation (to 19) so that no recorded kin tie points upwards; the print itself gives no generation numbers.	E904288	安孝友	3	28	b
generation-repair	note	李壽山 was moved down 1 generation (to 19) so that no recorded kin tie points upwards; the print itself gives no generation numbers.	E904299	李壽山	3	28	b
generation-repair	note	安孝忠 was moved down 1 generation (to 19) so that no recorded kin tie points upwards; the print itself gives no generation numbers.	E904301	安孝忠	3	28	b
generation-repair	note	安義剛 was moved down 1 generation (to 18) so that no recorded kin tie points upwards; the print itself gives no generation numbers.	E904317	安義剛	3	28	b
generation-repair	note	安從剛 was moved down 1 generation (to 18) so that no recorded kin tie points upwards; the print itself gives no generation numbers.	E904320	安從剛	3	28	b
generation-repair	note	曺祥 was moved down 1 generation (to 20) so that no recorded kin tie points upwards; the print itself gives no generation numbers.	EB01385	曺祥	3	28	b
generation-repair	note	尹恭 was moved down 2 generations (to 22) so that no recorded kin tie points upwards; the print itself gives no generation numbers.	E200488	尹恭	3	29	b
generation-repair	note	姜利恭 was moved down 4 generations (to 22) so that no recorded kin tie points upwards; the print itself gives no generation numbers.	E502923	姜利恭	3	29	b
generation-repair	note	洪景霖 was moved down 2 generations (to 22) so that no recorded kin tie points upwards; the print itself gives no generation numbers.	E502924	洪景霖	3	29	b
generation-repair	note	洪景舟 was moved down 2 generations (to 22) so that no recorded kin tie points upwards; the print itself gives no generation numbers.	E502976	洪景舟	3	29	b
generation-repair	note	洪景礪 was moved down 2 generations (to 22) so that no recorded kin tie points upwards; the print itself gives no generation numbers.	E502985	洪景礪	3	29	b
generation-repair	note	玄思肅 was moved down 2 generations (to 22) so that no recorded kin tie points upwards; the print itself gives no generation numbers.	E701503	玄思肅	3	29	b
generation-repair	note	金填 was moved down 2 generations (to 21) so that no recorded kin tie points upwards; the print itself gives no generation numbers.	EA01519	金填	3	29	b
generation-repair	note	洪侃 was moved down 2 generations (to 21) so that no recorded kin tie points upwards; the print itself gives no generation numbers.	EA01524	洪侃	3	29	b
generation-repair	note	魚孟渾 was moved down 2 generations (to 22) so that no recorded kin tie points upwards; the print itself gives no generation numbers.	EB04205	魚孟渾	3	30	a
generation-repair	note	魚孟淳 was moved down 3 generations (to 22) so that no recorded kin tie points upwards; the print itself gives no generation numbers.	EC01519	魚孟淳	3	30	a
generation-repair	note	金光弼 was moved down 1 generation (to 19) so that no recorded kin tie points upwards; the print itself gives no generation numbers.	E100712	金光弼	3	30	b
generation-repair	note	李績 was moved down 2 generations (to 21) so that no recorded kin tie points upwards; the print itself gives no generation numbers.	EA01632	李績	3	30	b
generation-repair	note	李信儉 was moved down 1 generation (to 19) so that no recorded kin tie points upwards; the print itself gives no generation numbers.	EC00253	李信儉	3	30	b
generation-repair	note	柳思恭 was moved down 1 generation (to 18) so that no recorded kin tie points upwards; the print itself gives no generation numbers.	E303760	柳思恭	3	31	a
generation-repair	note	朴䎩 was moved down 3 generations (to 21) so that no recorded kin tie points upwards; the print itself gives no generation numbers.	E502030	朴䎩	3	31	a
generation-repair	note	成準 was moved down 3 generations (to 21) so that no recorded kin tie points upwards; the print itself gives no generation numbers.	EA02738	成準	3	31	a
generation-repair	note	安孟聃 was moved down 1 generation (to 19) so that no recorded kin tie points upwards; the print itself gives no generation numbers.	EB04220	安孟聃	3	31	a
generation-repair	note	安如獺 was moved down 1 generation (to 20) so that no recorded kin tie points upwards; the print itself gives no generation numbers.	EB04221	安如獺	3	31	a
generation-repair	note	安元卿 was moved down 1 generation (to 21) so that no recorded kin tie points upwards; the print itself gives no generation numbers.	EB04222	安元卿	3	31	a
generation-repair	note	安彦卿 was moved down 2 generations (to 22) so that no recorded kin tie points upwards; the print itself gives no generation numbers.	EB04227	安彦卿	3	31	a
generation-repair	note	金䝉仝 was moved down 2 generations (to 21) so that no recorded kin tie points upwards; the print itself gives no generation numbers.	a612673a-fe82-45e6-969d-b0498eb13abf	金䝉仝	3	31	a
generation-repair	note	安仲聃 was moved down 1 generation (to 19) so that no recorded kin tie points upwards; the print itself gives no generation numbers.	E903126	安仲聃	3	31	b
generation-repair	note	金致世 was moved down 1 generation (to 20) so that no recorded kin tie points upwards; the print itself gives no generation numbers.	E903130	金致世	3	31	b
generation-repair	note	安崇世 was moved down 1 generation (to 20) so that no recorded kin tie points upwards; the print itself gives no generation numbers.	E903131	安崇世	3	31	b
generation-repair	note	安昌世 was moved down 1 generation (to 20) so that no recorded kin tie points upwards; the print itself gives no generation numbers.	E903140	安昌世	3	31	b
generation-repair	note	安夢卿 was moved down 2 generations (to 22) so that no recorded kin tie points upwards; the print itself gives no generation numbers.	EB04228	安夢卿	3	31	b
generation-repair	note	安季聃 was moved down 1 generation (to 19) so that no recorded kin tie points upwards; the print itself gives no generation numbers.	EB04230	安季聃	3	31	b
generation-repair	note	安敬祖 was moved down 1 generation (to 20) so that no recorded kin tie points upwards; the print itself gives no generation numbers.	EB04231	安敬祖	3	31	b
generation-repair	note	安奉祖 was moved down 1 generation (to 20) so that no recorded kin tie points upwards; the print itself gives no generation numbers.	EB04232	安奉祖	3	31	b
generation-repair	note	李緝 was moved down 1 generation (to 20) so that no recorded kin tie points upwards; the print itself gives no generation numbers.	EB04234	李緝	3	31	b
generation-repair	note	權琦 was moved down 1 generation (to 19) so that no recorded kin tie points upwards; the print itself gives no generation numbers.	E506892	權琦	3	32	a
generation-repair	note	朴秉中 was moved down 2 generations (to 20) so that no recorded kin tie points upwards; the print itself gives no generation numbers.	E901146	朴秉中	3	32	a
generation-repair	note	朝鮮 呂陽令 was moved down 2 generations (to 21) so that no recorded kin tie points upwards; the print itself gives no generation numbers.	EA02795	朝鮮 呂陽令	3	32	a
generation-repair	note	尹汭 was moved down 1 generation (to 19) so that no recorded kin tie points upwards; the print itself gives no generation numbers.	EA02797	尹汭	3	32	a
generation-repair	note	尹環 was moved down 1 generation (to 20) so that no recorded kin tie points upwards; the print itself gives no generation numbers.	EA02798	尹環	3	32	a
generation-repair	note	尹琦 was moved down 1 generation (to 20) so that no recorded kin tie points upwards; the print itself gives no generation numbers.	EA02799	尹琦	3	32	a
generation-repair	note	權德榮 was moved down 1 generation (to 20) so that no recorded kin tie points upwards; the print itself gives no generation numbers.	EA02802	權德榮	3	32	a
generation-repair	note	權慶榮 was moved down 1 generation (to 20) so that no recorded kin tie points upwards; the print itself gives no generation numbers.	EA02811	權慶榮	3	32	b
generation-repair	note	王宗信 was moved down 1 generation (to 20) so that no recorded kin tie points upwards; the print itself gives no generation numbers.	EA00349	王宗信	3	33	a
generation-repair	note	朴悰 was moved down 2 generations (to 21) so that no recorded kin tie points upwards; the print itself gives no generation numbers.	E202294	朴悰	3	33	b
generation-repair	note	朴庾童 was moved down 2 generations (to 20) so that no recorded kin tie points upwards; the print itself gives no generation numbers.	E202299	朴庾童	3	33	b
generation-repair	note	朴宗孫 was moved down 2 generations (to 21) so that no recorded kin tie points upwards; the print itself gives no generation numbers.	E202301	朴宗孫	3	33	b
generation-repair	note	朴希文 was moved down 2 generations (to 21) so that no recorded kin tie points upwards; the print itself gives no generation numbers.	E202302	朴希文	3	33	b
generation-repair	note	許休 was moved down 2 generations (to 20) so that no recorded kin tie points upwards; the print itself gives no generation numbers.	E202304	許休	3	33	b
generation-repair	note	姜利興 was moved down 2 generations (to 20) so that no recorded kin tie points upwards; the print itself gives no generation numbers.	EA03539	姜利興	3	33	b
generation-repair	note	鄭崇德 was moved down 1 generation (to 19) so that no recorded kin tie points upwards; the print itself gives no generation numbers.	E201586	鄭崇德	3	34	a
generation-repair	note	張翼 was moved down 1 generation (to 19) so that no recorded kin tie points upwards; the print itself gives no generation numbers.	E204855	張翼	3	34	a
generation-repair	note	張翟 was moved down 1 generation (to 19) so that no recorded kin tie points upwards; the print itself gives no generation numbers.	E204856	張翟	3	34	a
generation-repair	note	張志湖 was moved down 1 generation (to 19) so that no recorded kin tie points upwards; the print itself gives no generation numbers.	E204857	張志湖	3	34	a
generation-repair	note	韓閏 was moved down 1 generation (to 19) so that no recorded kin tie points upwards; the print itself gives no generation numbers.	E204858	韓閏	3	34	a
generation-repair	note	鄭之仁 was moved down 1 generation (to 18) so that no recorded kin tie points upwards; the print itself gives no generation numbers.	E304827	鄭之仁	3	34	a
generation-repair	note	鄭之義 was moved down 1 generation (to 18) so that no recorded kin tie points upwards; the print itself gives no generation numbers.	E304828	鄭之義	3	34	a
generation-repair	note	鄭旻 was moved down 1 generation (to 19) so that no recorded kin tie points upwards; the print itself gives no generation numbers.	E304830	鄭旻	3	34	a
generation-repair	note	鄭暈 was moved down 1 generation (to 19) so that no recorded kin tie points upwards; the print itself gives no generation numbers.	E304834	鄭暈	3	34	a
generation-repair	note	鄭守德 was moved down 1 generation (to 19) so that no recorded kin tie points upwards; the print itself gives no generation numbers.	E304843	鄭守德	3	34	a
generation-repair	note	鄭之智 was moved down 1 generation (to 18) so that no recorded kin tie points upwards; the print itself gives no generation numbers.	E304861	鄭之智	3	34	a
generation-repair	note	鄭鈞 was moved down 1 generation (to 19) so that no recorded kin tie points upwards; the print itself gives no generation numbers.	E304862	鄭鈞	3	34	a
generation-repair	note	鄭欽 was moved down 1 generation (to 19) so that no recorded kin tie points upwards; the print itself gives no generation numbers.	E304863	鄭欽	3	34	a
generation-repair	note	鄭詮 was moved down 1 generation (to 19) so that no recorded kin tie points upwards; the print itself gives no generation numbers.	E304870	鄭詮	3	34	a
generation-repair	note	鄭之信 was moved down 1 generation (to 18) so that no recorded kin tie points upwards; the print itself gives no generation numbers.	E304872	鄭之信	3	34	a
generation-repair	note	鄭恕 was moved down 1 generation (to 19) so that no recorded kin tie points upwards; the print itself gives no generation numbers.	E304874	鄭恕	3	34	a
generation-repair	note	鄭文德 was moved down 2 generations (to 20) so that no recorded kin tie points upwards; the print itself gives no generation numbers.	E802762	鄭文德	3	34	a
generation-repair	note	崔叔精 was moved down 1 generation (to 19) so that no recorded kin tie points upwards; the print itself gives no generation numbers.	E902518	崔叔精	3	34	a
generation-repair	note	鄭晟 was moved down 1 generation (to 19) so that no recorded kin tie points upwards; the print itself gives no generation numbers.	EC01758	鄭晟	3	34	a
generation-repair	note	李秀亨 was moved down 2 generations (to 21) so that no recorded kin tie points upwards; the print itself gives no generation numbers.	E900006	李秀亨	3	34	b
generation-repair	note	李崇 was moved down 1 generation (to 20) so that no recorded kin tie points upwards; the print itself gives no generation numbers.	EA01604	李崇	3	34	b
generation-repair	note	李末亨 was moved down 2 generations (to 21) so that no recorded kin tie points upwards; the print itself gives no generation numbers.	EA03972	李末亨	3	34	b
generation-repair	note	李彭壽 was moved down 1 generation (to 20) so that no recorded kin tie points upwards; the print itself gives no generation numbers.	EB04354	李彭壽	3	34	b
generation-repair	note	沈仁孫 was moved down 1 generation (to 20) so that no recorded kin tie points upwards; the print itself gives no generation numbers.	EB04355	沈仁孫	3	34	b
generation-repair	note	沈愛孫 was moved down 1 generation (to 20) so that no recorded kin tie points upwards; the print itself gives no generation numbers.	EB04356	沈愛孫	3	34	b
generation-repair	note	沈愛同 was moved down 1 generation (to 20) so that no recorded kin tie points upwards; the print itself gives no generation numbers.	EB04357	沈愛同	3	34	b
generation-repair	note	沈愛山 was moved down 1 generation (to 20) so that no recorded kin tie points upwards; the print itself gives no generation numbers.	EB04358	沈愛山	3	34	b
generation-repair	note	崔龜山 was moved down 2 generations (to 20) so that no recorded kin tie points upwards; the print itself gives no generation numbers.	E000393	崔龜山	3	35	a
generation-repair	note	林堰 was moved down 2 generations (to 21) so that no recorded kin tie points upwards; the print itself gives no generation numbers.	E000395	林堰	3	35	a
generation-repair	note	李孟石 was moved down 1 generation (to 19) so that no recorded kin tie points upwards; the print itself gives no generation numbers.	E100531	李孟石	3	35	a
generation-repair	note	李秀增 was moved down 1 generation (to 20) so that no recorded kin tie points upwards; the print itself gives no generation numbers.	E100532	李秀增	3	35	a
generation-repair	note	李秀均 was moved down 1 generation (to 20) so that no recorded kin tie points upwards; the print itself gives no generation numbers.	E100536	李秀均	3	35	a
generation-repair	note	李仲石 was moved down 1 generation (to 19) so that no recorded kin tie points upwards; the print itself gives no generation numbers.	E100537	李仲石	3	35	a
generation-repair	note	李秀培 was moved down 1 generation (to 20) so that no recorded kin tie points upwards; the print itself gives no generation numbers.	E100544	李秀培	3	35	a
generation-repair	note	李秀墩 was moved down 1 generation (to 20) so that no recorded kin tie points upwards; the print itself gives no generation numbers.	E100553	李秀墩	3	35	a
generation-repair	note	韓義 was moved down 1 generation (to 19) so that no recorded kin tie points upwards; the print itself gives no generation numbers.	E100565	韓義	3	35	a
generation-repair	note	崔澍 was moved down 1 generation (to 20) so that no recorded kin tie points upwards; the print itself gives no generation numbers.	E100567	崔澍	3	35	a
generation-repair	note	申允舟 was moved down 1 generation (to 18) so that no recorded kin tie points upwards; the print itself gives no generation numbers.	E100576	申允舟	3	35	a
generation-repair	note	李秀埌 was moved down 1 generation (to 20) so that no recorded kin tie points upwards; the print itself gives no generation numbers.	f470e6c3-d131-450e-bcdd-ec8668bfc1f8	李秀埌	3	35	a
generation-repair	note	李愼 was moved down 1 generation (to 18) so that no recorded kin tie points upwards; the print itself gives no generation numbers.	E100594	李愼	3	35	b
generation-repair	note	李義幹 was moved down 1 generation (to 19) so that no recorded kin tie points upwards; the print itself gives no generation numbers.	E100597	李義幹	3	35	b
generation-repair	note	李輔幹 was moved down 1 generation (to 19) so that no recorded kin tie points upwards; the print itself gives no generation numbers.	E100627	李輔幹	3	35	b
generation-repair	note	偰致深 was moved down 3 generations (to 20) so that no recorded kin tie points upwards; the print itself gives no generation numbers.	E100689	偰致深	3	35	b
generation-repair	note	偰甲孫 was moved down 3 generations (to 21) so that no recorded kin tie points upwards; the print itself gives no generation numbers.	E100690	偰甲孫	3	35	b
generation-repair	note	柳亨長 was moved down 3 generations (to 21) so that no recorded kin tie points upwards; the print itself gives no generation numbers.	E100701	柳亨長	3	35	b
generation-repair	note	崔世豪 was moved down 4 generations (to 22) so that no recorded kin tie points upwards; the print itself gives no generation numbers.	E100707	崔世豪	3	35	b
generation-repair	note	朴輅 was moved down 3 generations (to 21) so that no recorded kin tie points upwards; the print itself gives no generation numbers.	E100710	朴輅	3	36	a
generation-repair	note	金泰卿 was moved down 1 generation (to 19) so that no recorded kin tie points upwards; the print itself gives no generation numbers.	E102829	金泰卿	3	36	a
generation-repair	note	卞諴 was moved down 1 generation (to 19) so that no recorded kin tie points upwards; the print itself gives no generation numbers.	E102830	卞諴	3	36	a
generation-repair	note	申洪 was moved down 1 generation (to 19) so that no recorded kin tie points upwards; the print itself gives no generation numbers.	E800311	申洪	3	36	a
generation-repair	note	姜允範 was moved down 1 generation (to 20) so that no recorded kin tie points upwards; the print itself gives no generation numbers.	E102534	姜允範	3	37	a
generation-repair	note	鄭宗禹 was moved down 1 generation (to 19) so that no recorded kin tie points upwards; the print itself gives no generation numbers.	E104682	鄭宗禹	3	37	a
generation-repair	note	姜淮仲 was moved down 1 generation (to 17) so that no recorded kin tie points upwards; the print itself gives no generation numbers.	E808019	姜淮仲	3	37	a
generation-repair	note	鄭承敬 was moved down 1 generation (to 20) so that no recorded kin tie points upwards; the print itself gives no generation numbers.	EB00465	鄭承敬	3	37	a
generation-repair	note	鄭承順 was moved down 1 generation (to 20) so that no recorded kin tie points upwards; the print itself gives no generation numbers.	EB00466	鄭承順	3	37	a
generation-repair	note	邊處寬 was moved down 1 generation (to 20) so that no recorded kin tie points upwards; the print itself gives no generation numbers.	EB00503	邊處寬	3	37	a
generation-repair	note	鄭浚 was moved down 1 generation (to 20) so that no recorded kin tie points upwards; the print itself gives no generation numbers.	EB04404	鄭浚	3	37	a
generation-repair	note	鄭相禹 was moved down 1 generation (to 19) so that no recorded kin tie points upwards; the print itself gives no generation numbers.	EC00247	鄭相禹	3	37	a
generation-repair	note	李璆 was moved down 3 generations (to 21) so that no recorded kin tie points upwards; the print itself gives no generation numbers.	E300036	李璆	3	37	b
generation-repair	note	李聴 was moved down 1 generation (to 18) so that no recorded kin tie points upwards; the print itself gives no generation numbers.	E301242	李聴	3	38	a
generation-repair	note	崔洌 was moved down 2 generations (to 20) so that no recorded kin tie points upwards; the print itself gives no generation numbers.	E104318	崔洌	3	38	b
generation-repair	note	李淳 was moved down 2 generations (to 20) so that no recorded kin tie points upwards; the print itself gives no generation numbers.	E104320	李淳	3	38	b
generation-repair	note	姜子愼 was moved down 2 generations (to 19) so that no recorded kin tie points upwards; the print itself gives no generation numbers.	E901550	姜子愼	3	38	b
generation-repair	note	柳善長 was moved down 1 generation (to 20) so that no recorded kin tie points upwards; the print itself gives no generation numbers.	EB02507	柳善長	3	38	b
generation-repair	note	柳道長 was moved down 1 generation (to 20) so that no recorded kin tie points upwards; the print itself gives no generation numbers.	EB02509	柳道長	3	38	b
generation-repair	note	柳壽長 was moved down 1 generation (to 20) so that no recorded kin tie points upwards; the print itself gives no generation numbers.	EB02514	柳壽長	3	38	b
generation-repair	note	柳江 was moved down 2 generations (to 19) so that no recorded kin tie points upwards; the print itself gives no generation numbers.	EC00175	柳江	3	38	b
generation-repair	note	李從茂 was moved down 2 generations (to 17) so that no recorded kin tie points upwards; the print itself gives no generation numbers.	E305676	李從茂	3	39	a
generation-repair	note	李升平 was moved down 2 generations (to 18) so that no recorded kin tie points upwards; the print itself gives no generation numbers.	E305678	李升平	3	39	a
generation-repair	note	李崙 was moved down 2 generations (to 19) so that no recorded kin tie points upwards; the print itself gives no generation numbers.	E305679	李崙	3	39	a
generation-repair	note	李憲 was moved down 2 generations (to 19) so that no recorded kin tie points upwards; the print itself gives no generation numbers.	E305681	李憲	3	39	a
generation-repair	note	申從濩 was moved down 1 generation (to 21) so that no recorded kin tie points upwards; the print itself gives no generation numbers.	E200778	申從濩	3	39	b
generation-repair	note	申命壽 was moved down 1 generation (to 20) so that no recorded kin tie points upwards; the print itself gives no generation numbers.	E202567	申命壽	3	39	b
generation-repair	note	鄭沃 was moved down 2 generations (to 21) so that no recorded kin tie points upwards; the print itself gives no generation numbers.	E203606	鄭沃	3	39	b
generation-repair	note	申叔舟 was moved down 1 generation (to 19) so that no recorded kin tie points upwards; the print itself gives no generation numbers.	E203610	申叔舟	3	39	b
generation-repair	note	申㴐 was moved down 1 generation (to 20) so that no recorded kin tie points upwards; the print itself gives no generation numbers.	E203616	申㴐	3	39	b
generation-repair	note	洪泰孫 was moved down 1 generation (to 21) so that no recorded kin tie points upwards; the print itself gives no generation numbers.	E203621	洪泰孫	3	39	b
generation-repair	note	申溥 was moved down 1 generation (to 20) so that no recorded kin tie points upwards; the print itself gives no generation numbers.	E203626	申溥	3	39	b
generation-repair	note	鄭有光 was moved down 1 generation (to 21) so that no recorded kin tie points upwards; the print itself gives no generation numbers.	E300937	鄭有光	3	39	b
generation-repair	note	姜鶴孫 was moved down 2 generations (to 21) so that no recorded kin tie points upwards; the print itself gives no generation numbers.	E502286	姜鶴孫	3	39	b
generation-repair	note	尹瀚 was moved down 2 generations (to 21) so that no recorded kin tie points upwards; the print itself gives no generation numbers.	E702028	尹瀚	3	39	b
generation-repair	note	申從沃 was moved down 1 generation (to 21) so that no recorded kin tie points upwards; the print itself gives no generation numbers.	E702082	申從沃	3	39	b
generation-repair	note	申用灌 was moved down 1 generation (to 21) so that no recorded kin tie points upwards; the print itself gives no generation numbers.	E702158	申用灌	3	39	b
generation-repair	note	申用漑 was moved down 1 generation (to 21) so that no recorded kin tie points upwards; the print itself gives no generation numbers.	E702186	申用漑	3	39	b
generation-repair	note	申光潤 was moved down 2 generations (to 22) so that no recorded kin tie points upwards; the print itself gives no generation numbers.	E702283	申光潤	3	39	b
generation-repair	note	申光澤 was moved down 2 generations (to 22) so that no recorded kin tie points upwards; the print itself gives no generation numbers.	E702295	申光澤	3	39	b
generation-repair	note	申浚 was moved down 1 generation (to 20) so that no recorded kin tie points upwards; the print itself gives no generation numbers.	EB00279	申浚	3	39	b
generation-repair	note	安良孫 was moved down 2 generations (to 20) so that no recorded kin tie points upwards; the print itself gives no generation numbers.	033d2309-fc88-4877-b9d3-ba6af5aa6840	安良孫	3	41	a
generation-repair	note	朴希文 was moved down 2 generations (to 18) so that no recorded kin tie points upwards; the print itself gives no generation numbers.	E104591	朴希文	3	41	a
generation-repair	note	朴苯 was moved down 2 generations (to 19) so that no recorded kin tie points upwards; the print itself gives no generation numbers.	E104592	朴苯	3	41	a
generation-repair	note	朴奉生 was moved down 2 generations (to 20) so that no recorded kin tie points upwards; the print itself gives no generation numbers.	E104593	朴奉生	3	41	a
generation-repair	note	趙治 was moved down 2 generations (to 20) so that no recorded kin tie points upwards; the print itself gives no generation numbers.	E104595	趙治	3	41	a
generation-repair	note	朴艮生 was moved down 2 generations (to 20) so that no recorded kin tie points upwards; the print itself gives no generation numbers.	E104596	朴艮生	3	41	a
generation-repair	note	朴震生 was moved down 2 generations (to 20) so that no recorded kin tie points upwards; the print itself gives no generation numbers.	E104597	朴震生	3	41	a
generation-repair	note	李孝宗 was moved down 2 generations (to 20) so that no recorded kin tie points upwards; the print itself gives no generation numbers.	E104599	李孝宗	3	41	a
generation-repair	note	安修己 was moved down 2 generations (to 19) so that no recorded kin tie points upwards; the print itself gives no generation numbers.	E104601	安修己	3	41	a
generation-repair	note	安賢孫 was moved down 2 generations (to 20) so that no recorded kin tie points upwards; the print itself gives no generation numbers.	E104602	安賢孫	3	41	a
generation-repair	note	安健 was moved down 2 generations (to 20) so that no recorded kin tie points upwards; the print itself gives no generation numbers.	E104603	安健	3	41	a
generation-repair	note	安正孫 was moved down 2 generations (to 20) so that no recorded kin tie points upwards; the print itself gives no generation numbers.	c523b2f4-1887-4f24-8ca5-a13dec52135c	安正孫	3	41	a
generation-repair	note	李仁顯 was moved down 1 generation (to 21) so that no recorded kin tie points upwards; the print itself gives no generation numbers.	E301443	李仁顯	3	42	a
generation-repair	note	柳季老 was moved down 1 generation (to 20) so that no recorded kin tie points upwards; the print itself gives no generation numbers.	4e76341c-7a4b-40cf-8750-f10e1660a400	柳季老	3	42	b
generation-repair	note	申允悟 was moved down 1 generation (to 18) so that no recorded kin tie points upwards; the print itself gives no generation numbers.	E303753	申允悟	3	42	b
generation-repair	note	柳洵 was moved down 1 generation (to 19) so that no recorded kin tie points upwards; the print itself gives no generation numbers.	E303783	柳洵	3	42	b
generation-repair	note	李抱 was moved down 2 generations (to 20) so that no recorded kin tie points upwards; the print itself gives no generation numbers.	E303870	李抱	3	42	b
generation-repair	note	李敦 was moved down 2 generations (to 21) so that no recorded kin tie points upwards; the print itself gives no generation numbers.	E504110	李敦	3	42	b
generation-repair	note	李欱 was moved down 2 generations (to 21) so that no recorded kin tie points upwards; the print itself gives no generation numbers.	E504139	李欱	3	42	b
generation-repair	note	柳沉 was moved down 1 generation (to 19) so that no recorded kin tie points upwards; the print itself gives no generation numbers.	E700994	柳沉	3	42	b
generation-repair	note	柳源汶 was moved down 2 generations (to 20) so that no recorded kin tie points upwards; the print itself gives no generation numbers.	E303989	柳源汶	3	43	a
generation-repair	note	柳伯孫 was moved down 2 generations (to 20) so that no recorded kin tie points upwards; the print itself gives no generation numbers.	E200496	柳伯孫	3	43	b
generation-repair	note	金守末 was moved down 2 generations (to 20) so that no recorded kin tie points upwards; the print itself gives no generation numbers.	E301232	金守末	3	43	b
generation-repair	note	柳之信 was moved down 2 generations (to 20) so that no recorded kin tie points upwards; the print itself gives no generation numbers.	E304005	柳之信	3	43	b
generation-repair	note	高台鼎 was moved down 2 generations (to 21) so that no recorded kin tie points upwards; the print itself gives no generation numbers.	E304008	高台鼎	3	43	b
generation-repair	note	南濆 was moved down 2 generations (to 20) so that no recorded kin tie points upwards; the print itself gives no generation numbers.	E304028	南濆	3	43	b
generation-repair	note	禹拜昌 was moved down 2 generations (to 21) so that no recorded kin tie points upwards; the print itself gives no generation numbers.	E304030	禹拜昌	3	43	b
generation-repair	note	柳永錫 was moved down 2 generations (to 20) so that no recorded kin tie points upwards; the print itself gives no generation numbers.	E304034	柳永錫	3	43	b
generation-repair	note	李孝哉 was moved down 2 generations (to 20) so that no recorded kin tie points upwards; the print itself gives no generation numbers.	E304036	李孝哉	3	43	b
generation-repair	note	趙承智 was moved down 2 generations (to 20) so that no recorded kin tie points upwards; the print itself gives no generation numbers.	E304043	趙承智	3	43	b
generation-repair	note	姜之海 was moved down 2 generations (to 20) so that no recorded kin tie points upwards; the print itself gives no generation numbers.	EB00830	姜之海	3	43	b
generation-repair	note	康允祚 was moved down 3 generations (to 21) so that no recorded kin tie points upwards; the print itself gives no generation numbers.	EB01110	康允祚	3	43	b
generation-repair	note	申敬乾 was moved down 2 generations (to 19) so that no recorded kin tie points upwards; the print itself gives no generation numbers.	EC00177	申敬乾	3	43	b
generation-repair	note	柳洙 was moved down 2 generations (to 19) so that no recorded kin tie points upwards; the print itself gives no generation numbers.	EC00179	柳洙	3	43	b
generation-repair	note	朴季昌 was moved down 1 generation (to 20) so that no recorded kin tie points upwards; the print itself gives no generation numbers.	00334f00-d12d-403d-b6d4-bc881ca756be	朴季昌	3	44	a
generation-repair	note	朴叔昌 was moved down 1 generation (to 20) so that no recorded kin tie points upwards; the print itself gives no generation numbers.	36c5a1d5-b7b9-403d-9047-cc892140971f	朴叔昌	3	44	a
generation-repair	note	朴仲昌 was moved down 1 generation (to 20) so that no recorded kin tie points upwards; the print itself gives no generation numbers.	8ab94a4e-11fc-4a49-945a-54a1fe1510e5	朴仲昌	3	44	a
generation-repair	note	柳終孫 was moved down 2 generations (to 20) so that no recorded kin tie points upwards; the print itself gives no generation numbers.	E304126	柳終孫	3	44	a
generation-repair	note	郭璘 was moved down 2 generations (to 20) so that no recorded kin tie points upwards; the print itself gives no generation numbers.	E304127	郭璘	3	44	a
generation-repair	note	趙繼男 was moved down 2 generations (to 21) so that no recorded kin tie points upwards; the print itself gives no generation numbers.	E304139	趙繼男	3	44	a
generation-repair	note	朴始孫 was moved down 2 generations (to 21) so that no recorded kin tie points upwards; the print itself gives no generation numbers.	E304140	朴始孫	3	44	a
generation-repair	note	李綱 was moved down 1 generation (to 18) so that no recorded kin tie points upwards; the print itself gives no generation numbers.	E304142	李綱	3	44	a
generation-repair	note	盧叔恭 was moved down 2 generations (to 21) so that no recorded kin tie points upwards; the print itself gives no generation numbers.	E305758	盧叔恭	3	44	a
generation-repair	note	朴永昌 was moved down 1 generation (to 20) so that no recorded kin tie points upwards; the print itself gives no generation numbers.	EA00483	朴永昌	3	44	a
generation-repair	note	柳泗 was moved down 2 generations (to 19) so that no recorded kin tie points upwards; the print itself gives no generation numbers.	EC00180	柳泗	3	44	a
generation-repair	note	趙理 was moved down 2 generations (to 19) so that no recorded kin tie points upwards; the print itself gives no generation numbers.	EC00182	趙理	3	44	a
generation-repair	note	李倩 was moved down 2 generations (to 21) so that no recorded kin tie points upwards; the print itself gives no generation numbers.	EC01780	李倩	3	44	a
generation-repair	note	金萬愼 was moved down 1 generation (to 19) so that no recorded kin tie points upwards; the print itself gives no generation numbers.	E900985	金萬愼	3	44	b
generation-repair	note	權宗李 was moved down 1 generation (to 18) so that no recorded kin tie points upwards; the print itself gives no generation numbers.	E901122	權宗李	3	44	b
generation-repair	note	李復起 was moved down 1 generation (to 20) so that no recorded kin tie points upwards; the print itself gives no generation numbers.	E303449	李復起	3	45	b
generation-repair	note	李復振 was moved down 1 generation (to 20) so that no recorded kin tie points upwards; the print itself gives no generation numbers.	E303454	李復振	3	45	b
generation-repair	note	李復亨 was moved down 1 generation (to 20) so that no recorded kin tie points upwards; the print itself gives no generation numbers.	E901894	李復亨	3	45	b
generation-repair	note	南季彦 was moved down 2 generations (to 21) so that no recorded kin tie points upwards; the print itself gives no generation numbers.	EA01082	南季彦	3	46	a
generation-repair	note	金係行 was moved down 1 generation (to 18) so that no recorded kin tie points upwards; the print itself gives no generation numbers.	E901049	金係行	3	46	b
generation-repair	note	李源 was moved down 1 generation (to 20) so that no recorded kin tie points upwards; the print itself gives no generation numbers.	EA01105	李源	3	46	b
generation-repair	note	李淑 was moved down 1 generation (to 20) so that no recorded kin tie points upwards; the print itself gives no generation numbers.	EA01138	李淑	3	46	b
generation-repair	note	李增 was moved down 3 generations (to 22) so that no recorded kin tie points upwards; the print itself gives no generation numbers.	EA01148	李增	3	46	b
generation-repair	note	洪貴演 was moved down 1 generation (to 20) so that no recorded kin tie points upwards; the print itself gives no generation numbers.	E201655	洪貴演	3	47	a
generation-repair	note	李永宣 was moved down 1 generation (to 19) so that no recorded kin tie points upwards; the print itself gives no generation numbers.	E301285	李永宣	3	47	a
generation-repair	note	朴愼孫 was moved down 1 generation (to 20) so that no recorded kin tie points upwards; the print itself gives no generation numbers.	E302621	朴愼孫	3	47	a
generation-repair	note	尹晢 was moved down 1 generation (to 20) so that no recorded kin tie points upwards; the print itself gives no generation numbers.	E302989	尹晢	3	47	a
generation-repair	note	李絟 was moved down 2 generations (to 20) so that no recorded kin tie points upwards; the print itself gives no generation numbers.	E303535	李絟	3	47	a
generation-repair	note	尹昫 was moved down 1 generation (to 20) so that no recorded kin tie points upwards; the print itself gives no generation numbers.	EA01005	尹昫	3	47	a
generation-repair	note	尹繼興 was moved down 1 generation (to 19) so that no recorded kin tie points upwards; the print itself gives no generation numbers.	EA01615	尹繼興	3	47	a
generation-repair	note	李永弘 was moved down 1 generation (to 19) so that no recorded kin tie points upwards; the print itself gives no generation numbers.	EA01616	李永弘	3	47	a
generation-repair	note	李寅 was moved down 1 generation (to 20) so that no recorded kin tie points upwards; the print itself gives no generation numbers.	EA01621	李寅	3	47	a
generation-repair	note	李永昌 was moved down 1 generation (to 19) so that no recorded kin tie points upwards; the print itself gives no generation numbers.	EA01635	李永昌	3	47	a
generation-repair	note	李永蕃 was moved down 1 generation (to 19) so that no recorded kin tie points upwards; the print itself gives no generation numbers.	EA01640	李永蕃	3	47	a
generation-repair	note	李杜 was moved down 3 generations (to 22) so that no recorded kin tie points upwards; the print itself gives no generation numbers.	E000310	李杜	3	47	b
generation-repair	note	李知恥 was moved down 3 generations (to 21) so that no recorded kin tie points upwards; the print itself gives no generation numbers.	EB01116	李知恥	3	47	b
generation-repair	note	李拱 was moved down 2 generations (to 20) so that no recorded kin tie points upwards; the print itself gives no generation numbers.	E000958	李拱	3	50	a
generation-repair	note	李元守 was moved down 2 generations (to 21) so that no recorded kin tie points upwards; the print itself gives no generation numbers.	E301863	李元守	3	50	a
generation-repair	note	趙侔 was moved down 2 generations (to 21) so that no recorded kin tie points upwards; the print itself gives no generation numbers.	E904910	趙侔	3	50	a
generation-repair	note	趙位 was moved down 2 generations (to 21) so that no recorded kin tie points upwards; the print itself gives no generation numbers.	E904912	趙位	3	50	a
generation-repair	note	李全之 was moved down 2 generations (to 19) so that no recorded kin tie points upwards; the print itself gives no generation numbers.	EB02673	李全之	3	50	a
generation-repair	note	李三喜 was moved down 2 generations (to 21) so that no recorded kin tie points upwards; the print itself gives no generation numbers.	EB02675	李三喜	3	50	a
generation-repair	note	趙克仁 was moved down 2 generations (to 20) so that no recorded kin tie points upwards; the print itself gives no generation numbers.	EB02678	趙克仁	3	50	a
generation-repair	note	李季敏 was moved down 2 generations (to 20) so that no recorded kin tie points upwards; the print itself gives no generation numbers.	EB02680	李季敏	3	50	a
generation-repair	note	張哲堅 was moved down 2 generations (to 21) so that no recorded kin tie points upwards; the print itself gives no generation numbers.	EB02682	張哲堅	3	50	a
generation-repair	note	李謙之 was moved down 2 generations (to 19) so that no recorded kin tie points upwards; the print itself gives no generation numbers.	EB02700	李謙之	3	50	a
generation-repair	note	朴居信 was moved down 2 generations (to 21) so that no recorded kin tie points upwards; the print itself gives no generation numbers.	EB02702	朴居信	3	50	a
generation-repair	note	李持 was moved down 2 generations (to 20) so that no recorded kin tie points upwards; the print itself gives no generation numbers.	EB02705	李持	3	50	a
generation-repair	note	李完守 was moved down 2 generations (to 21) so that no recorded kin tie points upwards; the print itself gives no generation numbers.	EB02706	李完守	3	50	a
generation-repair	note	南義元 was moved down 2 generations (to 21) so that no recorded kin tie points upwards; the print itself gives no generation numbers.	EB02713	南義元	3	50	a
generation-repair	note	李仁守 was moved down 2 generations (to 21) so that no recorded kin tie points upwards; the print itself gives no generation numbers.	EB02722	李仁守	3	50	a
generation-repair	note	李欽守 was moved down 2 generations (to 21) so that no recorded kin tie points upwards; the print itself gives no generation numbers.	EB02723	李欽守	3	50	a
generation-repair	note	李孟常 was moved down 2 generations (to 18) so that no recorded kin tie points upwards; the print itself gives no generation numbers.	EC00500	李孟常	3	50	a
generation-repair	note	李洗膓 was moved down 2 generations (to 21) so that no recorded kin tie points upwards; the print itself gives no generation numbers.	451abaac-f99d-423c-a0b3-e0112fb33753	李洗膓	3	50	b
generation-repair	note	李洗膽 was moved down 2 generations (to 21) so that no recorded kin tie points upwards; the print itself gives no generation numbers.	46b49cd9-75b9-421a-8481-8b2becd0169e	李洗膽	3	50	b
generation-repair	note	宋洗中 was moved down 2 generations (to 21) so that no recorded kin tie points upwards; the print itself gives no generation numbers.	619ff848-6f34-4d93-bb51-9946f7ac0eab	宋洗中	3	50	b
generation-repair	note	李把 was moved down 2 generations (to 20) so that no recorded kin tie points upwards; the print itself gives no generation numbers.	EB02724	李把	3	50	b
generation-repair	note	李文守 was moved down 2 generations (to 21) so that no recorded kin tie points upwards; the print itself gives no generation numbers.	EB02725	李文守	3	50	b
generation-repair	note	李挶 was moved down 2 generations (to 20) so that no recorded kin tie points upwards; the print itself gives no generation numbers.	EB02734	李挶	3	50	b
generation-repair	note	尹思 was moved down 2 generations (to 19) so that no recorded kin tie points upwards; the print itself gives no generation numbers.	EB02736	尹思	3	50	b
generation-repair	note	閔山命 was moved down 2 generations (to 20) so that no recorded kin tie points upwards; the print itself gives no generation numbers.	EB02742	閔山命	3	50	b
generation-repair	note	尹碩輔 was moved down 2 generations (to 20) so that no recorded kin tie points upwards; the print itself gives no generation numbers.	EB02747	尹碩輔	3	50	b
generation-repair	note	李守哲 was moved down 2 generations (to 19) so that no recorded kin tie points upwards; the print itself gives no generation numbers.	EB02767	李守哲	3	50	b
generation-repair	note	宋叔琪 was moved down 2 generations (to 20) so that no recorded kin tie points upwards; the print itself gives no generation numbers.	EB02769	宋叔琪	3	50	b
generation-repair	note	宋洗端 was moved down 2 generations (to 21) so that no recorded kin tie points upwards; the print itself gives no generation numbers.	ce7e6490-a3a2-4104-bcae-8babb055b16b	宋洗端	3	50	b
generation-repair	note	朴徐昌 was moved down 2 generations (to 20) so that no recorded kin tie points upwards; the print itself gives no generation numbers.	EB01501	朴徐昌	3	51	a
generation-repair	note	朴緯 was moved down 2 generations (to 21) so that no recorded kin tie points upwards; the print itself gives no generation numbers.	EB01532	朴緯	3	51	a
generation-repair	note	姜自亨 was moved down 2 generations (to 20) so that no recorded kin tie points upwards; the print itself gives no generation numbers.	EB02809	姜自亨	3	51	a
generation-repair	note	李惇之 was moved down 2 generations (to 19) so that no recorded kin tie points upwards; the print itself gives no generation numbers.	EB02822	李惇之	3	51	a
generation-repair	note	朴得中 was moved down 2 generations (to 18) so that no recorded kin tie points upwards; the print itself gives no generation numbers.	EC00409	朴得中	3	51	a
generation-repair	note	徐耇 was moved down 2 generations (to 19) so that no recorded kin tie points upwards; the print itself gives no generation numbers.	EC00411	徐耇	3	51	a
generation-repair	note	朴賡 was moved down 2 generations (to 19) so that no recorded kin tie points upwards; the print itself gives no generation numbers.	EC00412	朴賡	3	51	a
generation-repair	note	權緯 was moved down 1 generation (to 19) so that no recorded kin tie points upwards; the print itself gives no generation numbers.	001efe20-ad58-4cdb-8876-cb0e17fe0275	權緯	3	51	b
generation-repair	note	朴原直 was moved down 1 generation (to 19) so that no recorded kin tie points upwards; the print itself gives no generation numbers.	E204921	朴原直	3	52	b
generation-repair	note	禹彭世 was moved down 1 generation (to 20) so that no recorded kin tie points upwards; the print itself gives no generation numbers.	E204934	禹彭世	3	52	b
generation-repair	note	朴垠 was moved down 1 generation (to 20) so that no recorded kin tie points upwards; the print itself gives no generation numbers.	E204947	朴垠	3	52	b
generation-repair	note	朴址 was moved down 1 generation (to 20) so that no recorded kin tie points upwards; the print itself gives no generation numbers.	E204956	朴址	3	52	b
generation-repair	note	朴壎 was moved down 1 generation (to 20) so that no recorded kin tie points upwards; the print itself gives no generation numbers.	E204962	朴壎	3	52	b
generation-repair	note	朴墅 was moved down 1 generation (to 20) so that no recorded kin tie points upwards; the print itself gives no generation numbers.	E204963	朴墅	3	52	b
generation-repair	note	朴塾 was moved down 1 generation (to 20) so that no recorded kin tie points upwards; the print itself gives no generation numbers.	E204965	朴塾	3	52	b
generation-repair	note	朴彦範 was moved down 3 generations (to 22) so that no recorded kin tie points upwards; the print itself gives no generation numbers.	E600001	朴彦範	3	52	b
generation-repair	note	朴衡武 was moved down 3 generations (to 21) so that no recorded kin tie points upwards; the print itself gives no generation numbers.	E600012	朴衡武	3	52	b
generation-repair	note	卜彭孫 was moved down 1 generation (to 20) so that no recorded kin tie points upwards; the print itself gives no generation numbers.	E902435	卜彭孫	3	52	b
generation-repair	note	朴原昌 was moved down 1 generation (to 19) so that no recorded kin tie points upwards; the print itself gives no generation numbers.	EA00409	朴原昌	3	52	b
generation-repair	note	朴壔 was moved down 1 generation (to 20) so that no recorded kin tie points upwards; the print itself gives no generation numbers.	EA01201	朴壔	3	52	b
generation-repair	note	朴塢 was moved down 1 generation (to 20) so that no recorded kin tie points upwards; the print itself gives no generation numbers.	d3ed0d07-a098-440f-9228-b5ca2ecca2a6	朴塢	3	52	b
generation-repair	note	李鼎祚 was moved down 3 generations (to 21) so that no recorded kin tie points upwards; the print itself gives no generation numbers.	EB01118	李鼎祚	3	54	a
generation-repair	note	李仲善 was moved down 1 generation (to 19) so that no recorded kin tie points upwards; the print itself gives no generation numbers.	E303820	李仲善	3	55	a
generation-repair	note	李仲規 was moved down 1 generation (to 19) so that no recorded kin tie points upwards; the print itself gives no generation numbers.	E807662	李仲規	3	55	a
generation-repair	note	金長訥 was moved down 1 generation (to 19) so that no recorded kin tie points upwards; the print itself gives no generation numbers.	E300124	金長訥	3	56	a
generation-repair	note	李玉衡 was moved down 1 generation (to 19) so that no recorded kin tie points upwards; the print itself gives no generation numbers.	E301913	李玉衡	3	56	a
generation-repair	note	南八凱 was moved down 1 generation (to 19) so that no recorded kin tie points upwards; the print itself gives no generation numbers.	E503675	南八凱	3	56	a
generation-repair	note	金季訥 was moved down 3 generations (to 21) so that no recorded kin tie points upwards; the print itself gives no generation numbers.	E802135	金季訥	3	56	a
generation-repair	note	金甲訥 was moved down 2 generations (to 21) so that no recorded kin tie points upwards; the print itself gives no generation numbers.	E802532	金甲訥	3	56	a
generation-repair	note	權玠 was moved down 1 generation (to 18) so that no recorded kin tie points upwards; the print itself gives no generation numbers.	E900504	權玠	3	56	a
generation-repair	note	河源 was moved down 1 generation (to 19) so that no recorded kin tie points upwards; the print itself gives no generation numbers.	E900506	河源	3	56	a
generation-repair	note	金養蒙 was moved down 1 generation (to 19) so that no recorded kin tie points upwards; the print itself gives no generation numbers.	E900508	金養蒙	3	56	a
generation-repair	note	權叔衡 was moved down 1 generation (to 19) so that no recorded kin tie points upwards; the print itself gives no generation numbers.	E900509	權叔衡	3	56	a
generation-repair	note	權叔均 was moved down 1 generation (to 19) so that no recorded kin tie points upwards; the print itself gives no generation numbers.	E900515	權叔均	3	56	a
generation-repair	note	李京孫 was moved down 1 generation (to 19) so that no recorded kin tie points upwards; the print itself gives no generation numbers.	E900527	李京孫	3	56	a
generation-repair	note	安彭耉 was moved down 1 generation (to 19) so that no recorded kin tie points upwards; the print itself gives no generation numbers.	E900528	安彭耉	3	56	a
generation-repair	note	李時敏 was moved down 1 generation (to 18) so that no recorded kin tie points upwards; the print itself gives no generation numbers.	E900592	李時敏	3	56	a
generation-repair	note	朴磁 was moved down 3 generations (to 22) so that no recorded kin tie points upwards; the print itself gives no generation numbers.	EA00497	朴磁	3	56	a
generation-repair	note	柳承涵 was moved down 2 generations (to 20) so that no recorded kin tie points upwards; the print itself gives no generation numbers.	E301907	柳承涵	3	56	b
generation-repair	note	權處中 was moved down 1 generation (to 17) so that no recorded kin tie points upwards; the print itself gives no generation numbers.	E900421	權處中	3	56	b
generation-repair	note	裴襟 was moved down 1 generation (to 19) so that no recorded kin tie points upwards; the print itself gives no generation numbers.	E900557	裴襟	3	56	b
generation-repair	note	南孟命 was moved down 1 generation (to 20) so that no recorded kin tie points upwards; the print itself gives no generation numbers.	EA03732	南孟命	3	56	b
generation-repair	note	南仲命 was moved down 1 generation (to 20) so that no recorded kin tie points upwards; the print itself gives no generation numbers.	EA03735	南仲命	3	56	b
generation-repair	note	潘龜 was moved down 1 generation (to 18) so that no recorded kin tie points upwards; the print itself gives no generation numbers.	E900442	潘龜	3	57	b
generation-repair	note	潘呂生 was moved down 1 generation (to 18) so that no recorded kin tie points upwards; the print itself gives no generation numbers.	E901072	潘呂生	3	57	b
generation-repair	note	尹忠毅 was moved down 1 generation (to 18) so that no recorded kin tie points upwards; the print itself gives no generation numbers.	E807868	尹忠毅	3	58	a
generation-repair	note	權以謙 was moved down 1 generation (to 18) so that no recorded kin tie points upwards; the print itself gives no generation numbers.	E807869	權以謙	3	58	a
generation-repair	note	金居澗 was moved down 1 generation (to 18) so that no recorded kin tie points upwards; the print itself gives no generation numbers.	E807871	金居澗	3	58	a
generation-repair	note	崔汝海 was moved down 1 generation (to 18) so that no recorded kin tie points upwards; the print itself gives no generation numbers.	E807872	崔汝海	3	58	a
generation-repair	note	李範 was moved down 1 generation (to 20) so that no recorded kin tie points upwards; the print itself gives no generation numbers.	E102729	李範	3	58	b
generation-repair	note	盧哲根 was moved down 1 generation (to 20) so that no recorded kin tie points upwards; the print itself gives no generation numbers.	E301264	盧哲根	3	58	b
generation-repair	note	成允武 was moved down 1 generation (to 20) so that no recorded kin tie points upwards; the print itself gives no generation numbers.	E303346	成允武	3	58	b
generation-repair	note	鄭忠基 was moved down 3 generations (to 20) so that no recorded kin tie points upwards; the print itself gives no generation numbers.	E000217	鄭忠基	3	59	a
generation-repair	note	李裀 was moved down 3 generations (to 20) so that no recorded kin tie points upwards; the print itself gives no generation numbers.	E101377	李裀	3	60	a
generation-repair	note	崔承寧 was moved down 3 generations (to 20) so that no recorded kin tie points upwards; the print itself gives no generation numbers.	E101384	崔承寧	3	60	a
generation-repair	note	崔道一 was moved down 3 generations (to 21) so that no recorded kin tie points upwards; the print itself gives no generation numbers.	E101386	崔道一	3	60	a
generation-repair	note	崔世賢 was moved down 3 generations (to 22) so that no recorded kin tie points upwards; the print itself gives no generation numbers.	E101387	崔世賢	3	60	a
generation-repair	note	李溥 was moved down 3 generations (to 22) so that no recorded kin tie points upwards; the print itself gives no generation numbers.	E101389	李溥	3	60	a
generation-repair	note	安友蹇 was moved down 3 generations (to 22) so that no recorded kin tie points upwards; the print itself gives no generation numbers.	E101397	安友蹇	3	60	a
generation-repair	note	李淳 was moved down 3 generations (to 22) so that no recorded kin tie points upwards; the print itself gives no generation numbers.	E101398	李淳	3	60	a
generation-repair	note	李澄 was moved down 3 generations (to 22) so that no recorded kin tie points upwards; the print itself gives no generation numbers.	E101400	李澄	3	60	a
generation-repair	note	崔道根 was moved down 3 generations (to 21) so that no recorded kin tie points upwards; the print itself gives no generation numbers.	E101402	崔道根	3	60	a
generation-repair	note	崔世省 was moved down 3 generations (to 22) so that no recorded kin tie points upwards; the print itself gives no generation numbers.	E101404	崔世省	3	60	a
generation-repair	note	崔世傑 was moved down 3 generations (to 22) so that no recorded kin tie points upwards; the print itself gives no generation numbers.	E101407	崔世傑	3	60	a
generation-repair	note	崔世俊 was moved down 3 generations (to 22) so that no recorded kin tie points upwards; the print itself gives no generation numbers.	E101408	崔世俊	3	60	a
generation-repair	note	李澍 was moved down 3 generations (to 22) so that no recorded kin tie points upwards; the print itself gives no generation numbers.	E201661	李澍	3	60	a
generation-repair	note	李淨 was moved down 3 generations (to 22) so that no recorded kin tie points upwards; the print itself gives no generation numbers.	E300035	李淨	3	60	a
generation-repair	note	姜子儀 was moved down 1 generation (to 19) so that no recorded kin tie points upwards; the print itself gives no generation numbers.	E401638	姜子儀	3	60	b
generation-repair	note	姜宗德 was moved down 1 generation (to 18) so that no recorded kin tie points upwards; the print itself gives no generation numbers.	E807982	姜宗德	3	60	b
generation-repair	note	姜子保 was moved down 1 generation (to 19) so that no recorded kin tie points upwards; the print itself gives no generation numbers.	E807984	姜子保	3	60	b
generation-repair	note	姜子儉 was moved down 1 generation (to 19) so that no recorded kin tie points upwards; the print itself gives no generation numbers.	E807985	姜子儉	3	60	b
generation-repair	note	鄭禮孫 was moved down 1 generation (to 19) so that no recorded kin tie points upwards; the print itself gives no generation numbers.	E807987	鄭禮孫	3	60	b
generation-repair	note	姜友德 was moved down 1 generation (to 18) so that no recorded kin tie points upwards; the print itself gives no generation numbers.	E807988	姜友德	3	60	b
generation-repair	note	朴居謙 was moved down 1 generation (to 19) so that no recorded kin tie points upwards; the print itself gives no generation numbers.	E807991	朴居謙	3	60	b
generation-repair	note	姜居仁 was moved down 2 generations (to 20) so that no recorded kin tie points upwards; the print itself gives no generation numbers.	E901551	姜居仁	3	60	b
generation-repair	note	孫繼童 was moved down 2 generations (to 20) so that no recorded kin tie points upwards; the print itself gives no generation numbers.	E901554	孫繼童	3	60	b
generation-repair	note	姜居義 was moved down 2 generations (to 20) so that no recorded kin tie points upwards; the print itself gives no generation numbers.	E901556	姜居義	3	60	b
generation-repair	note	姜居禮 was moved down 2 generations (to 20) so that no recorded kin tie points upwards; the print itself gives no generation numbers.	E901566	姜居禮	3	60	b
generation-repair	note	姜居貞 was moved down 2 generations (to 20) so that no recorded kin tie points upwards; the print itself gives no generation numbers.	E901572	姜居貞	3	60	b
generation-repair	note	姜居孝 was moved down 2 generations (to 20) so that no recorded kin tie points upwards; the print itself gives no generation numbers.	E901578	姜居孝	3	60	b
generation-repair	note	姜居忠 was moved down 2 generations (to 20) so that no recorded kin tie points upwards; the print itself gives no generation numbers.	E901591	姜居忠	3	60	b
generation-repair	note	姜仁範 was moved down 2 generations (to 21) so that no recorded kin tie points upwards; the print itself gives no generation numbers.	E902848	姜仁範	3	60	b
generation-repair	note	姜渭 was moved down 1 generation (to 20) so that no recorded kin tie points upwards; the print itself gives no generation numbers.	EA02680	姜渭	3	60	b
generation-repair	note	姜貴孫 was moved down 2 generations (to 21) so that no recorded kin tie points upwards; the print itself gives no generation numbers.	EB00509	姜貴孫	3	60	b
generation-repair	note	姜末孫 was moved down 2 generations (to 21) so that no recorded kin tie points upwards; the print itself gives no generation numbers.	EB00517	姜末孫	3	60	b
generation-repair	note	姜進德 was moved down 1 generation (to 18) so that no recorded kin tie points upwards; the print itself gives no generation numbers.	EC00245	姜進德	3	60	b
generation-repair	note	金自淑 was moved down 1 generation (to 20) so that no recorded kin tie points upwards; the print itself gives no generation numbers.	E102988	金自淑	3	61	a
generation-repair	note	李瓊仝 was moved down 1 generation (to 20) so that no recorded kin tie points upwards; the print itself gives no generation numbers.	E202910	李瓊仝	3	61	a
generation-repair	note	金張 was moved down 1 generation (to 18) so that no recorded kin tie points upwards; the print itself gives no generation numbers.	E203654	金張	3	61	a
generation-repair	note	金光礪 was moved down 1 generation (to 20) so that no recorded kin tie points upwards; the print itself gives no generation numbers.	E203656	金光礪	3	61	a
generation-repair	note	金光範 was moved down 1 generation (to 20) so that no recorded kin tie points upwards; the print itself gives no generation numbers.	E203657	金光範	3	61	a
generation-repair	note	金自哲 was moved down 1 generation (to 20) so that no recorded kin tie points upwards; the print itself gives no generation numbers.	E204105	金自哲	3	61	a
generation-repair	note	姜美 was moved down 1 generation (to 19) so that no recorded kin tie points upwards; the print itself gives no generation numbers.	E301147	姜美	3	61	a
generation-repair	note	趙瑞安 was moved down 1 generation (to 19) so that no recorded kin tie points upwards; the print itself gives no generation numbers.	E605699	趙瑞安	3	61	a
generation-repair	note	金克用 was moved down 1 generation (to 19) so that no recorded kin tie points upwards; the print itself gives no generation numbers.	E807992	金克用	3	61	a
generation-repair	note	金處經 was moved down 1 generation (to 20) so that no recorded kin tie points upwards; the print itself gives no generation numbers.	E807994	金處經	3	61	a
generation-repair	note	金處權 was moved down 1 generation (to 20) so that no recorded kin tie points upwards; the print itself gives no generation numbers.	E807995	金處權	3	61	a
generation-repair	note	文璐 was moved down 1 generation (to 20) so that no recorded kin tie points upwards; the print itself gives no generation numbers.	E807997	文璐	3	61	a
generation-repair	note	李桓 was moved down 1 generation (to 20) so that no recorded kin tie points upwards; the print itself gives no generation numbers.	E807999	李桓	3	61	a
generation-repair	note	柳線 was moved down 1 generation (to 20) so that no recorded kin tie points upwards; the print itself gives no generation numbers.	E808001	柳線	3	61	a
generation-repair	note	金景伯 was moved down 1 generation (to 20) so that no recorded kin tie points upwards; the print itself gives no generation numbers.	E808003	金景伯	3	61	a
generation-repair	note	姜碩德 was moved down 1 generation (to 18) so that no recorded kin tie points upwards; the print itself gives no generation numbers.	E808008	姜碩德	3	61	a
generation-repair	note	姜希顔 was moved down 1 generation (to 19) so that no recorded kin tie points upwards; the print itself gives no generation numbers.	E901202	姜希顔	3	61	a
generation-repair	note	趙仲暉 was moved down 1 generation (to 20) so that no recorded kin tie points upwards; the print itself gives no generation numbers.	E901205	趙仲暉	3	61	a
generation-repair	note	金守均 was moved down 1 generation (to 20) so that no recorded kin tie points upwards; the print itself gives no generation numbers.	EB00521	金守均	3	61	a
generation-repair	note	姜致 was moved down 1 generation (to 19) so that no recorded kin tie points upwards; the print itself gives no generation numbers.	EC00250	姜致	3	61	a
generation-repair	note	金利用 was moved down 1 generation (to 19) so that no recorded kin tie points upwards; the print itself gives no generation numbers.	EC04679	金利用	3	61	a
generation-repair	note	禹樹 was moved down 1 generation (to 20) so that no recorded kin tie points upwards; the print itself gives no generation numbers.	E000525	禹樹	3	61	b
generation-repair	note	姜龜孫 was moved down 1 generation (to 20) so that no recorded kin tie points upwards; the print itself gives no generation numbers.	E100156	姜龜孫	3	61	b
generation-repair	note	南恮 was moved down 1 generation (to 20) so that no recorded kin tie points upwards; the print itself gives no generation numbers.	E101993	南恮	3	61	b
generation-repair	note	成世明 was moved down 1 generation (to 20) so that no recorded kin tie points upwards; the print itself gives no generation numbers.	E300475	成世明	3	61	b
generation-repair	note	朴光榮 was moved down 3 generations (to 22) so that no recorded kin tie points upwards; the print itself gives no generation numbers.	E701390	朴光榮	3	61	b
generation-repair	note	辛鍵 was moved down 1 generation (to 20) so that no recorded kin tie points upwards; the print itself gives no generation numbers.	E808011	辛鍵	3	61	b
generation-repair	note	南俊 was moved down 1 generation (to 19) so that no recorded kin tie points upwards; the print itself gives no generation numbers.	E808014	南俊	3	61	b
generation-repair	note	南恬 was moved down 1 generation (to 20) so that no recorded kin tie points upwards; the print itself gives no generation numbers.	E808015	南恬	3	61	b
generation-repair	note	南恢 was moved down 1 generation (to 20) so that no recorded kin tie points upwards; the print itself gives no generation numbers.	E808016	南恢	3	61	b
generation-repair	note	南慄 was moved down 1 generation (to 20) so that no recorded kin tie points upwards; the print itself gives no generation numbers.	E808017	南慄	3	61	b
generation-repair	note	金孟鋼 was moved down 1 generation (to 20) so that no recorded kin tie points upwards; the print itself gives no generation numbers.	E901210	金孟鋼	3	61	b
generation-repair	note	姜渭孫 was moved down 3 generations (to 22) so that no recorded kin tie points upwards; the print itself gives no generation numbers.	EB01262	姜渭孫	3	61	b
generation-repair	note	朴義榮 was moved down 3 generations (to 22) so that no recorded kin tie points upwards; the print itself gives no generation numbers.	EB01263	朴義榮	3	61	b
generation-repair	note	朴仁榮 was moved down 3 generations (to 22) so that no recorded kin tie points upwards; the print itself gives no generation numbers.	EB01283	朴仁榮	3	61	b
generation-repair	note	姜億丁 was moved down 2 generations (to 21) so that no recorded kin tie points upwards; the print itself gives no generation numbers.	E206040	姜億丁	3	62	a
generation-repair	note	姜萬丁 was moved down 2 generations (to 21) so that no recorded kin tie points upwards; the print itself gives no generation numbers.	E206042	姜萬丁	3	62	a
generation-repair	note	姜金錫 was moved down 3 generations (to 22) so that no recorded kin tie points upwards; the print itself gives no generation numbers.	E802662	姜金錫	3	62	a
generation-repair	note	金誠童 was moved down 1 generation (to 20) so that no recorded kin tie points upwards; the print itself gives no generation numbers.	E902055	金誠童	3	62	a
generation-repair	note	姜順德 was moved down 1 generation (to 18) so that no recorded kin tie points upwards; the print itself gives no generation numbers.	E903193	姜順德	3	62	a
generation-repair	note	姜徽 was moved down 1 generation (to 19) so that no recorded kin tie points upwards; the print itself gives no generation numbers.	EB01931	姜徽	3	62	a
generation-repair	note	姜子正 was moved down 1 generation (to 20) so that no recorded kin tie points upwards; the print itself gives no generation numbers.	EB03104	姜子正	3	62	a
generation-repair	note	姜子順 was moved down 1 generation (to 20) so that no recorded kin tie points upwards; the print itself gives no generation numbers.	EB03105	姜子順	3	62	a
generation-repair	note	姜胤 was moved down 1 generation (to 19) so that no recorded kin tie points upwards; the print itself gives no generation numbers.	EB03106	姜胤	3	62	a
generation-repair	note	姜寧同 was moved down 2 generations (to 21) so that no recorded kin tie points upwards; the print itself gives no generation numbers.	f1780959-77a1-4d4e-94cf-8320bddec0f4	姜寧同	3	62	a
generation-repair	note	成世勣 was moved down 1 generation (to 20) so that no recorded kin tie points upwards; the print itself gives no generation numbers.	E501711	成世勣	3	62	b
generation-repair	note	金連宗 was moved down 2 generations (to 19) so that no recorded kin tie points upwards; the print itself gives no generation numbers.	E000149	金連宗	3	63	b
generation-repair	note	金謹孫 was moved down 2 generations (to 21) so that no recorded kin tie points upwards; the print itself gives no generation numbers.	E000151	金謹孫	3	63	b
generation-repair	note	金愼孫 was moved down 2 generations (to 21) so that no recorded kin tie points upwards; the print itself gives no generation numbers.	E000152	金愼孫	3	63	b
generation-repair	note	金麟壽 was moved down 2 generations (to 20) so that no recorded kin tie points upwards; the print itself gives no generation numbers.	E000162	金麟壽	3	63	b
generation-repair	note	金哲孫 was moved down 2 generations (to 21) so that no recorded kin tie points upwards; the print itself gives no generation numbers.	E000163	金哲孫	3	63	b
generation-repair	note	金碩孫 was moved down 2 generations (to 21) so that no recorded kin tie points upwards; the print itself gives no generation numbers.	E000164	金碩孫	3	63	b
generation-repair	note	都順孫 was moved down 2 generations (to 21) so that no recorded kin tie points upwards; the print itself gives no generation numbers.	E000174	都順孫	3	63	b
generation-repair	note	金彭壽 was moved down 2 generations (to 20) so that no recorded kin tie points upwards; the print itself gives no generation numbers.	E000181	金彭壽	3	63	b
generation-repair	note	金洪壽 was moved down 2 generations (to 20) so that no recorded kin tie points upwards; the print itself gives no generation numbers.	E000202	金洪壽	3	63	b
generation-repair	note	金松壽 was moved down 2 generations (to 20) so that no recorded kin tie points upwards; the print itself gives no generation numbers.	E000203	金松壽	3	63	b
generation-repair	note	申承閔 was moved down 2 generations (to 21) so that no recorded kin tie points upwards; the print itself gives no generation numbers.	E000205	申承閔	3	63	b
generation-repair	note	李長孫 was moved down 2 generations (to 21) so that no recorded kin tie points upwards; the print itself gives no generation numbers.	E000207	李長孫	3	63	b
generation-repair	note	權軫 was moved down 1 generation (to 16) so that no recorded kin tie points upwards; the print itself gives no generation numbers.	E400125	權軫	3	63	b
generation-repair	note	權孟貞 was moved down 1 generation (to 17) so that no recorded kin tie points upwards; the print itself gives no generation numbers.	E900828	權孟貞	3	63	b
generation-repair	note	梁峻 was moved down 2 generations (to 20) so that no recorded kin tie points upwards; the print itself gives no generation numbers.	E000228	梁峻	3	64	a
generation-repair	note	梁普 was moved down 2 generations (to 21) so that no recorded kin tie points upwards; the print itself gives no generation numbers.	E000229	梁普	3	64	a
generation-repair	note	金孝文 was moved down 2 generations (to 21) so that no recorded kin tie points upwards; the print itself gives no generation numbers.	E000245	金孝文	3	64	a
generation-repair	note	姜自渭 was moved down 2 generations (to 20) so that no recorded kin tie points upwards; the print itself gives no generation numbers.	E000249	姜自渭	3	64	a
generation-repair	note	金連枝 was moved down 2 generations (to 19) so that no recorded kin tie points upwards; the print itself gives no generation numbers.	E000272	金連枝	3	64	a
generation-repair	note	李福生 was moved down 2 generations (to 20) so that no recorded kin tie points upwards; the print itself gives no generation numbers.	E000274	李福生	3	64	a
generation-repair	note	成淑 was moved down 2 generations (to 21) so that no recorded kin tie points upwards; the print itself gives no generation numbers.	E000276	成淑	3	64	a
generation-repair	note	孫季章 was moved down 2 generations (to 21) so that no recorded kin tie points upwards; the print itself gives no generation numbers.	E000278	孫季章	3	64	a
generation-repair	note	李勅 was moved down 2 generations (to 21) so that no recorded kin tie points upwards; the print itself gives no generation numbers.	E000282	李勅	3	64	a
generation-repair	note	李整 was moved down 2 generations (to 21) so that no recorded kin tie points upwards; the print itself gives no generation numbers.	E000290	李整	3	64	a
generation-repair	note	洪孝孫 was moved down 2 generations (to 21) so that no recorded kin tie points upwards; the print itself gives no generation numbers.	E000302	洪孝孫	3	64	a
generation-repair	note	李金孫 was moved down 2 generations (to 21) so that no recorded kin tie points upwards; the print itself gives no generation numbers.	E000319	李金孫	3	64	a
generation-repair	note	沈澮 was moved down 2 generations (to 20) so that no recorded kin tie points upwards; the print itself gives no generation numbers.	E000334	沈澮	3	64	a
generation-repair	note	沈涴 was moved down 2 generations (to 21) so that no recorded kin tie points upwards; the print itself gives no generation numbers.	E000338	沈涴	3	64	a
generation-repair	note	金益壽 was moved down 2 generations (to 20) so that no recorded kin tie points upwards; the print itself gives no generation numbers.	E000348	金益壽	3	64	a
generation-repair	note	金景壽 was moved down 2 generations (to 20) so that no recorded kin tie points upwards; the print itself gives no generation numbers.	E000352	金景壽	3	64	a
generation-repair	note	金福興 was moved down 2 generations (to 21) so that no recorded kin tie points upwards; the print itself gives no generation numbers.	E000353	金福興	3	64	a
generation-repair	note	金萬同 was moved down 2 generations (to 21) so that no recorded kin tie points upwards; the print itself gives no generation numbers.	E000357	金萬同	3	64	a
generation-repair	note	洪季庸 was moved down 2 generations (to 20) so that no recorded kin tie points upwards; the print itself gives no generation numbers.	E000375	洪季庸	3	64	a
generation-repair	note	崔敦 was moved down 2 generations (to 19) so that no recorded kin tie points upwards; the print itself gives no generation numbers.	E000379	崔敦	3	64	b
generation-repair	note	金煒 was moved down 2 generations (to 20) so that no recorded kin tie points upwards; the print itself gives no generation numbers.	E000407	金煒	3	64	b
generation-repair	note	權希正 was moved down 1 generation (to 15) so that no recorded kin tie points upwards; the print itself gives no generation numbers.	E400120	權希正	3	64	b
generation-repair	note	權穀 was moved down 1 generation (to 16) so that no recorded kin tie points upwards; the print itself gives no generation numbers.	E400121	權穀	3	64	b
generation-repair	note	金寶麟 was moved down 2 generations (to 16) so that no recorded kin tie points upwards; the print itself gives no generation numbers.	E808091	金寶麟	3	64	b
generation-repair	note	權處庸 was moved down 1 generation (to 17) so that no recorded kin tie points upwards; the print itself gives no generation numbers.	E900424	權處庸	3	64	b
generation-repair	note	權孝孫 was moved down 1 generation (to 18) so that no recorded kin tie points upwards; the print itself gives no generation numbers.	E900425	權孝孫	3	64	b
generation-repair	note	權處和 was moved down 1 generation (to 17) so that no recorded kin tie points upwards; the print itself gives no generation numbers.	E900427	權處和	3	64	b
generation-repair	note	權係生 was moved down 1 generation (to 18) so that no recorded kin tie points upwards; the print itself gives no generation numbers.	E900428	權係生	3	64	b
generation-repair	note	權浩 was moved down 1 generation (to 19) so that no recorded kin tie points upwards; the print itself gives no generation numbers.	E900429	權浩	3	64	b
generation-repair	note	宋孝終 was moved down 1 generation (to 19) so that no recorded kin tie points upwards; the print itself gives no generation numbers.	E900431	宋孝終	3	64	b
generation-repair	note	尹自洪 was moved down 1 generation (to 18) so that no recorded kin tie points upwards; the print itself gives no generation numbers.	E900435	尹自洪	3	64	b
generation-repair	note	尹孝孫 was moved down 1 generation (to 19) so that no recorded kin tie points upwards; the print itself gives no generation numbers.	E900436	尹孝孫	3	64	b
generation-repair	note	尹仲孫 was moved down 1 generation (to 19) so that no recorded kin tie points upwards; the print itself gives no generation numbers.	E900437	尹仲孫	3	64	b
generation-repair	note	金繼仁 was moved down 1 generation (to 18) so that no recorded kin tie points upwards; the print itself gives no generation numbers.	E900439	金繼仁	3	64	b
generation-repair	note	權敢 was moved down 1 generation (to 19) so that no recorded kin tie points upwards; the print itself gives no generation numbers.	e1044e6c-655b-486d-8ce4-3e086db732d4	權敢	3	64	b
generation-repair	note	裵尙志 was moved down 1 generation (to 16) so that no recorded kin tie points upwards; the print itself gives no generation numbers.	D400124	裵尙志	3	65	a
generation-repair	note	權興道 was moved down 1 generation (to 16) so that no recorded kin tie points upwards; the print itself gives no generation numbers.	E400122	權興道	3	65	a
generation-repair	note	潘詠 was moved down 1 generation (to 17) so that no recorded kin tie points upwards; the print itself gives no generation numbers.	E900441	潘詠	3	65	a
generation-repair	note	潘孝孫 was moved down 1 generation (to 19) so that no recorded kin tie points upwards; the print itself gives no generation numbers.	E900443	潘孝孫	3	65	a
generation-repair	note	南得儉 was moved down 1 generation (to 17) so that no recorded kin tie points upwards; the print itself gives no generation numbers.	E900445	南得儉	3	65	a
generation-repair	note	鄭從直 was moved down 1 generation (to 19) so that no recorded kin tie points upwards; the print itself gives no generation numbers.	E900447	鄭從直	3	65	a
generation-repair	note	南允寶 was moved down 1 generation (to 18) so that no recorded kin tie points upwards; the print itself gives no generation numbers.	E900448	南允寶	3	65	a
generation-repair	note	南晉 was moved down 1 generation (to 19) so that no recorded kin tie points upwards; the print itself gives no generation numbers.	E900449	南晉	3	65	a
generation-repair	note	金康德 was moved down 1 generation (to 19) so that no recorded kin tie points upwards; the print itself gives no generation numbers.	E900451	金康德	3	65	a
generation-repair	note	南鼎 was moved down 1 generation (to 19) so that no recorded kin tie points upwards; the print itself gives no generation numbers.	E900452	南鼎	3	65	a
generation-repair	note	朴始孫 was moved down 1 generation (to 19) so that no recorded kin tie points upwards; the print itself gives no generation numbers.	E900459	朴始孫	3	65	a
generation-repair	note	南勝寶 was moved down 1 generation (to 18) so that no recorded kin tie points upwards; the print itself gives no generation numbers.	E900460	南勝寶	3	65	a
generation-repair	note	朴孝武 was moved down 1 generation (to 19) so that no recorded kin tie points upwards; the print itself gives no generation numbers.	E900462	朴孝武	3	65	a
generation-repair	note	南臨 was moved down 1 generation (to 19) so that no recorded kin tie points upwards; the print itself gives no generation numbers.	E900468	南臨	3	65	a
generation-repair	note	南觀 was moved down 1 generation (to 19) so that no recorded kin tie points upwards; the print itself gives no generation numbers.	E900473	南觀	3	65	a
generation-repair	note	裴權 was moved down 1 generation (to 17) so that no recorded kin tie points upwards; the print itself gives no generation numbers.	E900477	裴權	3	65	a
generation-repair	note	裴孝長 was moved down 1 generation (to 18) so that no recorded kin tie points upwards; the print itself gives no generation numbers.	E900478	裴孝長	3	65	a
generation-repair	note	裴栣 was moved down 1 generation (to 19) so that no recorded kin tie points upwards; the print itself gives no generation numbers.	E900479	裴栣	3	65	a
generation-repair	note	裴楠 was moved down 1 generation (to 17) so that no recorded kin tie points upwards; the print itself gives no generation numbers.	E900484	裴楠	3	65	a
generation-repair	note	柳自依 was moved down 1 generation (to 19) so that no recorded kin tie points upwards; the print itself gives no generation numbers.	E900486	柳自依	3	65	a
generation-repair	note	安有仁 was moved down 1 generation (to 19) so that no recorded kin tie points upwards; the print itself gives no generation numbers.	E900488	安有仁	3	65	a
generation-repair	note	裴禎 was moved down 1 generation (to 19) so that no recorded kin tie points upwards; the print itself gives no generation numbers.	E900493	裴禎	3	65	a
generation-repair	note	南畤 was moved down 1 generation (to 19) so that no recorded kin tie points upwards; the print itself gives no generation numbers.	E900499	南畤	3	65	a
generation-repair	note	裴孝從 was moved down 1 generation (to 18) so that no recorded kin tie points upwards; the print itself gives no generation numbers.	E900539	裴孝從	3	65	a
generation-repair	note	權良 was moved down 1 generation (to 19) so that no recorded kin tie points upwards; the print itself gives no generation numbers.	E900541	權良	3	65	a
generation-repair	note	裴孝存 was moved down 1 generation (to 18) so that no recorded kin tie points upwards; the print itself gives no generation numbers.	E900550	裴孝存	3	65	a
generation-repair	note	裴檽 was moved down 1 generation (to 19) so that no recorded kin tie points upwards; the print itself gives no generation numbers.	E900553	裴檽	3	65	a
generation-repair	note	尹處恭 was moved down 1 generation (to 18) so that no recorded kin tie points upwards; the print itself gives no generation numbers.	E401876	尹處恭	3	65	b
generation-repair	note	李弘準 was moved down 1 generation (to 19) so that no recorded kin tie points upwards; the print itself gives no generation numbers.	E800309	李弘準	3	65	b
generation-repair	note	金有智 was moved down 1 generation (to 19) so that no recorded kin tie points upwards; the print itself gives no generation numbers.	E900481	金有智	3	65	b
generation-repair	note	裴孝老 was moved down 1 generation (to 18) so that no recorded kin tie points upwards; the print itself gives no generation numbers.	E900483	裴孝老	3	65	b
generation-repair	note	文汝良 was moved down 1 generation (to 18) so that no recorded kin tie points upwards; the print itself gives no generation numbers.	E900561	文汝良	3	65	b
generation-repair	note	文碩漢 was moved down 1 generation (to 19) so that no recorded kin tie points upwards; the print itself gives no generation numbers.	E900562	文碩漢	3	65	b
generation-repair	note	金諟敬 was moved down 1 generation (to 19) so that no recorded kin tie points upwards; the print itself gives no generation numbers.	E900564	金諟敬	3	65	b
generation-repair	note	曺末生 was moved down 1 generation (to 19) so that no recorded kin tie points upwards; the print itself gives no generation numbers.	E900566	曺末生	3	65	b
generation-repair	note	裴孝崇 was moved down 1 generation (to 18) so that no recorded kin tie points upwards; the print itself gives no generation numbers.	E900567	裴孝崇	3	65	b
generation-repair	note	裴椆 was moved down 1 generation (to 19) so that no recorded kin tie points upwards; the print itself gives no generation numbers.	E900568	裴椆	3	65	b
generation-repair	note	崔汀 was moved down 1 generation (to 18) so that no recorded kin tie points upwards; the print itself gives no generation numbers.	E900572	崔汀	3	65	b
generation-repair	note	裴孝騫 was moved down 1 generation (to 18) so that no recorded kin tie points upwards; the print itself gives no generation numbers.	E900573	裴孝騫	3	65	b
generation-repair	note	裴祐 was moved down 1 generation (to 19) so that no recorded kin tie points upwards; the print itself gives no generation numbers.	E900574	裴祐	3	65	b
generation-repair	note	權敬祖 was moved down 1 generation (to 19) so that no recorded kin tie points upwards; the print itself gives no generation numbers.	E900576	權敬祖	3	65	b
generation-repair	note	朴溫 was moved down 1 generation (to 18) so that no recorded kin tie points upwards; the print itself gives no generation numbers.	E900578	朴溫	3	65	b
generation-repair	note	朴元愚 was moved down 1 generation (to 19) so that no recorded kin tie points upwards; the print itself gives no generation numbers.	E900579	朴元愚	3	65	b
generation-repair	note	趙瑜 was moved down 1 generation (to 19) so that no recorded kin tie points upwards; the print itself gives no generation numbers.	E900581	趙瑜	3	65	b
generation-repair	note	朴亨愚 was moved down 1 generation (to 19) so that no recorded kin tie points upwards; the print itself gives no generation numbers.	E900582	朴亨愚	3	65	b
generation-repair	note	裴孝思 was moved down 1 generation (to 18) so that no recorded kin tie points upwards; the print itself gives no generation numbers.	E900583	裴孝思	3	65	b
generation-repair	note	李崇準 was moved down 1 generation (to 19) so that no recorded kin tie points upwards; the print itself gives no generation numbers.	E900594	李崇準	3	65	b
generation-repair	note	李宗準 was moved down 1 generation (to 19) so that no recorded kin tie points upwards; the print itself gives no generation numbers.	E900610	李宗準	3	65	b
generation-repair	note	琴鷄 was moved down 1 generation (to 19) so that no recorded kin tie points upwards; the print itself gives no generation numbers.	E900613	琴鷄	3	65	b
generation-repair	note	裴哲山 was moved down 1 generation (to 19) so that no recorded kin tie points upwards; the print itself gives no generation numbers.	E900656	裴哲山	3	65	b
generation-repair	note	裴命山 was moved down 1 generation (to 19) so that no recorded kin tie points upwards; the print itself gives no generation numbers.	E900658	裴命山	3	65	b
generation-repair	note	裴三山 was moved down 1 generation (to 19) so that no recorded kin tie points upwards; the print itself gives no generation numbers.	E900666	裴三山	3	65	b
generation-repair	note	權搭 was moved down 1 generation (to 19) so that no recorded kin tie points upwards; the print itself gives no generation numbers.	E503636	權搭	3	66	a
generation-repair	note	琴徽 was moved down 1 generation (to 19) so that no recorded kin tie points upwards; the print itself gives no generation numbers.	E503721	琴徽	3	66	a
generation-repair	note	權哲終 was moved down 1 generation (to 19) so that no recorded kin tie points upwards; the print itself gives no generation numbers.	E503788	權哲終	3	66	a
generation-repair	note	權哲經 was moved down 1 generation (to 19) so that no recorded kin tie points upwards; the print itself gives no generation numbers.	E503811	權哲經	3	66	a
generation-repair	note	李之成 was moved down 1 generation (to 17) so that no recorded kin tie points upwards; the print itself gives no generation numbers.	E900491	李之成	3	66	a
generation-repair	note	李根安 was moved down 1 generation (to 18) so that no recorded kin tie points upwards; the print itself gives no generation numbers.	E900495	李根安	3	66	a
generation-repair	note	秦崇祖 was moved down 1 generation (to 18) so that no recorded kin tie points upwards; the print itself gives no generation numbers.	E900668	秦崇祖	3	66	a
generation-repair	note	秦公輔 was moved down 1 generation (to 19) so that no recorded kin tie points upwards; the print itself gives no generation numbers.	E900669	秦公輔	3	66	a
generation-repair	note	秦公弼 was moved down 1 generation (to 19) so that no recorded kin tie points upwards; the print itself gives no generation numbers.	E900674	秦公弼	3	66	a
generation-repair	note	金湄 was moved down 1 generation (to 18) so that no recorded kin tie points upwards; the print itself gives no generation numbers.	E900680	金湄	3	66	a
generation-repair	note	裴孝訥 was moved down 1 generation (to 18) so that no recorded kin tie points upwards; the print itself gives no generation numbers.	E900690	裴孝訥	3	66	a
generation-repair	note	裴奕 was moved down 1 generation (to 19) so that no recorded kin tie points upwards; the print itself gives no generation numbers.	E900691	裴奕	3	66	a
generation-repair	note	裴杠 was moved down 1 generation (to 17) so that no recorded kin tie points upwards; the print itself gives no generation numbers.	E900701	裴杠	3	66	a
generation-repair	note	崔淵 was moved down 1 generation (to 18) so that no recorded kin tie points upwards; the print itself gives no generation numbers.	E900703	崔淵	3	66	a
generation-repair	note	崔仲泉 was moved down 1 generation (to 19) so that no recorded kin tie points upwards; the print itself gives no generation numbers.	E900704	崔仲泉	3	66	a
generation-repair	note	安有義 was moved down 1 generation (to 19) so that no recorded kin tie points upwards; the print itself gives no generation numbers.	E900706	安有義	3	66	a
generation-repair	note	李仁生 was moved down 1 generation (to 19) so that no recorded kin tie points upwards; the print itself gives no generation numbers.	E900708	李仁生	3	66	a
generation-repair	note	崔季泉 was moved down 1 generation (to 19) so that no recorded kin tie points upwards; the print itself gives no generation numbers.	E900709	崔季泉	3	66	a
generation-repair	note	李承緖 was moved down 1 generation (to 19) so that no recorded kin tie points upwards; the print itself gives no generation numbers.	E900712	李承緖	3	66	a
generation-repair	note	李承本 was moved down 1 generation (to 19) so that no recorded kin tie points upwards; the print itself gives no generation numbers.	E900713	李承本	3	66	a
generation-repair	note	李承源 was moved down 1 generation (to 19) so that no recorded kin tie points upwards; the print itself gives no generation numbers.	E900714	李承源	3	66	a
generation-repair	note	南敬倫 was moved down 1 generation (to 19) so that no recorded kin tie points upwards; the print itself gives no generation numbers.	E900716	南敬倫	3	66	a
generation-repair	note	禹亨孫 was moved down 1 generation (to 19) so that no recorded kin tie points upwards; the print itself gives no generation numbers.	E900718	禹亨孫	3	66	a
generation-repair	note	申自敬 was moved down 1 generation (to 17) so that no recorded kin tie points upwards; the print itself gives no generation numbers.	E900466	申自敬	3	66	b
generation-repair	note	安軾 was moved down 1 generation (to 18) so that no recorded kin tie points upwards; the print itself gives no generation numbers.	E900489	安軾	3	66	b
generation-repair	note	安從生 was moved down 1 generation (to 18) so that no recorded kin tie points upwards; the print itself gives no generation numbers.	E900530	安從生	3	66	b
generation-repair	note	裴素 was moved down 1 generation (to 17) so that no recorded kin tie points upwards; the print itself gives no generation numbers.	E900533	裴素	3	66	b
generation-repair	note	安有義 was moved down 1 generation (to 19) so that no recorded kin tie points upwards; the print itself gives no generation numbers.	E900719	安有義	3	66	b
generation-repair	note	安有禮 was moved down 1 generation (to 19) so that no recorded kin tie points upwards; the print itself gives no generation numbers.	E900720	安有禮	3	66	b
generation-repair	note	盧祖 was moved down 1 generation (to 19) so that no recorded kin tie points upwards; the print itself gives no generation numbers.	E900722	盧祖	3	66	b
generation-repair	note	安有智 was moved down 1 generation (to 19) so that no recorded kin tie points upwards; the print itself gives no generation numbers.	E900723	安有智	3	66	b
generation-repair	note	安有信 was moved down 1 generation (to 19) so that no recorded kin tie points upwards; the print itself gives no generation numbers.	E900724	安有信	3	66	b
generation-repair	note	安有楨 was moved down 1 generation (to 19) so that no recorded kin tie points upwards; the print itself gives no generation numbers.	E900725	安有楨	3	66	b
generation-repair	note	李根寧 was moved down 1 generation (to 18) so that no recorded kin tie points upwards; the print itself gives no generation numbers.	E900726	李根寧	3	66	b
generation-repair	note	李常孫 was moved down 1 generation (to 19) so that no recorded kin tie points upwards; the print itself gives no generation numbers.	E900727	李常孫	3	66	b
generation-repair	note	李義孫 was moved down 1 generation (to 19) so that no recorded kin tie points upwards; the print itself gives no generation numbers.	E900728	李義孫	3	66	b
generation-repair	note	權孟慶 was moved down 1 generation (to 17) so that no recorded kin tie points upwards; the print itself gives no generation numbers.	E900729	權孟慶	3	66	b
generation-repair	note	南陸 was moved down 1 generation (to 18) so that no recorded kin tie points upwards; the print itself gives no generation numbers.	E900733	南陸	3	66	b
generation-repair	note	金耆 was moved down 1 generation (to 19) so that no recorded kin tie points upwards; the print itself gives no generation numbers.	E900737	金耆	3	66	b
generation-repair	note	安彭祖 was moved down 1 generation (to 19) so that no recorded kin tie points upwards; the print itself gives no generation numbers.	E900738	安彭祖	3	66	b
generation-repair	note	洪陽生 was moved down 1 generation (to 18) so that no recorded kin tie points upwards; the print itself gives no generation numbers.	E900756	洪陽生	3	66	b
generation-repair	note	裴繼宗 was moved down 1 generation (to 18) so that no recorded kin tie points upwards; the print itself gives no generation numbers.	E900757	裴繼宗	3	66	b
generation-repair	note	李璋 was moved down 1 generation (to 19) so that no recorded kin tie points upwards; the print itself gives no generation numbers.	E901501	李璋	3	66	b
generation-repair	note	申允童 was moved down 1 generation (to 18) so that no recorded kin tie points upwards; the print itself gives no generation numbers.	E903856	申允童	3	66	b
generation-repair	note	李𧪚 was moved down 2 generations (to 19) so that no recorded kin tie points upwards; the print itself gives no generation numbers.	EA00243	李𧪚	3	66	b
generation-repair	note	申允完 was moved down 1 generation (to 18) so that no recorded kin tie points upwards; the print itself gives no generation numbers.	E300128	申允完	3	67	a
generation-repair	note	宋終同 was moved down 1 generation (to 19) so that no recorded kin tie points upwards; the print itself gives no generation numbers.	E808100	宋終同	3	67	a
generation-repair	note	宋守謙 was moved down 1 generation (to 17) so that no recorded kin tie points upwards; the print itself gives no generation numbers.	E900759	宋守謙	3	67	a
generation-repair	note	宋繼 was moved down 1 generation (to 18) so that no recorded kin tie points upwards; the print itself gives no generation numbers.	E900760	宋繼	3	67	a
generation-repair	note	河秩石 was moved down 1 generation (to 19) so that no recorded kin tie points upwards; the print itself gives no generation numbers.	E900762	河秩石	3	67	a
generation-repair	note	宋介同 was moved down 1 generation (to 19) so that no recorded kin tie points upwards; the print itself gives no generation numbers.	E900763	宋介同	3	67	a
generation-repair	note	宋紹 was moved down 1 generation (to 18) so that no recorded kin tie points upwards; the print itself gives no generation numbers.	E900764	宋紹	3	67	a
generation-repair	note	宋繪 was moved down 1 generation (to 18) so that no recorded kin tie points upwards; the print itself gives no generation numbers.	E900777	宋繪	3	67	a
generation-repair	note	呂詠 was moved down 1 generation (to 18) so that no recorded kin tie points upwards; the print itself gives no generation numbers.	E900781	呂詠	3	67	a
generation-repair	note	宋緝 was moved down 1 generation (to 18) so that no recorded kin tie points upwards; the print itself gives no generation numbers.	E900785	宋緝	3	67	a
generation-repair	note	趙宗孝 was moved down 1 generation (to 18) so that no recorded kin tie points upwards; the print itself gives no generation numbers.	E900790	趙宗孝	3	67	a
generation-repair	note	趙瑞 was moved down 1 generation (to 19) so that no recorded kin tie points upwards; the print itself gives no generation numbers.	E900792	趙瑞	3	67	a
generation-repair	note	柳自儉 was moved down 1 generation (to 19) so that no recorded kin tie points upwards; the print itself gives no generation numbers.	E900794	柳自儉	3	67	a
generation-repair	note	申允賢 was moved down 1 generation (to 18) so that no recorded kin tie points upwards; the print itself gives no generation numbers.	E903858	申允賢	3	67	a
generation-repair	note	申萬年 was moved down 1 generation (to 19) so that no recorded kin tie points upwards; the print itself gives no generation numbers.	E903870	申萬年	3	67	a
generation-repair	note	申允範 was moved down 3 generations (to 20) so that no recorded kin tie points upwards; the print itself gives no generation numbers.	EA00242	申允範	3	67	a
generation-repair	note	權孟度 was moved down 1 generation (to 17) so that no recorded kin tie points upwards; the print itself gives no generation numbers.	E200607	權孟度	3	67	b
generation-repair	note	權輊 was moved down 1 generation (to 16) so that no recorded kin tie points upwards; the print itself gives no generation numbers.	E400126	權輊	3	67	b
generation-repair	note	李夢石 was moved down 3 generations (to 21) so that no recorded kin tie points upwards; the print itself gives no generation numbers.	E900798	李夢石	3	67	b
generation-repair	note	宋碩忠 was moved down 3 generations (to 21) so that no recorded kin tie points upwards; the print itself gives no generation numbers.	E900799	宋碩忠	3	67	b
generation-repair	note	鄭嗣禧 was moved down 2 generations (to 20) so that no recorded kin tie points upwards; the print itself gives no generation numbers.	E900822	鄭嗣禧	3	67	b
generation-repair	note	權叔愓 was moved down 1 generation (to 18) so that no recorded kin tie points upwards; the print itself gives no generation numbers.	E900836	權叔愓	3	67	b
generation-repair	note	權叔惶 was moved down 1 generation (to 18) so that no recorded kin tie points upwards; the print itself gives no generation numbers.	E900837	權叔惶	3	67	b
generation-repair	note	權仲愷 was moved down 1 generation (to 18) so that no recorded kin tie points upwards; the print itself gives no generation numbers.	E900840	權仲愷	3	67	b
generation-repair	note	權仲愼 was moved down 1 generation (to 18) so that no recorded kin tie points upwards; the print itself gives no generation numbers.	E900849	權仲愼	3	67	b
generation-repair	note	權若中 was moved down 1 generation (to 17) so that no recorded kin tie points upwards; the print itself gives no generation numbers.	E900863	權若中	3	67	b
generation-repair	note	孫奉孝 was moved down 1 generation (to 18) so that no recorded kin tie points upwards; the print itself gives no generation numbers.	E900865	孫奉孝	3	67	b
generation-repair	note	金絡 was moved down 1 generation (to 19) so that no recorded kin tie points upwards; the print itself gives no generation numbers.	E900867	金絡	3	67	b
generation-repair	note	權柔 was moved down 1 generation (to 18) so that no recorded kin tie points upwards; the print itself gives no generation numbers.	E900869	權柔	3	67	b
generation-repair	note	權好變 was moved down 1 generation (to 19) so that no recorded kin tie points upwards; the print itself gives no generation numbers.	E900870	權好變	3	67	b
generation-repair	note	權處仁 was moved down 1 generation (to 18) so that no recorded kin tie points upwards; the print itself gives no generation numbers.	E900871	權處仁	3	67	b
generation-repair	note	權叔仁 was moved down 1 generation (to 18) so that no recorded kin tie points upwards; the print itself gives no generation numbers.	E900872	權叔仁	3	67	b
generation-repair	note	權季仁 was moved down 1 generation (to 18) so that no recorded kin tie points upwards; the print itself gives no generation numbers.	E900873	權季仁	3	67	b
generation-repair	note	文仲敬 was moved down 1 generation (to 18) so that no recorded kin tie points upwards; the print itself gives no generation numbers.	E900875	文仲敬	3	67	b
generation-repair	note	權軒 was moved down 1 generation (to 16) so that no recorded kin tie points upwards; the print itself gives no generation numbers.	E400127	權軒	3	68	a
generation-repair	note	李雲候 was moved down 1 generation (to 16) so that no recorded kin tie points upwards; the print itself gives no generation numbers.	E400129	李雲候	3	68	a
generation-repair	note	韓貴同 was moved down 1 generation (to 19) so that no recorded kin tie points upwards; the print itself gives no generation numbers.	E808105	韓貴同	3	68	a
generation-repair	note	韓八孫 was moved down 1 generation (to 19) so that no recorded kin tie points upwards; the print itself gives no generation numbers.	E808106	韓八孫	3	68	a
generation-repair	note	南伯庚 was moved down 1 generation (to 18) so that no recorded kin tie points upwards; the print itself gives no generation numbers.	E900500	南伯庚	3	68	a
generation-repair	note	李禎 was moved down 1 generation (to 17) so that no recorded kin tie points upwards; the print itself gives no generation numbers.	E900502	李禎	3	68	a
generation-repair	note	南箕 was moved down 1 generation (to 19) so that no recorded kin tie points upwards; the print itself gives no generation numbers.	E900513	南箕	3	68	a
generation-repair	note	李哲孫 was moved down 1 generation (to 19) so that no recorded kin tie points upwards; the print itself gives no generation numbers.	E900548	李哲孫	3	68	a
generation-repair	note	李遇陽 was moved down 1 generation (to 18) so that no recorded kin tie points upwards; the print itself gives no generation numbers.	E900549	李遇陽	3	68	a
generation-repair	note	金雨寶 was moved down 1 generation (to 17) so that no recorded kin tie points upwards; the print itself gives no generation numbers.	E900877	金雨寶	3	68	a
generation-repair	note	韓山壽 was moved down 1 generation (to 18) so that no recorded kin tie points upwards; the print itself gives no generation numbers.	E900879	韓山壽	3	68	a
generation-repair	note	李㙽 was moved down 1 generation (to 18) so that no recorded kin tie points upwards; the print itself gives no generation numbers.	E900881	李㙽	3	68	a
generation-repair	note	柳漳 was moved down 1 generation (to 18) so that no recorded kin tie points upwards; the print itself gives no generation numbers.	E900883	柳漳	3	68	a
generation-repair	note	朴芬 was moved down 1 generation (to 18) so that no recorded kin tie points upwards; the print itself gives no generation numbers.	E900885	朴芬	3	68	a
generation-repair	note	權若經 was moved down 1 generation (to 17) so that no recorded kin tie points upwards; the print itself gives no generation numbers.	E900886	權若經	3	68	a
generation-repair	note	金慶春 was moved down 1 generation (to 18) so that no recorded kin tie points upwards; the print itself gives no generation numbers.	E900888	金慶春	3	68	a
generation-repair	note	權若枰 was moved down 1 generation (to 17) so that no recorded kin tie points upwards; the print itself gives no generation numbers.	E900889	權若枰	3	68	a
generation-repair	note	權成美 was moved down 1 generation (to 18) so that no recorded kin tie points upwards; the print itself gives no generation numbers.	E900892	權成美	3	68	a
generation-repair	note	南仲倫 was moved down 1 generation (to 19) so that no recorded kin tie points upwards; the print itself gives no generation numbers.	E900894	南仲倫	3	68	a
generation-repair	note	權玉貞 was moved down 1 generation (to 19) so that no recorded kin tie points upwards; the print itself gives no generation numbers.	E900895	權玉貞	3	68	a
generation-repair	note	權巽 was moved down 1 generation (to 18) so that no recorded kin tie points upwards; the print itself gives no generation numbers.	E900896	權巽	3	68	a
generation-repair	note	權若衡 was moved down 1 generation (to 17) so that no recorded kin tie points upwards; the print itself gives no generation numbers.	E900897	權若衡	3	68	a
generation-repair	note	權推 was moved down 1 generation (to 18) so that no recorded kin tie points upwards; the print itself gives no generation numbers.	E900898	權推	3	68	a
generation-repair	note	林貴枝 was moved down 1 generation (to 18) so that no recorded kin tie points upwards; the print itself gives no generation numbers.	E900900	林貴枝	3	68	a
generation-repair	note	權均 was moved down 1 generation (to 17) so that no recorded kin tie points upwards; the print itself gives no generation numbers.	E900902	權均	3	68	a
generation-repair	note	張士欽 was moved down 1 generation (to 18) so that no recorded kin tie points upwards; the print itself gives no generation numbers.	E900904	張士欽	3	68	a
generation-repair	note	權可變 was moved down 1 generation (to 18) so that no recorded kin tie points upwards; the print itself gives no generation numbers.	E900905	權可變	3	68	a
generation-repair	note	魯存禮 was moved down 1 generation (to 17) so that no recorded kin tie points upwards; the print itself gives no generation numbers.	E900907	魯存禮	3	68	a
generation-repair	note	朴仲淳 was moved down 1 generation (to 18) so that no recorded kin tie points upwards; the print itself gives no generation numbers.	E900909	朴仲淳	3	68	a
generation-repair	note	魯誾 was moved down 1 generation (to 18) so that no recorded kin tie points upwards; the print itself gives no generation numbers.	E900910	魯誾	3	68	a
generation-repair	note	孫仲和 was moved down 1 generation (to 17) so that no recorded kin tie points upwards; the print itself gives no generation numbers.	E900916	孫仲和	3	68	a
generation-repair	note	任繼宗 was moved down 1 generation (to 19) so that no recorded kin tie points upwards; the print itself gives no generation numbers.	E900918	任繼宗	3	68	a
generation-repair	note	柳伯孫 was moved down 1 generation (to 19) so that no recorded kin tie points upwards; the print itself gives no generation numbers.	01980342-914c-725d-af9d-46612889c96b	柳伯孫	3	68	b
generation-repair	note	孫義 was moved down 1 generation (to 17) so that no recorded kin tie points upwards; the print itself gives no generation numbers.	E900076	孫義	3	68	b
generation-repair	note	柳鳳壽 was moved down 1 generation (to 18) so that no recorded kin tie points upwards; the print itself gives no generation numbers.	E900555	柳鳳壽	3	68	b
generation-repair	note	鄭普文 was moved down 1 generation (to 18) so that no recorded kin tie points upwards; the print itself gives no generation numbers.	E900597	鄭普文	3	68	b
generation-repair	note	李繼陽 was moved down 1 generation (to 18) so that no recorded kin tie points upwards; the print itself gives no generation numbers.	E900617	李繼陽	3	68	b
generation-repair	note	李垠 was moved down 1 generation (to 19) so that no recorded kin tie points upwards; the print itself gives no generation numbers.	E900628	李垠	3	68	b
generation-repair	note	金國老 was moved down 1 generation (to 19) so that no recorded kin tie points upwards; the print itself gives no generation numbers.	E900928	金國老	3	68	b
generation-repair	note	柳陽孫 was moved down 1 generation (to 19) so that no recorded kin tie points upwards; the print itself gives no generation numbers.	E900938	柳陽孫	3	68	b
generation-repair	note	權宗 was moved down 1 generation (to 18) so that no recorded kin tie points upwards; the print itself gives no generation numbers.	E900940	權宗	3	68	b
generation-repair	note	朴根孫 was moved down 1 generation (to 18) so that no recorded kin tie points upwards; the print itself gives no generation numbers.	E900942	朴根孫	3	68	b
generation-repair	note	朴彬 was moved down 1 generation (to 19) so that no recorded kin tie points upwards; the print itself gives no generation numbers.	E900943	朴彬	3	68	b
generation-repair	note	李興陽 was moved down 1 generation (to 18) so that no recorded kin tie points upwards; the print itself gives no generation numbers.	E900944	李興陽	3	68	b
generation-repair	note	李安孫 was moved down 1 generation (to 19) so that no recorded kin tie points upwards; the print itself gives no generation numbers.	E900947	李安孫	3	68	b
generation-repair	note	李疇 was moved down 1 generation (to 18) so that no recorded kin tie points upwards; the print itself gives no generation numbers.	E900956	李疇	3	68	b
generation-repair	note	李承暉 was moved down 1 generation (to 19) so that no recorded kin tie points upwards; the print itself gives no generation numbers.	E900957	李承暉	3	68	b
generation-repair	note	李承明 was moved down 1 generation (to 19) so that no recorded kin tie points upwards; the print itself gives no generation numbers.	E900966	李承明	3	68	b
generation-repair	note	李承晢 was moved down 1 generation (to 19) so that no recorded kin tie points upwards; the print itself gives no generation numbers.	E900967	李承晢	3	68	b
generation-repair	note	孫處明 was moved down 1 generation (to 18) so that no recorded kin tie points upwards; the print itself gives no generation numbers.	E900986	孫處明	3	68	b
generation-repair	note	孫坦 was moved down 1 generation (to 19) so that no recorded kin tie points upwards; the print itself gives no generation numbers.	E900989	孫坦	3	68	b
generation-repair	note	鄭勳老 was moved down 1 generation (to 19) so that no recorded kin tie points upwards; the print itself gives no generation numbers.	E901019	鄭勳老	3	68	b
generation-repair	note	柳淵 was moved down 1 generation (to 19) so that no recorded kin tie points upwards; the print itself gives no generation numbers.	E902923	柳淵	3	68	b
generation-repair	note	秦係祖 was moved down 1 generation (to 19) so that no recorded kin tie points upwards; the print itself gives no generation numbers.	E902925	秦係祖	3	68	b
generation-repair	note	柳牗 was moved down 1 generation (to 19) so that no recorded kin tie points upwards; the print itself gives no generation numbers.	E000926	柳牗	3	69	a
generation-repair	note	金革 was moved down 1 generation (to 16) so that no recorded kin tie points upwards; the print itself gives no generation numbers.	E400131	金革	3	69	a
generation-repair	note	金永銖 was moved down 1 generation (to 19) so that no recorded kin tie points upwards; the print itself gives no generation numbers.	E900619	金永銖	3	69	a
generation-repair	note	金係權 was moved down 1 generation (to 18) so that no recorded kin tie points upwards; the print itself gives no generation numbers.	E900621	金係權	3	69	a
generation-repair	note	金三近 was moved down 1 generation (to 17) so that no recorded kin tie points upwards; the print itself gives no generation numbers.	E900623	金三近	3	69	a
generation-repair	note	李疄 was moved down 1 generation (to 18) so that no recorded kin tie points upwards; the print itself gives no generation numbers.	E900991	李疄	3	69	a
generation-repair	note	盧仲淸 was moved down 1 generation (to 18) so that no recorded kin tie points upwards; the print itself gives no generation numbers.	E900993	盧仲淸	3	69	a
generation-repair	note	孫處童 was moved down 1 generation (to 18) so that no recorded kin tie points upwards; the print itself gives no generation numbers.	E900994	孫處童	3	69	a
generation-repair	note	李祥 was moved down 1 generation (to 17) so that no recorded kin tie points upwards; the print itself gives no generation numbers.	E901003	李祥	3	69	a
generation-repair	note	李長生 was moved down 1 generation (to 19) so that no recorded kin tie points upwards; the print itself gives no generation numbers.	E901007	李長生	3	69	a
generation-repair	note	金學祖 was moved down 1 generation (to 19) so that no recorded kin tie points upwards; the print itself gives no generation numbers.	E901008	金學祖	3	69	a
generation-repair	note	金小全 was moved down 1 generation (to 19) so that no recorded kin tie points upwards; the print itself gives no generation numbers.	E901009	金小全	3	69	a
generation-repair	note	金永鈞 was moved down 1 generation (to 19) so that no recorded kin tie points upwards; the print itself gives no generation numbers.	E901015	金永鈞	3	69	a
generation-repair	note	韓穎 was moved down 1 generation (to 19) so that no recorded kin tie points upwards; the print itself gives no generation numbers.	E901017	韓穎	3	69	a
generation-repair	note	金允离 was moved down 1 generation (to 19) so that no recorded kin tie points upwards; the print itself gives no generation numbers.	E901036	金允离	3	69	a
generation-repair	note	孫得老 was moved down 1 generation (to 18) so that no recorded kin tie points upwards; the print itself gives no generation numbers.	E901046	孫得老	3	69	a
generation-repair	note	申始生 was moved down 1 generation (to 18) so that no recorded kin tie points upwards; the print itself gives no generation numbers.	E901048	申始生	3	69	a
generation-repair	note	金三益 was moved down 1 generation (to 17) so that no recorded kin tie points upwards; the print itself gives no generation numbers.	E901073	金三益	3	69	a
generation-repair	note	鄭伋 was moved down 1 generation (to 18) so that no recorded kin tie points upwards; the print itself gives no generation numbers.	E901075	鄭伋	3	69	a
generation-repair	note	權軺 was moved down 1 generation (to 16) so that no recorded kin tie points upwards; the print itself gives no generation numbers.	E400132	權軺	3	69	b
generation-repair	note	權輜 was moved down 1 generation (to 16) so that no recorded kin tie points upwards; the print itself gives no generation numbers.	E400133	權輜	3	69	b
generation-repair	note	金三友 was moved down 1 generation (to 17) so that no recorded kin tie points upwards; the print itself gives no generation numbers.	E901078	金三友	3	69	b
generation-repair	note	金孟龜 was moved down 1 generation (to 18) so that no recorded kin tie points upwards; the print itself gives no generation numbers.	E901079	金孟龜	3	69	b
generation-repair	note	金用厲 was moved down 1 generation (to 19) so that no recorded kin tie points upwards; the print itself gives no generation numbers.	E901080	金用厲	3	69	b
generation-repair	note	金仲龜 was moved down 1 generation (to 18) so that no recorded kin tie points upwards; the print itself gives no generation numbers.	E901081	金仲龜	3	69	b
generation-repair	note	金季龜 was moved down 1 generation (to 18) so that no recorded kin tie points upwards; the print itself gives no generation numbers.	E901082	金季龜	3	69	b
generation-repair	note	李孝明 was moved down 1 generation (to 18) so that no recorded kin tie points upwards; the print itself gives no generation numbers.	E901084	李孝明	3	69	b
generation-repair	note	金叔龜 was moved down 1 generation (to 18) so that no recorded kin tie points upwards; the print itself gives no generation numbers.	E901085	金叔龜	3	69	b
generation-repair	note	權寬 was moved down 1 generation (to 17) so that no recorded kin tie points upwards; the print itself gives no generation numbers.	E901086	權寬	3	69	b
generation-repair	note	權山海 was moved down 1 generation (to 18) so that no recorded kin tie points upwards; the print itself gives no generation numbers.	E901087	權山海	3	69	b
generation-repair	note	權哲明 was moved down 1 generation (to 19) so that no recorded kin tie points upwards; the print itself gives no generation numbers.	E901088	權哲明	3	69	b
generation-repair	note	權哲孫 was moved down 1 generation (to 19) so that no recorded kin tie points upwards; the print itself gives no generation numbers.	E901091	權哲孫	3	69	b
generation-repair	note	權自海 was moved down 1 generation (to 18) so that no recorded kin tie points upwards; the print itself gives no generation numbers.	E901094	權自海	3	69	b
generation-repair	note	權致庸 was moved down 1 generation (to 19) so that no recorded kin tie points upwards; the print itself gives no generation numbers.	E901095	權致庸	3	69	b
generation-repair	note	權福海 was moved down 1 generation (to 18) so that no recorded kin tie points upwards; the print itself gives no generation numbers.	E901096	權福海	3	69	b
generation-repair	note	權係衡 was moved down 1 generation (to 19) so that no recorded kin tie points upwards; the print itself gives no generation numbers.	E901097	權係衡	3	69	b
generation-repair	note	朴謹孫 was moved down 1 generation (to 19) so that no recorded kin tie points upwards; the print itself gives no generation numbers.	E901099	朴謹孫	3	69	b
generation-repair	note	權係倫 was moved down 1 generation (to 19) so that no recorded kin tie points upwards; the print itself gives no generation numbers.	E901100	權係倫	3	69	b
generation-repair	note	權壽海 was moved down 1 generation (to 18) so that no recorded kin tie points upwards; the print itself gives no generation numbers.	E901101	權壽海	3	69	b
generation-repair	note	權孝忠 was moved down 1 generation (to 19) so that no recorded kin tie points upwards; the print itself gives no generation numbers.	E901102	權孝忠	3	69	b
generation-repair	note	權敬忠 was moved down 1 generation (to 19) so that no recorded kin tie points upwards; the print itself gives no generation numbers.	E901103	權敬忠	3	69	b
generation-repair	note	權守經 was moved down 1 generation (to 18) so that no recorded kin tie points upwards; the print itself gives no generation numbers.	E901105	權守經	3	69	b
generation-repair	note	權致和 was moved down 1 generation (to 17) so that no recorded kin tie points upwards; the print itself gives no generation numbers.	E901106	權致和	3	69	b
generation-repair	note	權自位 was moved down 1 generation (to 18) so that no recorded kin tie points upwards; the print itself gives no generation numbers.	E901107	權自位	3	69	b
generation-repair	note	權泰元 was moved down 1 generation (to 19) so that no recorded kin tie points upwards; the print itself gives no generation numbers.	E901108	權泰元	3	69	b
generation-repair	note	權泰亨 was moved down 1 generation (to 19) so that no recorded kin tie points upwards; the print itself gives no generation numbers.	E901109	權泰亨	3	69	b
generation-repair	note	權密 was moved down 1 generation (to 19) so that no recorded kin tie points upwards; the print itself gives no generation numbers.	E901111	權密	3	69	b
generation-repair	note	崔濡 was moved down 1 generation (to 19) so that no recorded kin tie points upwards; the print itself gives no generation numbers.	E901113	崔濡	3	69	b
generation-repair	note	權自育 was moved down 1 generation (to 18) so that no recorded kin tie points upwards; the print itself gives no generation numbers.	E901114	權自育	3	70	a
generation-repair	note	權處均 was moved down 1 generation (to 19) so that no recorded kin tie points upwards; the print itself gives no generation numbers.	E901115	權處均	3	70	a
generation-repair	note	權義均 was moved down 1 generation (to 19) so that no recorded kin tie points upwards; the print itself gives no generation numbers.	E901116	權義均	3	70	a
generation-repair	note	權保均 was moved down 1 generation (to 19) so that no recorded kin tie points upwards; the print itself gives no generation numbers.	E901117	權保均	3	70	a
generation-repair	note	權自溫 was moved down 1 generation (to 18) so that no recorded kin tie points upwards; the print itself gives no generation numbers.	E901118	權自溫	3	70	a
generation-repair	note	權哲均 was moved down 1 generation (to 19) so that no recorded kin tie points upwards; the print itself gives no generation numbers.	E901119	權哲均	3	70	a
generation-repair	note	權玉均 was moved down 1 generation (to 19) so that no recorded kin tie points upwards; the print itself gives no generation numbers.	E901120	權玉均	3	70	a
generation-repair	note	權致順 was moved down 1 generation (to 17) so that no recorded kin tie points upwards; the print itself gives no generation numbers.	E901121	權致順	3	70	a
generation-repair	note	權潤 was moved down 1 generation (to 19) so that no recorded kin tie points upwards; the print itself gives no generation numbers.	E901124	權潤	3	70	a
generation-repair	note	權致孫 was moved down 1 generation (to 17) so that no recorded kin tie points upwards; the print itself gives no generation numbers.	E901134	權致孫	3	70	a
generation-repair	note	權得中 was moved down 1 generation (to 18) so that no recorded kin tie points upwards; the print itself gives no generation numbers.	E901135	權得中	3	70	a