biog_id	x姓名	name	generation	inferred_choronym
E904243	安邦	An Pang	20	
E503147	安忭	An Pyŏn	22	
E903140	安昌世	An Ch'angse	20	
E506098	安琛	An Ch'im	21	
E903131	安崇世	An Sungse	20	
E902050	安崇孝	An Sunghyo	18	
E902034	安崇信	An Sungsin	18	
D201535	安處	An Ch'ŏ	17	
E808134	安處亨	An Ch'ŏhyŏng	19	
E808133	安處元	An Ch'ŏwŏn	19	
E808135	安處貞	An Ch'ŏjŏng	19	
E806510	安琡	An Suk	19	
E904320	安從剛	An Chonggang	18	
EA03133	安從儉		18	
E900530	安從生	An Chongsaeng	18	
E401472	安從信	An Chongsin	19	
E201803	安琮	An Chong	21	
E201704	安得貴	An Tŭkkwi	17	
E400736	安得壽	An Tŭksu	16	
E203797	安德孫		18	
E904227	安迪		19	
E904254	安定	An Chŏng	20	
E201677	安芬	An Pun	17	
EB04232	安奉祖	An Pongjo	20	
E904193	安拊	An Pu	21	
E103733	安復志	An Pokchi	19	
E902056	安該	An Hae	19	
E401041	安剛		18	
E102780	安琯	An Kwan	20	
E203796	安貴孫		18	
E301400	安貴孫	An Kwison	20	
E400741	安貴孫	An Kwison	17	
E904244	安國	An Kuk	20	
D400727	安國瑞	An Kuksŏ	15	
D402328	安國祥	An Kuksang	15	
E903018	安好問	An Homun	19	
EB04246	安厚孫	An Huson	18	
E505911	安瑚	An Ho	21	
E503140	安懽	An Hwan	22	
EA04213	安廻石	An Hoesŏk	20	
E506116	安璣	An Ki	21	
EB04230	安季聃	An Kyedam	19	
E901486	安繼宋		21	
E201686	安繼性	An Kyesŏng	19	
E904148	安繼宗	An Kyejong	19	
E103736	安繼祖	An Kyejo	20	
E904149	安繼祖	An Kyejo	19	
E104603	安健	An Kŏn	20	
E101750	安節		20	
E904195	安瑾	An Kŭn	21	
E201773	安晉生	An Chinsaeng	19	
E101484	安進	An Chin	20	
D201678	安景	An Kyŏng	16	
E400271	安景儉	An Kyŏnggŏm	17	
E904250	安敬曾	An Kyŏngjŭng	19	
E904242	安敬慮	An Kyŏngnyŏ	19	
E203802	安敬孫		18	
E304303	安敬仝	An Kyŏngdong	18	
E904229	安敬止	An Kyŏngji	19	
E303970	安敬宗	An Kyŏngjong	19	
E904251	安敬宗	An Kyŏngjong	19	
E902592	安敬祖		18	
EB04231	安敬祖	An Kyŏngjo	20	
E201438	安俊	An Chun	19	
EA02441	安俊		19	
E102508	安克思	An Kŭksa	19	
E301542	安克祥		20	
EC01506	安良生	An Yangsaeng	19	
033d2309-fc88-4877-b9d3-ba6af5aa6840	安良孫		20	
EB04001	安率	An Sol	17	
E301351	安玫	An Ku	19	
EB04220	安孟聃	An Maengdam	19	1
EB04228	安夢卿	An Monggyŏng	22	
79ecaf98-e46a-48e1-ad12-b8811abe793a	安民		20	
E904247	安民	An Min	20	
E305089	安民老		18	
E202719	安訥	An Nul	19	
E903019	安盤石	An Pansŏk	20	
E900528	安彭耉	An P'aenggu	19	
E900536	安彭老	An P'aengno	19	
E900741	安彭命	An P'aengmyŏng	21	
E900738	安彭祖	An P'aengjo	19	
E903979	安貧世	An Pinse	20	
E903094	安平大君	Yi Yong	19	
E905023	安謙	An Kyŏm	19	
E104325	安慶會	An Kyŏnghoe	19	
E904122	安慶會		19	1
E902036	安詮	An Chŏn	19	
E904261	安仁剛	An In'gang	18	
E904191	安扔	An Ing	21	
E201460	安仍		19	
EB04221	安如獺	An Yŏdal	20	1
EA03156	安汝止	An Yŏji	20	
E200986	安潤德	An Yundŏk	20	
E700960	安潤福	An Yunbok	20	
E300360	安桑鷄	An Sanggye	21	
E808132	安善孫	An Sŏnson	18	
E102510	安湜	An Sik	20	
E900489	安軾	An Sik	18	
D206823	安守堅	An Sugyŏn	13	
E201431	安壽希	An Suhŭi	18	
E402568	安叔慶		17	
EC04002	安淑	An Suk	19	
EC00276	安璹	An Suk	18	
E400398	安望之	An Mangji	18	
D402327	安惟忠	An Yuch'ung	14	
E701469	安溫泉	An Onch'ŏn	21	
E201769	安吳生	An Osaeng	20	
E502138	安熙	An Hŭi	21	
E402444	安習		17	
E201771	安夏生	An Hasaeng	19	
E104602	安賢孫	An Hyŏnson	20	
E206846	安賢孫	An Hyŏnson	20	
E101619	安孝康	An Hyogang	19	
E904270	安孝悌	An Hyou	19	
E103551	安孝行	An Hyohaeng	20	
E904288	安孝友		19	
E904301	安孝忠		19	
E402355	安信		17	
E301396	安修道	An Sudo	19	
E104601	安修己	An Sugi	19	
EB04085	安修義	An Suŭi	18	
EB02949	安續	An Sok	20	
E901897	安璿	An Sŏn	21	
E503154	安恂	An Sun	22	
E902019	安訓	An Hun	20	
E305762	安琰	An Yŏm	19	
EB04227	安彦卿	An Ŏn'gyŏng	22	
E201170	安堯卿	An Yogyŏng	20	
D402439	安翊	An Ik	16	
E904317	安義剛	An Ŭigang	18	
E103352	安億壽	An Ŏksu	19	
E402349	安永貴	An Yŏnggwi	17	
EB04100	安友參	An Usam	20	
E101397	安友蹇		22	
E502137	安友三	An Usam	20	
058f3d0b-5ec8-4e83-8158-126e9f2384a5	安友商		21	
E902028	安友商	An Usang	21	
E301317	安友淵	An Uyŏn	21	
E802789	安友晢		21	
E900720	安有禮	An Yurye	19	
E900488	安有仁	An Yuin	19	
E900724	安有信	An Yusin	19	
E900706	安有義	An Yuŭi	19	
E900719	安有義	An Yuŭi	19	
E900725	安有楨	An Yujŏng	19	
E900723	安有智	An Yuji	19	
E103714	安愚	An U	20	
E303929	安榆	An Ryun	21	
bf35d905-3a77-474c-a2d4-3cc6fb9fa925	安玉丁		19	
EB04222	安元卿	An Wŏn'gyŏng	21	1
E402344	安原君		17	
E904908	安哲石	An Ch'ŏlsŏk	18	
E305086	安哲孫	An Ch'ŏlson	20	
E100861	安楨	An Chŏng	19	
c523b2f4-1887-4f24-8ca5-a13dec52135c	安正孫		20	
E904028	安知歸	An Chigwi	20	
E201930	安致方	An Ch'ibang	18	
E903126	安仲聃	An Chungdam	19	
E201685	安仲善	An Chungsŏn	18	
E203801	安重		19	
E201469	安佇	An Chŏ	19	
E103734	安追祖	An Ch'ujo	20	
E201458	安倬	An T'ak	19	
E904198	安擢	An T'ak	21	
E201765	安自立	An Charip	18	
E902455	安自諴	An Chaham	21	
E400561	安祖同	An Chodong	17	
E100432	安㩘	An Ŭi	21	
E402648	白元珣	Paek Wŏn'gu	16	
E301945	白仲信	Paek Chungsin	18	
EA01489	邊保	Pyŏn Po	18	
d11fbbcd-dc16-483a-b14c-fe9c71bdf0a0	邊處安		19	
EA00531	邊處寬		19	
EB00503	邊處寬		20	
EA00568	邊處寧		19	
81cacc31-af04-41b8-8b82-d1e023177099	邊陲		19	
E300304	邊大海	Pyŏn Taehae	20	
EA01441	邊德順	Pyŏn Tŏksun	18	
EA00606	邊煥		19	
E402620	邊靜	Pyŏn Chŏng	17	
EA00528	邊克忠		18	1
EC01938	邊崑	Pyŏn Kon	19	
E300303	邊崙	Pyŏn Ryun	20	
E300171	邊尙覲	Pyŏn Sanggŭn	18	
E401270	邊尙同	Pyŏn Sangdong	17	
E401006	邊尙轉	Pyŏn Sangbing	18	
0d2feaa0-30c3-40aa-bd9f-4230ee4d8185	邊生順		18	
EA01493	邊石崙	Pyŏn Sŏngnyun	18	
E901664	邊希達	Pyŏn Hŭidal	18	
E301521	邊希哲		20	
E401206	邊顯		17	
EA00264	邊祥	Pyŏn Sang	20	
EA01440	邊孝順	Pyŏn Hyosun	18	
E300170	邊孝同	Pyŏn Hyodong	19	
EB03308	邊永淸	Pyŏn Yŏngch'ŏng	20	
EA01312	邊佑	Pyŏn U	21	
E905132	邊致安	Pyŏn Ch'ian	19	
EB00797	卞丞袒	Pyŏn Sŭngdan	19	
E301466	卞範	Pyŏn Pŏm	20	
E905170	卞季良		17	
E802547	卞季欽	Pyŏn Kyehŭm	17	
E808055	卞句	Pyŏn Ku	17	
E102827	卞鈞	Pyŏn Kyun	18	
D206613	卞南龍	Pyŏn Namnyong	15	
EB04377	卞瑞	Pyŏn Sŏ	18	
E102830	卞諴	Pyŏn Ham	19	
EB04369	卞孝敬	Pyŏn Hyogyŏng	16	
EB04376	卞孝文	Pyŏn Hyomun	16	
E900061	卞鐔	Pyŏn Sim	21	
E903485	卞瓚	Pyŏn Ch'an	18	
EB04378	卞珍	Pyŏn Chin	18	
E902423	卜承亨	Pok Sŭnghyŏng	18	
E902435	卜彭孫	Pok P'aengson	20	
E402308	蔡安敬	Ch'ae An'gyŏng	17	
E104858	蔡疇	Ch'ae Chu	18	
E202223	蔡河沉	Ch'ae Hach'im	19	
E202229	蔡河生	Ch'ae Hasaeng	19	
E807710	蔡可文	Ch'ae Kamun	16	
E402031	蔡克敬	Ch'ae Kŭkkyŏng	17	
E402507	蔡倫	Ch'ae Ryun	17	
EC01238	蔡年	Ch'ae Nyŏn	19	
E402456	蔡浦	Ch'ae P'o	17	
E205542	蔡任檢	Ch'ae In'gŏm	19	
E205541	蔡任紹	Ch'ae Imso	18	
E100114	蔡申保	Ch'ae Sinbo	18	
E205574	蔡申福	Ch'ae Sinbok	18	
E205558	蔡申命	Ch'ae Sinmyŏng	18	
E205565	蔡申錫	Ch'ae Sinsŏk	18	
E103345	蔡壽	Ch'ae Su	21	
E205577	蔡順從	Ch'ae Sunjong	19	
E205142	蔡碩年	Ch'ae Sŏngnyŏn	20	
E104873	蔡碩卿		20	
E201146	蔡潭	Ch'ae Tam	20	
E402077	蔡潭	Ch'ae Tam	17	
E202222	蔡圖	Ch'ae To	18	
E402078	蔡元敬	Ch'ae Wŏn'gyŏng	16	
E102329	蔡允恭	Ch'ae Yun'gong	20	
E104871	蔡允惠	Ch'ae Yunhye	20	
EB01818	蔡允寬	Ch'ae Yun'gwan	20	
E802656	蔡允敏	Ch'ae Yunmin	20	
E104872	蔡允文	Ch'ae Yunmun	20	
E104866	蔡允信	Ch'ae Yunsin	20	
E205625	蔡載	Ch'ae Chae	19	
E402459	蔡沼	Ch'ae So	17	
E205573	蔡貞孫	Ch'ae Malson	19	
E205570	蔡正孫	Ch'ae Chŏngson	19	
E000670	蔡徵	Ch'ae Ching	19	
E104859	蔡致仁	Ch'ae Ch'iin	19	
EA01886	蔡致義	Ch'ae Ch'iŭi	19	
E205545	蔡忠檢	Ch'ae Ch'unggŏm	19	
E201150	蔡自沉	Ch'ae Chach'im	21	
E206420	曺保	Cho Po	20	
E104221	曺變隆	Cho Pyŏllyung	19	
E807890	曺承貴	Cho Sŭnggwi	16	
E206409	曺承重	Cho Sŭngjung	19	
EA00765	曺璒	Cho Tŭng	20	
E103151	曺貴成	Cho Kwisŏng	20	
E305030	曺閈	Cho Han	20	
E103223	曺漢忠	Cho Hanch'ung	21	
E302186	曺漢忠	Cho Hanch'ung	19	
E103222	曺好正	Cho Hojŏng	20	
E103218	曺好直	Cho Hojik	19	
E807970	曺季林	Cho Kyerim	16	
E805626	曺繼虞	Cho Kyeu	21	
E305039	曺闓	Cho Kae	20	
E302189	曺匡輔	Cho Kwangbo	19	
E900566	曺末生	Cho Malsaeng	19	
E201638	曺末孫		19	
E904284	曺瑞	Cho Sŏ	20	
E103217	曺尙	Cho Sang	18	
E807965	曺尙林	Cho Sangnim	16	
E103877	曺紹老	Cho Soro	19	
E502552	曺始孫	Cho Sison	21	
E206414	曺倜	Cho Ch'ŏk	20	
E103219	曺吳善	Cho Osŏn	20	
E103784	曺喜	Cho Hŭi	20	
EB01385	曺祥	Cho Sang	20	
D206755	曺興	Cho Hŭng	15	
EA00794	曺珣	Cho Sun	19	
E402583	曺致	Cho Ch'i	17	
E904281	曺仲道	Cho Chungdo	19	
E807964	曺仲林	Cho Chungnim	16	
D206767	曺子暹	Cho Chasŏm	15	
E200992	曹常	Cho Sang	19	
EB04019	曹範	Cho Pŏm	18	
EB02986	曹亨孫	Cho Hyŏngson	20	
EB04133	曹彙	Cho Hwi	18	
E802607	曹九叙	Cho Kusŏ	20	
E200989	曹敏景	Cho Min'gyŏng	18	
E401223	曹命壽	Cho Myŏngsu	17	
E200991	曹壽	Cho Su	19	
E202224	曹錫文	Cho Sŏngmun	20	
D206506	曹誼	Cho Ŭi	13	
E903028	昌原君	Yi Sŏng	21	
E300049	朝鮮 成宗		23	
711c156f-327b-40a3-b8a6-178696946b59	朝鮮 德宗		20	
E300374	朝鮮 德宗		22	
EA02795	朝鮮 呂陽令		21	
E300454	朝鮮 齊安大君	Yi Hyŏn	23	
E300451	朝鮮 睿宗	Chosŏn Yejong	22	
E300371	朝鮮 世宗		19	
E300370	朝鮮 世祖		21	
E200306	朝鮮 太宗	Yi Pangwŏn	19	
E202603	朝鮮 文宗		20	
E203048	朝鮮 孝寧大君	Yi Po	17	
E300376	朝鮮 燕山君		23	
E300032	朝鮮 月山大君	Yi Chŏng	23	
E201777	陳成幹	Chin Sŏnggan	18	
E201982	陳耕	Chin Kyŏng	18	
D400404	陳光進	Chin Kwangjin	17	
E400405	陳胡	Chin Ho	18	
E402541	陳謹	Chin Kŭn	17	
E902584	陳克忠	Chin Kŭkch'ung	17	
E303317	陳錫臣	Chin Sŏksin	18	
E303311	陳錫公	Chin Sŏkkong	18	
E303313	陳錫卿	Chin Sŏkkyŏng	18	
E807716	陳以孝		17	
EA00387	陳猷	Chin Yu	20	
E402510	陳有蕃	Chin Yubŏn	17	
EA00385	陳致中	Chin Ch'ijung	19	
E304967	陳畤	Chin Si	18	
E104478	成聃齡	Sŏng Tamnyŏng	20	
E802717	成聃命	Sŏng Tammyŏng	20	
E902214	成聃年	Sŏng Tamnyŏn	20	
E104468	成聃壽	Sŏng Tamsu	20	
E200560	成得識	Sŏng Tŭksik	18	
E300016	成奉祖		18	
E104185	成復	Sŏng Pok	20	
E206227	成顧	Sŏng Samgo	20	
E901935	成貴達	Sŏng Kwidal	19	
E302613	成漢	Sŏng Han	22	
E901919	成季溫	Sŏng Kyeon	20	
E901957	成繼性	Sŏng Kyesŏng	19	
EB03297	成甲孫	Sŏng Kapson	20	
E901920	成健	Sŏng Kŏn	20	
EC02139	成晉	Sŏng Chin	20	
EB04212	成晋	Sŏng Chin	18	
E901895	成懼	Sŏng Ku	19	
E901912	成俊	Sŏng Chun	19	
D206728	成老	Sŏng Ro	15	
E302099	成慄	Sŏng Ryul	19	
E401836	成念祖	Sŏng Yŏmjo	18	
E206222	成聘	Sŏng Sambing	19	
EB04210	成溥	Sŏng Pu	16	
E901884	成俔	Sŏng Hyŏn	20	
E206229	成三省	Sŏng Samsŏng	19	
E206216	成三問	Sŏng Sammun	19	
E103657	成三錫	Sŏng Samsŏk	20	
E303338	成善	Sŏng Sŏn	18	
E901951	成愼禮	Sŏng Sillye	20	
E901941	成愼仁		20	
E901943	成慎義		20	
E206214	成勝		18	
E501711	成世勣	Sŏng Sejŏk	20	
EC03992	成世傑	Sŏng Segŏl	21	
E300475	成世明	Sŏng Semyŏng	20	
E501894	成世愼	Sŏng Sesin	21	
E104183	成守謙	Sŏng Sugyŏm	19	
E000276	成淑	Sŏng Suk	21	
E901978	成順性	Sŏng Sunsŏng	19	
EB04213	成完	Sŏng Wan	18	
E504724	成琓	Sŏng Wan	20	
E203352	成文猷	Sŏng Munyu	19	
E203353	成文治	Sŏng Munch'i	20	
E901954	成扱	Sŏng Kŭp	18	
E104464	成熺	Sŏng Hŭi	19	
E903253	成孝淵	Sŏng Hyoyŏn	19	
EB04211	成孝淵	Sŏng Hyoyŏn	17	
EA02737	成孝源	Sŏng Hyowŏn	20	
E200561	成抑		18	
E104184	成益	Sŏng Ik	20	
EC00136	成益之	Sŏng Ikchi	17	
E501836	成玉貞	Sŏng Okchŏng	20	
E303340	成允文	Sŏng Yunmun	19	
E303346	成允武	Sŏng Yunmu	20	
E402435	成載	Sŏng Chae	18	
E504670	成瓚	Sŏng Ch'an	20	
E901928	成忠達	Sŏng Ch'ungdal	20	
E901914	成仲溫	Sŏng Chungon	20	
E901939	成重識	Sŏng Chungsik	19	
E901971	成重性	Sŏng Chungsŏng	19	
EA02738	成準		21	
E204142	池季江	Chi Kyegang	19	
E206421	池繼海	Chi Kyehae	19	
E806668	池浚	Chi Chun	21	
E807697	池彭老	Chi P'aengno	18	
E201917	池叔林	Chi Sungnim	19	
EC01845	池允源	Chi Yunwŏn	20	
E201832	池自淡	Chi Chadam	19	
E807702	池宗海	Chi Chonghae	17	
E101477	崔安信	Ch'oe Ansin	18	
E305787	崔安沚	Ch'oe Anji	16	
E104689	崔庵	Ch'oe Am	19	
EA00407	崔弼同		20	
E203255	崔濱	Ch'oe Pin	20	
EA03137	崔炳	Ch'oe Pyŏng	20	
E501496	崔偁	Ch'oe Ch'ing	21	
E202247	崔承流	Ch'oe Sŭngnyu	20	
E101384	崔承寧	Ch'oe Sŭngnyŏng	20	
E203249	崔承溫	Ch'oe Sŭngon	19	
E101409	崔承政	Ch'oe Sŭngjŏng	20	
E101435	崔承宗	Ch'oe Sŭngjong	20	
E203277	崔承祖	Ch'oe Sŭngjo	20	
E305841	崔崇道	Ch'oe Sungdo	17	
E305772	崔處江	Ch'oe Ch'ŏgang	17	
E700524	崔處淵	Ch'oe Ch'ŏyŏn	21	
EB01708	崔傳善	Ch'oe Chŏnsŏn	19	
0197fe12-2257-7177-b22a-f6cc8a13bd4f	崔春坊		20	
5b2d649d-2d7a-44be-999c-e11332e55bc2	崔春坊		20	
E901950	崔淳	Ch'oe Sun	20	
D807914	崔賜起	Ch'oe Sagi	2	
E605649	崔悰	Ch'oe Chong	20	
E101402	崔道根		21	
E101405	崔道全	Ch'oe Tojŏn	21	
E101386	崔道一	Ch'oe Toil	21	
E201488	崔得濟	Ch'oe Tŭkche	18	
EB04425	崔得孫	Ch'oe Tŭkson	18	1
E305774	崔得止	Ch'oe Tŭkchi	17	
E303447	崔德孫	Ch'oe Tŏkson	18	
EC00321	崔店	Ch'oe Chŏm	18	
E000379	崔敦	Ch'oe Ton	19	
EB03178	崔敦臨	Ch'oe Tonim	20	
E400990	崔昐	Ch'oe Pun	19	
E203275	崔稪		19	1
EC04013	崔恭孫	Ch'oe Kongson	20	
E201514	崔灌	Ch'oe Kwan	20	
E000393	崔龜山	Ch'oe Kwisan	20	
EB01709	崔龜壽	Ch'oe Kwisu	20	
E205677	崔涵	Ch'oe Ham	18	
E206411	崔漢伯	Ch'oe Hanbaek	20	
E104113	崔漢臣		19	
E901701	崔漢輔	Ch'oe Hanbo	20	
E901470	崔漢侯		20	
E205455	崔漢老	Ch'oe Hallo	18	
E201285	崔漢良	Ch'oe Hallyang	20	
E000660	崔漢卿	Ch'oe Han'gyŏng	20	
E203279	崔漢望	Ch'oe Hanmang	21	
E301169	崔漢文	Ch'oe Hanmun	20	
E103685	崔漢元	Ch'oe Hanmu	22	
0197fe12-2257-764b-9a02-e5b5896594a3	崔漢苑		20	
70af8016-614b-42ca-a523-e3e8950b721d	崔漢苑		20	
E901681	崔漢忠	Ch'oe Hanch'ung	20	
E201737	崔滈	Ch'oe Ho	17	
EC01335	崔灝元	Ch'oe Sunwŏn	19	
E902305	崔和美	Ch'oe Hwami	21	
E401355	崔河	Ch'oe Ha	17	
E901747	崔恒	Ch'oe Hang	18	
E904106	崔宏	Ch'oe Koeng	16	
E000380	崔虎山	Ch'oe Hosan	20	
E304585	崔懽輔		20	
E501470	崔伋	Ch'oe Kŭp	21	
E401538	崔汲	Ch'oe Kŭp	1	
E103687	崔季男	Ch'oe Kyenam	19	
E900709	崔季泉	Ch'oe Kyech'ŏn	19	
E808178	崔季生	Ch'oe Kyesaeng	17	
E202983	崔季孫	Ch'oe Kyeson	18	
EC04009	崔繼宗	Ch'oe Kyejong	20	
E901641	崔儉	Ch'oe Kŏm	21	
E901643	崔健	Ch'oe Kŏn	21	
EB04034	崔潔	Ch'oe Kyŏl	18	
EC02074	崔津	Ch'oe Chin	19	
EB01086	崔璡	Ch'oe Chin	21	
EB04033	崔井涓	Ch'oe Chŏngyŏn	17	
E301380	崔景禮	Ch'oe Kyŏngnye	20	
E204134	崔景淵	Ch'oe Kyŏngyŏn	18	
E302198	崔淨	Ch'oe Chŏng	19	
EB04416	崔敬	Ch'oe Kyŏng	18	1
E901428	崔敬本	Ch'oe Kyŏngbon	20	
E302463	崔敬明	Ch'oe Kyŏngmyŏng	18	
E501391	崔敬孫	Ch'oe Kyŏngson	21	
E201154	崔敬止	Ch'oe Kyŏngji	21	
E103561	崔敬忠	Ch'oe Kyŏngch'ung	20	
E304883	崔九淵	Ch'oe Kuyŏn	18	
E401846	崔沮	Ch'oe Chŏ	17	
E401354	崔涓汀	Ch'oe Yŏnjŏng	18	
EC01492	崔浚	Ch'oe Chun	19	
E501477	崔侃	Ch'oe Kan	21	
E203270	崔寬海	Ch'oe Kwanhae	21	
E401869	崔揆	Ch'oe Kyu	19	
E807766	崔蔾		17	
E306030	崔李起	Ch'oe Igi	16	
EB04035	崔漣	Ch'oe Ryŏn	18	
E100959	崔濂		21	
E104318	崔洌	Ch'oe Ryŏl	20	
E100755	崔潾	Ch'oe Rin	20	
E000241	崔璘	Ch'oe Rin	21	
EC00721	崔隆	Ch'oe Ho	19	
E902286	崔倫	Ch'oe Ryun	21	
E903084	崔楣	Ch'oe Mi	20	1
E501409	崔孟思		21	1
E901618	崔旼	Ch'oe Min	19	
E104217	崔明達	Ch'oe Myŏngwŏn	19	
E201959	崔明進	Ch'oe Myŏngjin	19	
E101500	崔命孫	Ch'oe Myŏngson	19	
EA03450	崔末山	Ch'oe Malsan	21	
E808179	崔末生	Ch'oe Malsaeng	17	
E901671	崔漠禎	Ch'oe Hanjŏng	20	
EB04394	崔寧	Ch'oe Nyŏng	16	1
EB04038	崔濘	Ch'oe Nyŏng	18	
E201152	崔伾	Ch'oe Pi	21	
E102286	崔千春		19	
E306034	崔千㱓	Ch'oe Ch'ŏllyŏng	17	
E205464	崔秦	Ch'oe Mu	19	
E401511	崔溱	Ch'oe Chin	19	
E205478	崔拳	Ch'oe Kwŏn	19	
D201738	崔仁富	Ch'oe Inbu	16	
EC02075	崔仁近	Ch'oe In'gŭn	20	
EC02076	崔仁遜	Ch'oe Inson	20	
EC02084	崔仁遇	Ch'oe Inu	20	
E501460	崔任	Ch'oe Im	20	
E203281	崔榮祖	Ch'oe Yŏngjo	20	
E201534	崔融		20	
E205393	崔融	Ch'oe Yung	19	
E901113	崔濡	Ch'oe Yu	19	
E303309	崔汝澄		18	
E807872	崔汝海	Ch'oe Yŏhae	18	
E103167	崔閏福	Ch'oe Yunbok	1	
E102515	崔閏身	Ch'oe Yunsin	20	
E201212	崔閏玉		19	
E201501	崔閏玉	Ch'oe Yunok	19	
EC00813	崔閏玉	Ch'oe Yunok	19	
E201433	崔厦	Ch'oe Ha	19	
E401586	崔善敏	Ch'oe Sŏnmin	19	
E201745	崔尙河	Ch'oe Sangha	18	
E201741	崔尙淇	Ch'oe Sanggi	18	
E402414	崔尙溫	Ch'oe Sangon	17	
E200733	崔涉	Ch'oe Sŏp	19	
E203257	崔愼全	Ch'oe Sinjŏn	20	
E302454	崔生明	Ch'oe Saengmyŏng	18	
E401018	崔石堅	Ch'oe Sŏkkyŏn	19	
E807682	崔石正	Ch'oe Sŏkchŏng	17	
E201120	崔湜		21	
E101374	崔士康	Ch'oe Sagang	19	
E201286	崔士老	Ch'oe Saro	19	
E100707	崔世豪	Ch'oe Seho	22	
E101407	崔世傑	Ch'oe Segŏl	22	
E101408	崔世俊	Ch'oe Sejun	22	
E101404	崔世省	Ch'oe Sesŏng	22	
E101387	崔世賢	Ch'oe Sehyŏn	22	
E203251	崔謚	Ch'oe Pun	20	
EB03190	崔壽臨	Ch'oe Suim	20	
EB04074	崔叔	Ch'oe Suk	19	
E902518	崔叔精		19	
E703950	崔叔男		21	
EA00402	崔淑恭		20	
EA00405	崔淑敬		20	
E101456	崔淑文		18	
E100567	崔澍		20	
E302466	崔澍	Ch'oe Chu	20	
E301236	崔水山	Ch'oe Susan	21	
E103436	崔順孫	Ch'oe Sunson	18	
E301534	崔思厚		19	
E301501	崔思淸		19	
E901734	崔四海	Ch'oe Sahae	19	
E100944	崔泗	Ch'oe Sa	21	
E203259	崔松達	Ch'oe Songdal	21	
E203262	崔松連	Ch'oe Songnyŏn	21	
E203263	崔松謙	Ch'oe Songgyŏm	21	
E205457	崔泰	Ch'oe T'ae	20	
EB01649	崔潭	Ch'oe Tam	18	
E104475	崔塘	Ch'oe Tang	20	
EB03177	崔悌男	Ch'oe Chenam	19	
E900572	崔汀	Ch'oe Chŏng	18	
E401609	崔侹	Ch'oe Chŏng	20	
E807683	崔仝	Ch'oe Tong	18	
E306035	崔萬㱓	Ch'oe Mallyŏng	17	
EB04421	崔洧	Ch'oe Yu	17	1
EC04012	崔溫孫	Ch'oe Onson	20	
E201245	崔文普	Ch'oe Munbo	21	
E205165	崔沃		20	
E901626	崔曦	Ch'oe Hŭi	20	
E206710	崔係	Ch'oe Kye	17	
E306032	崔遐㱓	Ch'oe Haryŏng	17	
EA00401	崔湘		19	
E101467	崔孝安	Ch'oe Anhyo	20	
E101440	崔孝恭	Ch'oe Hyogong	21	
E501372	崔孝基	Ch'oe Hyogi	20	
E101428	崔孝良	Ch'oe Hyoryang	21	
E808176	崔孝男	Ch'oe Hyonam	16	
E101450	崔孝順	Ch'oe Hyosun	21	
E401051	崔孝孫	Ch'oe Hyoson	17	
E901968	崔孝原	Ch'oe Hyowŏn	19	
E101421	崔孝忠	Ch'oe Hyoch'ung	21	
2c7d2618-0577-42be-8822-03db4d3844e1	崔孝宗		21	
D206674	崔偕	Ch'oe Hae	15	
E901633	崔昕	Ch'oe Hŭn	20	
E301025	崔性老		18	
E305770	崔興潤	Ch'oe Hŭngyun	16	
E304605	崔熊	Ch'oe Ung	19	
EB04412	崔宣	Ch'oe Sŏn	16	1
E201744	崔璇	Ch'oe Sŏn	19	
5b5c0d88-8722-404b-bd46-a23883b9c6fd	崔延命		20	
E205156	崔延年	Ch'oe Yŏnnyŏn	19	
E103439	崔演	Ch'oe Yŏn	19	
E305794	崔演元	Ch'oe Yŏnwŏn	17	
E501406	崔儼	Ch'oe Ŏm	20	
EB03191	崔陽臨	Ch'oe Yangim	20	
E206138	崔乙斗		20	
D206620	崔乙義	Ch'oe Ŭrŭi	15	
E301238	崔義	Ch'oe Ŭigŏm	20	
E306033	崔億㱓	Ch'oe Ŏngnyŏng	17	
E401908	崔英潾	Ch'oe Yŏngnin	18	
E100761	崔濚	Ch'oe Yŏng	19	
E203237	崔永灝	Ch'oe Yŏngho	22	
E100284	崔永潾	Ch'oe Yŏngnin	20	
E902282	崔永孫	Ch'oe Yŏngson	21	
E201533	崔泳	Ch'oe Yŏng	20	
E200578	崔有恒	Ch'oe Yuhang	20	
E201934	崔有江	Ch'oe Yugang	19	
E201382	崔有良	Ch'oe Yuryang	18	
E305028	崔有謙	Ch'oe Yugyŏm	18	
E401510	崔有源	Ch'oe Yuwŏn	18	
E201155	崔有宗	Ch'oe Yujong	19	
E305663	崔宇	Ch'oe U	16	
E201747	崔瑀	Ch'oe U	19	
E200651	崔玉浩		20	
E103185	崔玉明	Ch'oe Ongmyŏng	20	
E401585	崔玉筍	Ch'oe Oksun	20	
D200034	崔裕	Ch'oe Yu	17	
E900703	崔淵	Ch'oe Yŏn	18	
E401019	崔原濟	Ch'oe Wŏnjun	18	
E203266	崔源海	Ch'oe Wŏnhae	21	
D200036	崔雲海	Ch'oe Unhae	18	
E104317	崔允亨	Ch'oe Yunhyŏng	19	
E904107	崔允庸	Ch'oe Yunyong	19	
E103516	崔允中	Ch'oe Yunjung	18	
E304886	崔在淵	Ch'oe Chaeyŏn	18	
E103440	崔湛	Ch'oe Tam	19	
EA00611	崔湛		19	
E305876	崔漳	Ch'oe Chang	18	
E808177	崔長生	Ch'oe Changsaeng	17	
E301537	崔長孫		21	
E201395	崔哲重		22	
E305795	崔正心	Ch'oe Chŏngsim	17	
E706043	崔直	Ch'oe Chik	18	
E305776	崔致江	Ch'oe Ch'igang	17	
EB03180	崔智臨	Ch'oe Chiim	20	
E203264	崔礩	Ch'oe Sŏkchŏn	20	
3d9f2f57-92a3-4ae0-b2a4-669cc384f3d8	崔忠宗		21	
EA00406	崔終同		20	
E501513	崔仲淸	Ch'oe Chungch'ŏng	19	
E900704	崔仲泉	Ch'oe Chungch'ŏn	19	
E401212	崔仲溫		17	
E701825	崔仲淹	Ch'oe Chungŏm	22	
E203472	崔仲元		19	
E402503	崔宙	Ch'oe Chu	18	
E100941	崔洙	Ch'oe Su	21	
EB04415	崔洙	Ch'oe Su	17	1
E301502	崔主孫	Ch'oe Chuson	20	
E301168	崔渚	Ch'oe Chŏ	19	
E901644	崔倬	Ch'oe T'ak	21	
E302251	崔滋	Ch'oe Cha	20	
E301034	崔子康	Ch'oe Chagang	19	
E301037	崔子寧		19	
E301535	崔自濱		20	
E302465	崔自汾	Ch'oe Chabun	19	
E302475	崔自淮	Ch'oe Chahoe	19	
E301544	崔自澴		20	
E305773	崔自江	Ch'oe Chagang	17	
E102285	崔自靖		18	
E301173	崔自閏	Ch'oe Chayun	20	
E301540	崔自泳	Ch'oe Chayŏng	20	
EB03301	崔宗泳	Ch'oe Chongyŏng	20	
E201743	崔㻁	Ch'oe Yŏn	19	
E200973	德源君	Yi Sŏ	20	
EA02370	丁漢生	Chŏng Hansaeng	19	
E000692	丁淑	Chŏng Suk	17	
E904959	丁曜	Chŏng Yo	18	
EA03834	丁以桂	Chŏng Igye	18	
E703786	丁以梓	Chŏng Sŏkp'il	18	
E104794	都繼潔	To Kyegyŏl	20	
E201949	都繼良	To Kyeryang	19	
E000174	都順孫	To Sunson	21	
D206511	方乞	Pang Kŏl	11	
E305875	方孝忠	Pang Hyoch'ung	18	
E305874	方致	Pang Ch'i	17	
E305872	方致之父		16	
E000707	房貴和	Pang Kwihwa	21	
E902112	房峻	Pang Chun	20	
E902113	房紹祖	Pang Sojo	21	
E200595	奉安恭		20	
E401003	奉珪	Pong Kyu	19	
E103039	奉末山	Pong Malsan	20	
E400978	奉寧僕	Pong Yŏngbok	18	
E103020	奉如山	Pong Yŏsan	20	
E103021	奉三山	Pong Samsan	20	
E204630	奉紳		18	
E102791	奉石柱	Pong Sŏkchu	20	
D401123	奉由仁	Pong Yuin	17	
E200039	奉元邦	Pong Anbang	18	
E401004	奉元良	Pong Wŏllyang	18	
E204632	奉允孝	Pong Yunhyo	19	
E204633	奉允忠	Pong Yunch'ung	19	
E103019	奉璋	Pong Chang	19	
EB01067	奉至	Pong Chi	20	
E300111	奉忠孝	Pong Ch'unghyo	20	
EA01147	鳳城君		21	
D401780	高安勝	Ko Ansŭng	17	
E100111	高克誠	Ko Kŭksŏng	23	
D401763	高呂	Ko Ryŏ	16	
E204860	高愼彥	Ko Sinŏn	18	
EA03443	高守禮	Ko Surye	21	
E203746	高台弼		19	
E304008	高台鼎	Ko T'aejŏng	21	
E900771	高台翼	Ko T'aeik	19	
EB03990	高益生	Ko Iksaeng	18	
E402239	高永壽	Ko Yŏngsu	17	
E201497	高志孫	Ko Chison	20	
D206610	恭愍王	Kong Minwang	15	
E101394	龜城君	Kwi Sŏnggun	22	
E204028	郭庇	Kwak Pi	18	
E204039	郭偲	Kwak Si	19	
E204025	郭承丘	Kwak Sŭnggu	19	
E104623	郭承球	Kwak Sŭnggu	21	
E204021	郭承倚	Kwak Sŭnggi	19	
E204016	郭承義	Kwak Sŭngŭi	19	
E204010	郭承振	Kwak Sŭngjin	19	
82f46e58-7236-406d-b43e-b0d2f68f3662	郭澄		19	
E302069	郭得常	Kwak Tŭksang	19	
EA02996	郭得康	Kwak Tŭkkang	20	
EB04290	郭德淵	Kwak Tŏgyŏn	16	1
E905047	郭汾	Kwak Pun	18	
EB04313	郭汾	Kwak Pun	17	1
EB04318	郭珪		19	1
E301628	郭弘	Kwak Hong	19	
E402369	郭極	Kwak Kŭk	17	
E304127	郭璘	Kwak Rin	20	
EB04315	郭璘	Kwak Rin	19	1
EA02997	郭仁堅	Kwak In'gyŏn	21	
EA03006	郭仁童	Kwak Insu	21	
EA03000	郭仁完	Kwak Inwan	21	
E206382	郭守直	Kwak Sujik	18	
E401997	郭樞	Kwak Ch'u	16	
E305780	郭思道	Kwak Sado	17	
EB00867	郭泰	Kwak T'ae	19	
E204029	郭僖	Kwak Hŭi	19	
09548905-b891-4399-88ec-fb09848e772f	郭雄		18	
E204042	郭庥	Kwak Hyu	18	
E401996	郭珣	Kwak Sun	17	
E201947	郭頤正		18	
E901525	郭義	Kwak Ŭi	19	
EB03295	郭吟	Kwak Ŭm	20	
EC00233	郭廕	Kwak Ŭm	18	
EB04326	郭瑛	Kwak Yŏng	19	
E204050	郭庸	Kwak Yong	18	
bcc7fa93-b36a-4bc0-9dd0-871f7e6723c5	郭永		19	
0ce64884-cbc1-4c1e-81ad-956304afecb6	郭惲		18	
EB04319	郭璋		19	
EB01718	郭致楨	Kwak Ch'ijŏng	19	
E103083	郭自安		20	
E902649	郭自安	Kwak Chaan	19	
EB04325	郭自安	Kwak Chaan	18	
EB04317	郭自容	Kwak Chayong	18	
EB04314	郭自完	Kwak Chawan	18	1
E901769	郭宗恂	Chŏng Chongsun	19	
7a00ba1c-ab88-42b6-8c93-360e0ed2f27a	韓[日+耆]		21	1
D206642	韓安邦	Han Anbang	15	
D206640	韓安海	Han Anhae	15	
D206641	韓安景	Han An'gyŏng	15	
E808106	韓八孫	Han P'alson	19	
E300421	韓堡	Han Po	20	
E103777	韓伯倫	Han Paengnyun	20	
E806256	韓曾	Han Chŭng	21	
EC00151	韓昌	Han Ch'ang	19	
E202332	韓琛	Han Ch'im	21	
E804566	韓忱	Han Ch'im	21	
78bef2b0-6078-42f6-ba7a-11270c069ebf	韓稱錘		22	
E104518	韓承舜		18	
1f7971b0-b1ea-4ee2-9850-9f6b36fc64a9	韓承源		21	
E804045	韓達	Han Tal	21	
E805552	韓惇	Han Ton	21	
EB00959	韓發	Han Pal	19	
E305823	韓福亭	Han Pokchŏng	16	
E808105	韓貴同	Han Kwidong	19	
E305817	韓好德	Han Hodŏk	17	
E700815	韓顥	Han Ho	20	
EA00277	韓亨元	Han Hyŏngwŏn	22	
E804455	韓恒	Han Hang	21	
E103829	韓厚倫	Han Huryun	20	
EC00999	韓懽	Han Hwan	21	
E300363	韓惠	Han Hye	18	
E202319	韓箕斗	Han Kidu	19	
E103775	韓季復	Han Kyebok	18	
E000689	韓迹	Han Chŏk	21	
E101752	韓繼程	Han Kyejŏng	19	
EA02810	韓繼純	Han Kyesun	20	
E300362	韓繼美	Han Kyemi	19	
E104065	韓繼善	Han Kyesŏn	20	
E300257	韓繼禧		19	1
E100940	韓繼胤	Han Kyeyun	19	
D206638	韓繼忠	Han Kyech'ung	14	
E902277	韓堅	Han Kyŏn	20	
E300843	韓健		19	
E401603	韓健	Han Kŏn	21	
E803688	韓澗	Han Han	21	
E901917	韓岊	Han Chŏl	20	
EA03511	韓玠	Kae	21	
E303166	韓瑾	Han Kŭn	21	
E305846	韓謹	Han Kŭn	17	
E803883	韓謹	Han Kŭn	21	
E103830	韓謹倫	Han Kŭllyun	20	
E305835	韓敬德	Han Kyŏngdŏk	18	
E305847	韓均	Han Kyun	17	
E305849	韓俊	Han Chun	17	
E103997	韓峻	Han Chun	20	
E202458	韓可堅	Han Kagyŏn	19	
E103791	韓黎	Han Ryŏ	19	
E305829	韓禮綱	Han Yegang	17	
EB04054	韓連	Han Ryŏn	21	
be117e50-a304-4b03-84e4-1c57260e6f56	韓連源		21	
E305816	韓倫	Han Ryun	16	
E202323	韓崙	Han Ryun	20	
E103794	韓茂	Han Mu	19	
E400649	韓孟復	Han Suk	18	
E305797	韓敏	Han Min	17	
E900137	韓明澮	Han Myŏnghoe	19	
E205399	韓明溍	Han Myŏngjin	19	
E305826	韓莫同		18	
D206589	韓寧	Han Nyŏng	15	
E900138	韓起	Han Ki	18	
EC01195	韓起同	Han Kidong	20	
E903199	韓洽	Han Hŭp	19	
E903286	韓千孫	Han Ch'ŏnson	20	
E901492	韓嶔	Han Kŭm	20	
E305845	韓權	Han Kwŏn	17	
E202244	韓確	Han Hwak	19	
E204232	韓瑞鳳	Han Sŏbong	19	
E205281	韓瑞龜	Han Sŏgwi	19	
E204397	韓瑞龍	Han Sŏryong	19	
E204858	韓閏	Han Yun	19	
E900879	韓山壽	Han Sansu	18	
E400984	韓尙桓	Han Sanghwan	17	
E402262	韓尙敬	Han Sanggyŏng	17	
E400478	韓尙質	Han Sangjil	17	
E202879	韓士价	Han Sagae	20	
EA01492	韓士武	Han Samu	20	
E803690	韓世補		22	
E803704	韓世祐	Han Seu	22	
E101756	韓壽龍	Han Suryong	20	
E502833	韓叔厚	Han Sukhu	21	
E103780	韓叔倫	Han Sungnyun	20	
E700662	韓順	Han Sun	20	
E103586	韓碩		19	
E103574	韓斯文	Han Samun	20	
E300256	韓斯信	Han Sasin	21	
E902274	韓天童	Han Ch'ŏndong	18	
E104069	韓珽	Han Chŏng	21	
E700824	韓頲	Han Chŏng	20	
E902134	韓萬孫	Han Manson	20	
E402346	韓穩	Han On	17	
E902659	韓晤		19	
E804480	韓晰	Han Hŭn	21	
E305796	韓孝弟	Han Hyoje	16	
E805416	韓孝孫		22	1
E903200	韓孝孫	Han Hyoson	20	
E305807	韓孝知	Han Hyoji	16	
E804489	韓忻	Han Pyŏn	21	
E305836	韓信綱	Han Sin'gang	17	
E804570	韓惺	Han Sŏng	21	
D402247	韓休	Han Hyu	17	
D402261	韓脩	Han Su	16	
E700797	韓頊	Han Uk	20	
E305825	韓叙		18	
E103357	韓敍倫	Han Sŏryun	20	
E804468	韓恂	Han Sun	21	
E104536	韓彦倫	Han Ŏllyun	20	
E103993	韓堰	Han Ŏn	20	
E902275	韓貽永	Han Iyŏng	19	
E100565	韓義	Han Ŭi	19	
E305824	韓義綱	Han Ŭigang	17	
E901017	韓穎	Han Yŏng	19	
E103576	韓永矴	Han Yŏngjŏng	18	
E103793	韓有倫	Han Yuryun	20	
E104050	韓堣	Han U	20	
E804084	韓禹昌	Han Uch'ang	22	
E305798	韓元孫	Han Wŏnson	18	
EA00240	韓悅	Han Yŏl	21	
E305840	韓允賔	Han Yunbin	16	
E305848	韓允富	Han Yunbu	16	
E305854	韓允良	Han Yullyang	16	
E305844	韓允正	Han Yunjŏng	16	
E100624	韓運	Han Un	21	
E803741	韓儹		21	
EB01164	韓長孫	Han Changson	20	
E305813	韓哲亭	Han Ch'ŏlchŏng	16	
E305856	韓致和	Han Ch'ihwa	17	
E000575	韓致亨	Han Ch'ihyŏng	20	
E103584	韓致禮	Han Ch'irye	20	
E000521	韓致良	Han Ch'iryang	21	
E305837	韓致仁	Han Ch'iin	18	
E401606	韓致仁	Han Ch'iin	20	
E103581	韓致義	Han Ch'iŭi	20	
E902007	韓致元	Han Ch'iwŏn	20	
E305855	韓致中	Han Ch'ijung	17	
E305832	韓智綱	Han Chigang	17	
E103604	韓忠常		20	
E103598	韓忠禮	Han Ch'ungnye	20	
E203197	韓忠仁	Han Ch'ungin	20	
E000022	韓忠信	Han Ch'ungsin	20	
E103592	韓忠義	Han Ch'ungŭi	20	
E103601	韓忠智	Han Ch'ungji	20	
E104522	韓終孫	Han Chongson	20	
E502831	韓仲厚	Han Chunghu	21	
E301394	韓仲倫	Han Chungnyun	20	
4ab4c827-096a-4165-9f1b-dca037b6759d	韓重中		21	
E201986	韓自方	Han Chabang	18	
EA03333	韓倧	Han Chong	21	
E202548	韓㠖	Han Ŭi	21	
E203517	韓㬢	Han Hŭi	21	
E302803	韓𥑇	Han Pu	19	
E102538	河伯達	Ha Paektal	20	
EB04092	河福山	Ha Poksan	19	1
E204998	河福生	Ha Poksaeng	19	
EA02745	河龜年	Ha Kwinyŏn	21	
E901410	河龜壽	Ha Kwisu	21	
EC01151	河浩	Ha Ho	19	
E401902	河逈	Ha Hyŏng	18	
E401477	河久	Ha Ku	18	
E904886	河砺	Ha Ryŏ	20	
E203856	河礪		19	
EB04091	河孟淳	Ha Maengsun	19	1
E302237	河孟湜	Ha Maengsik	19	
E905025	河孟秩	Ha Maengjil	18	
E807659	河慶	Ha Kyŏng	16	
E301841	河閏	Ha Yun	20	
E401856	河壽昌	Ha Such'ang	18	
E401855	河壽宗	Ha Sujong	18	
EA02744	河澍	Ha Chu	20	
EB04095	河悌明	Ha Chemyŏng	18	
EB04090	河孝明	Ha Hyomyŏng	18	1
EB04089	河演	Ha Yŏn	17	
EB04096	河友明	Ha Umyŏng	18	
E900506	河源	Ha Wŏn	19	
E401854	河徵	Ha Ching	17	
E900762	河秩石	Ha Ch'usŏk	19	
E104694	洪保正	Hong Pojŏng	20	
EB02999	洪忭	Hong Pyŏn	21	
E302482	洪伯涓	Hong Paegyŏn	19	
EC00428	洪曾	Hong Chŭng	17	
D402290	洪昌道	Hong Ch'angdo	16	
E300443	洪常	Hong Sang	23	
E202633	洪偁	Hong Ch'ing	19	
EC00426	洪疇	Hong Chu	17	
E104346	洪處康	Hong Ch'ŏgang	20	
EB01636	洪悰	Hong Chong	19	
EB02996	洪達孫		20	1
E000856	洪達廷		21	
EA04223	洪達宗	Hong Talchong	20	
E302212	洪道常	Hong Tosang	19	
EB02991	洪德從		19	
EA01517	洪淀	Hong Chŏng	20	
EB04167	洪淀	Hong Yŏn	18	
E302517	洪度	Hong To	21	
EC00427	洪度	Hong To	17	
D402279	洪鐸	Hong T'ak	15	
E402570	洪福邦	Hong Pokpang	17	
E201984	洪福昌	Hong Pokch'ang	18	
EB02938	洪福從	Hong Pokchong	19	
E807855	洪復	Hong Pok	17	
EB03022	洪復興	Hong Pokhŭng	18	
EB01613	洪剛	Hong Kang	18	
EB01704	洪桂	Hong Kye	20	
E900072	洪貴海	Hong Kwihae	19	
E301619	洪貴湖	Hong Kwiho	19	
EB04208	洪貴童	Hong Kwidong	17	1
E201655	洪貴演		20	
E900088	洪瀚	Hong Han	20	
E900073	洪浩	Hong Ho	20	
EB04118	洪賀孫	Hong Hason	18	
E306036	洪亨老	Hong Hyŏngno	17	
D402285	洪惠贊	Hong Hyech'an	16	
E401420	洪璣	Hong Ki	17	
bb2249f5-7bd6-43a4-8385-a621b0b8ad35	洪吉昌		21	
EB02947	洪吉從	Hong Kilchong	19	
E104701	洪季阜	Hong Kyebu	19	
E302483	洪季涓		19	
E000375	洪季庸		20	
E000413	洪繼常	Hong Kyesang	20	
E104326	洪繼童	Hong Kyedong	19	
6e16d7bd-677e-4ef6-a53d-b33d9e9b0894	洪繼庸		19	
E900409	洪繼元	Hong Kyewŏn	20	
E302471	洪繼宗	Hong Kyejong	19	
E202607	洪矜	Hong Kŭng	20	
E502985	洪景礪	Hong Kyŏngyŏ	22	
E502924	洪景霖	Hong Kyŏngnim	22	
E502976	洪景舟		22	
E000553	洪敬昌	Hong Kyŏngch'ang	21	
EB04123	洪敬孫	Hong Kyŏngson	18	
E000646	洪泂	Hong Hyŏng	21	
EB02939	洪九叙	Hong Kusŏ	20	
E905126	洪居安	Hong Kŏan	17	
E401318	洪矩	Hong Ku	17	
EB04173	洪俊	Hong Chun	19	
D402289	洪開道	Hong Kaedo	16	
EA01524	洪侃		21	1
EB04179	洪侃	Hong Kan	1	
E302498	洪克理		20	
E101173	洪克治	Hong Kŭkch'i	20	
E302497	洪克治		20	
E304889	洪寬		18	
E402306	洪寬	Hong Kwan	17	
E103641	洪利用	Hong Iyong	19	
E401423	洪良仲	Hong Chungnyang	18	
E000159	洪量	Hong Ryang	21	
EC01186	洪麟蹤		20	
D402314	洪倫	Hong Ryun	17	
E401426	洪耄	Hong Mo	19	
E104687	洪孟阜	Hong Maengbu	19	
E203878	洪敏孫	Hong Minson	18	
E402643	洪溟	Hong Myŏng	17	
EB03001	洪慓		21	
E401667	洪奇	Hong Ki	17	
E302513	洪器	Hong Ki	21	
EB01779	洪洽		20	1
E400568	洪潛	Hong Cham	17	
EB00961	洪慶從	Hong Kyŏngjong	19	
EB03023	洪仁達	Hong Indal	21	
E301272	洪仁老	Hong Illo	18	
E502920	洪任	Hong Im	21	
EB01614	洪柔	Hong Yu	18	
E301150	洪汝剛	Hong Yŏgang	18	
E401054	洪汝恭	Hong Yŏgong	18	
E202855	洪汝簡	Hong Yŏgan	18	
E400994	洪汝溫	Hong Yŏon	18	
EB02977	洪瑞從	Hong Sŏjong	19	
EB04151	洪閏弼	Hong Yunp'il	19	
EB04131	洪閏德	Hong Yundŏk	19	
EB04150	洪閏輔	Hong Yunbo	19	
EB04130	洪閏善	Hong Yunsŏn	19	
E900408	洪閏溫	Hong Yunon	19	
EB04119	洪閏禧	Hong Yunhŭi	19	
EB04154	洪閏祐	Hong Yunu	19	
E304428	洪若忱	Hong Yakch'im	21	
E305992	洪若從	Hong Yakchong	17	
E304411	洪若彛	Hong Yagi	21	
E304418	洪若輶	Hong Yagyu	21	
E302805	洪若治		18	
EB04253	洪若治	Hong Yakch'i	17	
E304401	洪若衷	Hong Yakch'ung	21	
E304893	洪三山	Hong Samsan	18	
E103742	洪善文	Hong Sŏnmun	20	
EB04114	洪尙濱	Hong Sangbin	16	
EB04250	洪尙儉	Hong Sanggŏm	16	
E302524	洪尙江	Hong Sanggang	19	
EB04259	洪尙利	Hong Sangni	16	
EB04116	洪尙溥		16	
D402280	洪尙載	Hong Sangjae	16	
E590003	洪尙直	Hong Sangjik	16	
EB03021	洪涉	Hong Sŏp	18	
E202597	洪深		18	1
D402175	洪師範	Hong Sabŏm	16	
D402303	洪師普	Hong Sabo	16	
E302494	洪師悌	Hong Saje	18	
E302476	洪師錫		18	
D402313	洪師禹	Hong Sau	16	
D200005	洪師瑗	Hong Sawŏn	16	
E304444	洪湜	Hong Sik	20	
E900083	洪湜		20	1
E202635	洪士淳	Hong Sasun	20	
E701019	洪士浩	Hong Saho	20	
EC01185	洪守謙	Hong Sugyŏm	19	
E402305	洪叔		17	
E401053	洪叔阜	Hong Sukpu	19	
E402325	洪叔康	Hong Sukkang	17	
E402315	洪恕	Hong Sŏ	17	
E302486	洪順孫		20	
EB03000	洪順孫	Hong Sunson	20	
E900415	洪順元		20	
E101188	洪碩弼	Hong Sŏkp'il	21	
E101187	洪碩輔	Hong Sŏkpo	21	
E400093	洪四元	Hong Sawŏn	17	
E103748	洪泰山	Hong T'aesan	20	
E806443	洪泰山	Hong T'aesan	1	
E203621	洪泰孫	Hong T'aeson	21	
EB04153	洪悌孫	Hong Cheson	18	
E304446	洪汀	Hong Chŏng	20	
E100626	洪萬齡	Hong Mallyŏng	21	
EA04326	洪渭	Hong Wi	20	
E402450	洪希正	Hong Hŭijŏng	16	
E402050	洪希忠	Hong Hŭich'ung	17	
E706044	洪錫	Hong Sŏk	20	
E302499	洪係江		20	
E500827	洪係貞	Hong Kyejŏng	20	
EB01615	洪咸	Hong Ham	18	
E903044	洪顯廷	Hong Hyŏnjŏng	20	
EB01767	洪湘	Hong Sang	20	
EB01681	洪孝赤	Hong Hyojŏk	18	
E205395	洪孝達	Hong Hyodal	21	
D200011	洪孝康	Hong Kyegang	17	
E104728	洪孝理	Hong Hyori	19	
EB01571	洪孝男	Hong Hyonam	19	
EB01572	洪孝生	Hong Hyosaeng	19	
E000302	洪孝孫		21	
E302484	洪孝孫	Hong Hyoson	21	
EB04145	洪孝孫	Hong Hyoson	18	
E103215	洪孝同	Hong Hyosŏng	20	
E104729	洪孝瑛	Hong Hyoyŏng	19	
E903983	洪忻		21	1
E000815	洪性剛	Hong Sŏnggang	20	
EB02978	洪性孫	Hong Sŏngson	20	
E202682	洪興	Hong Hŭng	19	
E401317	洪興善	Hong Hŭngsŏn	18	
E104315	洪興祖	Hong Hŭngjo	18	
EB04168	洪休	Hong Hyu	19	
E901226	洪恂	Hong Sun	19	
E102967	洪循性	Hong Sunsŏng	19	
EB02956	洪演孫		20	
D401077	洪彦博	Hong Ŏnbak	15	
EB01635	洪燕山	Hong Yŏnsan	18	
EB01650	洪燕水	Hong Yŏnsu	18	
EB01667	洪燕雨	Hong Yŏnu	18	
EB01764	洪洋	Hong Yang	20	
E900756	洪陽生	Hong Yangsaeng	18	
D301274	洪彛	Hong I	17	
E305674	洪益誠	Hong Iksŏng	18	
E103213	洪逸童	Hong Ildong	19	
E304452	洪義發	Hong Ŭibal	19	
E901261	洪義華	Hong Ŭihwa	19	
EB02994	洪義老	Hong Ŭiro	18	
E806464	洪義孫	Hong Ŭison	22	
E104571	洪億齡	Hong Ŏngnyŏng	21	
E103207	洪因	Hong In	18	
E402304	洪寅	Hong In	17	
EB04257	洪銀仝	Hong Ŭndong	18	
E300444	洪應	Hong Ŭng	19	
EA01306	洪永孝	Hong Yŏnghyo	20	
E104585	洪永智	Hong Yŏngji	20	
E104404	洪永忠	Hong Yŏngch'ung	20	
E305830	洪有	Hong Yu	18	
EC00223	洪有江	Hong Yugang	19	
E101186	洪有矩	Hong Yugu	20	
E301149	洪禹成	Hong Usŏng	19	
E104575	洪禹傅	Hong Ubu	19	
E302496	洪禹江		19	
E000347	洪禹明	Hong Umyŏng	20	
E104550	洪禹緖	Hong Usŏ	19	
E300004	洪元用	Hong Wŏnyong	18	
E202669	洪垣	Hong Hang	19	
E900735	洪允成	Hong Yunsŏng	20	
E302520	洪允澄	Hong Yunjing	20	
D200021	洪允康	Hong Yun'gang	17	
E302511	洪允清	Hong Yunch'ŏng	20	
E302519	洪允淑	Hong Yunsuk	20	
EB04190	洪允淑	Hong Yunsuk	18	
EC00449	洪載	Hong Chae	19	
E701032	洪瓚	Hong Chil	20	
E200062	洪澤	Hong T'aek	18	
EB04321	洪長倫		19	
E201942	洪眞敏	Hong Chinmin	18	
EC00243	洪之澤	Hong Chit'aek	18	
EB01594	洪直	Hong Chik	18	
E304449	洪沚	Hong Chi	20	
D206599	洪徵	Hong Ching	15	
EB02995	洪治	Hong Ch'i	19	
EB04166	洪陟	Hong Ch'ŏk	17	
EC01224	洪致敬	Hong Ch'igyŏng	21	
E900417	洪致元	Hong Ch'iwŏn	20	
EB04117	洪智	Hong Chi	17	
D200004	洪仲康	Hong Chunggang	17	
E200182	洪自恭	Hong Chagong	18	
EB04193	洪自河	Hong Chaha	19	
E200185	洪自儉	Hong Chahyŏng	18	
E200181	洪自良	Hong Charyang	18	
E200245	洪自讓	Hong Chayang	18	
E200084	洪自溫	Hong Chaon	18	
E104249	洪纘	Hong Ch'an	20	
E900412	洪纘元	Hong Ch'anwŏn	20	
E104551	洪㧞	Hong Wŏn	1	
EB04180	洪㱓	Hong Ryŏng	17	
E201210	黃保身	Hwang Posin	19	
E201133	黃蟾	Hwang Sŏm	21	
E000637	黃承祖		21	
E201820	黃承祖	Hwang Sŭngjo	20	
E201271	黃誠昌	Hwang Sŏngch'ang	21	
E201222	黃從兄	Hwang Chonghyŏng	20	
E401819	黃得純	Hwang Tŭksun	18	
E401820	黃得粹	Hwang Tŭksu	19	
b1b414bb-e936-4496-beb3-51431a866b9f	黃仮		19	
E305706	黃革	Hwang Hyŏk	17	
E201256	黃恭兄	Hwang Konghyŏng	20	
E201231	黃瓘	Hwang Kwan	21	
E902294	黃浩	Hwang Ho	21	
E201268	黃脊	Hwang Sin	20	
E103692	黃季粹	Hwang Kyesu	19	
E201428	黃季叔	Hwang Kyesuk	19	
E305871	黃季孫	Hwang Kyeson	17	
E305870	黃季同	Hwang Kyedong	17	
E502851	黃濟	Hwang Che	21	
E201234	黃瑾	Hwang Kŭn	21	
E200844	黃謹昌	Hwang Kŭnch'ang	21	
EA03436	黃溍	Hwang Chin	20	
E201244	黃璡	Hwang Chin	21	
E201242	黃敬兄	Hwang Kyŏnghyŏng	20	
E201259	黃琚		21	
E100859	黃峻	Hwang Chun	19	
E401887	黃侃	Hwang Kan	16	
EA03441	黃潤	Hwang Yun	20	
E201180	黃事恭	Hwang Sagong	20	
E201200	黃事敬	Hwang Sagyŏng	20	
E201117	黃事親	Hwang Sach'in	20	
E201138	黃事賢	Hwang Sahyŏn	20	
E201177	黃事孝	Hwang Sahyo	21	
E201162	黃事兄	Hwang Sahyŏng	20	
E201129	黃事長	Hwang Sajang	20	
E201166	黃事忠	Hwang Sach'ung	20	
E201183	黃事尊	Hwang Sajon	20	
E201264	黃守身	Hwang Susin	19	
E305936	黃叔貢	Hwang Sukkwi	18	
E204193	黃淑	Hwang Suk	20	
E401893	黃淑	Hwang Suk	17	
E201818	黃淑中	Hwang Sukchung	19	
E104422	黃碩卿	Hwang Sŏkkyŏng	20	
E305976	黃斯允	Hwang Sayun	18	
E201243	黃璲	Hwang Su	21	
E401895	黃天老	Hwang Ch'ŏllo	17	
E502838	黃汀	Hwang Chŏng	21	
E103693	黃沃錫	Hwang Oksŏk	20	
E401898	黃希老	Hwang Hŭiro	17	
E305756	黃熙卿	Hwang Hŭigyŏng	17	
E201094	黃喜	Hwang Hŭi	18	
EC04001	黃諴昌		21	
E305974	黃孝誠	Hwang Hyosŏng	17	
EC00567	黃孝禮	Hwang Hyorye	19	
EA03440	黃孝良	Hwang Hyoryang	21	
EA03439	黃孝善	Hwang Hyosŏn	21	
EC00591	黃孝智	Hwang Hyoji	19	
E401888	黃修	Hwang Su	17	
E201257	黃頊	Hwang Uk	21	
E301471	黃義軒	Hwang Ŭihŏn	19	
E103694	黃殷錫	Hwang Ŭnsŏk	20	
E201215	黃友兄	Hwang Uhyŏng	20	
E305867	黃有智	Hwang Yuji	16	
E902291	黃裕	Hwang Yu	20	
E401823	黃淵	Hwang Yŏn	18	
EC02481	黃允利	Hwang Yulli	19	
E401818	黃允奇	Hwang Yun'gi	17	
E203468	黃允元		18	
E201233	黃瓚	Hwang Ch'an	21	
E902295	黃沼		21	
EB04102	黃沚	Hwang Chi	21	1
E203736	黃芷		20	
E201099	黃致身	Hwang Ch'isin	19	
E902290	黃子厚	Hwang Chahu	19	
E305869	黃自中	Hwang Chajung	17	
EA04131	黃自中	Hwang Chajung	21	
E700883	吉仁種	Kil Injong	20	
E102839	吉修	Kil Su	19	
D807910	姜	Kang	1	
D807913	姜		16	
E200670	姜安福	Kang Anbok	19	
EB03091	姜安壽	Kang Ansu	18	
E103999	姜策	Kang Ch'aek	18	
D206483	姜昌貴	Kang Ch'anggwi	13	
E807977	姜籌	Kang Chu	16	
EA00620	姜處孝		19	
E202853	姜岱	Kang Tae	19	
E807978	姜帶生	Kang Taesaeng	17	
E900097	姜德裕	Kang Tŏgyu	20	
E203918	姜非龍	Kang Piryong	18	
E305922	姜圭	Kang Kyu	18	
E100156	姜龜孫	Kang Kwison	20	
EB00509	姜貴孫	Kang Kwison	21	
E808064	姜漢憐	Kang Hallyŏn	17	
EC00192	姜好德	Kang Hodŏk	17	
EC00193	姜好善	Kang Hosŏn	17	
D206777	姜和寶	Kang Hwabo	15	
E203106	姜和纘	Kang Ich'an	20	
E502286	姜鶴孫	Kang Hakson	21	
EB04104	姜淮伯	Kang Hoebaek	17	
D808044	姜淮季	Kang Hoegye	16	
E808038	姜淮叔	Kang Hoesuk	16	
E808025	姜淮順	Kang Hoesun	16	
E808019	姜淮仲	Kang Hoejung	17	
EB01931	姜徽	Kang Hwi	19	
E305759	姜繼童	Kang Kyedong	18	
E301161	姜繼祖	Kang Kyejo	20	
E802662	姜金錫		22	
EC00245	姜進德	Kang Chindŏk	18	
D206775	姜敬和	Kang Kyŏnghwa	15	
E807842	姜居富	Kang Kŏbu	17	
E901566	姜居禮	Kang Kŏrye	20	
E901551	姜居仁	Kang Kŏin	20	
E901578	姜居孝	Kang Kŏhyo	20	
E901556	姜居義	Kang Kŏŭi	20	
E901572	姜居貞	Kang Kŏjŏng	20	
E901591	姜居忠	Kang Kŏch'ung	20	
D206759	姜君寶	Kang Kunbo	14	
E203361	姜利誠	Kang Isŏng	21	
E502923	姜利恭	Kang Igong	22	
E200668	姜利敬	Kang Igyŏng	20	
E206049	姜利仁	Kang Iin	20	
EA03225	姜利順	Kang Isun	21	
E901189	姜利溫	Kang Ion	20	
E200277	姜利行	Kang Ihaeng	20	
EA03539	姜利興	Kang Ihŭng	20	
E104444	姜眉壽		19	1
E301147	姜美	Kang Mi	19	
E102533	姜孟卿	Kang Maenggyŏng	19	
EC00249	姜敏	Kang Min	20	
EA00621	姜命壽		20	
EB00517	姜末孫	Kang Malson	21	
f1780959-77a1-4d4e-94cf-8320bddec0f4	姜寧同		21	
E902848	姜仁範	Kang Inbŏm	21	
E807979	姜瑞生	Kang Sŏsaeng	17	
E201062	姜善文	Kang Sŏnmun	21	
D206761	姜筮	Kang Sŏ	15	
E104158	姜叔淮	Kang Sukhoe	19	
E902847	姜叔卿	Kang Sukkyŏng	20	
EB04195	姜淑深	Kang Suksim	19	
E903193	姜順德	Kang Sundŏk	18	
E808008	姜碩德	Kang Sŏktŏk	18	
E808047	姜孫奇	Kang Son'gi	16	
E808048	姜孫壽	Kang Sonsu	16	
E203475	姜鐵堅		19	
E301158	姜完	Kang Wan	18	
E206042	姜萬丁		21	
E900338	姜惟信	Kang Yusin	21	
EA02680	姜渭	Kang U	20	
EB01262	姜渭孫	Kang Wison	22	
E104821	姜文會	Kang Munhoe	20	
D206515	姜希京	Kang Hŭigyŏng	13	
E902053	姜希孟	Kang Hŭimaeng	19	
E901202	姜希顔	Kang Hŭian	19	
E101452	姜徯	Kang Hye	20	
E808041	姜孝孫	Kang Hyoson	17	
E301162	姜孝祖	Kang Hyojo	20	
5cac33fa-adc2-4725-af0f-6f91defa535d	姜萱		20	
E206040	姜億丁		21	
EB03106	姜胤	Kang Yun	19	
E100984	姜應謙	Kang Ŭnggyŏm	20	
E808161	姜用中	Kang Yongjung	17	
E807988	姜友德	Kang Udŏk	18	
E904888	姜允寶	Kang Yunbo	20	
E102534	姜允範	Kang Yunbŏm	20	
d6e1cca0-5682-4870-aadb-d83e9a9a7332	姜蓁		20	
EB00830	姜之海	Kang Chihae	20	
E903042	姜之澣	Kang Chihan	20	
EC00250	姜致	Kang Ch'i	19	
E301160	姜致中	Kang Ch'ijung	19	
DC00191	姜仲卿	Kang Chunggyŏng	16	
D206763	姜箸		15	
E807984	姜子保	Kang Chabo	19	
E807985	姜子儉	Kang Chagŏm	19	
E301214	姜子平	Kang Chap'yŏng	20	
E901550	姜子愼	Kang Chasin	19	
EB03105	姜子順	Kang Chasun	20	
E401638	姜子儀	Kang Chaŭi	19	
EB03104	姜子正	Kang Chajŏng	20	
EB02809	姜自亨	Kang Chahyŏng	20	
E000249	姜自渭	Kang Chawi	20	
E401515	姜自周	Kang Chaju	19	
E807982	姜宗德	Kang Chongdŏk	18	
E301212	姜𧨝		21	
E401540	金[心+衣]慎	Kim Hoesin	19	
E201966	金[羽+戈]		19	
E301320	金安節	Kim Anjŏl	19	
E302288	金安生	Kim Ansaeng	18	
E802348	金安孫	Kim Anson	20	
E808188	金百童	Kim Paektong	17	
D807907	金保安	Kim Poan	17	
E808184	金寶荊		17	
E808091	金寶麟	Kim Porin	16	
E300082	金寶輕	Kim Pogyŏng	20	
E104557	金備	Kim Pi	19	
EB03999	金比南	Kim Pinam	17	1
EA02439	金筆祥	Kim P'ilsang	2	
E700934	金波	Kim P'a	20	
E901272	金伯衡	Kim Paekhyŏng	21	
E201302	金伯禧	Kim Paekhŭi	19	
EA01963	金伯演	Kim Paegyŏn	20	
E808187	金補孫	Kim Poson	16	
E103567	金布	Kim P'o	19	
E104570	金曾	Kim Chŭng	20	
E902391	金鬯		19	
E401228	金琛	Kim Ch'im	19	
EB03161	金偁	Kim Ch'ing	20	
E401621	金成寶	Kim Sŏngbo	19	
E201931	金成理	Kim Sŏngni	18	
E001069	金成慶	Kim Sŏnggyŏng	19	
E304790	金承幹	Kim Sŭnggan	19	
E905042	金承圭	Kim Sŭnggyu	19	
EA00362	金承俊		19	
E401542	金承考	Kim Sŭnggo	1	
E103611	金承恪	Kim Sŭnggak	21	
E901233	金承烈	Kim Sŭngnyŏl	21	
E301210	金承慶	Kim Sŭnggyŏng	20	
E301226	金承順	Kim Sŭngsun	20	
E301184	金承孫	Kim Sŭngson	20	
E301199	金承重		20	
E302065	金承重	Kim Sŭngjung	19	
EC02299	金承重	Kim Sŭngjung	19	
E302066	金承宗	Kim Sŭngjong	19	
E200592	金承尊		20	
E800246	金城	Kim Sŏng	19	
E902055	金誠童		20	
E202534	金澄	Kim Ching	20	
EB02886	金恥	Kim Ch'i	20	
E203853	金崇		19	
E902164	金崇道	Kim Sungdo	19	
E302563	金崇漢	Kim Sunghan	20	
E205223	金崇老	Kim Sungno	18	
E300639	金崇禮	Kim Sungnye	19	
E401844	金崇孝	Kim Sunghyo	18	
E902174	金崇智	Kim Sungji	19	
E103619	金畜	Kim Ch'i	19	
E802755	金處晦	Kim Ch'ŏhoe	19	
E807994	金處經	Kim Ch'ŏgyŏng	20	
E807995	金處權	Kim Ch'ŏgwŏn	20	
E100912	金春卿	Kim Ch'un'gyŏng	21	
E304671	金淳	Kim Sun	18	
EB04393	金從通	Kim Chongt'ong	18	
E903024	金從直	Kim Chongjik	19	
E103131	金悰	Kim Chong	18	
E201850	金淙	Kim Chong	19	
E301190	金淙	Kim Chong	21	
E902313	金粹礪	Kim Suryŏ	21	
E902312	金粹正	Kim Sujŏng	21	
E807866	金存		17	
EB04386	金達儉	Kim Talgŏm	17	
E203860	金岱		19	
E402630	金璫	Kim Tang	17	
D206793	金得雨	Kim Tŭgu	15	
E401024	金德方	Kim Tŏkpang	18	
E103672	金德寧	Kim Tŏngnyŏng	20	
E305972	金德生	Kim Tŏksaeng	16	
EB04020	金德孫	Kim Tŏkson	18	1
E902612	金德源		19	
E000817	金磾	Kim Che	20	
E201853	金迪		18	
EC00496	金抵	Kim Chŏ	17	
E802130	金調權	Kim Chogwŏn	21	
E802125	金調陽	Kim Choyang	21	
E802100	金調元	Kim Chowŏn	21	
D206687	金丁用	Kim Chŏngyong	15	
D206801	金鼎	Kim Chŏng	15	
D206503	金鼎臣	Kim Chŏngsin	13	
E605644	金堆	Kim T'oe	20	
E103172	金恩榮	Kim Ŭnyŏng	21	
E502732	金放生	Kim Nanson	20	
E401822	金汾	Kim Pun	18	
EB00456	金崶	Kim Pong	19	
E807827	金鳳鱗	Kim Pongnin	16	
E807969	金福海	Kim Pokhae	17	
E103665	金福寧	Kim Pongnyŏng	20	
EA02127	金福其	Kim Pokki	21	
E000353	金福興	Kim Pokhŭng	21	
EB04004	金輔南	Kim Ponam	17	1
EB03987	金輔祥	Kim Posang	17	
E905018	金富弼	Kim Pup'il	19	
EA02215	金富春	Kim Puch'un	20	
E301926	金富寧	Kim Punyŏng	22	
E104377	金富孫		20	
E802367	金復恒		19	1
E204260	金復命	Kim Pongmyŏng	18	
E301202	金盖銓	Kim Maengjŏn	21	
E201225	金漑		19	
E901268	金剛	Kim Kang	21	
E400131	金革	Kim Hyŏk	16	
EB03157	金根	Kim Kŭn	18	
E301802	金灌		19	
E807886	金瓘	Kim Kwan	19	
E100712	金光弼	Kim Kwangp'il	19	
E203657	金光範	Kim Kwangbŏm	20	
E203656	金光礪		20	
50957099-e875-4dec-b9e5-3d225a1a0f32	金光瑞		21	
EA01520	金光世	Kim Kwanghu	21	
D402629	金光敍	Kim Kwangsŏ	16	
E203851	金光晬		18	
E204907	金珪	Kim Kyu	20	
E401451	金龜	Kim Kwiryŏn	17	
E104813	金龜岭	Kim Kwiryŏng	19	
E200970	金龜石	Kim Kwisŏk	20	
E104809	金龜壽	Kim Kwisu	19	
D206454	金軌	Kim Yŏnsŏng	12	
E203350	金貴達	Kim Kwidal	20	
E807888	金貴恒	Kim Kwihang	17	
E305878	金貴良		16	
E305860	金貴仁	Kim Kwiin	16	
E305879	金貴榮	Kim Kwiyŏng	16	
E305864	金貴思	Kim Kwisa	16	
EB04390	金貴通	Kim Kwit'ong	18	
E401500	金貴諴	Kim Kwiham	17	
E103227	金貴知	Kim Kwiji	19	
E201218	金國光	Kim Kukkwang	20	
E900928	金國老	Kim Kungno	19	
E301216	金國樑		21	
E301217	金國楨	Kim Kukchŏng	21	
E401200	金漢老		17	
E201550	金漢啓	Kim Han'gye	18	
E807881	金漢卿	Kim Han'gyŏng	18	
E802533	金漢生	Kim Hansaeng	20	
E304305	金漢碩	Kim Hansŏk	18	
E808129	金漢碩	Kim Hansŏk	19	
EA02128	金漢孫	Kim Hanson	22	
E900511	金漢仝	Kim Handong	18	
E304338	金漢遇	Kim Hanu	18	
EA01096	金漢哲	Kim Hanch'ŏl	18	
E304348	金漢重	Kim Hanjung	18	
D402353	金翰	Kim Han	16	
6ee72c7a-0a88-4f4e-9821-e7dcb6d09320	金沆		22	
E904253	金好衡	Kim Hohyŏng	20	
E204379	金好雨	Kim Hou	19	
E204239	金浩	Kim Ho	19	
E305091	金何	Kim Ha	19	
E901419	金和		19	
D402374	金河	Kim Ha	16	
E100321	金澕	Kim Hwa	20	
EA00643	金亨石	Kim Hyŏngsŏk	19	
EC01514	金亨孫		18	
EC00716	金珩	Kim Hyŏng	19	
EC01489	金珩	Kim Hyŏng	20	
E000202	金洪壽	Kim Hongsu	20	
E305093	金後生	Kim Husaeng	19	
E301185	金湖	Kim Ho	21	
E807828	金瑚	Kim Ho	17	
E104508	金華	Kim Hwa	20	
E104401	金蕐	Kim Hwa	20	
E200049	金懷寶	Kim Hoebo	19	
E302447	金懷愼	Kim Hoesin	18	
EB03068	金懷慎	Kim Hoesin	20	
E302448	金懷允	Kim Hoeyun	18	
E901857	金揮	Kim Hwi	21	
E401920	金暉	Kim Un	19	
E900107	金徽孫	Kim Hwison	19	
E103617	金會	Kim Ye	19	
E401499	金憓	Kim Hye	19	
D206526	金譿	Kim Hye	13	
E204402	金渾	Kim Hon	19	
E902346	金渾	Kim Hon	20	
EB03145	金活	Kim Hwal	19	
EA04726	金箕	Kim Ki	21	
EB04050	金積德	Kim Chŏktŏk	18	1
EB04045	金積福	Kim Chŏkpok	18	
EB04048	金積海	Kim Chŏkhae	18	1
EB04047	金積祿	Kim Chŏngnok	18	1
E305891	金積慶	Kim Chŏkkyŏng	17	
EB04049	金積善	Kim Chŏksŏn	18	1
EB04046	金積學	Kim Chŏkhak	18	1
E206028	金伋	Kim Kŭp	20	
E301974	金吉通	Kim Kilt'ong	18	
E807680	金季	Kim Kye	18	
E901082	金季龜	Kim Kyegwi	18	
E206197	金季衡	Kim Kyehyŏng	19	
E807712	金季林	Kim Kyerim	17	
E802135	金季訥	Kim Kyenul	21	
E105013	金季溫	Kim Kyeon	20	
EB04052	金季祥	Kim Kyesang	17	1
EC01193	金季演	Kim Kyeyŏn	20	
E103170	金稷孫	Kim Chikson	20	
E901232	金繼門	Kim Kyemun	20	
E502713	金繼男	Kim Kyenam	19	
E900439	金繼仁	Kim Kyein	18	
E206705	金繼孫	Kim Kyeson	17	
E901234	金繼孫	Kim Kyeson	20	
E905020	金繼孫	Kim Kyeson	20	
EC01541	金繼田	Kim Kyejŏn	20	
EB04391	金繼通	Kim Kyet'ong	18	
EC02313	金繼文	Kim Kyemun	20	
E104786	金繼尹	Kim Kyeyun	20	
EB03330	金繼智	Kim Kyeji	18	
E502716	金繼宗	Kim Kyejong	19	
E201867	金繼祖	Kim Kyejo	20	
E501390	金繼祖	Kim Kyejo	19	
E901259	金繼祖	Kim Kyejo	20	
E802532	金甲訥	Kim Kamnul	21	
E000356	金堅壽	Kim Kyŏnsu	20	
E205271	金瑊	Kim Kam	20	
EC00200	金洊	Kim Ch'ŏn	16	
E402475	金漸		17	
E301193	金澗		21	
EA01031	金澗		20	
E701414	金江之	Kim Kangji	20	
EB03997	金皎	Kim Kyo	18	
E400396	金節	Kim Chŏl	18	
EB04017	金介石	Kim Kaesŏk	18	
E807730	金謹	Kim Kŭn	19	
E203246	金謹獨	Kim Kŭndok	21	
E206866	金謹獨	Kim Kŭndok	21	
E000151	金謹孫	Kim Kŭnson	21	
E305852	金進賢	Kim Chinhyŏn	17	
EA00463	金進孝		20	
EB01737	金瑨	Kim Chin	18	
E807727	金京生	Kim Kyŏngsaeng	18	
EB04375	金晶	Kim Chŏng	17	
E808003	金景伯	Kim Kyŏngbaek	20	
E905131	金景達	Kim Kyŏngdal	19	
E902280	金景光		21	
D206504	金景流	Kim Kyŏngnyu	13	
E000352	金景壽	Kim Kyŏngsu	20	
E103130	金憬	Kim Kyŏng	18	
E203344	金俓	Kim Kyŏng	19	
E201837	金敬安	Kim Kyŏngan	18	
EB01925	金敬舜	Kim Kyŏngmu	19	
E204401	金敬孫	Kim Kyŏngson	18	
E402453	金敬義	Kim Kyŏngŭi	16	
EA00360	金敬哉		18	
EB03988	金敬智		18	
EB03998	金敬忠	Kim Kyŏngch'ung	18	1
E201870	金敬祖	Kim Kyŏngjo	20	
E203247	金烱	Kim Hyŏng	21	
D900552	金就用	Kim Ch'wiyong	15	
E902653	金㠇		19	
DC00199	金居斗	Kim Kŏdu	15	
E807871	金居澗	Kim Kŏyun	18	
EC00536	金琚	Kim Kŏ	20	
E905109	金俱	Kim Ku	18	
E905111	金淃	Kim Hang	19	
E305865	金君	Kim Kun	17	
D206829	金君正	Kim Kunjŏng	14	
E401900	金鈞	Kim Kyun	17	
E104881	金俊德	Kim Chundŏk	18	
E201862	金晙	Kim Chun	19	
E900451	金康德	Kim Kangdŏk	19	
E305095	金可觀	Kim Kagwan	20	
EB04062	金可則	Kim Kach'ik	19	
E807780	金克	Kim Kŭk	17	
E905034	金克諶	Kim Kŭksim	19	
E905031	金克誠	Kim Kŭksŏng	19	
E901420	金克墩	Kim Kŭkton	20	
E101216	金克恭	Kim Kŭkkong	22	
E901221	金克敬	Kim Kŭkkyŏng	18	
E901426	金克均	Kim Kŭkkyun	20	
E902680	金克愧	Kim Kŭkkoe	21	
E504061	金克鍊	Kim Kŭngnyŏn	19	
E902675	金克怩	Kim Kŭngni	21	
E300515	金克忸	Kim Kŭngnyu	21	
EA02180	金克諴	Kim Kŭkham	21	
E104759	金克孝	Kim Kŭkhyo	19	
E901927	金克孝	Kim Kŭkhyo	20	
E902679	金克羞	Kim Kŭksu	21	
E807992	金克用	Kim Kŭgyong	19	
E301098	金克忠	Kim Kŭkch'ung	20	
E201114	金塊	Kim Koe	21	
E605643	金塊	Kim Koe	20	
E104562	金寬	Kim Kwan	21	1
E901783	金寬安	Kim Kwanan	18	
E103671	金鑛	Kim Kwang	21	
D400480	金稛	Kim Kyun	17	
E203823	金老至		20	
E905027	金理	Kim Ri	18	
E305953	金理恭	Kim Igong	16	
E903912	金禮	Kim Yedong	20	
E802923	金禮剛	Kim Yegang	21	
E501121	金禮生	Kim Yŏsaeng	21	
EB03325	金禮貞	Kim Yejŏng	20	
D402592	金立堅	Kim Ipkyŏn	15	
D402335	金利	Kim Ri	16	
D206521	金利堅	Kim Igyŏn	11	
EC04679	金利用		19	
E807732	金利貞	Kim Ijŏng	19	
E902127	金礪	Kim Ryŏ	20	
E808167	金礪質	Kim Yŏjil	17	
E204250	金連壽	Kim Yŏnsu	21	
E901160	金連壽	Kim Yŏnsu	20	
E000272	金連枝	Kim Yŏnji	19	
E000149	金連宗	Kim Yŏnjong	19	
EB03986	金廉	Kim Ryŏm	16	
E100053	金璉	Kim Ryŏn	19	
E807788	金練志	Kim Yŏnji	18	
E001128	金良臣	Kim Yangsin	20	
EB01691	金良璥	Kim Yanggyŏng	19	
EB01697	金良琠	Kim Yangjŏn	19	
E203951	金良琬	Kim Yangwan	19	
D206502	金良信	Kim Yangsin	13	
D206827	金良正	Kim Yangjŏng	14	
E104757	金嶙	Kim Rin	19	
E103882	金璘	Kim Rin	19	
E000162	金麟壽		20	
EA02032	金玲	Kim Ryŏng	21	
E204381	金靈雨	Kim Yŏngu	21	
E305102	金陸	Kim Ryuk	18	
E302801	金輅	Kim Ro	16	
E807885	金璐	Kim Ro	19	
E807684	金屢		17	
E807677	金履	Kim Ri	17	
D402367	金慮	Kim Hŏn	16	
E301307	金崙	Kim Ryun	19	
E302336	金輪	Kim Ryun	21	
E900867	金絡	Kim Rak	19	
E400389	金邁卿	Kim Maegyŏng	18	
E000150	金眉壽	Kim Misu	20	
E900680	金湄	Kim Mi	18	
E903029	金楣	Kim Mi	20	
E103221	金孟誠	Kim Maengsŏng	20	
E400481	金孟誠	Kim Maengsŏng	18	
E902108	金孟誠	Kim Maengsŏng	18	
E302226	金孟恥	Kim Maengch'i	19	
E201224	金孟錘	Kim Maengch'u	21	
E305977	金孟達	Kim Maengdal	17	
E304637	金孟得		19	
EA00331	金孟德		19	
E901210	金孟鋼	Kim Maenggang	20	
E807836	金孟龜	Kim Maenggwi	18	
E901079	金孟龜	Kim Maenggwi	18	
E302480	金孟堅		20	
E302214	金孟節	Kim Maengjŏl	20	
E102452	金孟鈞	Kim Maenggyun	20	
E300948	金孟廉		19	
E903571	金孟廉	Kim Maengnyŏm	18	
E103175	金孟琦	Kim Maenggi	21	
E302243	金孟溫	Kim Maengon	20	
E103992	金孟諴	Kim Maengham	20	
EB04043	金孟祥	Kim Maengsang	17	1
E302234	金孟性	Kim Maengsŏng	19	
E903379	金孟勳	Kim Maenghun	20	
E300643	金孟暘	Kim Maengyang	19	
E203303	金孟宜	Kim Maengŭi	20	
E302216	金孟義	Kim Maengŭi	19	
E305981	金孟殷	Kim Maengŭn	17	
E104397	金孟猷	Kim Maengyu	19	
E804999	金孟珍	Kim Maengjin	19	
E905052	金沔	Kim Myŏn	19	
E205127	金勉		20	1
E104808	金明陽	Kim Myŏngyang	18	
E103674	金命寧	Kim Myŏngnyŏng	20	
E305698	金命中	Kim Myŏngjung	17	
39159ac6-34db-46f1-924b-8ff6d145c6d9	金模		19	
E200050	金模	Kim Mo	18	
EC00608	金模	Kim Mo	19	
E902314	金南景	Kim Namgyŏng	21	
E102661	金南孫	Kim Namson	18	
c6a26968-391b-4ad6-8804-10cd2483b01a	金怩		21	
EA02818	金泞	Kim Chŏ	19	
E000181	金彭壽	Kim P'aengsu	20	
EC04126	金彭孫	Kim P'aengson	20	
E902163	金彭祖	Kim P'aengjo	19	
E808151	金枰	Kim P'yŏng	17	
EB04389	金普山	Kim Posan	17	
E901167	金期壽	Kim Kisu	21	
E900737	金耆	Kim Ki	19	
E401009	金淇	Kim Ki	17	
D206797	金碁	Kim Ki	13	
EC02422	金啟卿		20	
E202437	金謙	Kim Kyŏm	1	
E203244	金强	Kim Kang	20	
EB03319	金强	Kim Chang	20	
E901262	金慶蕃	Kim Kyŏngbŏn	19	
E900888	金慶春	Kim Kyŏngch'un	18	
E802630	金慶門	Kim Kyŏngmun	21	
E802281	金慶孫	Kim Kyŏngson	20	
E204380	金慶雨	Kim Hŭiu	1	
E400630	金慶長	Kim Kyŏngjang	19	
E901223	金慶鍾	Kim Kyŏngjong	19	
E104891	金銓	Kim Chŏn	20	
E201953	金銓	Kim Chŏn	19	
E400809	金確	Kim Hwak	19	
EB03956	金仁安	Kim Inan	18	
E802887	金仁剛	Kim In'gang	21	
EC01543	金仁門	Kim Inmun	20	
E903370	金仁民	Kim Inmin	20	
10999e38-a8b4-4af4-b34c-df68edb51721	金仁同		21	
E903942	金仁錫	Kim Insŏk	21	
E104739	金仍		18	1
E902309	金日知	Kim Ilchi	20	
D807865	金榮	Kim Yŏng	16	
E306054	金榮	Kim Yŏng	17	
E201857	金汝知	Kim Yŏji	18	
E103136	金瑞衡	Kim Sŏhyŏng	20	
E305985	金瑞琥	Kim Sŏho	18	
E808090	金瑞麟	Kim Sŏrin	16	
E305987	金瑞玲	Kim Sŏryŏng	18	
E305986	金瑞瓊	Kim Sŏgyŏng	18	
E104577	金瑞珍	Kim Sŏjin	20	
EC01539	金閏姜	Kim Min'gang	19	
E807751	金閏通	Kim Yunt'ong	18	
E807695	金閏宗	Kim Yunjong	17	
E802553	金若均	Kim Yakkyun	20	
EA00644	金若枰	Kim Yakp'yŏng	20	
E903006	金若欽	Kim Yakhŭm	20	
E201839	金三達	Kim Samdal	19	
E900623	金三近	Kim Samgŭn	17	
E902978	金三老	Kim Samno	20	
E802992	金三山	Kim Samsan	21	
E901073	金三益	Kim Samik	17	
E901078	金三友	Kim Samu	17	
E807728	金山訥	Kim Sannul	19	
E603676	金珊隅		20	
E808150	金善道	Kim Sŏndo	16	
E706051	金善根	Kim Sŏn'gŭn	20	
E305978	金善繼	Kim Sŏn'gye	18	
E203728	金善擧		20	
EA00330	金善哉		18	
EB04312	金善哉	Kim Sŏnjae	17	
EA02867	金繕	Kim Sŏn	19	
E304609	金商	Kim Sang	19	
E103171	金商孫	Kim Sangson	20	
D206643	金尙漢	Kim Sanghan	15	
E103226	金尙直	Kim Sangjik	18	
E104817	金尙智	Kim Sangji	18	
E103627	金申復	Kim Sinbok	18	
d184fe68-38e9-49dd-8bb9-28946c2130d5	金紳		20	
E000152	金愼孫	Kim Sunson	21	
E301099	金愼知	Kim Sinji	19	
E203575	金愼終		19	
E402632	金生禹	Kim Saengu	17	
E201891	金昇	Kim Sŭng	19	
E104040	金石隅	Kim Maengu	20	
D206501	金時寶	Kim Sibo	13	
EB04015	金始孫	Kim Sison	18	
E102477	金士恭	Kim Sagong	21	
E104810	金士南	Kim Sanam	20	
E102487	金士讓	Kim Sayang	20	
E103236	金世昌	Kim Sech'ang	21	
E104561	金世臣	Kim Sesin	20	
E103235	金世輔	Kim Sebo	21	
E101110	金世豪	Kim Seho	21	
E302008	金世英	Kim Seyŏng	20	
E202435	金適	Kim Chŏkson	20	
E900564	金諟敬		19	
EB00521	金守均	Kim Sugyun	20	
E103862	金守鈞	Kim Sugyun	20	
E301232	金守末	Kim Sumal	20	
E901899	金守千	Kim Such'ŏn	20	
E401013	金守智	Kim Suji	18	
E301204	金壽福		21	
E900144	金壽亨	Kim Suhyŏng	20	
E103667	金壽寧	Kim Sunyŏng	20	
E903576	金壽仁	Kim Suin	20	
E301230	金壽億	Kim Suŏk	21	
E903573	金壽元	Kim Suwŏn	20	
E802794	金壽長	Kim Sujang	21	
E903577	金壽眞	Kim Sujin	20	
E301804	金叔甫	Kim Sukpo	18	
E901085	金叔龜	Kim Sukkwi	18	
E306044	金叔亨	Kim Sukhyŏng	16	
E807921	金叔荊	Kim Sukhyŏng	18	
E306734	金叔良	Kim Sungnyang	16	
E903350	金叔鄕	Kim Sŭnggyŏng	17	
EA01976	金叔演	Kim Sugyŏn	20	
E204400	金淑安	Kim Sugan	19	
EB04248	金輸		18	1
E305814	金水中	Kim Sujung	17	
E301309	金舜臣		18	
E104529	金舜文	Kim Sunmun	20	
E802952	金順成	Kim Sunsŏng	21	
E305980	金順繼	Kim Sun'gye	18	
E301978	金順敬	Kim Sun'gyŏng	19	
E301984	金順理	Kim Sulli	19	
E302006	金順命	Kim Sunmyŏng	19	
E802979	金順山	Kim Sunsan	21	
E100784	金順生	Kim Sunsaeng	19	
E302478	金順孫		19	
EC02081	金順孫	Kim Sunson	20	
E300800	金順元	Kim Sunwŏn	18	
E302019	金順中	Kim Sunjung	19	
E201869	金順祖	Kim Sunjo	20	
E305861	金說	Kim Sŏl	17	
E000164	金碩孫	Kim Sŏkson	21	
E302657	金思禹	Kim Sau	19	
EC00300	金思忠	Kim Sach'ung	18	
E301179	金四知	Kim Saji	18	
EB04005	金似南	Kim Sanam	17	1
20e4f633-868b-4c81-abc0-3509ea7dc103	金泗		19	
E000203	金松壽	Kim Songsu	20	
E904079	金嵩	Kim Sung	19	
EB04012	金蘇	Kim So	16	
E400162	金潚	Kim Suk	18	
E902033	金潚	Kim Suk	19	
E706050	金孫	Kim Son	19	
EB03168	金蓀	Kim Chin	21	
D206800	金台瑠	Kim T'aeryu	14	
E102829	金泰卿	Kim T'aegyŏng	19	
E304214	金泰石	Kim T'aesŏk	19	
E301979	金唐	Kim Tang	20	
EA02352	金塘	Kim Tang	19	
D206730	金天秩	Kim Ch'ŏnjil	15	
EA01519	金填		21	
E303207	金琠		18	
E201071	金鐵山		21	
E104766	金鐵隅	Kim Chungu	20	
E205270	金琓	Kim Wan	20	
E304311	金萬恭	Kim Man'gong	19	
E304222	金萬謹	Kim Man'gŭn	19	
E402418	金萬具	Kim Man'gu	17	
E304242	金萬欽	Kim Manhŭm	19	
E900985	金萬愼	Kim Mansin	19	
E203854	金萬壽		20	
EC01112	金萬束	Kim Mansok	19	
E000357	金萬同	Kim Maenggwang	21	
EC02304	金萬鎰	Kim Manil	20	
EB04392	金王通	Kim Wangt'ong	18	
D206735	金惟情	Kim Yujŏng	14	
28e12918-7104-431b-8e29-89292267a679	金偉		18	
E000407	金煒	Kim Wi	20	
E000665	金文卿	Kim Mun'gyŏng	20	
E300640	金文尙	Kim Munsang	17	
E304440	金碔	Kim Mu	20	
E100476	金塢	Kim O	20	
EA00457	金塢		20	
D400261	金希祖	Kim Hŭijo	15	
E808172	金稀	Kim Hŭi	17	
E200463	金僖	Kim Hŭi	20	
E201914	金錫輔	Kim Sŏkpo	20	
E201893	金錫賢	Kim Sŏkhyŏn	20	
E201903	金錫哲	Kim Sŏkch'ŏl	20	
E900621	金係權	Kim Kyegwŏn	18	
E901049	金係行	Kim Kyehaeng	18	
E102444	金碬	Kim Ka	22	
E903383	金夏卿	Kim Hagyŏng	21	
E302253	金先	Kim Sŏn	20	
E200433	金賢賚	Kim Hyŏlloe	19	
E502717	金賢孫	Kim Hyŏnson	20	
E103628	金相	Kim Sang	19	
E901009	金小全	Kim Yŏngjŏn	19	
E807884	金孝安	Kim Hyoan	18	
E401480	金孝芬	Kim Hyobun	18	
EB01690	金孝敏	Kim Hyomin	18	
E305748	金孝明	Kim Hyomyŏng	17	
E902504	金孝卿	Kim Hyogyŏng	21	
E205640	金孝仁	Kim Hyoin	18	
E904832	金孝孫	Kim Hyoson	20	
e6ab8ec9-e2c8-4f71-94ae-dae6ae624f1f	金孝孫		18	1
E000245	金孝文	Kim Hyomun	21	
E904218	金孝信		19	
E300799	金孝元	Kim Hyowŏn	18	
EA03433	金孝元	Kim Hyowŏn	19	
E807722	金孝貞	Kim Hyojŏng	17	
E201865	金孝祖	Kim Hyojo	20	
EC01504	金孝祖	Kim Hyojo	19	
E900185	金效震	Kim Hyojin	19	
E808174	金校	Kim Kyo	17	
E202489	金忻	Kim Hŭn	21	
EA04345	金忻金		21	
E304534	金信	Kim Sin	20	
E701552	金信	Kim Im	21	
E305697	金性中	Kim Sŏngjung	17	
E103616	金興復	Kim Hŭngbok	18	
E905050	金休	Kim Hyu	19	
EB04042	金庥	Kim Hyu	16	
E103448	金脩	Kim Su	18	
EC02094	金琇	Kim Su	20	
E300123	金珝	Kim Hu	21	
E201881	金昫	Kim Ku	19	
EB03167	金萱	Kim Hwŏn	21	
E702002	金瑄		20	
E205416	金玄錫	Kim Sŏkhyŏn	20	
EC00506	金學禮	Kim Hangnye	19	
E901008	金學祖	Kim Hakcho	19	
E204159	金薰	Kim Hun	21	
EA04344	金循金	Kim Migŭm	21	
E402372	金遜	Kim Son	17	
E201069	金延生	Kim Yŏnsaeng	20	
EB03071	金言愼	Kim Ŏnsin	20	
E100326	金嚴		21	
E104760	金巖	Kim Am	19	
E802757	金巖	Kim Am	20	
E900589	金巖		18	
E202963	金渰	Kim Ŏm	21	
E305905	金彦卿	Kim Ŏn'gyŏng	18	
E900508	金養蒙	Kim Yangmong	19	
E100121	金恞	Kim I	19	
D206737	金乙材	Kim Ŭlchae	15	
E402432	金乙富	Kim Ŭlbu	18	
E000148	金乙辛	Kim Ŭlsin	18	
D206738	金乙忠	Kim Ŭlch'ung	15	
E306020	金以石	Kim Isŏk	17	
E502452	金以義	Kim Iŭi	21	
E300810	金益昌	Kim Ikch'ang	19	
EB03065	金益昌	Kim Ikch'ang	20	
EB03066	金益達	Kim Iktal	20	
E103653	金益精	Kim Ikchŏng	18	
E203211	金益鏻	Kim Maengnin	20	
E000348	金益壽	Kim Iksu	20	
E304788	金益祥	Kim Iksang	18	
D206792	金義	Kim Ŭi	14	
EB00795	金義輔	Kim Ŭibo	19	
E802914	金義剛	Kim Ŭigang	21	
E904147	金義剛		19	
EC01488	金義恭	Kim Ŭigong	19	
E807687	金義寬	Kim Ŭigwan	18	
EB01706	金義良	Kim Ŭiryang	19	
E204399	金義孫	Kim Ŭison	18	
E902093	金義孫		21	
E304442	金義童	Kim Ŭidong	20	
E903950	金義錫	Kim Ŭisŏk	21	
E104784	金億年	Kim Ŏngnyŏn	20	
E203855	金億壽		20	
E104507	金億之		19	1
E305898	金因渭	Kim Inwi	18	
E205674	金因祉	Kim Inji	18	
E902091	金堙	Kim In	20	
E501132	金胤先	Kim Yunsŏn	22	
E501123	金胤宗	Kim Yunjong	22	
E402235	金英烈	Kim Yŏngnyŏl	17	
E103891	金瑛	Kim Yŏng	20	
E302228	金應棋	Kim Ŭnggi	20	
EB01696	金雍	Kim Ong	20	
E402241	金永[彐+軍]	Kim Yŏnghwi	17	
EB03976	金永保	Kim Yŏngbo	19	
E901020	金永錘	Kim Yŏngch'u	19	
EA02299	金永純	Kim Yŏngsun	20	
E402373	金永達	Kim Sŭngdal	17	
EB04244	金永轓	Kim Yŏngbŏn	17	
E302581	金永敷	Kim Yŏngbu	20	
E902116	金永堅	Kim Yŏnggyŏn	20	
EA02236	金永堅	Kim Yŏnggyŏn	20	
EB03166	金永湔	Kim Yŏngjŏn	19	
E901015	金永鈞	Kim Yŏnggyun	19	
E301182	金永倫	Kim Yŏngnyun	19	
EB04241	金永輪	Kim Yŏngnyun	17	
E201551	金永命	Kim Yŏngmyŏng	17	
E901264	金永命	Kim Yŏngmyŏng	20	
E901266	金永年	Kim Yŏngnyŏn	20	
EB03983	金永全	Kim Yŏngjŏn	19	
E401577	金永濡	Kim Yŏngyu	20	
EA02239	金永瑞	Kim Yŏngsŏ	20	
E901265	金永壽	Kim Yŏngsu	20	
EC00204	金永壽	Kim Yŏngsu	17	
59e45e98-94fd-4164-9f98-94bd557984a0	金永孫		21	
E200464	金永源	Kim Yŏngwŏn	19	
E302799	金永轍	Kim Yŏngch'ŏl	18	
EA02260	金永貞	Kim Yŏngjŏng	20	
E900619	金永銖	Kim Yŏngsu	19	
E301027	金用寶	Kim Yongbo	19	
E203293	金用砥	Kim Yongji	21	
E901080	金用厲	Kim Yongnyŏ	19	
E203290	金用礪	Kim Yongnyŏ	21	
EA00693	金用石	Kim Yongsŏk	20	
D206505	金用珠	Kim Yongju	13	
E300041	金由岳	Kim Yuak	21	
E807676	金由軫	Kim Yujin	16	
E104531	金友臣	Kim Usin	20	
E201879	金有敦	Kim Yudon	19	
EB04013	金有亨	Kim Yuhyŏng	17	
E502572	金有鏗	Kim Yugaeng	21	
EA03463	金有慶	Kim Yugyŏng	20	
E103796	金有全	Kim Yujŏn	20	
E204537	金有完	Kim Yuwan	20	
E905119	金有溫	Kim Yuon	17	
E902838	金有義	Kim Yuŭi	20	
E502568	金有錚	Kim Yujaeng	21	
E900481	金有智	Kim Yuji	19	
E905150	金有宗	Kim Yujong	18	
E201981	金余慶	Kim Yŏgyŏng	18	
E201979	金余善	Kim Yŏsŏn	18	
E503983	金堣	Kim U	21	
E104535	金愉	Kim Yu	20	
E301986	金虞	Kim U	20	
E303445	金輿	Kim Yŏ	18	
E204734	金羽	Kim U	19	
E900877	金雨寶	Kim Ubo	17	
EB04066	金瑀	Kim U	19	
a7b12ced-f876-4447-a277-e5a0cb91d61d	金喻義		18	
E204365	金裕孫	Kim Yuson	18	
E401481	金淵	Kim Chinson	19	
E103449	金元臣	Kim Wŏnsin	19	
E201883	金元老	Kim Sujo	21	
E104224	金元石	Kim Wŏnsŏk	19	
E902118	金元信	Kim Wŏnsin	20	
E203288	金元直	Kim Wŏnjik	20	
EB04247	金轅	Kim Wŏn	18	
EC00508	金瑗	Kim Wŏn	20	
E103128	金悅	Kim Yŏl	18	
E302063	金悅	Kim I	18	
E104818	金允	Kim Yun	19	
E202992	金允德	Kim Yundŏk	18	
E803783	金允剛	Kim Yun'gang	21	
E807844	金允恭	Kim Yun'gong	17	
E803786	金允精		21	
D206499	金允侃	Kim Yun'gan	12	
E901036	金允离	Kim Yulli	19	
b4743b37-5b0e-4e35-8d89-9a928a408b12	金允孫		21	
D206586	金允轍	Kim Yunch'ŏl	15	
E202760	金運秋	Kim Unch'u	19	
E205227	金運西	Kim Unsŏ	20	
E305931	金瓚	Kim Ch'an	18	
E203654	金張	Kim Chang	18	
E300124	金長訥	Kim Changnul	19	
E301165	金長孫	Kim Changson	20	
E902845	金哲誠	Kim Ch'ŏlsŏng	19	
E900147	金哲鈞		19	
E305730	金哲命	Kim Ch'ŏlmyŏng	18	
E000163	金哲孫		21	
E807817	金哲右	Kim Ch'ŏru	17	
E400145	金赭	Kim Cha	18	
E706052	金貞根	Kim Chŏnggŭn	20	
E103119	金貞孫	Kim Chŏngson	18	
D206842	金貞秀		14	
E401605	金貞用	Kim Chŏngyong	19	
EB03064	金賑	Kim Chin	19	
E100917	金震	Kim Chin	21	
E903404	金正卿	Kim Chŏnggyŏng	21	
D402352	金之甲	Kim Chigap	15	
E301729	金之慶	Kim Chigyŏng	19	
D206809	金之有	Kim Chiyu	15	
E302143	金致常	Kim Ch'isang	19	
E201988	金致粹	Kim Ch'isu	18	
E903130	金致世	Kim Ch'ise	20	
E304664	金致文	Kim Ch'imun	18	
E900048	金致運	Kim Ch'iun	21	
E102513	金智童	Kim Chidong	20	
E205092	金忠孫	Kim Ch'ungson	19	
E300801	金忠元	Kim Ch'ungwŏn	18	
E802758	金忠長	Kim Ch'ungjang	21	
E104814	金種	Kim Chong	20	
D206685	金仲寶	Kim Chungbo	14	
E901081	金仲龜	Kim Chunggwi	18	
EA03933	金仲衡	Kim Chunghyŏng	20	
E302481	金仲堅		20	
E202309	金仲矩	Kim Chunggu	20	
E101513	金仲廉	Kim Chungnyŏm	19	
E302286	金仲訥	Kim Chungnul	20	
E202893	金仲孫	Kim Chungson	19	
EB04301	金仲孫	Kim Chungson	18	
E302244	金仲溫	Kim Chungon	20	
EB04044	金仲祥	Kim Chungsang	17	
E205728	金仲雅	Kim Chunggwŏn	18	
EA01970	金仲演	Kim Chungyŏn	20	
EB04236	金重本	Kim Chungbon	17	
EA00192	金重良	Kim Chungnyang	18	
D206838	金重平	Kim Chungp'yŏng	14	
E101816	金軸	Kim Ch'uk	19	
D402334	金珠慶	Kim Chugyŏng	15	
E204403	金滋	Kim Cha	19	
D206510	金資	Kim Cha	13	
E200968	金緇	Kim Ch'i	18	
EB00956	金子謀		19	
E103629	金子儀	Kim Chaŭi	20	
E300795	金滓		17	
E203140	金自均		20	
E202272	金自麗	Kim Charyŏ	19	
D200022	金自南	Kim Chanam	17	
EA04302	金自埥	Kim Chajŏng	20	
E402357	金自淸	Kim Chach'ŏng	17	
EB04039	金自慶	Kim Chagyŏng	17	
E201875	金自壤	Kim Chayang	20	
E102988	金自淑	Kim Chasuk	20	
E103578	金自琓	Kim Chawan	20	
E808152	金自香	Kim Chahyang	18	
E401464	金自行	Kim Chahaeng	19	
EB00962	金自玄	Kim Chamu	19	
E202996	金自怡	Kim Chai	18	
EA00193	金自銀	Kim Chaŭn	19	
E204105	金自哲		20	
E901424	金自中	Kim Chajung	20	
E402478	金自忠	Kim Chach'ung	16	
E103121	金漬	Kim Chi	18	
EB04192	金宗蓮	Kim Chongnyŏn	19	
E103880	金宗潤	Kim Chongyun	18	
E206398	金宗智	Kim Chongji	21	
48712bc1-6203-4bc9-9479-fcbfe9936ece	金纘		20	
E104785	金嶟	Kim Chun	19	
E302210	金遵禮	Kim Chullye	18	
E400660	金樽	Kim Chun	19	
EB03141	金佐	Kim Chwa	18	
E305866	金作	Kim Chak	17	
EA00530	金祚		19	
E303682	金㠝	Kim Ch'an	19	
E502613	金䃴	Kim Ryul	21	
a612673a-fe82-45e6-969d-b0498eb13abf	金䝉仝		21	
E101432	錦城大君		20	
D200000	具昂	Ku Ang	17	
E301447	具誠	Ku Sŏng	18	
E401039	具達忠	Ku Talch'ung	19	
E201755	具德孫	Ku Tŏkson	19	
E401037	具綱	Ku Kang	17	
EB03302	具謹	Ku Kŭn	20	1
E901283	具經	Ku Kyŏng	19	
E904960	具蘭童	Ku Nandong	18	
EA04193	具良卿	Ku Yanggyŏng	20	
EB03304	具末山	Ku Malson	20	1
E904961	具莫同	Ku Maktong	18	
E200047	具仁恭	Ku In'gong	18	
E200044	具仁寬	Ku In'gwan	18	
E200053	具仁孝	Ku Inhyo	18	
E301088	具仁信		19	
E200042	具仁直	Ku Injik	18	
E200043	具善	Ku Sŏn	19	
E901355	具壽城	Ku Susŏng	21	
E300069	具壽永	Ku Suyŏng	21	
EA04194	具壽長	Ku Sujang	21	
E807679	具碩卿	Ku Sŏkkyŏng	18	
EB03299	具文靖	Ku Munjŏng	19	1
E904956	具文老	Ku Mullo	17	
E904950	具文信	Ku Munsin	17	
EA04214	具熙	Ku Hŭi	20	
E901329	具諴	Ku Ham	20	
E401038	具顯忠	Ku Hyŏnch'ung	18	
E401042	具信忠	Ku Sinch'ung	19	
E904949	具緖	Ku Sŏ	16	
EA04224	具頤		20	
E201750	具益壽	Ku Iksu	18	
E500941	具長孫	Ku Changson	20	
E901353	具致洪	Ku Ch'ihong	20	
E401556	具致寬	Ku Ch'igwan	18	
E901344	具致中		18	
E201754	具仲孫	Ku Chungson	19	
EB03303	具仲孫	Ku Chungson	20	1
E104393	具宗猷		18	
E301740	康伯珍	Kang Chungjin	20	
E301731	康愓	Kang Ch'ŏk	19	
EC00334	康衮	Kang Kon	20	
E304651	康季嚴	Kang Kyeŏm	19	
E807690	康濟民	Kang Chemin	17	
E301725	康居禮	Kang Kŏrye	18	
E304650	康禮嚴	Kang Yeŏm	19	
EC00157	康履	Kang Ri	17	
E807705	康倫	Kang Ryun	16	
E304648	康孟嚴	Kang Maengŏm	19	
E201445	康凝	Kang Ŭng	2	
E401536	康耆	Kang Ki	18	
E201830	康勸老	Kang Kwŏllo	18	
EC04007	康瑞生	Kang Sŏsaeng	20	
E401535	康生敏	Kang Saengmin	17	
D206647	康舜龍	Kang Sullyong	14	
E300197	康碩卿	Kang Sŏkkyŏng	20	
D206649	康熙	Kang Hŭi	15	
E201834	康諝	Kang Sŏ	19	
E304646	康彦中	Kang Ŏnjung	18	
E201446	康元錫	Kang Wŏnsŏk	1	
EB01110	康允祚	Kang Yunjo	21	
EA02386	康致誠	Kang Ch'isŏng	20	
EA02398	康致謹	Kang Ch'igŭn	1	
EA02431	康致謙	Kang Ch'igyŏm	1	
E204740	康致諴	Kang Ch'iham	19	
EA02427	康致諄	Kang Ch'isun	1	
E304649	康仲嚴	Kang Chungŏm	19	
E200112	康自戒	Kang Chagye	20	
E400767	康自敬	Kang Chagyŏng	19	
EB04184	李		19	
E104344	李[艸+基]	Yi Ki	19	
EA01889	李[木+呆]	Yi Po	20	
EA00266	李[言+帀]		19	
E900934	李愛童	Yi Aedong	19	
E402577	李安國	Yi An'guk	17	
E202920	李安仁	Yi Anin	18	
E900947	李安孫	Yi Ho	19	
EC00158	李俺	Yi Ŏm	16	
E900063	李八仝	Yi P'aldong	19	
EB02724	李把	Yi P'a	20	
E305785	李白茂	Yi Paengmu	17	
E305888	李柏長	Yi Paekchang	17	
E401465	李保基	Yi Pogi	20	
E301464	李保仁	Yi Poin	19	
E202885	李葆	Yi Po	19	
D402393	李寶林	Yi Porim	16	
E303870	李抱	Yi P'o	20	
E201955	李庇	Yi Pi	19	
E101931	李珌	Yi P'il	21	
E502432	李弼孫	Yi P'ilson	21	
E104686	李愊	Yi P'ip	20	
E103871	李賁然		19	
E203383	李邊		19	
EC02379	李秉正	Yi Pyŏngjŏng	19	
EA00317	李蕃		19	
E401301	李伯常	Yi Paeksang	18	
E301341	李伯持	Yi Paekchi	17	
E104749	李伯淳	Yi Yesun	20	
E401176	李伯恭		17	
E202253	李伯規	Yi Paekkyu	20	
E302092	李伯堅	Yi Paekkyŏn	18	
E402465	李伯黎	Yi Paengnyŏ	17	
E401297	李伯良	Yi Paengnyang	19	
E300848	李伯林		18	
EC02604	李伯民	Yi Paengmin	18	
E301372	李伯謙		17	
E402441	李伯仁		17	
D401663	李伯升	Yi Paeksŭng	16	
E200006	李伯溫	Yi Paegon	17	
E402442	李伯文		17	
E300910	李伯新	Yi Hyobaek	21	
E301560	李伯約	Yi Paegyak	20	
E402445	李伯忠		17	
E000631	李伯撰	Yi Paekch'an	18	
E101981	李博	Yi Pak	20	
E301370	李補丁	Yi Pojŏng	19	
E203484	李補民		18	
E201045	李不敏	Yi Pulmin	19	
E104432	李偲	Yi Si	19	
E901907	李才良	Yi Chaeryang	20	
E901133	李材	Yi Chae	18	
E905070	李寀		18	
E204245	李參	Yi Ch'am	20	
E104542	李曾門	Yi Chŭngmun	21	
E200293	李曾若	Yi Chŭngyak	21	
EA00229	李曾碩		20	
E100528	李蕆	Yi Ch'ŏn	16	
E102616	李昌	Yi Ch'ang	19	
EB01921	李昌	Yi Ch'ang	20	
EC00149	李昌東	Yi Ch'angdong	19	
E104543	李昌門	Yi Ch'angmun	21	
E203205	李昌源	Yi Ch'angwŏn	20	
E104696	李昌祖	Yi Ch'angjo	21	
EA01832	李菖	Yi Ch'ang	20	
EC01875	李常	Yi Sang	19	
E900727	李常孫	Yi Sangson	19	
EC00364	李昶	Yi Ch'ang	17	
E504045	李焯	Yi Chak	21	
76123e4a-a5db-4bd9-a08a-f6abf9467020	李朝生		19	
E304429	李徹	Yi Ch'ŏl	19	
E300301	李琛		20	
E402437	李臣賢		18	1
EC04158	李沉	Yi Ch'im	20	
EB03003	李晨		21	
E104430	李偁	Yi Ch'ing	19	
EC02066	李稱孫	Yi Ch'ingson	20	
E300117	李成樑	Yi Sŏngnyang	21	
D206594	李成林	Yi Sŏngnim	15	
E300101	李成茂	Yi Sŏngmu	21	
EC00787	李成孫	Yi Sŏngson	21	
E300215	李成楨	Yi Sŏngjŏng	20	
E900713	李承本	Yi Sŭngbon	19	
E902493	李承蕃	Yi Sŭngbŏn	20	
E104503	李承常		20	
E104502	李承亨	Yi Sŭnghyŏng	20	
E900957	李承暉	Yi Sŭnghwi	19	
EC00689	李承敬	Yi Sŭnggyŏng	20	
EA03993	李承靖	Yi Sŭngjŏng	20	
E102482	李承烈	Yi Sŭngnyŏl	21	
E103183	李承呂	Yi Sŭngnyŏ	20	
E104374	李承明	Yi Sŭngmyŏng	20	
E900966	李承明	Yi Sŭngmyŏng	19	
E202179	李承寧	Yi Sŭngnyŏng	21	
E700450	李承騫	Yi Sŭnggŏn	21	
E300847	李承仁		19	
E803998	李承叔	Yi Sŭngsuk	21	
E302087	李承順	Yi Sŭngsun	19	
E301287	李承孫	Yi Sŭngson	18	
E700571	李承仝	Yi Sŭngdong	20	
E302081	李承溫	Yi Sŭngon	19	
E900712	李承緖	Yi Sŭngsŏ	19	
E302105	李承彦	Yi Sŭngŏn	21	
E301356	李承胤	Yi Sŭngyun	20	
E104501	李承元	Yi Sŭngwŏn	20	
E402407	李承源	Yi Sŭngwŏn	17	
E900714	李承源	Yi Sŭngwŏn	19	
E700464	李承張	Yi Sŭngjang	20	
E903296	李承召	Yi Sŭngso	20	
E104375	李承哲	Yi Sŭngch'ŏl	20	
E900967	李承晢	Yi Sŭngjŏl	19	
E104504	李承貞		20	
EA01137	李承重	Yi Sŭngjung	20	
EC02476	李承重	Yi Sŭngjung	19	
E104353	李承周		20	
E103284	李承宗	Yi Sŭngjong	19	
E502398	李承宗	Yi Sŭngjong	21	
EA03401	李承宗	Yi Sŭngjong	20	
EB04295	李承宗	Yi Sŭngjong	19	
E203213	李承祖	Yi Sŭngjo	20	
E203789	李承祖		19	
EA00078	李承祖	Yi Sŭngjo	20	
E902986	李承尊	Yi Sŭngjon	20	
E104016	李城孝	Yi Sŏnghyo	20	
E902038	李晟	Yi Sŏng	20	
E902070	李筬	Yi Sŏng	20	
E304887	李誠孫	Yi Sŏngson	18	
E300013	李誠長		19	
E101400	李澄	Yi Ching	22	
E401656	李澄	Yi Ching	18	
E302088	李澄玉	Yi Chingok	18	
EB02705	李持	Yi Chi	20	
E102224	李墀	Yi Chi	19	
E000282	李勅	Yi Ch'ik	21	
EA01604	李崇	Yi Sung	20	
E402423	李崇道	Yi Sungdo	17	
E901534	李崇根	Yi Sunggŭn	19	
E102664	李崇儉	Yi Sunggŏm	18	
E202104	李崇徑	Yi Sunggyŏng	20	
EC01039	李崇老	Yi Sungno	20	
E301632	李崇禮	Yi Sungnye	19	
D400336	李崇仁	Yi Sungin	17	
E300099	李崇壽	Yi Sungsu	20	
E104538	李崇孫	Yi Sungson	20	
E201131	李崇文	Yi Sungmun	21	
E203506	李崇元	Yi Sungwŏn	20	
E203519	李崇允	Yi Sungyun	20	
E900594	李崇準	Yi Sungjun	19	
E202628	李抽	Yi Ch'u	17	
E104448	李紬	Yi Chu	19	
E900956	李疇	Yi Chu	18	
E104003	李樗	Yi Chŏ	20	
E301899	李處衡	Yi Ch'ŏhyŏng	19	
E104500	李處仁	Yi Ch'ŏin	19	
E202881	李處仁	Yi Ch'ŏin	19	
E104147	李處溫		18	
E104505	李處義	Yi Ch'ŏŭi	19	
E200954	李處義	Yi Ch'ŏŭi	18	
EB04238	李處中	Yi Ch'ŏjung	17	
E300521	李春英	Yi Ch'unyŏng	18	
E905142	李純全	Yi Sunjŏn	18	
EB01024	李純之	Yi Sunji	19	
E101398	李淳	Yi Sun	22	
E104320	李淳	Yi Sun	20	
E303355	李淳	Yi Sun	18	
E401187	李淳	Yi Sun	17	
E807943	李淳	Yi Sun	17	
EA02184	李淳	Yi Sun	21	
EC02090	李淳伯	Yi Sunbaek	19	
E202480	李淳叔	Yi Sunsuk	19	
E302639	李淳仲	Yi Sunjung	20	
E303539	李綽	Yi Chak	18	
EB00661	李綽	Yi Chak	20	
E402342	李次	Yi Ch'ajŏm	18	
E902357	李次參	Yi Ch'asam	18	
E301903	李次衡	Yi Ch'ahyŏng	19	
E902356	李次騫	Yi Ch'agŏn	18	
E902339	李次若	Yi Ch'ayak	18	
E904875	李徖	Yi Chong	19	
E302259	李從法	Yi Chongbŏp	18	
E305676	李從茂	Yi Chongmu	17	
EC00939	李從孫	Yi Chongson	20	
E301441	李從胤	Yi Chongyun	20	
E104156	李淙	Yi Chong	19	
E200365	李櫕	Yi Ch'an	20	
E100713	李粹幹	Yi Sugan	18	
E103769	李粹彦	Yi Suŏn	21	
E402618	李粹之		17	
E306005	李存禮	Yi Chollye	18	
E202875	李存仁	Yi Chonin	19	
E306003	李存仁	Yi Chonin	18	
EB04087	李存性	Yi Chonsŏng	16	
E306004	李存義	Yi Chonŭi	18	
E103446	李存中	Yi Chonjung	19	
E306024	李達	Yi Tal	16	
D400420	李達尊	Yi Talchon	15	
EA01475	李逮	Yi Ch'e	19	
E102924	李聃	Yi Tam	20	
D400517	李擔	Yi Tam	17	
E102727	李愓若		19	
E104364	李蕩	Yi T'ang	19	
D206592	李得壽	Yi Tŭksu	14	
E304434	李德崇	Yi Tŏksung	20	
E102597	李德亨	Yi Tŏkhyŏng	20	
EC02227	李德良	Yi Tŏngnyang	20	
D402404	李德林	Yi Tŏngnim	16	
E203451	李德民		18	
E401161	李德生	Yi Tŏksaeng	18	
EA02755	李德生	Yi Tŏksaeng	21	
E103193	李德孫	Yi Tŏkson	20	
E203875	李德溫		18	
E102782	李堤	Yi Che	20	
E204230	李堤	Yi Che	19	
E807693	李覿	Yi Chŏk	17	
E104226	李調陽	Yi Chŏngyang	20	
E202196	李垤	Yi Chil	19	
E201821	李丁忠		19	
E300254	李釘堅	Yi Chŏnggyŏn	20	
EB01118	李鼎祚	Yi Chŏngjo	21	
E905094	李定	Yi Chŏng	18	
E401278	李斗萬	Yi Tuman	16	
E000310	李杜	Yi Tu	22	
E301845	李惇	Yi Ton	19	
E905073	李惇	Yi Ton	19	
EA02816	李惇仁	Yi Tonin	20	
EB02822	李惇之	Yi Tonji	19	
E504110	李敦		21	
E102610	李墩	Yi Ton	19	
E302779	李墩		19	
E401646	李墩	Yi Ton	18	
E200341	李楯	Yi Sun	20	
E304580	李多林	Yi Tarim	19	
EC02161	李二童	Yi Idong	20	
EA03189	李發	Yi Pal	20	
E203738	李蕟孫		20	
E102729	李範	Yi Pŏm	20	
E305784	李菲	Yi Pi	16	
E201188	李汾陽	Yi Punyang	20	
E905098	李份	Yi Pin	19	
E300511	李封	Yi Pong	21	
E000691	李奉孫	Yi Pongson	20	
E100023	李鳳孫		20	
E104153	李鳳孫	Yi Pongson	20	
E204909	李敷	Yi Pu	21	
E301513	李敷		20	
E301200	李敷榮		21	
EB01023	李扶	Yi Pu	20	
E902101	李符	Yi	20	
EA03383	李符		19	
E205568	李福崇	Yi Poksung	20	
E200993	李福林	Yi Pongnim	19	
E203441	李福民		18	
E000274	李福生	Yi Poksaeng	20	
E804435	李福重		21	1
E302022	李輔	Yi Po	19	
E100627	李輔幹	Yi Pogan	19	
E305744	李輔幹	Yi Pogan	18	
E104205	李傅良	Yi Puryang	19	
EA01097	李復	Yi Pok	21	
E303466	李復昌	Yi Pokch'ang	19	
E901894	李復亨	Yi Pokhyŏng	20	
E303449	李復起	Yi Pokki	20	
E903117	李復善	Yi Poksŏn	20	
E303454	李復振	Yi Pokchin	20	
E205123	李垓	Yi Hae	20	
E902078	李竿	Yi Kan	20	
E402585	李剛之	Yi Kangji	17	
E304142	李綱	Yi Kang	18	
E205488	李暠	Yi Ho	19	
EA01198	李暠	Yi Ho	18	
E204614	李給孫	Yi Chongson	20	
E900495	李根安	Yi Kŭnan	18	
E102820	李根剛	Yi Kŭn'gang	17	
EB03197	李根繼	Yi Kŭn'gye	18	
E900726	李根寧	Yi Kŭnnyŏng	18	
EB03175	李根全	Yi Kŭnjon	18	
EB03155	李根完	Yi Kŭnwan	18	
E101970	李庚	Yi Kyŏng	19	
E103084	李耕老	Yi Kyŏngno	20	
E103089	李耕元	Yi Kyŏngwŏn	20	
E101570	李公淳	Yi Kongsun	19	
EC00159	李公達	Yi Kongdal	17	
EC02214	李公達	Yi Kongdal	21	
E701239	李公麟	Yi Kongnin	20	
EC02211	李公遂	Yi Kongsu	21	
E202870	李公孝		20	
E402623	李公紙	Yi Kongji	17	
E202869	李公準	Yi Kongjun	20	
E401871	李恭全	Yi Kongjŏn	18	
E000958	李拱	Yi Kong	20	
E305004	李耉	Yi Ku	18	
EB04037	李耈年		18	
E305901	李灌	Yi Kwan	16	
EA01572	李灌	Yi Kwan	21	
EC02160	李光弼	Yi Kwangp'il	21	
D400350	李光富		17	
EB04186	李光厚	Yi Kwanghu	20	
EC02207	李光烈	Yi Kwangnyŏl	21	
EC00187	李光明	Yi Kwangmyŏng	19	
E705159	李光興	Yi Kwanghŭng	21	
E000172	李光佐	Yi Kwangjwa	21	
E303498	李垙	Yi Kwang	21	
6bf9c1ee-5d0d-4464-9101-c5cbc92aca9a	李廣		21	
E802567	李珪卿	Yi Kyugyŏng	17	
E104433	李龜儕	Yi Kwije	20	
E700566	李龜年	Yi Kwinyŏn	20	
D206636	李龜壽	Yi Kwisu	15	
E202562	李龜碩	Yi Kwisŏk	21	
E202561	李龜孫	Yi Kwison	21	
EB02740	李龜孫	Yi Kwison	21	
E305895	李龜㱓	Yi Kwiryŏng	19	
E304399	李桂林	Yi Kyerim	21	
E305963	李桂遂	Yi Kyesu	17	
E300909	李貴丁		20	
E104380	李貴老	Yi Sillo	20	
E300324	李貴男	Yi Kwinam	19	
E401560	李貴孫	Yi Kwison	18	
E904852	李貴玉	Yi Kwiok	21	
E102412	李檜		20	
E305890	李檜長	Yi Hoejang	17	
E205787	李含靖	Yi Hamjŏng	18	
E104148	李涵	Yi Ham	19	
EA02011	李涵	Yi Ham	21	
E205215	李垾	Yi Han	21	
EA00452	李垾	Yi Han	21	
E807714	李漢生	Yi Hansaeng	17	
E104289	李漢石	Yi Hansŏk	18	
EC04150	李漢柱	Yi Hanju	20	
EA02093	李沆	Yi Hang	21	
E302097	李好謙	Yi Hogyŏm	18	
E506160	李浩	Yi Ho	21	
E504139	李欱		21	
E301345	李和	Yi Hwa	17	
E102793	李河	Yi Ha	16	
58ec8485-7879-45b2-baa4-da147457ea07	李荷		20	
E504057	李爀	Yi Hyŏk	21	
E903985	李亨甫	Yi Hyŏngbo	20	
E903016	李亨根		19	
E200215	李亨禮		20	
E100552	李亨門	Yi Hyŏngmun	21	
E304583	李亨孫	Yi Hyŏngson	20	
E805037	李亨孫	Yi Hyŏngson	20	
E302348	李亨元	Yi Hyŏngwŏn	21	
E905014	李亨增	Yi Hyŏngjŭng	18	
EB03107	李恒	Yi Hang	21	
E205265	李衡	Yi Hyŏng	20	
EA01103	李衡	Yi Hyŏng	19	
EA01822	李蘅	Yi Hyŏng	20	
E800309	李弘準	Yi Hongjun	19	
E102091	李宏植	Yi Koengsik	19	
E201087	李侯仁	Yi Huin	19	
E301634	李厚	Yi Hu	18	
E401475	李厚	Yi Hu	19	
f8c1c79f-b76d-49d0-92e3-0a46749db8c8	李虎山		19	
E103263	李樺	Yi Hwa	18	
E104546	李桓	Yi Hwan	20	
E807999	李桓	Yi Hwan	20	
fa89663e-b1ed-4e31-9498-b56d58ba15b6	李浣		17	
E203016	李渙	Yi Hwan	20	
E303356	李渙	Yi Hwan	18	
E902875	李晃	Yi Hwang	18	
E302062	李撝謙	Yi	18	
EA04304	李徽	Yi Mi	19	
E301463	李洄	Yi Hoe	18	
E205450	李蕙	Yi Hye	22	
E905080	李蕙	Yi Hye	20	
EA04034	李薈	Yi Hoe	20	
E300793	李薈長		19	
E203117	李譓	Yi Hye	21	
EA00308	李譓		19	
E902417	李渾	Yi Hon	22	
E806442	李琿門	Yi Hwimun	21	
E903001	李混	Yi Hon	21	
E306051	李活	Yi Hwal	16	
E301358	李穫	Yi Hwak	19	
E102595	李基	Yi Ki	19	
E204913	李緝	Yi Chip	19	
EB03276	李緝	Yi Chip	20	
EB04234	李緝	Yi Chip	20	
E201426	李璣	Yi Ki	19	
E402422	李績	Yi Chŏk	17	
EA01632	李績	Yi Chŏk	21	
E200320	李躋		19	1
E204189	李吉安	Yi Kiran	18	
E202559	李吉從	Yi Kilchong	20	
E300517	李吉甫	Yi Kilbo	20	
E202174	李吉培	Yi Kilbae	18	
E204429	李吉長	Yi Kilchang	19	
E104667	李楫	Yi Chŭp	20	
E200374	李楫	Yi Ŭp	20	
E902344	李技庭	Yi Kijŏng	21	
E203413	李季		19	
E103868	李季疇	Yi Kyeju	18	
E104746	李季淳	Yi Kyesun	20	
E205138	李季甸	Yi Kyejŏn	18	
E400104	李季拱	Yi Kyegong	17	
E204252	李季靖	Yi Kyejŏng	21	
E301362	李季老	Yi Kyero	20	
E902239	李季憐		18	
EA00412	李季林		18	
EB02680	李季敏	Yi Kyemin	20	
E300087	李季男	Yi Kyenam	22	
EB01922	李季寧		20	
E205225	李季町	Yi Kyejŏng	19	
E101494	李季童	Yi Kyedong	21	
E301420	李季童	Yi Kyedong	21	
E205212	李季畹		18	
E203450	李季禧		19	
E902662	李季禧	Yi Kyehŭi	20	
E305743	李季允	Yi Kyeyun	17	
E302024	李季專	Yi Kyejŏn	18	
E203868	李濟民		18	
E902341	李繼	Yi Kye	20	
E401429	李繼蕃	Yi Kyebŏn	18	
E203097	李繼藩	Yi Kyebŏn	19	
E902156	李繼福	Yi Kyebok	21	
EA03438	李繼幹	Yi Kyegan	21	
E300085	李繼明	Yi Kyemyŏng	22	
EB04305	李繼男	Yi Kyenam	18	
E204582	李繼南	Yi Kyenam	18	
E300176	李繼仁	Yi Kyein	20	
EA02436	李繼仁	Yi Kyein	20	
E902083	李繼善	Yi Kyesŏn	19	
E104149	李繼孫	Yi Kyeson	20	
E301289	李繼孫	Yi Kyeson	21	
EB04293	李繼童	Yi Kyedong	18	
E902016	李繼賢	Yi Kyŏnghyŏn	18	
E900617	李繼陽	Yi Kyeyang	18	
E300184	李繼義	Yi Kyeŭi	21	
E100216	李繼祐	Yi Kyeu	17	
E401260	李繼源	Yi Kyewŏn	17	
E905106	李繼長	Yi Kyejang	17	
E902642	李繼貞	Yi Kyejŏng	18	
E903034	李繼貞	Yi Kyejŏng	20	
E202887	李繼楨	Yi Kyejŏng	20	
E104525	李繼忠	Yi Kyech'ung	19	
E201266	李繼重	Yi Kyedong	20	
E206005	李繼宗	Yi Kwangse	21	
E904846	李繼宗	Yi Kyejong	21	
E902068	李兼善	Yi Kyŏmsŏn	19	
E401648	李堅基	Yi Kyŏn'gi	18	
E807665	李緘	Yi Ham	17	
E807666	李縑	Yi Kyŏm	17	
E302370	李健	Yi Kŏn	19	
E401275	李漸	Yi Chŏm	18	
E701703	李諫	Yi Kan	21	
EC00206	李橿	Yi Kang	18	
E303536	李絳	Yi Kang	18	
E301407	李皎		18	
E104034	李皎然	Yi Kyoyŏn	19	
E902086	李節	Yi Chŏl	20	
E303465	李潔	Yi Kyŏl	18	
E903279	李介甫	Yi Kaebo	20	
E302408	李介同	Yi Sundong	20	
EC03757	李誡	Yi Kye	19	
E103044	李金石	Yi Kŭmsŏk	20	
E000319	李金孫	Yi Kŭmson	21	
E104151	李金孫	Yi Kŭmson	20	
E103972	李緊	Yi Kin	19	
EC01744	李謹行	Yi Kŭnhaeng	21	
E000668	李近愚		18	
E104033	李璡	Yi Chong	17	
E500778	李縉	Yi Chin	20	
E807698	李覲	Yi Kŭn	17	
E900527	李京孫	Yi Kyŏngson	19	
EB03198	李經	Yi Kyŏng	19	
E101972	李精	Yi Chŏng	20	
E900156	李景昌	Yi Kyŏngch'ang	20	
E900155	李景富	Yi Kyŏngbu	18	
E202462	李景華	Yi Kyŏnghwa	20	
E301798	李景行	Yi Kyŏngyŏn	19	
E305911	李景元	Yi Kyŏngwŏn	18	
E300035	李淨	Yi Chŏng	22	
E302384	李敬同	Yi Kyŏngdong	20	
0197f969-c933-7c39-8b37-00ad18fe5bed	李靖		21	
E902220	李靖	Yi Chŏng	22	
E101857	李炯		21	1
E904263	李逈	Yi Hyŏng	19	
E201174	李九經	Yi Kugyŏng	20	
E701927	李九㱓		21	
EB02734	李挶	Yi Kuk	20	
E402645	李琚	Yi Kŏ	18	
E402469	李具商	Yi Kusang	19	
E303390	李涓	Yi Yŏn	18	
E201465	李倦		19	
E304257	李均	Yi Kyun	19	
E902323	李均	Yi Kyun	21	
EA01170	李均		19	
E203200	李鈞	Yi Kyun	20	
EA01999	李俊	Yi Chun	21	
E104349	李俊善	Yi Chunsŏn	20	
E203013	李浚	Yi Chun	20	
EB04407	李浚	Yi Chun	19	
E401582	李儁	Yi Chun	16	
E503087	李濬	Yi Chun	19	
E203039	李塏	Yi Kae	19	
E104541	李楷	Yi Hae	20	
E400898	李楷	Yi Hae	18	
E204203	李堪	Yi Kam	19	
EA00333	李堪		20	
E000658	李侃	Yi Kan	21	
E402018	李侃	Yi Kan	17	
EA00314	李顆		20	
E303974	李克蕃	Yi Kŭkpŏn	19	
E302751	李克墩	Yi Kŭkton	20	
E305734	李克幹	Yi Kŭkkan	18	
E300297	李克基	Yi Kŭkki	19	
EB03061	李克堅	Yi Kŭkkyŏn	21	
E101182	李克精	Yi Kŭkchŏng	18	
E300251	李克均		19	
E100765	李克堪	Yi Kŭkkam	19	
E905058	李克連	Yi Kŭngnyŏn	19	
E305740	李克良	Yi Kŭngnyang	18	
E201280	李克培	Yi Kŭkpae	20	
E305741	李克仁	Yi Kŭgin	18	
E401546	李克潭	Yi Kŭktam	18	
EC00173	李克文	Yi Kŭngmun	17	
E302727	李克增	Yi Kŭkchŭng	19	
E905061	李克彰	Yi Kŭkch'ang	19	
E202281	李垦	Yi Kan	21	
E402601	李寬	Yi Kwan	17	
E904966	李匡晋	Yi Kwangjin	20	
E205133	李奎	Yi Kyu	20	
EA00601	李奎文	Yi Kyumun	20	
E101983	李逵	Yi Kyu	20	
E202375	李揆	Yi Kyu	19	
EA01888	李楑	Yi Kyu	20	
E103080	李魁	Yi Koe	19	
EA02073	李愧	Yi Ko	19	
E902990	李坤		21	
a38ab07b-322c-4ce1-b1fb-acf8022ca9f7	李坤		22	
E302372	李坤亨	Yi Konhyŏng	20	
E305951	李坤生	Yi Konsaeng	18	
EC04162	李坤壽	Yi Konsu	21	
E302371	李坤元	Yi Konwŏn	20	
E504278	李崑	Yi Kon	21	
E201562	李焜		21	
E904837	李稛	Yi Kyun	19	
E206122	李徠	Yi Rae	20	
E807692	李賴	Yi Roe	16	
E302021	李頼	Yi Roe	19	
E100005	李蘭孫		21	
E305005	李老	Yi Ro	18	
E901481	李澧	Yi Rye	21	
E901785	李禮堅	Yi Yegyŏn	19	
E304667	李禮敬	Yi Yegyŏng	19	
E904815	李禮全	Yi Yejŏn	20	
EC01611	李禮全	Yi Yejŏn	20	
EC02205	李禮長	Yi Yejang	19	
E300286	李禮貞	Yi Yejang	22	
E902222	李立	Yi Rip	22	
E904156	李利	Yi Ri	18	
EB00319	李利孫	Yi Ison	20	
E204605	李連孫	Yi Yŏnson	20	
E103275	李憐童	Yi Yŏndong	19	
E102629	李良儉	Yi Yanggŏm	18	
E904853	李良玉	Yi Yangok	21	
EB04160	李梁	Yi Ryang	18	
E104547	李樑	Yi Ryang	20	
D402440	李亮	Yi Ryang	16	
E200098	李亮	Yi Ryang	20	
E503054	李洌	Yi Ryŏl	20	
EB03995	李璘		18	
E807846	李臨	Yi Rim	17	
E206379	李鱗	Yi Rin	19	
E104154	李麟孫	Yi Inson	20	
E900991	李疄	Yi Rin	18	
E901531	李聆	Yi Ryŏng	18	
E204563	李櫓	Yi Ro	18	
E701478	李陸	Yi Ryuk	20	
E104026	李祿崇	Yi Noksung	20	
E202926	李掄	Yi Ryun	19	
E305679	李崙	Yi Ryun	19	
EB04344	李蔓	Yi Man	16	1
E204600	李蔓孫	Yi Manson	20	
E206004	李眉壽	Yi Misu	20	
E902185	李蒙	Yi Mong	19	
E302375	李蒙同	Yi Ŭidong	20	
E203411	李孟		19	
EC00500	李孟常	Yi Maengsang	18	
E000801	李孟淳	Yi Maengsun	21	
E302193	李孟達	Yi Maengdal	19	
E204248	李孟靖	Yi Maengjŏng	21	
E401461	李孟畯	Yi Maengjun	18	
D206769	李孟明	Yi Maengmyŏng	14	
EC01246	李孟明	Yi Maengmyŏng	20	
E302209	李孟强	Yi Maenggang	19	
EC01244	李孟欽	Yi Maenghŭm	20	
E100531	李孟石	Yi Maengsŏk	19	
E103417	李孟壽	Yi Maengsu	19	
EC01277	李孟思	Yi Maengsa	21	
E201135	李孟孫		19	
E202987	李孟孫	Yi Maengson	19	
E206377	李孟孫	Yi Maengson	19	
E401558	李孟孫	Yi Maengson	18	
EC00699	李孟文	Yi Maengmun	21	
E203442	李孟禧		19	
E303267	李孟禧	Yi Maenghŭi	20	
E804899	李孟賢	Yi Maenghyŏn	22	
E303648	李孟孝	Yi Maenghyo	20	
E203487	李孟緖		20	
E401458	李孟畇	Yi Maenggyun	18	
E401462	李孟畛	Yi Maengjin	18	
E103938	李孟知	Yi Maenghwa	19	
E104080	李孟智	Yi Maengji	19	
E301807	李孟專	Yi Maengjŏn	18	
E201044	李孟準	Yi Maengjun	20	
E401457	李孟㽥	Yi Maengyu	18	
E300888	李夢石		19	
E900798	李夢石	Yi Mongsŏk	21	
E401162	李密	Yi Mil	17	
E402411	李密		17	1
E901150	李密	Yi Mil	18	
E104447	李綿	Yi Myŏn	19	
EA01197	李旻	Yi Min	18	
E101378	李敏	Yi Min	21	
E802210	李敏亨		21	
EA04220	李敏元	Yi Minwŏn	20	
E304447	李明弼	Yi Myŏngp'il	20	
E701763	李明弼	Yi Myŏngp'il	21	
E305808	李明生	Yi Myŏngsaeng	17	
E206024	李明孫	Yi Myŏngson	20	
E503092	李洺	Yi Myŏng	19	
E302067	李鳴謙	Yi Myŏnggyŏm	18	
E203749	李命敏	Yi Myŏngmin	18	
EC02178	李命生	Yi Myŏngsaeng	20	
E802803	李命孫	Yi Myŏngson	20	
E203877	李命賢		19	
E905011	李命垠	Yi Myŏngŭn	19	
E104747	李末淳	Yi Ŭisun	20	
E203548	李末丁		18	
EB04106	李末奉	Yi Malbong	20	
EA03972	李末亨	Yi Marhyŏng	21	
E203790	李末敏		18	
E102615	李末生	Yi Malsaeng	18	
E103054	李末石	Yi Malsŏk	20	
E000405	李末孫	Yi Malson	20	
E000769	李末孫		17	1
E902355	李末同	Yi Maldong	20	
E301646	李末貞	Yi Malchŏng	19	
E104639	李末中	Yi Maldong	20	
EC02478	李末重	Yi Malchung	19	
E302020	李末專	Yi Malchŏn	18	
EB04252	李末專	Yi Malchŏn	17	
E102267	李陌	Yi Maek	20	
EA01834	李莫奉	Yi Makpong	20	
E101298	李墨禾	Yi Sahwa	18	
E301470	李謀	Yi Sim	20	
E901152	李霂	Yi Mok	19	
E305782	李穆	Yi Mok	17	
E203060	李蒳	Yi Nap	20	
E400779	李訥	Yi Nul	18	
E905075	李儞	Yi I	20	
E300294	李念義		18	1
E103526	李念智		20	
E402617	李寧	Yi Nyŏng	19	
E200305	李檂	Yi Nong	18	
E901517	李磻	Yi Pan	16	
E102601	李培	Yi Pae	19	
EA00416	李培		20	
EA03379	李培	Yi Pae	21	
EC02220	李培根	Yi Paegŭn	20	
E901694	李培倫	Yi Paeryun	19	
E402359	李培平	Yi Paep'yŏng	17	
EA00600	李培文	Yi Paemun	20	
E303546	李彭	Yi P'aeng	19	
E701506	李彭老	Yi P'aengno	20	
EB04354	李彭壽	Yi P'aengsu	20	
E203498	李彭㱓		21	
E302148	李彭㱓	Yi P'aengnyŏng	19	
E000027	李埤	Yi Pi	19	
E104211	李辟	Yi Pyŏk	19	
E102133	李泙	Yi P'yŏng	20	
E205181	李坡	Yi P'a	19	
E101389	李溥	Yi Pu	22	
E201479	李溥	Yi Pu	19	
E202177	李圻	Yi Ki	20	
E103986	李忯	Yi Che	19	
E305907	李祺	Yi Ki	18	
D401808	李齊賢	Yi Chehyŏn	14	
E104783	李起孫		20	
E102383	李啓基		18	1
E100570	李啓蒙		17	
E401204	李洽		17	
EC04143	李千同	Yi Ch'ŏndong	20	
E000954	李謙	Yi Kyŏm	20	
E904876	李謙	Yi Kyŏm	20	
EB02700	李謙之	Yi Kyŏmji	19	
970ec3ff-2144-429c-af20-437940cad10e	李乾		22	
E506158	李乾	Yi Kŏn	21	
EC04161	李乾壽	Yi Kŏnsu	21	
EC01780	李倩	Yi Ch'ŏn	21	
E203078	李蒨	Yi Ch'ŏn	20	
E203191	李鏘	Yi Chang	18	
EB02723	李欽守	Yi Hŭmsu	21	
E302417	李欽碩	Yi Hŭmsŏk	19	
E402284	李懃	Yi Kŭn	17	
E303388	李淸	Yi Ch'ŏng	18	
E204234	李淸新	Yi Ch'ŏngsin	18	
E502995	李慶從	Yi Kyŏngjong	1	
E204875	李慶錫	Yi Kyŏngsŏk	18	
E303529	李慶祥	Yi Kyŏngsang	18	
E202910	李瓊仝	Yi Kyŏngdong	20	
E306026	李球卿	Yi Kugyŏng	17	
E300036	李璆	Yi Ku	21	
E103571	李恮	Yi Chŏn	19	
EB02673	李全之	Yi Chŏnji	19	
E302303	李惓	Yi Kwŏn	20	
E303535	李絟	Yi Chŏn	20	
E300560	李詮	Yi Chŏn	20	
E901541	李詮	Yi Chŏn	19	
E305833	李權	Yi Kwŏn	18	
E301354	李穰	Yi Yang	19	
E401425	李仁安	Yi Inan	19	
E701400	李仁從	Yi Injong	21	
E402424	李仁道		17	1
E201824	李仁恭	Yi In'gong	20	
E901792	李仁堅	Yi In'gyŏn	19	
E201825	李仁儉	Yi In'gŏm	20	
E203869	李仁民		18	
E102821	李仁畦	Yi Inhyu	18	
E900708	李仁生	Yi Insaeng	19	
EB02722	李仁守	Yi Insu	21	
E400980	李仁叔		17	
E302646	李仁孫	Yi Inson	18	
E201823	李仁溫	Yi Inon	20	
E203417	李仁文		19	
E303481	李仁文	Yi Inmun	18	
E903046	李仁錫	Yi Insŏk	20	
E301443	李仁顯		21	
E304774	李仁行	Yi Inhaeng	19	
E300190	李仁長	Yi Injang	19	
E504943	李仁忠	Yi Inch'ung	20	
E203791	李仁準		19	
E203521	李仁㱓		21	
E304669	李稔	Yi Im	18	
EA00494	李任	Yi Im	20	
E104440	李仍		19	1
E905082	李容	Yi Yong	18	
E401671	李榮	Yi Ch'aek	17	
E903071	李榮	Yi Yŏng	20	
EA03898	李榮		19	
EC00152	李榮東	Yi Yŏngdong	17	
EB01660	李榮商	Yi Yŏngsang	18	
E203217	李榮祖	Yi Yŏngjo	20	
E203760	李榮祖		19	
E501146	李瀜		21	
E302553	李堧	Yi Yŏn	20	
EB02674	李芮	Yi Ye	20	
E301862	李瑞		19	
D402382	李瑞種	Yi Sŏjong	15	
E701356	李閏徽		20	
E701423	李閏生	Yi Yunsaeng	20	
E104741	李潤	Yi Yun	19	
EA01833	李若奉	Yi Yakpong	20	
E401904	李若生	Yi Yaksaeng	17	
E104839	李三老	Yi Samno	18	
EB02675	李三喜	Yi Samhŭi	21	
D206581	李穡	Yi Saek	15	
E301188	李山甫	Yi Sanbo	21	
E202211	李埏	Yi Yŏn	19	
E900423	李挻	Yi Yŏn	18	
E300342	李善男		19	
E104322	李善生		19	
E904854	李善玉	Yi Sŏnok	21	
E401664	李善長	Yi Sŏnjang	17	
E305902	李紹仁	Yi Soin	17	
E901745	李紹生	Yi Sosaeng	18	
EA02473	李紹宗	Yi Sojong	20	
E402408	李伸	Yi Sin	17	
E304578	李深	Yi Ch'im	18	
E205581	李深源	Yi Simwŏn	20	
E402613	李審之	Yi Simji	17	
E100594	李愼	Yi Sin	18	
E206318	李愼	Yi Sin	19	
E402208	李愼	Yi Sin	17	
E303396	李愼幾	Yi Sin'gi	19	
E303397	李愼謙	Yi Sin'gyŏm	19	
E303615	李愼全	Yi Sinjŏn	18	
E104019	李愼孝	Yi Sinhyo	19	
E303411	李愼意	Yi Sinŭi	19	
E402614	李愼之	Yi Sinji	17	
E301360	李升老	Yi Sŭngno	20	
E305678	李升平	Yi Sŭngp'yŏng	18	
EA00045	李陞	Yi Su	20	
E900584	李繩直	Yi Sŭngjik	17	
EC00155	李盛東	Yi Sŏngdong	17	
E301186	李施元	Yi Siwŏn	21	
E305893	李師程	Yi Sajŏng	18	
E902989	李師純		19	1
E601635	李師衍	Yi Sayŏn	21	
E101209	李石根	Yi Sŏkkŭn	22	
E903256	李石亨	Yi Sŏkhyŏng	19	
E300272	李石堅	Yi Sŏkkyŏn	21	
E904851	李石峻	Yi Sŏkchun	20	
E904209	李石崑	Yi Sŏkkon	20	
E101205	李石梁	Yi Sŏngnyang	22	1
E904844	李石崙	Yi Sŏngnyun	20	
EC04160	李石僧	Yi Sŏksŭng	21	
E304739	李石同	Yi Sŏktong	19	
E300525	李石文	Yi Sŏngmun	19	
E203808	李石巘	Yi Sŏkhŏn	20	
E101202	李石柱	Yi Sŏkchu	22	1
EC04147	李石柱	Yi Sŏkchu	20	
E102030	李時珤	Yi Sibo	20	
E900592	李時敏	Yi Simin	18	
E501193	李湜	Yi Sik	21	
E103740	李始生	Yi Sisaeng	20	
E300522	李士芬	Yi Sabun	16	
EC02158	李士寬	Yi Sagwan	18	
E305680	李士平	Yi Sap'yŏng	18	
E902065	李士欽	Yi Sahŭm	18	
E102588	李士信	Yi Sasin	18	
E901445	李世珤	Yi Sebo	20	
E900299	李世弼	Yi Sep'il	21	
E200431	李世蕃	Yi Sebŏn	21	
E104342	李世疇	Yi Sŏju	20	
E101871	李世範		21	
E101426	李世芬	Yi Sebang	21	
E807661	李世衡	Yi Sehyŏng	16	
E302721	李世傑	Yi Segŏl	20	
E203058	李世匡	Yi Segwang	21	
E302762	李世卿		21	
E701541	李世銓		21	
E306056	李世榮	Yi Seyŏng	17	
E203594	李世文		20	
E302235	李世英	Yi Seyŏng	19	
E302695	李世佑	Yi Seu	21	
E101130	李世則		21	
E306053	李世貞	Yi Sejŏng	17	
E101344	李世忠	Yi Sech'ung	21	
E201279	李世柱	Yi Seju	21	
E302682	李世佐	Yi Sejwa	20	
E100708	李恃	Yi Si	17	
E102696	李守常		17	
E303358	李守忱	Yi Such'im	19	
E200890	李守誠	Yi Sŏngch'im	19	
E102591	李守綱	Yi Sugang	17	
E301902	李守衡	Yi Suhyŏng	19	
E103416	李守敬	Yi Sugyŏng	19	
EB00238	李守俊	Yi Sujun	19	
E401434	李守禮	Yi Surye	18	
E301339	李守領	Yi Suryŏng	18	
EC02165	李守謙	Yi Sugyŏm	20	
E103379	李守仁	Yi Suin	19	
EB04182	李守仁	Yi Suin	18	
EC02162	李守柔	Yi Suyu	20	
E100358	李守義	Yi Suŭi	18	
E900926	李守義	Yi Suŭi	19	
EB02767	李守哲	Yi Such'ŏl	19	
E101102	李壽昌	Yi Such'ang	20	
E101014	李壽川	Yi Such'ŏn	20	
E205100	李壽淡		20	
EC02239	李壽兒	Yi Sudu	20	
E200836	李壽孩	Yi Suhae	20	
E102970	李壽堅	Yi Sugyŏn	20	
D401782	李壽林	Yi Surim	16	
E101052	李壽蒙	Yi Sumong	20	
E203416	李壽民		18	
E000925	李壽明	Yi Subung	20	
EC02235	李壽男	Yi Sunam	20	
E205105	李壽彭	Yi Sup'aeng	20	
E200067	李壽山	Yi Susan	18	
E902347	李壽山	Yi Susan	20	
E904299	李壽山		19	
E100961	李壽生	Yi Susaeng	20	
EC02188	李壽生	Yi Susaeng	20	
E104047	李壽孫	Yi Suson	20	
EC02171	李壽童	Yi Sudong	20	
EB02738	李壽垠	Yi Suŭn	20	
EA01628	李壽嬰	Yi Suyŏng	20	
E300012	李壽稚	Yi Such'i	20	
E104752	李叔淳	Yi Suksun	20	
E202370	李叔達	Yi Suktal	19	
E402186	李叔當	Yi Suktang	17	
E905055	李叔福	Yi Sukpok	17	
E203588	李叔珪		19	
E203579	李叔珩		19	
E200216	李叔璜		19	
E203592	李叔瑊		19	
E303540	李叔璟	Yi Sukkyŏng	18	
E905001	李叔畝	Yi Sungmu	17	
E905038	李叔畦	Yi Sukhyu	17	
E903197	李叔謙	Yi Sukkyŏm	19	
E202889	李叔仁		19	1
E902311	李叔生	Yi Suksaeng	21	
E401559	李叔孫	Yi Sukson	18	
E202860	李叔僖	Yi Sukhŭi	19	
E701279	李叔禧	Yi Ikhŭi	21	
EC02194	李叔賢	Yi Sukhyŏn	20	
E402169	李叔野	Yi Sugya	17	
E902014	李叔畤	Yi Sukchu	17	
E000666	李叔忠	Yi Sŭngch'ung	16	
E301909	李叔專	Yi Sukchŏn	18	
E301349	李淑	Yi Suk	18	
EA01138	李淑	Yi Suk	20	
E203589	李淑琦	Yi Sukki	20	
E302652	李淑文	Yi Sungmun	20	
E205119	李塾	Yi Suk	19	
EB00541	李塾		19	1
EC02274	李恕長	Yi Sŏjang	19	
E201661	李澍	Yi Chu	22	
E201961	李澍	Yi Chu	18	
E303418	李澍	Yi Chu	18	
E902343	李樹庭	Yi Sujŏng	21	
881a1db6-9564-4bd3-acb0-ac1b0c57faae	李樹艇		19	
E302710	李舜	Yi Sunŭng	20	
E202362	李舜臣	Yi Sunsin	19	
da654d9e-64aa-4b76-a024-fd1a0d0e6a11	李舜年		19	
E203494	李舜㱓		21	
E802351	李順亨	Yi Sunhyŏng	21	
E102409	李順蒙	Yi Sunmong	20	
E203193	李順慶	Yi Sun'gyŏng	19	
E302603	李順碩	Yi Sunsŏk	20	
EA03449	李順孫	Yi Sunson	21	
E300535	李順文	Yi Sunmun	19	
E104379	李順之	Yi Sunji	19	
E101195	李碩孫	Yi Sŏkson	20	
E301240	李碩孫	Yi Sŏkson	20	
EA02445	李碩孫		19	
EA03033	李碩童	Yi Sŏktong	18	
E103061	李思	Yi Sa	18	
E104331	李思恥	Yi Sach'i	18	
E104394	李思儉		18	1
E100683	李思傑	Yi Sagŏl	17	
E104343	李思謹	Yi Sagŭn	18	
E401150	李思俊	Yi Sajun	19	
EA03034	李思敏	Yi Samin	19	
E905049	李思南	Yi Sanam	18	
EA03036	李思謙	Yi Sagyŏm	19	
E104414	李思任	Yi Saim	18	
E205546	李思孝	Yi Sahyo	19	
E902359	李思孝	Yi Sahyo	19	
D401248	李思義	Yi Saŭi	15	
E402615	李思之	Yi Saji	17	
E305982	李斯義	Yi Saŭi	18	
E104363	李嗣宗	Yi Sajong	20	
E301191	李嗣宗		21	
EA00244	李嗣宗	Yi Sajong	20	
E305779	李菘	Yi Sung	16	
D206611	李竦	Yi Song	15	
E203001	李粟	Yi Sok	18	
E401649	李穗	Yi Su	17	
9c8b5e5c-84c9-4027-82ff-52bc4e43a1ea	李繐		20	
E203024	李孫若		19	
E200536	李蓀	Yi Son	20	
E103200	李泰孫	Yi T'aeson	20	
EA00364	李曇	Yi Tam	19	
E205229	李坦	Yi T'an	20	
D206678	李湯	Yi T'ang	15	
EA02059	李唐	Yi Tang	21	
E301439	李悌順	Yi Chesun	20	
E900333	李悌順	Yi Chesun	19	
E203997	李悌孫	Yi Cheson	19	
E203195	李悌忠	Yi Chech'ung	20	
E401193	李天達	Yi Ch'ŏndal	17	
E201933	李天老	Yi Ch'ŏllo	18	
D807905	李琠	Yi Chŏn	16	
E300206	李鐵堅		19	
E301648	李鐵鈞		20	
EC01350	李鐵拳		19	
E703867	李鐵石	Yi Yunmyŏng	21	
9c5cd712-659d-44d5-8d0c-3c7ad8462ccb	李鐵同		19	
EA00224	李鐵柱		18	
E301242	李聴	Yi Ch'ong	18	
E905095	李仝	Yi Tong	19	
E303738	李暾	Yi Ton	19	
E202994	李完圭	Yi Wan'gyu	19	
EB02706	李完守	Yi Wansu	21	
E304625	李紈		19	
E101937	李琬	Yi Wan	20	
E202336	李萬年	Yi Mannyŏn	21	
E205984	李萬壽		20	
E203508	李萬㱓	Yi Mallyŏng	21	
EA01818	李葳	Yi Wi	20	
E302331	李惟精	Yi Yujŏng	21	
E000993	李惟康	Yi Yugang	21	
E901537	李惟淸	Yi Yuch'ŏng	20	
E302305	李惟孝		21	
E807838	李維	Yi Yu	16	
E205579	李徫	Yi Wi	19	
E103078	李畏	Yi Oe	18	
E104206	李渭良	Yi Wiryang	19	
E203175	李文炳	Yi Munbyŏng	20	
E401999	李文幹		16	
E203103	李文煥	Yi Munhwan	19	
E102593	李文儉	Yi Mun'gŏm	18	
E103518	李文壃	Yi Mun'gang	20	
E203096	李文炯	Yi Munhyŏng	19	
E905056	李文埤	Yi Munbi	18	
EB02725	李文守	Yi Munsu	21	
E302191	李文通	Yi Munt'ong	18	
E901522	李聞	Yi Mun	18	
E300632	李汶	Yi Mun	20	
E402282	李沃	Yi Ok	17	
D206486	李五椿	Yi Och'un	13	
E900590	李勿敏	Yi Mulmin	18	
E104370	李希弼	Yi Hŭip'il	20	
E100592	李希蕃	Yi Hŭibŏn	18	
E202882	李希蕃	Yi Hŭibŏn	18	
EA00341	李希伺	Yi Hŭidong	19	
E104368	李希範	Yi Hŭibŏm	20	
E203730	李希俊		21	
E206033	李希年	Yi Hŭinyŏn	20	
D402608	李希慶	Yi Hŭigyŏng	16	
E103272	李希童	Yi Hŭidong	19	
E104365	李希晳	Yi Hŭisŏk	20	
E104565	李希信	Yi Hŭisin	19	
E104369	李希顔	Yi Hŭian	20	
EC02063	李希哲	Yi Hŭich'ŏl	20	
E101412	李希振	Yi Hŭijin	21	
E104347	李希宗	Yi Hŭijong	20	
EB00284	李僖	Yi Chu	20	
E201787	李熙	Yi Hŭi	19	
E201941	李熙	Yi Hŭi	18	
E805869	李熙	Yi Hŭi	21	
E904964	李熙文	Yi Hŭimun	20	
E203044	李暿	Yi Hŭi	18	
E300174	李暿	Yi Hŭi	19	
E901660	李錫㱓		21	
E102261	李隰		20	
451abaac-f99d-423c-a0b3-e0112fb33753	李洗膓		21	
46b49cd9-75b9-421a-8481-8b2becd0169e	李洗膽		21	
EC00549	李喜孫	Yi Yŏn	21	
E302374	李係	Yi Kye	19	
D402391	李係孫	Yi Kyeson	15	
E200069	李夏成	Yi Hasŏng	18	
E905054	李夏孫	Yi Hason	19	
E902353	李仙幹	Yi Sŏn'gan	19	
E902340	李仙根	Yi Sŏn'gŭn	19	
EA01196	李暹	Yi Sŏm	18	
EC02605	李暹	Yi Sŏm	19	
E203243	李咸臨	Yi Hamnim	20	
E305850	李賢	Yi Hyŏn	17	
E300182	李賢輔	Yi Hyŏnbo	20	
E204850	李賢童	Yi Hyŏndong	22	
31d8bb67-eda3-439c-b8f3-90b4e31901c6	李嶮		21	
E101902	李顯門	Yi Hyŏnmun	21	
E000808	李晛	Yi Hyŏn	20	
E305681	李憲	Yi Hŏn	19	
E901003	李祥	Yi Sang	17	
EC00363	李小畜	Yi Soch'uk	16	
E203726	李曉東	Yi Hyodong	19	
E202400	李孝栢	Yi Hyobaek	18	
E204283	李孝昌	Yi Hyoch'ang	21	
E905013	李孝琛	Yi Hyoch'im	20	
E202378	李孝稱	Yi Hyojŏn	18	
E103974	李孝誠	Yi Hyosŏng	20	
E204846	李孝誠	Yi Hyosŏng	18	
E700001	李孝誠		20	
E204284	李孝從	Yi Hyojong	21	
E000693	李孝篤	Yi Hyodok	21	
E000397	李孝敦	Yi Hyodon	21	
EA01806	李孝奉	Yi Hyobong	20	
E100596	李孝幹	Yi Hyogan	20	
E202324	李孝根	Yi Hyogŭn	18	
E303806	李孝根	Yi Hyogŭn	18	
E300518	李孝恭	Yi Hyogong	19	
E301426	李孝敬	Yi Hyogyŏng	19	
E100529	李孝老	Yi Hyoro	18	
E402518	李孝禮	Yi Hyorye	18	
E400992	李孝林	Yi Hyorim	19	
E905012	李孝林	Yi Hyorim	20	
EB04400	李孝林	Yi Hyorim	18	
E706048	李孝琳	Yi Hyorim	21	
EB04064	李孝梅	Yi Hyomae	19	
E306009	李孝明	Yi Hyomyŏng	18	
E901084	李孝明	Yi Hyomyŏng	18	
E204282	李孝南	Yi Hyonam	21	
E202364	李孝朴	Yi Hyobak	18	
EC01824	李孝全	Yi Hyojŏn	21	
E202354	李孝權	Yi Hyogwŏn	18	
E400985	李孝商	Yi Hyosang	19	
E301435	李孝孫	Yi Hyoson	18	
EA01814	李孝孫	Yi Hyoson	21	
EA03186	李孝孫	Yi Hyoson	19	
E000770	李孝廷	Yi Hyojŏng	18	
E201449	李孝同	Yi Hyodong	19	
EA03185	李孝同	Yi Hyoju	19	
E300791	李孝溫	Yi Hyoon	19	
EA00590	李孝文	Yi Hyomun	20	
EB04292	李孝信	Yi Hyosin	17	
E304036	李孝哉	Yi Hyojae	20	
E103772	李孝長	Yi Hyojang	20	
EC02256	李孝長	Yi Hyojang	19	
E300274	李孝貞	Yi Hyojang	22	
E101124	李孝植	Yi Hyosik	20	
E300804	李孝忠	Yi Hyoch'ung	19	
E000728	李孝重	Yi Hyojung	21	
E201938	李孝柱	Yi Hyoju	18	
E104599	李孝宗	Yi Hyojong	20	
E203404	李孝宗		20	
E203204	李孝祖	Yi Hyojo	20	
E203391	李孝祖		20	
E905097	李偕	Yi Hae	19	
E400982	李携	Yi Hyu	18	
E301468	李諧	Yi Hae	20	
E301674	李渫	Yi Sŏl	18	
E701637	李訢	Yi Hŭn	20	
E808148	李馨	Yi Hyŏng	16	
EC00253	李信儉	Yi Sin'gŏm	19	
EB00464	李行	Yi Haeng	20	
E102617	李行儉	Yi Haenggŏm	18	
E103190	李性孫	Yi Sŏngson	20	
D206663	李興	Yi Hŭng	15	
EA01835	李興奉	Yi Hŭngbong	20	
EC04142	李興同	Yi Hŭngdong	20	
E900944	李興陽	Yi Hŭngyang	18	
E203753	李興祖		19	
E402206	李雄	Yi Ung	17	
E305889	李秀	Yi Su	18	
EC00153	李秀東	Yi Sudong	17	
E100553	李秀墩	Yi Sudon	20	
E200798	李秀芳	Yi Subang	20	
8fa62ca4-5680-486e-bd59-846187a12dd9	李秀岡		19	
E900006	李秀亨	Yi Suhyŏng	21	
E100536	李秀均	Yi Sugyun	20	
f470e6c3-d131-450e-bcdd-ec8668bfc1f8	李秀埌		20	
E302604	李秀林	Yi Surim	21	
EB04303	李秀林	Yi Surim	19	
E100544	李秀培	Yi Subae	20	
E100538	李秀垠	Yi Suŭn	20	
683cf895-24f4-4302-a55a-4d232f2ade5c	李秀英		19	
E100532	李秀增	Yi Sujŭng	20	
a3c732a7-b861-49f1-bf4d-1b81fb409e03	李秀珍		19	
EA02146	李湑	Yi Sŏ	21	
E905089	李徐	Yi Sŏ	19	
E802823	李徐孫	Yi Sŏson	20	
E900653	李栩	Yi Hŏ	18	
EC00148	李勖	Yi Uk	16	
E102974	李蓄	Yi Ch'uk	18	
EA01813	李蓿	Yi Suk	20	
E306028	李璿卿	Yi Sŏn'gyŏng	17	
E000523	李鉉	Yi Hyŏn	21	
D402252	李學林	Yi Hangnim	16	
E102976	李塤	Yi Hun	19	
E701563	李薰	Yi Hun	20	
E104470	李恂	Yi Sun	20	
E301809	李恂	Yi Sun	19	
EA04043	李荀	Yi Sun	20	
EB03097	李循	Yi Sun	20	
ff110929-ea6c-4923-ad02-8961f266215c	李雅		20	
EA02106	李淹	Yi Ŏm	21	
E205987	李延壽	Yi Yŏnsu	20	
E101193	李延孫	Yi Yŏnson	20	
E300091	李延孫		18	
E200450	李延源	Yi Yŏnwŏn	21	
D206751	李簷	Yi Ch'ŏm	15	
E306038	李弇	Yi Ŏm	16	
EA01169	李衍	Yi Yŏn	18	
E401470	李衍基	Yi Yŏn'gi	20	
E401533	李衍義	Yi Yŏnŭi	18	
E304180	李琰	Yi Yŏm	20	
E503072	李演	Yi Yŏn	19	
E103875	李儼	Yi Ŏm	19	
E402091	李堰	Yi Ŏn	19	
EA03187	李陽固	Yi Yanggo	18	
EA03184	李陽俊	Yi Yangjun	18	
E203242	李陽茂	Yi Yangmu	20	
E103194	李陽孫	Yi Yangson	20	
EC00154	李揚東	Yi Yangdong	17	
E504106	李敭	Yi Yang	21	
E104332	李養正	Yi Yangjŏng	20	
E202325	李堯臣	Yi Yosin	20	
E202339	李堯丁	Yi Yojŏng	19	
E202337	李堯民	Yi Yomin	19	
E104038	李一山	Yi Ilsan	21	
EC04017	李一同	Yi Ildong	21	
E300189	李一童	Yi Ildong	20	
E904845	李一陽	Yi Iryang	21	
E305713	李一元	Yi Irwŏn	17	
E905096	李宜	Yi Ŭi	18	
E701287	李宜蕃	Yi Ŭibŏn	18	
E104472	李宜茂	Yi Ŭimu	20	
E400587	李宜洽		18	
E305692	李宜榮	Yi Ŭiyŏng	18	
E902288	李宜榮	Yi Ŭiyŏng	19	
E305687	李宜碩	Yi Ŭisŏk	18	
E103841	李宜修	Yi Ŭisu	18	
E700985	李宜衍	Yi Ŭiyŏn	18	
E301890	李怡	Yi I	19	
E905078	李怡	Yi I	19	
733377df-7d20-4e9c-9dfc-a8f6ed741c1a	李峓		21	
E102094	李儀	Yi Ŭi	20	
EA00310	李頥	Yi I	20	
E101929	李嶷	Yi Ŭi	19	
E205098	李苡	Yi I	19	
E401469	李椅	Yi Ŭi	19	
E104152	李浥	Yi Ŭp	19	
E205145	李浥	Yi Ŭp	20	
E102709	李益達	Yi Iktal	19	
E202985	李益根	Yi Maenggŭn	18	
E204253	李益靖	Yi Ikchŏng	21	
E000543	李益培	Yi Ikpae	20	
E104540	李益朴	Yi Ikpak	19	
E205998	李益壽	Yi Iksu	20	
EA02357	李益壽	Yi Iksu	19	
EC04146	李益長	Yi Ikchang	19	
E306001	李益知	Yi Ikchi	17	
E101300	李益址	Yi Ikchi	19	
E903036	李翊	Yi Ik	19	
E300905	李義丁		20	
E100597	李義幹	Yi Ŭigan	19	
EB02826	李義亨	Kim Ŭihyŏng	20	
E902836	李義堅	Yi Ŭigyŏn	19	
E301421	李義敬	Yi Ŭigyŏng	19	
E301475	李義坤	Yi Ŭigu	18	
E203486	李義臨		19	
E302602	李義山	Yi Ŭisan	19	
E104857	李義生		18	
E201963	李義順	Yi Ŭisun	19	
E204463	李義孫	Yi Ŭison	21	
E900728	李義孫	Yi Ŭison	19	
E904098	李義童	Yi Ŭidong	18	
E203423	李義文		19	
E400374	李義文	Yi Ŭimun	18	
99b7a214-e19d-4bf1-9377-90c2808e2f1b	李義錫		20	
EC02168	李義長		19	
E202335	李億年	Yi Ŏngnyŏn	21	
8b5a7ae1-6b42-4c79-9d64-538fb8ae5feb	李億壽		1	
E206016	李億壽	Yi Ŏksu	20	
E203080	李毅		21	
E701018	李誼	Yi Ŭi	20	
E903061	李茵	Yi In	19	
D206645	李陰	Yi Ŭm	15	
E101377	李裀	Yi In	20	
E807663	李絪	Yi In	17	
E104383	李蔭	Yi Ŭm	19	
E807945	李蔭	Yi Ŭm	17	
E800281	李垠	Yi Ŭn	19	
E900628	李垠	Yi Ŭn	19	
EA01621	李寅		20	
EB03153	李銀生	Yi Ŭnsaeng	20	
E104150	李銀孫	Yi Ŭnson	20	
E401428	李尹仁	Yi Yunin	19	
EB01028	李尹孫	Yi Yunson	20	
E104452	李尹童	Yi Yundong	20	
E104449	李尹枝	Yi Yunji	20	
E104081	李胤賢	Yi Yunhyŏn	20	1
EC02174	李英達	Yi Yŏngdal	19	
E402428	李英發	Yi Yŏngbal	18	
E103569	李英幹	Yi Yŏnggan	18	
EA02793	李英明	Yi Yŏngmyŏng	19	
E103243	李英孫	Yi Yŏngson	20	
D206765	李英雨	Yi Yŏngu	14	
EB01248	李瓔		21	
D206655	李庸	Yi Yong	14	
E902998	李永蕃	Yi Yŏngbŏn	20	
EA01640	李永蕃		19	
EA01635	李永昌		19	
E303762	李永蕡	Yi Yŏngbun	20	
EA01629	李永敷	Yi Yŏngbu	20	
EA01616	李永弘		19	
E600024	李永烈	Yi	21	
EC00195	李永睦	Yi Yŏngmok	17	
E302082	李永年	Yi Yŏngnyŏn	20	
E201969	李永培	Yi Yŏngbae	19	
EA00322	李永期	Yi Yŏnggi	21	
EA01828	李永蕤	Yi Yŏngyu	20	
E300088	李永瑞	Yi Yŏngsŏ	20	
E302373	李永鐵	Yi Yŏngch'ŏl	20	
E101184	李永文	Yi Yŏngmun	19	
E104058	李永禧	Yi Yŏnghŭi	20	
E201124	李永祥	Yi Yŏngsang	18	
E301285	李永宣		19	
EA00588	李永垠		19	
E903002	李永蓁	Yi Yŏngjin	20	
EA00318	李永㱓	Yi Yŏngnyŏng	20	
E104167	李泳	Yi Yŏng	19	
E303444	李泳	Yi Yŏng	18	
E101873	李優	Yi U	20	
E401665	李由長	Yi Yujang	17	
E104000	李楢	Yi Yu	20	
E501292	李友林		21	
E103442	李有康	Yi Yugang	19	
E202876	李有仁	Yi Yuin	19	
E100857	李有榮	Yi Yuyŏng	19	
E102707	李有若	Yi Yuyak	18	
E402398	李有喜	Yi Yusŏn	17	
E203402	李有直		20	
E200083	李右長	Yi Sŏkchang	18	
E200081	李右貞	Yi Sŏkchŏng	18	
E203026	李佑甫	Yi Ubo	21	
E305909	李祐	Yi U	18	
E202977	李于蕃		18	1
E301910	李玗	Yi Kan	19	
EA02443	李堣	Yi U	19	
E301913	李玉衡	Yi Okhyŏng	19	
E103045	李玉石	Yi Oksŏk	20	
EA00265	李玉石	Yi Oksŏk	20	
EC04144	李玉同	Yi Oktong	20	
E300532	李玉文	Yi Ongmun	19	
EA01803	李育	Yi Yuk	20	
E401473	李裕基	Yi Yugi	19	
E104835	李裕生	Yi Yusaeng	19	
E302260	李遇良	Yi Uryang	19	
E300537	李遇文	Yi Umun	19	
E900549	李遇陽	Yi Uyang	18	
E901239	李元幹	Yi Wŏn'gan	20	
E102960	李元根	Yi Wŏn'gŭn	18	
E205745	李元亨	Yi Wŏnhyŏng	18	
D206657	李元紘	Yi Wŏn'goeng	15	
D206662	李元緝	Yi Wŏnjip	15	
D206667	李元絳	Yi Wŏn'gang	15	
E103521	李元精		21	
E203549	李元禮		20	
E807803	李元良		17	
E102681	李元亮	Yi Wŏllyang	21	
E301863	李元守	Yi Wŏnsu	21	
E805232	李元孫		21	
E305783	李元威	Yi Wŏnwi	17	
E903013	李元孝	Yi Wŏnhyo	20	
D206666	李元絢	Yi Wŏnhyŏn	15	
E905003	李元增	Yi Wŏnjŭng	18	
E302650	李元植	Yi Yunsik	19	
D402397	李元䙗	Yi Wŏnjŏk	16	
E400371	李原	Yi Wŏn	18	
EC02221	李原達	Yi Kŏl	21	
E202947	李原植		20	
EA01105	李源	Yi Wŏn	20	
E202452	李源達	Yi Wŏndal	20	
EC02267	李源英	Yi Wŏnyŏng	20	
EC02260	李源植	Yi Wŏnsik	20	
E901658	李瀹	Yi Yak	16	
E701526	李蒀	Yi On	20	
E402363	李暈	Yi Hun	17	
E104352	李蒕	Yi On	19	
E706046	李昀	Yi Yun	21	
E400129	李雲候	Yi Unhu	16	
EC02280	李允純	Yi Yunsun	20	
EC02276	李允粹	Yi Yunsu	20	
E203928	李允儉	Yi Yun'gŏm	19	
EC02285	李允精	Yi Yunjŏng	20	
EA03107	李允靖	Yi Yunjŏng	20	
E102700	李允若	Yi Yunyak	18	
E304581	李允孫	Yi Yunson	20	
E902067	李允同	Yi Yunsang	18	
EC02289	李允中	Yi Yunjung	20	
E102704	李運忠	Yi Unch'ung	20	
E100593	李韞	Yi On	16	
E402463	李韻	Yi Un	17	
E202868	李在仁	Yi Chaein	19	
EA02089	李儹	Yi Ch'an	21	
EC00688	李瓚	Yi Ch'an	19	
E305887	李藻	Yi Cho	16	
E102048	李則	Yi Ch'ik	20	
EC01020	李澤		19	
E203133	李增	Yi Chŭng	19	
EA01148	李增	Yi Chŭng	22	
E901479	李璔	Yi Chŭng	20	
E301433	李湛	Yi Tam	18	
E104566	李張訔	Yi Changŭn	20	
E903033	李樟	Yi Chang	19	
E901501	李璋	Yi Chang	19	
EC00138	李長得	Yi Changdŭk	17	
EC00137	李長發	Yi Changbal	17	
E301558	李長根	Yi Changgŭn	19	
E000679	李長男	Yi Changnam	19	
E901007	李長生	Yi Changsaeng	19	
E000207	李長孫	Yi Changson	21	
E102794	李長孫	Yi Changson	17	
E104323	李長孫	Yi Sŏnsaeng	20	
E305999	李長孫	Yi Changson	16	
E401513	李長孫	Yi Changson	19	
E902307	李長孫	Yi Changson	21	
EA01807	李長孫	Yi Changson	21	
E201480	李長孝	Yi Changhyo	17	
E102374	李長源	Yi Changwŏn	21	
E104135	李長枝	Yi Changji	19	
E103976	李昭	Yi Ch'o	20	
E204673	李兆壽	Yi Chosu	20	
E200322	李櫂	Yi T'ak	20	
E701357	李哲	Yi Ch'ŏl	20	
E303419	李哲命	Yi Ch'ŏlmyŏng	19	
E900548	李哲孫	Yi Ch'ŏlson	19	
E103283	李哲同	Yi Ch'ŏldong	21	
E303434	李哲同	Yi Kyŏngmyŏng	19	
E304582	李哲巖	Yi Kwangan	21	
0197fd35-6fec-75ff-987e-b7f6378f7006	李哲長		21	
EB04003	李貞	Yi Chŏng	17	
E104381	李貞老	Yi Chŏngno	20	
E805062	李貞孫	Yi Chŏngson	20	
E305742	李貞允	Yi Chŏngyun	17	
E103750	李貞之		19	
E305040	李偵	Yi Chŏng	20	
E200358	李桭	Yi Chin	20	
E200359	李楨	Yi Chŏng	20	
E300917	李楨		19	
E203241	李禎	Yi Chŏng	19	
E900502	李禎	Yi Chŏng	17	
E305726	李禎祥	Yi Chŏngsang	18	
E104373	李蓁	Yi Chin	19	
E902102	李箴	Yi Cham	20	
E103197	李振孫	Yi Chinson	20	
E101194	李振文	Yi Chinmun	19	
EA00268	李鎭		20	
E000290	李整	Yi Chŏng	21	
E901692	李正己	Yi Chŏnggi	19	
E203184	李証	Yi Chŏng	21	
E202858	李之蕃	Yi Chibŏn	18	
E900491	李之成	Yi Chisŏng	17	
E301292	李之任	Yi Chiim	22	
E305711	李之柔	Yi Chiyu	16	
E303925	李之善	Yi Chisŏn	18	
EA00391	李之秀		20	
E203015	李支點	Yi Ujŏm	21	
EB01116	李知恥	Yi Chich'i	21	
E303544	李知非	Yi Chibi	18	
E303552	李知咎	Yi Chigu	18	
E104204	李知命	Yi Chimyŏng	18	
E204278	李知言	Yi Chiŏn	19	
EA00226	李禔		18	
E401545	李侄	Yi Chil	19	
E104487	李直幹	Yi Chikkan	18	
E701591	李埴	Yi Sik	20	
E203810	李植	Yi Sik	21	
E201748	李植根	Yi Sikkŭn	19	
E902023	李止堈	Yi Chigang	21	
E103253	李止任	Yi Chiim	19	
E103252	李止孝	Yi Chihyo	19	
E103254	李止信	Yi Chisin	19	
E103242	李止忠	Yi Chich'ung	19	
E808030	李祉	Yi Chi	18	
E902321	李徵	Yi Ching	21	
E302090	李至	Yi Chi	19	
E900332	李致美	Yi Ch'imi	18	
EC02225	李智長		19	1
E203792	李智準		19	
E101980	李質	Yi Chil	20	
E402390	李隲	Yi Ch'ŏk	17	
E104499	李中正	Yi Chungjŏng	18	
E104497	李中至	Yi Chungji	18	
E202371	李忠達	Yi Chungdal	19	
E301698	李忠剛	Yi Ch'unggang	18	
E100574	李忠老	Yi Ch'ungno	17	
E401258	李終生	Yi Chongsaeng	17	
E103049	李終石	Yi Chongsŏk	20	
E305786	李終始	Yi Chongsi	17	
EA00287	李終岩		22	
E104834	李種	Yi Chong	18	
E401454	李種德	Yi Chongdŏk	17	
E104493	李種甫	Yi Chongbo	19	
E401483	李種仁	Yi Chongin	17	
E401303	李種善	Yi Chongsŏn	17	
E204848	李種生	Yi Chongsaeng	21	
D904999	李種學	Yi Chonghak	16	
E200470	李踵	Yi Chong	19	
E203412	李仲		19	
E807976	李仲成	Yi Chungsŏng	16	
E102288	李仲淳	Yi Chungsun	20	
E401554	李仲扶	Yi Chungbu	17	
E807840	李仲岡	Yi Chunggang	17	
E807662	李仲規	Yi Chunggyu	19	
EC01742	李仲規	Yi Chunggyu	20	
E204249	李仲靖	Yi Chungjŏng	21	
E304154	李仲矩	Yi Chungsŏn	19	
E807839	李仲崑	Yi Chunggon	17	
E301361	李仲老		20	
E302165	李仲林	Yi Chungnim	18	
D206770	李仲明	Yi Chungmyŏng	14	
E302152	李仲權	Yi Chunggwŏn	18	
E807664	李仲權	Yi Chunggwŏn	18	
E103043	李仲山	Yi Chungsan	19	
E303820	李仲善		19	1
E104527	李仲生	Yi Chungsaeng	20	
E100537	李仲石	Yi Chungsŏk	19	
E103420	李仲壽	Yi Chungsu	19	
E000766	李仲孫		17	1
E204602	李仲孫	Yi Chungson	20	
E104490	李仲禧	Yi Chunghŭi	20	
E203447	李仲禧		19	
E302123	李仲行	Yi Chunghaeng	18	
E305735	李仲允	Yi Chungyun	17	
E301898	李仲專	Yi Chungjŏn	18	
E301222	李重連	Yi Chungnyŏn	21	
E102301	李重元	Yi Chungwŏn	20	
E304776	李洙	Yi Su	19	
E808032	李洙	Yi Su	19	
E204996	李著	Yi Chŏ	20	
E808062	李擢	Yi T'ak	17	
E200294	李孜		19	
E101577	李子番	Yi Chabŏn	21	
EC01241	李梓	Yi Chae	19	
E503095	李滓	Yi Haeng	19	
E701402	李漬	Yi Chi	20	
E301645	李宗幹	Yi Chonggan	19	
E302056	李宗幹	Yi Chonggan	19	
E802804	李宗謹	Yi Chonggŭn	19	
EA00413	李宗敬		19	
E201084	李宗禮	Yi Chongnye	19	
E301640	李宗禮	Yi Chongnye	19	
E303810	李宗林	Yi Chongnim	19	
E305736	李宗林	Yi Chongnim	18	
E301409	李宗美	Yi Chongmi	19	
E302163	李宗明	Yi Chongmyŏng	19	
E102963	李宗慶	Yi Chonggyŏng	19	
E203992	李宗讓	Yi Chongyang	18	
E201175	李宗仁	Yi Chongin	19	
E102968	李宗顯	Yi Chonghyŏn	19	
E302414	李宗孝	Yi Chonghyo	18	
EA00417	李宗孝		19	
E301641	李宗信	Yi Chongsin	19	
E305903	李宗信	Yi Chongsin	18	
E102961	李宗衍	Yi Chongyŏn	19	
56411132-b48f-46ae-8dd5-e425086a36fa	李宗堯		20	
EA00418	李宗忠		19	
E900610	李宗準	Yi Chongjun	19	
E701471	李菆	Yi Ch'u	20	
E101978	李遵	Yi Chun	20	
E101945	李琢	Yi T'ak	20	
E401865	李作	Yi Chak	17	
E102504	李㙲		20	
E900881	李㙽	Yi Sŏk	18	
E203046	李𡩁		19	
E807811	李㺵		17	
E201008	李𤥽	Yi Ŏ	20	
E401048	李㽔	Yi Yu	18	
E204244	李𥩲	Yi Hae	20	
E902230	李䇏	Yi T'oe	22	
EA00243	李𧪚		19	
E103531	廉從恒		20	
D401000	廉大侑	Yŏm Taeyu	16	
D206617	廉廣原	Yŏm Kwangwŏn	15	
E103528	廉貴恒	Yŏm Kwihang	20	
D401698	廉國寶	Yŏm Kukpo	16	
EB04387	廉洪道	Yŏm Hongdo	16	1
E102338	廉紀	Yŏm Ki	20	
E104791	廉繼興	Yŏm Kyehŭng	18	
E104823	廉剋己	Yŏm Kŭkki	19	
E103522	廉尙恒	Yŏm Sanghang	20	
E103533	廉順恭	Yŏm Sun'gong	19	
E000919	廉順良	Yŏm Sullyang	19	
D206595	廉悌臣	Yŏm Chesin	14	
D206614	廉庭秀	Yŏm Chŏngsu	15	
E402297	廉析	Yŏm T'ak	17	
E104804	廉孝興	Yŏm Hyohŭng	18	
DC00421	廉興邦	Yŏm Hŭngbang	15	
E103523	廉修	Yŏm Su	21	
D401299	廉頤	Yŏm I	18	
E103530	廉以恒		20	
E104792	廉義	Yŏm Ŭi	19	
E103529	廉有恒	Yŏm Yuhang	20	
E103534	廉縡	Yŏm Chae	20	
E104822	廉致		18	1
E402226	廉致庸	Yŏm Ch'iyong	17	
D401697	廉致中	Yŏm Ch'ijung	17	
E402296	廉子善	Yŏm Chasŏn	17	
EA01311	梁誠之	Yang Sŏngji	19	
E304653	梁達	Yang Tal	19	
E103697	梁琥	Yang Ho	20	
E804378	梁活	Yang Hwal	21	
E804281	梁濟	Yang Che	21	
E804367	梁潔	Yang Kyŏl	21	
E807672	梁金同	Yang Kŭmdong	17	
E201489	梁京	Yang Kyŏng	18	
E300486	梁泂	Yang Hyŏng	21	
E103696	梁九疇	Yang Kuju	18	
E000228	梁峻	Yang Chun	20	
E103718	梁璘	Yang Rin	20	
E807674	梁泌	Yang P'il	17	
E000229	梁普	Yang Po	21	
E202009	梁琦	Yang Ki	20	
E804303	梁潤	Yang Yun	22	
E701455	梁淑		21	1
E300883	梁順文		19	
E807671	梁想	Yang Sang	16	
E202010	梁信之	Yang Sinji	19	
EA00473	梁琇	Yang Su	21	
E807673	梁意	Yang Ŭi	16	
D206676	梁元堅	Yang Wŏn'gyŏn	15	
E103727	梁瑗	Yang Wŏn	20	
E300487	梁瓚	Yang Ch'an	20	
E807688	梁志	Yang Chi	16	
E804245	梁治	Yang Ch'i	21	
E201491	梁渚	Yang Chŏ	19	
E202355	梁注	Yang Chu	19	
E201492	梁自海		20	
E201493	梁自江		20	
EB00984	林彬	Im Pin	20	
EC00622	林幹	Im Kan	20	
E900900	林貴枝	Im Kwiji	18	
EB04041	林亨	Im Hyŏng	18	
E305791	林繼孫	Im Kyeson	18	
D206658	林蹇	Im Kŏn	15	
E204587	林九剛	Im Kugang	18	
E201843	林救	Im Ku	18	
E302566	林壤	Im Yang	20	
E807668	林世用	Im Seyong	17	
E304769	林壽昌	Pak Such'ang	18	
EB00964	林效儉	Im Hyogŏm	19	
E204404	林秀茂	Im Sumu	18	
EC00616	林秀卿	Im Sugyŏng	19	
E000395	林堰	Im Ŏn	21	
E305789	林義	Im Ŭi	17	
E804075	林有琛	Im Yuch'im	21	
EA00492	林自蕃		19	
E305969	劉福謙	Yu Pokkyŏm	17	
E200055	劉恒	Yu Hang	19	
E205149	劉瑾	Yu Kŭn	20	
E205153	劉璟	Yu Kyŏng	20	
E305971	劉敬孫	Yu Kyŏngson	18	
E203863	劉寬		18	
E305970	劉孟孫	Yu Maengson	18	
E504611	劉用純	Yu Yongsun	20	
E504607	劉用何	Yu Yongha	20	
E504595	劉用良		20	
E301563	劉用平	Yu Yongp'yŏng	20	
E305967	劉祐	Yu U	16	
E205155	劉瓚	Yu Ch'an	20	
E205140	劉沼	Yu So	19	
E301564	劉智問	Yu Chiju	19	
EB02127	柳[雨+染]		19	
E401566	柳岸	Yu An	19	
EB00688	柳澳	Yu O	19	
E301712	柳保門	Yu Pomun	19	
E401441	柳苯	Yu Pun	18	
E605622	柳坋	Yu Pun	20	
E100112	柳邊	Yu Pyŏn	23	
E401381	柳蕃	Yu Pŏn	19	
EA03646	柳伯昌	Yu Paekch'ang	20	
E301700	柳伯根	Yu Paekkŭn	18	
E502638	柳伯堅	Yu Paekkyŏn	21	
EB00650	柳伯全	Yu Paekchŏn	20	
01980342-914c-725d-af9d-46612889c96b	柳伯孫		19	
E200496	柳伯孫	Yu Paekson	20	
E400822	柳晡		20	1
E100365	柳常	Yu Sang	19	
E401880	柳昶	Yu Ch'ang	17	
E700994	柳沉	Yu Ch'im	19	
E301907	柳承涵	Yu Sŭngham	20	
E301751	柳承茂	Yu Sŭngmu	19	
EB01934	柳承緖	Yu Sŭngsŏ	20	
E206856	柳承宗	Yu Sŭngjong	19	
E303976	柳澄	Yu Ching	19	
E401377	柳澄	Yu Ching	18	
E401527	柳疇	Yu Chu	18	
EA01319	柳綽	Yu Chak	18	
E303977	柳從華	Yu Chonghwa	18	
EC01964	柳從京	Yu Chonggyŏng	18	
EB00754	柳從源	Yu Chongwŏn	19	
EC00171	柳淙	Yu Chong	17	
EB02129	柳大賢	Yu Taehyŏn	20	
E401653	柳愓	Yu Ch'ŏk	18	
EB02509	柳道長	Yu Tojang	20	
EA01870	柳嫡孫	Yu Chŏkson	20	
EA01860	柳嫡長	Yu Chiyŏn	20	
E401507	柳踶	Yu Che	19	
EA02374	柳丁淵	Yu Chŏngyŏn	19	
E902122	柳敦復	Yu Tonbok	20	
E902119	柳方敬	Yu Panggyŏng	19	
E101908	柳方善	Yu Pangsŏn	19	
E302469	柳汾	Yu Pun	19	
E900555	柳鳳壽	Yu Pongsu	18	
E904850	柳佛山	Yu Pulsan	21	
E301770	柳浮	Yu Pu	19	
EC00280	柳福剛	Yu Pokkang	18	
E303685	柳輔	Yu Po	19	
EB02156	柳復		20	
E101439	柳垓		21	
EC00274	柳剛	Yu Kang	18	
D401641	柳玽	Yu Ku	16	
E100439	柳轂	Yu Kok	19	
EC04139	柳龜瑞	Yu Kwisŏ	20	
EC04138	柳龜壽	Yu Kwisu	20	
EC00170	柳浛	Yu Ham	17	
E305100	柳漢	Yu Han	18	
E900099	柳漢平	Yu Hanp'yŏng	20	
E103663	柳漢卿	Yu Han'gyŏng	20	
E201229	柳漢生	Yu Hansaeng	17	
E205179	柳漢長	Yu Hanjang	20	
E202438	柳壕	Yu Ho	21	
E303757	柳濠	Yu Ho	19	
EB02046	柳河	Yu Ha	17	
E100701	柳亨長	Yu Hyŏngjang	21	
D401657	柳瑚	Yu Ho	16	
E104180	柳瑚	Yu Ho	19	
D401630	柳惠芳	Yu Hyebang	15	
E400254	柳惠剛	Yu Hyegang	18	
D401422	柳惠孫	Yu Hyeson	16	
E502560	柳惠仝	Yu Hyedong	21	
EA03183	柳僡		19	
E303960	柳混	Yu Hon	19	
EB02222	柳績	Yu Chŏk	19	
EC00174	柳汲	Yu Kŭp	17	
E303702	柳輯	Yu Chip	19	
EC02308	柳季燔	Yu Kyebŏn	20	
D402338	柳季高	Yu Kyego	16	
E301773	柳季根		18	
4e76341c-7a4b-40cf-8750-f10e1660a400	柳季老		20	
E304087	柳季孫	Yu Kyeson	20	
EB04098	柳季孫	Yu Kyeson	20	
EC02315	柳季潼	Yu Kyedong	20	
EC02314	柳季漳	Yu Kyejang	20	
E401447	柳繼淙	Yu Kyejong	19	
E401446	柳繼洽	Yu Kyehŭp	19	
E401442	柳繼源	Yu Kyewŏn	19	
E900935	柳甲孫	Yu Kapson	19	
E901607	柳澗生	Yu Kansaeng	19	
EC00175	柳江	Yu Kang	19	
E303819	柳津	Yu Chin	19	
E100105	柳近	Yu Kŭn	23	
EC00486	柳京生		18	
E303988	柳井文	Yu Chŏngmun	20	
E905040	柳淨	Yu Chaeng	18	
E204086	柳敬孫	Yu Kyŏngson	18	
E304661	柳敬元	Yu Kyŏngwŏn	19	
E904714	柳坰	Yu Kyŏng	20	
EA02238	柳坰	Yu Kyŏng	21	
E303726	柳玖	Yu Ku	19	
E303721	柳琚	Yu Kŏ	19	
E400819	柳睠	Yu Kwŏn	21	
E100573	柳均	Yu Kyun	20	
EB00663	柳浚	Yu Chun	19	
E401529	柳畯	Yu Chun	18	
E401191	柳開		17	
EA03541	柳連孫	Yu Yŏnson	21	
E602955	柳潾	Yu Rin	20	
D400788	柳臨	Yu Rim	15	
E100097	柳麟種	Chŏng	22	
E904981	柳撛童		20	
E301701	柳龍門	Yu Yongmun	19	
E401078	柳龍生	Yu Yongsaeng	17	
E203239	柳綸	Yu Ryun	19	
E303652	柳輪	Yu Ryun	19	
D401777	柳蔓殊	Yu Mansu	15	
E102800	柳眉	Yu Mi	19	
E302364	柳眉壽		20	
EB02166	柳孟孫	Yu Maengson	20	
EC02609	柳彌性	Yu Misŏng	18	
E301748	柳溟	Yu Myŏng	18	
a0590bde-c602-43a2-9b2e-6ec5bc3daa8e	柳命山		21	
EA02502	柳命源	Yu Myŏngwŏn	20	
E202249	柳末孫	Yu Malson	21	
EA03559	柳末孫	Yu Malson	21	
EC02307	柳末孫	Yu Malson	19	
E203838	柳彭壽	Yu P'aengsu	20	
E905184	柳闢	Yu Pyŏk	19	
E300648	柳敀淵		19	
E205397	柳溥	Yu Pu	19	
E401526	柳畦	Yu Hyu	18	
EA04073	柳洽	Yu Hŭp	21	
EB02194	柳千孫		20	
E401497	柳阡	Yu Ch'ŏn	19	
E401012	柳謙	Yu Kyŏm	17	
E303745	柳瓊	Yu Kyŏng	19	
E401654	柳恮	Yu Chŏn	18	
EA02700	柳讓	Yu Yang	21	
E200853	柳仁濠		20	
E202366	柳仁濕	Yu Insŭp	21	
E401333	柳瑞生	Yu Sŏsaeng	17	
E200961	柳閏	Yu Yun	18	
E303881	柳潤	Yu Yun	19	
E100770	柳三陽		21	
EA00190	柳埏		18	
EB02507	柳善長	Yu Sŏnjang	20	
E204488	柳紹	Yu So	20	
E103091	柳伸	Yu Sin	20	
EB00662	柳瀋	Yu Sim	19	
E401174	柳升漑		18	
E902123	柳石堅	Yu Sŏkkyŏn	21	
EA02358	柳石智	Yu Sŏkchi	19	
EB00276	柳守昌	Yu Such'ang	20	
EC00275	柳守剛	Yu Sugang	18	
E502556	柳守宗	Yu Sujong	21	
E103689	柳壽眉		20	
EB02514	柳壽長	Yu Sujang	20	
E301760	柳叔根	Yu Sukkŭn	18	
E401058	柳叔連		18	1
EA02714	柳塾	Yu Suk	20	
E902063	柳順行	Yu Sunhaeng	19	
E303760	柳思恭	Yu Sagong	18	
E400789	柳思訥	Yu Sanul	16	
E303756	柳思溫	Yu Saon	18	
E202883	柳思問	Yu Samun	19	
E303880	柳思義	Yu Saŭi	18	
E201377	柳思忠	Yu Sach'ung	18	
EC00180	柳泗	Yu Sa	19	
E104351	柳嗣宗	Yu Sajong	20	
EB02555	柳綏		18	
96469a69-e671-431c-bac0-e7cbae6561ba	柳墰		20	
E201855	柳坦	Yu T'an	19	
835ef098-d990-40fc-90de-7ca1c5eeece8	柳塘		20	
EB00629	柳條	Yu Cho	19	
fc3d0119-c487-40b2-badc-51b14c396ff8	柳鐵柱		20	
E301949	柳汀	Yu Chŏng	16	
E303963	柳湋	Yu Wi	19	
EC00147	柳溫	Yu On	17	
E205807	柳文達	Yu Mundal	18	
E203925	柳文孫	Yu Munson	19	
E205768	柳文通	Yu Munt'ong	18	
E401496	柳文植	Yu Munsik	18	
EB01297	柳塢	Yu O	21	
E401380	柳溪	Yu Kye	19	
E402610	柳夏	Yu Ha	17	
E808001	柳線	Yu Sŏn	20	
E204422	柳湘	Yu Sang	19	
E401521	柳珦	Yu Hyang	16	
E807931	柳孝伯	Yu Hyobaek	18	
E807764	柳孝川	Yu Hyoch'ŏn	17	
EC04910	柳孝復		1	
E304793	柳孝綱		19	
E100767	柳孝根	Yu Hyogŭn	20	
E200059	柳孝根	Yu Hyogŭn	18	
EB00280	柳孝良		18	
E304369	柳孝山	Yu Hyosan	18	1
EB02223	柳孝孫	Yu Hyoson	20	
E301905	柳孝潭	Yu Hyodam	19	
EC00241	柳孝庸	Yu Hyoyong	19	
E100115	柳孝源	Yu Hyowŏn	18	
E200854	柳孝章	Yu Hyojang	21	
E807929	柳孝哲	Yu Hyoch'ŏl	18	
E301947	柳孝智	Yu Hyoji	19	
EB00317	柳孝中	Yu Hyojung	21	
E401588	柳諧	Yu Hae	18	
E902121	柳休復	Yu Hyubok	20	
E301761	柳絮	Yu Sŏ	19	
EC00178	柳漵	Yu Sŏ	19	
EC01491	柳軒	Yu Hŏn	20	
EA02834	柳玄孫	Yu Hyŏnson	20	
EB02505	柳纁	Yu Hun	19	
E303783	柳洵	Yu Sun	19	
EB04243	柳訓	Yu Hun	17	
DC00183	柳衍之	Yu Yŏnji	16	
E401440	柳琰	Yu Yŏm	17	
E201349	柳演	Yu Yŏn	19	
E900938	柳陽孫	Yu Yangson	19	
EA02486	柳養源	Yu Yangwŏn	21	
E303732	柳瑤	Yu Yo	19	
EC02611	柳依	Yu Ŭi	20	
E904849	柳依享		20	
E401456	柳沂	Yu Ki	18	
E401642	柳怡	Yu I	18	
EA02361	柳羿智	Yu Yeji	19	
E000943	柳益厚	Yu Ikhu	19	
E808050	柳義	Yu Ŭi	16	
D401659	柳義瑚	Yu Ŭiho	16	
EA02688	柳義濕	Yu Ŭisŭp	21	
E102553	柳義孫	Yu Ŭison	19	
E400260	柳殷之	Yu Ŭnji	18	
E401185	柳闉	Yu In	18	
E401565	柳垠	Yu Ŭn	19	
E100116	柳銀	Yu Kŭn	19	
EB02140	柳胤	Yu Yun	20	
E401531	柳英	Yu Yŏng	18	
E902458	柳應祥	Yu Ŭngsang	22	
E402219	柳頴	Yu Ŭi	17	
EA02467	柳永根	Yu Wŏn'gŭn	20	
EA00141	柳永澗	Yu Yŏnggan	19	
E304034	柳永錫	Yu Yŏngsŏk	20	
E103803	柳永修	Yu Yŏngsu	20	
E203836	柳永貞		19	
E000926	柳牗	Yu Yu	19	
D401075	柳淵	Yu Yŏn	16	
E902923	柳淵	Yu Yŏn	19	
EB04113	柳元廷	Yu Wŏnjŏng	16	
D400559	柳原之	Yu Wŏnji	16	
E304269	柳源	Yu Wŏn	19	
E303989	柳源汶	Yu Wŏnmun	20	
E100100	柳遠	Yu Wŏn	23	
EA02454	柳遠楨	Yu Wŏnjŏng	20	
EA02478	柳遠枝	Yu Wŏnji	20	
E201228	柳約	Yu Yak	21	
E401011	柳悅	Yu Yŏl	18	
EA00087	柳雲孫		20	
EA04321	柳允昌	Yu Yunch'ang	21	
E902109	柳允庚	Yu Yun'gyŏng	20	
E902114	柳允謙	Yu Yun'gyŏm	20	
EB02139	柳儹	Yu Ch'an	19	
E401478	柳瓚	Yu Ch'an	17	
E202546	柳澤	Yu T'aek	21	
E900883	柳漳	Yu Chang	18	
EA02488	柳漳	Yu Chang	22	
EA02860	柳長孫	Yu Changson	20	
cd0a3bfa-7c13-4464-8fab-2456542b7d5e	柳長孫	Yu Changson	20	
EA02498	柳長源	Yu Changwŏn	20	
E103580	柳哲孫	Yu Ch'ŏlson	21	
E401230	柳貞	Yu Chŏng	19	
EB03100	柳軫		21	
EB00106	柳正孫	Yu Chŏngson	19	
E401561	柳之灌	Yu Chigwan	18	
E401525	柳之涵	Yu Chiham	17	
E800255	柳之亨	Yu Chihyŏng	21	
E401543	柳之漸	Yu Chijŏm	17	
E401567	柳之潤	Yu Chiyun	18	
E204091	柳之盛		19	
E304005	柳之信	Yu Chisin	20	
E401530	柳之演	Yu Chiyŏn	17	
E401572	柳殖	Yu Sik	19	
E401528	柳畤	Yu Ch'i	18	
E301418	柳輊	Yu Chi	21	
E304126	柳終孫	Yu Chongson	20	
E200076	柳仲昌	Yu Chungch'ang	18	
E301750	柳仲根	Yu Chunggŭn	18	
E502642	柳仲堅	Yu Chunggyŏn	21	
E302145	柳仲孫	Yu Chungson	20	
EA02863	柳仲孫	Yu Chungson	20	
E304890	柳軸	Yu Ch'uk	19	
E302149	柳宙	Yu Yŏn	19	
EC00179	柳洙	Yu Su	19	
E202065	柳霔	Yu Chu	20	
EB00679	柳滋	Yu Cha	19	
EC00498	柳資	Yu Cha	17	
EA02872	柳子恭	Yu Chagong	19	
E202557	柳子亨	Yu Chahyŏng	20	
E202511	柳子煥	Yu Chahwan	19	
EA02874	柳子儉	Yu Chagŏm	19	
EA02858	柳子炯	Yu Chahyŏng	19	
EA02871	柳子良	Yu Charyang	19	
EA02870	柳子溫	Yu Chaon	19	
EA02840	柳子文	Yu Chamun	19	
EA02833	柳子孝	Yu Chahyo	19	
EA02686	柳子偕	Yu Chahae	19	
EA02857	柳子信	Yu Chasin	19	
EA02859	柳子行	Yu Chahaeng	19	
EC02599	柳子禎		18	1
EA02814	柳子忠	Yu Chach'ung	19	
E903065	柳自漢	Yu Chahan	20	
E303720	柳自湖	Yu Chaho	18	
E900794	柳自儉	Yu Chagŏm	19	
E401625	柳自湄	Yu Chami	18	
E400657	柳自披	Yu Chap'i	19	
E300209	柳自潭	Yu Chadam	20	
E900486	柳自依	Yu Chaŭi	19	
EA00936	柳自淵	Yu Chayŏn	18	
E303752	柳自沼	Yu Chaso	18	
E401594	柳宗淳	Yu Chongsun	19	
E104372	柳宗埈	Yu Chongjun	20	
E401593	柳宗潤	Yu Chongyun	19	
E401575	柳宗秀	Yu Chongsu	21	
E807927	柳宗叙	Yu Chongsŏ	17	
E402513	柳宗植	Yu Chongsik	17	
DC00111	柳總	Yu Ch'ong	14	
E905186	柳祚	Yu Cho	20	
E302094	盧抃文		18	
E401358	盧承德	No Sŭngdŏk	18	
E802523	盧處和	No Ch'ŏhwa	19	
E802420	盧處均		19	1
E103203	盧處中	No Ch'ŏjung	19	
E302599	盧次山	No Ch'asan	19	
E301613	盧從德	No Chongdŏk	18	
E301626	盧從智	No Chongji	18	
E300367	盧德基	No Tŏkki	20	
E401467	盧定之	No Chŏngji	19	
E701796	盧公弼	No Kongp'il	20	
E301414	盧公著	No Kongjŏ	21	
D807902	盧龜明	No Kwimyŏng	17	
E302096	盧漢臣	No Hansin	19	
E103204	盧漢石	No Hansŏk	20	
E903026	盧好愼	No Hosin	20	
E304391	盧懷愼	No Hoesin	19	
D402640	盧濟	No Che	15	
E400304	盧警	No Kyŏng	18	
E301625	盧敬孫	No Kyŏngson	19	
D206624	盧冏	No Kyŏng	15	
EB01926	盧俊	No Chun	19	
E200751	盧盼	No Pun	20	
E802626	盧善卿	No Sŏn'gyŏng	20	
E802484	盧尙禮	No Sangnye	18	
E402488	盧尙智	No Sangji	19	
E302583	盧石崇	No Sŏksung	20	
E301332	盧石堅	No Sŏkkyŏn	21	
E401357	盧湜	No Sik	19	
E305758	盧叔恭	No Sukkong	21	
E807875	盧叔信	No Suksin	18	
E301616	盧悌孫	No Cheson	19	
E402564	盧琠	No Chŏn	17	
E302536	盧鐵剛		20	
EB00714	盧惟愼	No Yusin	19	
E802582	盧熙善	No Hŭisŏn	21	
E802652	盧熙淑	No Hŭisuk	21	
E203946	盧孝恭	No Hyogong	18	
E301615	盧孝孫	No Hyoson	19	
E304884	盧孝忠	No Hyoch'ung	18	
E402646	盧信	No Sin	17	
E301551	盧信達		20	
E104745	盧信東	No Sindong	20	
E202899	盧信禮	No Sillye	18	
EB01927	盧休	No Hyu	19	
E302540	盧彦邦	No Ŏnbang	21	
E302538	盧彦弼	No Ŏnp'il	21	
E506157	盧益達	No Iktal	20	
E301102	盧異山	No Isan	19	
D301251	盧訔	No Ŭn	16	
E700977	盧佑賢	No Uhyŏn	20	
D402641	盧瑜	No Yu	16	
E202621	盧允弼	No Yunp'il	19	
D301253	盧允卿	No Yun'gyŏng	18	
E301264	盧哲根	Cho	20	
E301101	盧哲堅		20	
E000768	盧哲仝		17	
E401030	盧証	No Chŏng	18	
E900993	盧仲淸	No Chungch'ŏng	18	
EA02384	盧自盛	No Chasŏng	1	
E900722	盧祖	No Cho	19	
D301249	盧𧨝	No Hyŏng	17	
E900907	魯存禮	No Chollye	17	
E902389	魯德生	No Tŏksaeng	19	
E400353	魯乙卿	No Ŭlgyŏng	18	
E900910	魯誾	No Ŭn	18	
E502562	陸機	Yuk Ki	21	
EA02731	呂承肩	Yŏ Sŭnggyŏn	19	
E102370	呂承堪	Yŏ Sŭnggam	19	
E303927	呂從敬	Yŏ Chonggyŏng	18	
E302166	呂諫	Yŏ Kan	19	
E102266	呂希寧	Yŏ Hŭiryŏng	20	
E200858	呂孝輔	Yŏ Hyobo	20	
E103324	呂義輔	Yŏ Ŭibo	20	
E900781	呂詠	Yŏ Yŏng	18	
E806038	呂允傑	Yŏ Yun'gŏl	21	
EA02980	呂允秀	Yŏ Yunsu	21	
E805801	呂允哲	Yŏ Yunch'ŏl	21	
EA03123	呂忠輔	Yŏ Ch'ungbo	20	
E104458	呂宗肅	Yŏ Chongsuk	19	
51b4e6d5-42eb-4d70-ae5b-46cf0d330e8d	慮源善		17	
E301681	羅緟		20	
E301678	羅洪䋨	Na Hongbu	19	
E201423	羅經	Na Kyŏng	19	
E202529	羅連宗	Na Yŏnjong	20	
E301682	羅絟	Na Chŏn	20	
E301685	羅紳	Na Sin	20	
E000859	羅嗣宗	Na Sajong	20	
E201404	羅孝順	Na Hyosun	18	
E301683	羅繻	Na Su	20	
E202513	羅裕善	Na Yusŏn	19	
E202678	孟繼曾	Maeng Kyejŭng	18	
EB04082	孟碩堅	Maeng Sŏkkyŏn	19	
EC03374	孟碩敬	Maeng Sŏkkyŏng	19	
EB04083	孟碩俊	Maeng Sŏkchun	19	
E202677	孟碩欽	Maeng Sŏkhŭm	20	
E301254	孟孝曾	Maeng Hyojŭng	19	
E807941	閔保懼	Min Pogu	17	
E103978	閔犇	Min Pun	16	
E904641	閔伯恭	Min Paekkong	18	
EB00169	閔伯和	Min Paekhwa	20	
EC00315	閔不害	Min Purhae	17	
E202482	閔不貪		18	1
E902877	閔察	Min Ch'al	20	
E101895	閔誠達	Min Sŏngdal	20	
EA03431	閔沖	Min Ch'ung	19	
E103969	閔矗	Min Ch'ok	19	
E401324	閔矗	Min Sam	19	
E104798	閔次顯	Min Ch'ahyŏn	20	
E400987	閔麤	Min Ch'u	19	
EC02128	閔粹	Min Su	20	
E400105	閔大生		17	
EB03250	閔憺	Min Tam	19	
E400631	閔發	Min Pal	20	
EB03327	閔發生	Min Palsaeng	20	
E203751	閔甫啓		19	
E400844	閔恭	Min Kong	18	
E103291	閔涵	Min Ham	19	
EB03232	閔好德	Min Hodŏk	18	
EB03246	閔好禮	Min Horye	18	
E400591	閔好問	Min Homun	18	
E902073	閔亨	Min Hyŏng	20	
E900052	閔亨孫	Min Hyŏngson	20	
E401049	閔厚生	Min Husaeng	17	
E900327	閔懷參	Min Hoech'am	21	
E900326	閔懷曾	Min Hoejŭng	21	
E900328	閔懷騫	Min Hoegŏn	21	
E900329	閔懷晳	Min Hoesŏk	21	
E201442	閔惶	Min Sŏng	19	
E900036	閔憓	Min Hye	19	
E402636	閔機	Min Ki	17	
EB03261	閔季和	Min Kyehwa	20	
EB03283	閔繼瑞	Min Kyesŏ	20	
EA04341	閔繼祥	Min Kyesang	20	
EB03277	閔繼禎	Min Kyejŏng	20	
EA02376	閔緘	Min Ham	19	
E401935	閔解	Min Hae	17	
EB03328	閔解		19	1
D206579	閔瑾	Min Kŭn	15	
E904642	閔經	Min Kyŏng	19	
EB04142	閔精	Min Chŏng	19	
E101888	閔敬達	Min Kyŏngdal	20	
E902303	閔愷	Min Kae	21	
E902879	閔寬	Min Kwan	21	
EA00509	閔寬	Min Kwan	21	
E900046	閔悃	Min Kon	20	
E900019	閔蘭孫	Min Nanson	20	
EA00454	閔磊		19	
E101886	閔璃	Min Ri	21	
E301457	閔禮達	Min Yedal	20	
E900069	閔利孫	Min Ison	20	
E400998	閔麟生	Min Insaeng	17	
E101882	閔瑠	Min Ryu	21	
E904640	閔彌老	Min Miro	17	
EB04410	閔彌老	Min Iro	17	
E200941	閔敉	Min Mi	19	
E900128	閔泮	Min Pan	19	
EB04381	閔普文	Min Pomun	16	
E401860	閔普喜	Min Pohŭi	18	
E205054	閔奇	Min Ki	20	
EB03305	閔啓	Min Kye	19	
E301459	閔騫	Min Kŏn	19	
E303026	閔輕	Min Kyŏng	21	
E204569	閔慶安	Min Kyŏngan	20	
E202895	閔悛	Min Chŏn	19	
E401001	閔讓	Min Yang	18	
EB02742	閔山命	Min Sanmyŏng	20	
EA03473	閔善		21	
E400106	閔紹生	Min Sosaeng	17	
E101847	閔伸	Min Sin	19	
E205314	閔師騫	Min Sagŏn	19	
E900039	閔世亨	Min Sehyŏng	20	
E401623	閔釋	Min Sŏk	19	
E400628	閔壽山	Min Susan	19	
EB03306	閔叔達	Min Suktal	20	
E807792	閔叔良	Min Sungnyang	17	
E201441	閔叔倫	Min Sungnyun	20	
EB02022	閔叔生	Min Suksaeng	20	
EB03317	閔叔通	Min Sukt'ong	20	
E900038	閔碩亨	Min Sŏkhyŏng	20	
E904645	閔緯	Min Wi	19	
E400501	閔無悔	Min Muhoe	17	
E401325	閔無疾	Min Mujil	18	
E400988	閔無咎	Min Mugu	17	
EB04347	閔無恤	Min Muhyul	17	
E103018	閔悟	Min O	19	
E103786	閔晤	Min O	20	
E506151	閔晤	Min O	17	
E203177	閔希念	Min Hŭinyŏm	21	
E900018	閔憪	Min Han	19	
E502471	閔諴	Min Ham	21	
EB03267	閔孝曾	Min Hyojŭng	20	
E502375	閔孝誠	Min Hyosŏng	21	
E900334	閔孝幹	Min Hyoyŏ	18	
E900296	閔孝根	Min Hyogŭn	19	
E300096	閔孝懽	Min Hyohwan	18	
E103760	閔孝萊	Min Hyorae	20	
E203814	閔孝男		19	
EB03266	閔孝舜	Min Hyosun	20	
E502367	閔孝孫	Min Hyoson	21	
EB03262	閔孝鶱		20	
E900045	閔孝忻	Min Hyohŭn	19	
E900324	閔孝源	Min Hyowŏn	20	
E900070	閔孝悅	Min Hyoyŏl	18	
E400402	閔孝直	Min Hyojik	18	
E400627	閔校	Min Kyo	16	
E101875	閔信達	Min Sindal	20	
EB04384	閔惺	Min Sŏng	17	
E103970	閔興		20	
E000280	閔興霖		20	
E401232	閔休	Min Hyu	18	
E105018	閔敍	Min Sŏ	20	
E904660	閔乙同	Min Ŭldong	21	
EA03465	閔乙巽		21	
E401020	閔義生	Min Ŭisaeng	17	
E206868	閔殷元	Min Nyŏng	21	
E900012	閔永堅	Min Yŏnggyŏn	20	
E900001	閔永慕	Min Yŏngmo	20	
E402322	閔由誼	Min Yuŭi	17	
E201401	閔友曾	Min Ujŭng	20	
EB03293	閔友季	Min Ugye	20	
EB03290	閔友仲	Min Ujung	20	
E000537	閔雨霖		20	
E300095	閔惲	Min Un	19	
E204567	閔貞	Min Chŏng	19	
0197ff4d-3227-7a77-9870-a0001e6f1961	閔芝孫		20	
EA03864	閔質		19	
E101852	閔忠達	Min Ch'ungdal	20	
EB03326	閔終生	Min Chongsaeng	20	
EB03249	閔仲和	Min Chunghwa	20	
D400997	閔仲理	Min Chungni	16	
E400087	閔仲立	Min Chungnip	16	
E401028	閔子溫	Min Chaon	19	
E205539	閔自亨	Min Chahyŏng	18	
E302462	閔宗誾	Min Chongŭn	18	
E103615	明 宣德帝		20	
E103609	明 永樂帝	Myŏng Yŏngnakche	19	
E402594	明美	Myŏng Mi	18	
E401379	明昇	Myŏng Sŭng	17	
E204412	明義	Myŏng Ŭi	18	
E202433	睦寶男		19	
E203829	睦繼男		19	
E203816	睦進恭		18	
E202432	睦哲成	Mok Ch'ŏlsŏng	20	
E204444	睦哲卿		20	
E000296	南八俊	Nam P'alchun	19	
E503675	南八凱	Nam P'algae	19	
E103365	南八元	Nam P'arwŏn	20	
E102979	南忭	Nam Pyŏn	19	
E900500	南伯庚	Nam Paekkyŏng	18	
EC03772	南忱	Nam Ch'im	19	
E301300	南偁	Nam Ch'ing	18	
E501342	南崇年	Nam Sungnyŏn	19	
EA01079	南輳		20	
E900445	南得儉	Nam Tŭkkŏm	17	
E301792	南迪		19	
E900452	南鼎	Nam Chŏng	19	
E304028	南濆	Nam Pun	20	
E104698	南份	Nam Pin	19	
E300682	南宮粲	Namgung Ch'an	19	
E304560	南宮肩	Namgung Kyŏn	18	
E000415	南宮順	Namgung Sun	18	
E304577	南宮顯	Namgung Hyŏn	18	
E402545	南宮效	Namgung Hyo	17	
E402544	南宮致	Namgung Ch'i	17	
E402543	南宮佐	Namgung Chwa	16	
E900473	南觀	Nam Kwan	19	
EB04433	南恒	Nam Hang	19	
E301794	南環		19	
E808016	南恢	Nam Hoe	20	
E501334	南憓	Nam Hye	19	
E900513	南箕	Nam Ki	19	
EA01065	南季當	Nam Kyedang	19	
EA01077	南季樑	Nam Kyeryang	19	
EA01073	南季麟		19	
EA01076	南季喜	Nam Kyehŭi	19	
EA01082	南季彦	Nam Kyeŏn	21	
EA01067	南季膺	Nam Kyeŭng	19	
EA03722	南季宗	Nam Kyejong	19	
D206697	南簡	Nam Kan	14	
E901539	南健		18	
E402612	南瑾	Nam Kŭn	17	
E900449	南晉	Nam Chin	19	
E101170	南景壽	Nam Kyŏngsu	17	
E101113	南景祐	Nam Kyŏngu	18	
E900716	南敬倫	Nam Kyŏngnyun	19	
EA03713	南敬信	Nam Kyŏngsin	18	
E808014	南俊	Nam Chun	19	
E500075	南慄	Nam Ryul	20	
E808017	南慄	Nam Yul	20	
E900468	南臨	Nam Rim	19	
E900733	南陸	Nam Ryuk	18	
EC02522	南倫		18	
EA03732	南孟命	Nam Maengmyŏng	20	
EA01064	南輕	Nam Chi	18	
E701538	南俅	Nam Ku	18	
E101993	南恮	Nam Chŏn	20	
D206699	南仁祐	Nam Inu	17	
E304200	南閏宗	Nam Yunjong	18	
E401253	南尙亨	Nam Sanghyŏng	17	
E401249	南尙明	Nam Sangmyŏng	17	
E401251	南尙正	Nam Sangjŏng	17	
E401252	南尙致	Nam Sangch'i	17	
E401246	南深	Nam Sim	16	
E900460	南勝寶	Nam Sŭngbo	18	
EA01085	南軾	Nam Sik	18	
E301797	南叔文	Nam Sungmun	18	
E904158	南倜	Nam Ch'ŏk	18	
E104067	南悌	Nam Che	21	
E303945	南恬	Nam Nyŏm	19	
E808015	南恬	Nam Yŏm	20	
E101135	南瞦	Nam Hŭi	21	
E201763	南孝恭	Nam Hyogong	19	
E101994	南孝溫	Nam Hyoon	20	
E303947	南孝元	Nam Hyowŏn	21	
E300430	南忻	Nam Hŭn	19	
E504569	南忻		21	
EB01732	南昕	Nam Hŭn	19	
EC03803	南愃		19	
E301776	南珣		19	
EA01072	南軺	Nam Ch'o	18	
E101149	南怡	Nam I	19	
E100572	南儀	Nam Ŭi	18	
E104466	南椅	Nam Ŭi	20	
E807735	南義良	Nam Ŭiryang	17	
EB02713	南義元	Nam Ŭiwŏn	21	
EA03714	南義宗	Nam Ŭijong	19	
EA03220	南勇智	Nam Yongji	20	
E400900	南元貴	Nam Wŏn'gwi	17	
E901546	南悅	Nam Yŏl	19	
E900448	南允寶	Nam Yunbo	18	
EB03006	南在	Nam Chae	18	
EA01088	南轍	Nam Ch'ŏl	18	
EC01158	南芷	Nam Chi	20	
E807742	南致晶	Nam Ch'ijŏng	18	
E807741	南致明	Nam Ch'imyŏng	18	
E104709	南致孝	Nam Ch'ihyo	19	
E807736	南致英	Nam Ch'iyŏng	18	
E900499	南畤	Nam Ch'i	19	
E301302	南智		17	
E201503	南贄	Nam Chi	20	
EA03390	南仲	Nam Chung	20	
E900894	南仲倫	Nam Chungnyun	19	
EA03735	南仲命	Nam Chungmyŏng	20	
E400947	南仲文	Nam Chungmun	18	
EA03717	南重宗	Nam Chungjong	19	
E900442	潘龜	Pan Kwi	18	
E807834	潘漢生	Pan Hansaeng	18	
E808164	潘好慶	Pan Hogyŏng	17	
E807847	潘回	Pan Hoe	16	
E901072	潘呂生	Pan Yŏsaeng	18	
E104418	潘孟江	Pan Maenggang	20	
E807848	潘孟智	Pan Maengji	17	
E807832	潘夢祚	Pan Mongjo	17	
E807829	潘思規	Pan Sagyu	16	
E900443	潘孝孫	Pan Hyoson	19	
E807831	潘岩	Pan Am	16	
D206695	潘義	Pan Ŭi	15	1
E900441	潘詠	Pan Yŏng	17	
D206840	潘之永	Pan Chiyŏng	14	
E807849	潘仲智	Pan Chungji	17	
E900568	裴椆	Pae Chu	19	
E900701	裴杠	Pae Kang	17	
E104803	裴貴寧	Pae Kwinyŏng	20	
E104801	裴貴山	Pae Kwisan	20	
E104802	裴貴鐵	Pae Kwich'ŏl	20	
E900757	裴繼宗	Pae Kyejong	18	
E900557	裴襟	Pae Kŭm	19	
E104796	裴可得	Pae Kadŭk	19	
E900658	裴命山		19	
E900484	裴楠		17	
E900553	裴檽	Pae Yu	19	
E900477	裴權	Pae Kwŏn	17	
E900479	裴栣	Pae Im	19	
E900666	裴三山		19	
E900533	裴素	Pae So	17	
E900567	裴孝崇	Pae Hyosung	18	
E900539	裴孝從	Pae Hyojong	18	
E900550	裴孝存	Pae Hyojon	18	
E900483	裴孝老	Pae Hyoro	18	
E900690	裴孝訥	Pae Hyonul	18	
E900573	裴孝騫	Pae Hyogŏn	18	
E900583	裴孝思	Pae Hyosa	18	
E900478	裴孝長	Pae Hyojang	18	
E900691	裴奕	Pae Hyŏk	19	
E900574	裴祐	Pae U	19	
E900656	裴哲山		19	
E900493	裴禎	Pae Chŏng	19	
E304592	裵亨	Pae Hyŏng	20	
E401878	裵桓	Pae Hwan	17	
E302531	裵繼宗	Pae Kyejong	19	
E300850	裵景輔		19	
D400124	裵尙志	Pae Sangji	16	
E203037	裵纘	Pae Ch'an	20	
E304483	平原大君	Yi Im	20	
EB01249	朴[木+舟]	Pak Chŏn	18	
EC00941	朴安福	Pak Anbok	20	
EC00780	朴安老	Pak Allo	19	
E103859	朴安命	Pak Anmyŏng	17	
E900051	朴安命	Pak Anmyŏng	20	
EC00921	朴安壽	Pak Ansu	20	
EC00873	朴安性	Pak Ansŏng	21	
E401488	朴翱	Pak Ko	17	
E203294	朴保生	Pak Posaeng	20	
E104592	朴苯	Pak Pun	19	
E400400	朴賁	Pak Pun	17	
E900943	朴彬	Pak Pin	19	
EA00495	朴秉德	Pak Pyŏngdŏk	21	
EA00455	朴秉鈞		19	
EA00445	朴秉文	Pak Pyŏngmun	19	
E901146	朴秉中	Pak Pyŏngjung	20	
E000758	朴蕃	Pak Pŏn	17	
E902045	朴曾	Pak Chŭng	19	
E802419	朴菖		21	1
E400974	朴成良	Pak Sŏngnyang	18	
E402361	朴成用	Pak Sŏngyong	17	
E302153	朴成枝	Pak Sŏngji	19	
E401850	朴承陽	Pak Sŭngyang	18	
E302619	朴承祖	Pak Sŭngjo	20	
E305753	朴誠	Pak Sŏng	17	
E206351	朴誠至	Pak Sŏngji	18	
EB01724	朴冲孫	Pak Sungje	19	
EA04271	朴崇彬	Pak Sungbin	19	
EA04277	朴崇華	Pak Sungyŏp	19	
E901399	朴崇禮	Pak Sungnye	22	
E705686	朴崇仁	Pak Sungin	22	
E102540	朴崇文	Pak Sungmun	20	
E301153	朴崇文	Pak Sungmun	19	
E705687	朴崇智	Pak Sungji	22	
EA03786	朴崇質	Pak Sungjil	19	
EB04331	朴淳	Pak Sun	16	
EA00497	朴磁	Pak Cha	22	
E100703	朴從幹	Pak Chonggan	18	
E103857	朴從愚	Pak Chongu	20	
E202294	朴悰		21	
EA00477	朴輳		21	
E305916	朴粹	Pak Su	18	
E206333	朴粹恭	Pak Sugong	18	
E206322	朴粹儉	Pak Sugŏm	18	
E206320	朴粹敬	Pak Sugyŏng	18	
E206332	朴粹禮	Pak Surye	18	
E202981	朴粹信	Pak Susin	18	
E206317	朴粹智	Pak Suji	18	
E206321	朴粹忠	Pak Such'ung	18	
EA00527	朴大生	Pak Taesaeng	19	
EB01243	朴大孫	Pak Taeson	20	
E205117	朴聃孫	Pak Tamson	18	
E402171	朴禂	Pak To	17	
E300576	朴壔		20	
EA01201	朴壔	Pak To	20	
E402525	朴禱	Pak To	17	
EC01434	朴道	Pak To	19	
EC00409	朴得中	Pak Tŭkchung	18	
D206742	朴德方	Pak Tŏkpang	15	
E402270	朴登	Pak Tŭng	17	
E900885	朴芬	Pak Pun	18	
E104593	朴奉生	Pak Pongsaeng	20	
E301152	朴敷	Pak Pu	18	
EC00712	朴桴	Pak Pu	19	
EA00478	朴輔		21	
E101169	朴復卿	Pak Pokkyŏng	20	
E000863	朴根孫	Pak Kŭnson	21	
E900942	朴根孫	Pak Kŭnson	18	
E104596	朴艮生	Pak Kansaeng	20	
EC00412	朴賡	Pak Kaeng	19	
E904879	朴恭信	Pak Hongsin	19	
E302529	朴恭之	Pak Kongji	20	
E206354	朴恭至	Pak Kongji	18	
E701390	朴光榮	Pak Kwangyŏng	22	
E303528	朴龜年	Pak Kwinyŏn	18	
E302265	朴貴孫	Pak Kwison	20	
E302642	朴貴孫	Pak Kwison	21	
EB04094	朴貴孫	Pak Kwison	19	
EC00948	朴漢崑	Pak Han'gon	19	
EC00944	朴漢山	Pak Hansan	19	
E305917	朴灝	Pak Ho	18	
beb03add-bd1a-4020-b3a6-db6ed7a3f59e	朴河田		20	
EB04334	朴河信	Pak Hasin	17	
E104385	朴賀孫		20	
E302616	朴亨孫	Pak Hyŏngson	21	
E900582	朴亨愚	Pak Hyŏngu	19	
E304202	朴亨元	Pak Hyŏngwŏn	18	
E305988	朴亨之	Pak Hyŏngji	17	
E304182	朴亨宗	Pak Hyŏngjong	20	
E102260	朴恒	Pak Hang	20	1
E600000	朴衡文	Pak Hyŏngmun	21	
E600012	朴衡武	Pak Hyŏngmu	21	
E902089	朴衡治	Pak Hyŏngch'i	21	
E900140	朴弘昌	Pak Mich'ang	18	
E904812	朴弘幹	Pak Honggan	19	
E206230	朴弘文	Pak Hongmun	18	
E904878	朴弘直	Pak Hongjik	19	
E103058	朴弘智		19	
E302638	朴弘祖	Pak Hongjo	20	
E102027	朴堠	Pak Hu	19	
dcfd9a47-603f-4ca2-8f2e-9804f18d7463	朴護		21	
E401849	朴華	Pak Hwa	17	
E401022	朴煥	Pak Hwan	18	
E103438	朴撝謙	Pak	19	
E305915	朴輝	Pak Hwi	18	
E901282	朴輝	Pak Hwi	19	
E200074	朴回	Pak Hoe	19	
E202131	朴惠東	Pak Hyedong	19	
E305755	朴誨	Pak Hoe	17	
56c1b4df-67c9-4744-9122-3d4081318d8c	朴譓		21	
EC00189	朴琿	Pak Hon	17	
EB04371	朴基命	Pak Kimyŏng	17	
EC02224	朴緝	Pak Chip	21	
E802241	朴機		21	
00334f00-d12d-403d-b6d4-bc881ca756be	朴季昌		20	
E103343	朴季老	Pak Kyero	19	
E200073	朴繼曾	Pak Kyejŭng	20	
E400817	朴繼金	Pak Kyegŭm	18	
EB01723	朴繼孫	Pak Sunghyo	19	
E807959	朴繼宗	Pak Kyejong	17	
E302608	朴繼祖	Pak Kyejo	20	
E306048	朴甲秀	Pak Kapsu	17	
EC00783	朴兼禮	Pak Kyŏmnye	20	
EC00781	朴兼仁	Pak Kyŏmin	20	
E808170	朴兼山	Pak Kyŏmsan	17	
EC00782	朴兼義	Pak Kyŏmŭi	20	
EC00784	朴兼智	Pak Kyŏmji	20	
E100242	朴堅源	Pak Kyŏnwŏn	19	
E902865	朴健	Pak Kŏn	20	
EB01284	朴楗	Pak Kŏn	21	
EC00434	朴皎	Pak Kyo	17	
E901099	朴謹孫	Pak Kŭnson	19	
E202951	朴經	Pak Kyŏng	21	
E402589	朴經	Pak Kyŏng	17	
E902332	朴景愼	Pak Kyŏngsin	20	
D706153	朴景武		19	
E206360	朴景祉	Pak Kyŏngji	19	
E904883	朴璟	Pak Kyŏng	20	
EB04383	朴敬信	Pak Kyŏngsin	17	
E301686	朴炯	Pak Hyŏng	20	
E807991	朴居謙	Pak Kŏgyŏm	19	
E302181	朴居仁	Pak Kŏin	20	
D206629	朴居實	Pak Kŏsil	15	
EB02702	朴居信	Pak Wŏnsin	21	
E305045	朴均		19	
E305710	朴峻	Pak Chun	17	
EC02579	朴峻山	Pak Chunsan	20	
E905180	朴儁	Pak Chun	19	
E807892	朴可仁	Pak Kain	16	
E807938	朴可衍	Pak Kayŏn	16	
EA00444	朴葵		18	
E305670	朴坤	Pak Kon	17	
E202162	朴崑	Pak Kon	20	
E103562	朴蘭	Pak Ran	20	
E303324	朴离	Pak Ri	21	
E902098	朴禮興	Pak Yehŭng	20	
E808169	朴利生	Pak Isaeng	16	
E302617	朴利孫	Pak Ison	21	
E100609	朴礫		22	
E305930	朴良	Pak Ryang	18	
E807934	朴良信	Pak Yangsin	18	
E402527	朴林	Pak Cho	18	
E201483	朴林蕃	Pak Imbŏn	20	
E203732	朴林敬		21	
EA03161	朴林茂	Pak Immu	20	
EA00450	朴林禎	Pak Imjŏng	20	
EA00447	朴林宗	Pak Imjong	20	
E100710	朴輅	Pak Ro	21	
E202152	朴慮東	Pak Yŏdong	19	
E303565	朴倫	Pak Ryun	18	
E501996	朴耣	Pak Ryun	20	
E703675	朴茂	Pak Mu	20	
EB01259	朴楣	Pak Mi	21	
E305722	朴蒙童	Pak Mongdong	19	
EA00352	朴孟揆		21	
E000759	朴命堅	Pak Myŏnggyŏn	18	
E104178	朴末孫	Pak Malson	19	
8de4005c-58e0-4204-9224-1a7a743d5bb5	朴末田		20	
E202109	朴訥	Pak Nul	20	
E305754	朴訥	Pak Nul	17	
E802470	朴訥	Pak Nul	20	
E902329	朴訥生	Pak Nulsaeng	19	
f3442605-41d5-4655-8cb1-f2fba0e05901	朴譜		21	
D807915	朴祈	Pak Ki	16	
E401816	朴耆	Pak Chi	18	
E203387	朴謙	Pak Kyŏm	20	
E205121	朴謙孫	Pak Ŏnson	1	
EC00365	朴切問	Pak Chŏlmun	19	
EC00715	朴檠	Pak Kyŏng	19	
D206618	朴瓊	Pak Kyŏng	14	
E205095	朴確	Pak Hwak	19	
EB03961	朴確	Pak Hwak	20	
E807776	朴仁庇	Pak Inbi	16	
E204530	朴仁蕃	Pak Inbŏn	20	
E304526	朴仁昌	Pak Inch'ang	20	
E901533	朴仁昌		19	
EC00185	朴仁崇	Pak Insung	17	
E904819	朴仁亨	Pak Inhyŏng	21	
EB01251	朴仁烈	Pak Illyŏl	20	
EB01283	朴仁榮	Pak Anyŏng	22	
E102965	朴仁孫	Pak Inson	20	
E904818	朴仁元	Pak Inwŏn	21	
E202132	朴認	Pak In	20	
E301755	朴榮根	Pak Yŏnggŭn	19	
E305672	朴如達	Pak Yŏdal	18	
EC02601	朴如圭	Pak Yŏgyu	19	
E401830	朴汝濂		18	
E401829	朴汝淸	Pak Yŏch'ŏng	18	
E401492	朴汝洵	Pak Yŏsun	18	
E305708	朴瑞中	Pak Sŏjung	17	
E202161	朴三山	Pak Sajang	19	
D402366	朴三陽	Pak Samyang	16	
E402299	朴尙綱	Pak Sanggang	17	
EB03958	朴紹楨	Pak Sojŏng	19	
E103347	朴紹宗	Pak Sojong	19	
E302263	朴紹祖	Pak Sojo	19	
EC00372	朴審問	Pak Simmun	19	
E302621	朴愼孫		20	
E902529	朴石山	Pak Sŏksan	19	
E103095	朴時衡	Pak Sihyŏng	20	
E306046	朴時雨	Pak Siu	16	
E103553	朴實	Pak Sil	18	
E103845	朴始孫	Pak Sison	18	
E304140	朴始孫	Pak Sison	21	
E900459	朴始孫	Pak Sison	19	
E900175	朴士華	Pak Sahwa	19	
E900141	朴士英	Pak Sayŏng	19	
E203873	朴守昌		18	
EC00785	朴守幹	Pak Sugan	21	
EC00788	朴守根	Pak Sugŭn	21	
EB00085	朴守同	Pak Sugyŏng	22	
EB01233	朴壽長	Pak Sujang	21	
EA00329	朴壽宗	Pak Sujong	21	
36c5a1d5-b7b9-403d-9047-cc892140971f	朴叔昌		20	
E202284	朴叔進	Pak Suktal	20	
EB03078	朴叔老	Pak Sungno	19	
E202204	朴叔楙	Pak Sungmu	20	
E200916	朴叔善	Pak Suksŏn	19	
E104177	朴叔孫	Pak Sukson	19	
E700531	朴叔紊	Pak Sukchin	20	
E202289	朴叔帳	Pak Sugyang	20	
EB02998	朴樞	Pak Ch'u	21	
E204965	朴塾	Pak Suk	20	
E204963	朴墅	Pak Sŏ	20	
E206174	朴順達	Pak Sundal	19	
E206291	朴順山	Pak Sunsan	19	
E302641	朴順祖	Pak Sunjo	20	
EB03959	朴碩	Pak Sŏk	20	
E202107	朴思東	Pak Sadong	19	
E402433	朴思齊	Pak Saje	18	
E301830	朴斯悌	Pak Saje	19	
E302620	朴嗣祖	Pak Sajo	20	
a807fa94-0fe2-4752-9736-4b4dca0d05b9	朴松廿		22	
EB01728	朴蘇信	Pak Sosin	18	
EB01719	朴蘇義	Pak Soŭi	18	
EB01722	朴蘇貞	Pak Sojŏng	18	
E402039	朴遂良	Pak Suryang	18	
E401834	朴孫茂	Pak Sonmu	18	
E103004	朴笋茂	Pak Sunmu	19	
E305751	朴譚	Pak Tam	17	
E203035	朴悌根		20	
E904232	朴悌諴	Pak Cheham	20	
E402572	朴天祥	Pak Ch'ŏnsang	16	
E204419	朴鐵山		20	
E305990	朴萬壽	Pak Mansu	18	
EC00779	朴葳	Pak Wi	20	
E104168	朴惟仁		18	1
E104188	朴惟義	Pak Yuŭi	18	
E201408	朴圍孫	Pak Yunson	20	
E202103	朴維	Pak Yu	18	
EB01532	朴緯	Pak Wi	21	
E302605	朴蔚	Pak Ul	19	
E204195	朴溫	Pak On	19	
E900578	朴溫	Pak On	18	
E103234	朴文規	Pak Mun'gyu	19	
E305720	朴晤生	Pak Osaeng	18	
d3ed0d07-a098-440f-9228-b5ca2ecca2a6	朴塢		20	
E305703	朴希傅	Pak Hŭibu	16	
E305752	朴希榮	Pak Hŭiyŏng	16	
E305750	朴希奭	Pak Hŭisŏk	16	
E104591	朴希文	Pak Hŭimun	18	
E202302	朴希文	Pak Hŭimun	21	
E305745	朴希周	Pak Hŭiju	16	
E305918	朴熹	Pak Hŭi	18	
E401202	朴習		17	
E401825	朴喜明	Pak Hŭimyŏng	18	
E204409	朴賢生	Pak Hyŏnsaeng	19	
EA00366	朴孝安		19	
E807925	朴孝蕃	Pak Hyobŏn	18	
E204919	朴孝誠	Pak Hyoham	18	
E807924	朴孝蓴	Pak Hyosun	18	
E206189	朴孝達	Pak Hyodal	19	
E100588	朴孝恭	Pak Hyogong	17	
E100685	朴孝明	Pak Hyomyŏng	18	
E201484	朴孝生	Pak Hyosaeng	19	
E900462	朴孝武	Pak Hyomu	19	
E802704	朴孝元	Pak Hyowŏn	21	
E206347	朴孝至	Pak Hyoji	18	
E305800	朴孝宗	Pak Hyojong	18	
E305704	朴効敏		17	
E301105	朴信		16	1
EA00368	朴信同	Pak Sindong	20	
EA00067	朴信諴	Pak Sinham	17	
E206350	朴信至	Pak Sinji	18	
E807939	朴行	Pak Haeng	17	
EB03077	朴興居	Pak Hŭnggŏ	18	
E807778	朴興藝	Pak Hŭngye	17	
E201996	朴秀邊	Pak Subyŏn	19	
E904103	朴秀壥	Pak Sugang	18	
E904089	朴秀東	Pak Sudong	18	
E904101	朴秀基	Pak Sugi	18	
E103839	朴秀林	Pak Surim	17	
E904085	朴秀南	Pak Sunam	18	
EB01501	朴徐昌	Pak Sŏch'ang	20	
EB04340	朴徐生	Pak Sŏsaeng	18	
E401828	朴珝	Pak Hu	17	
E103093	朴軒	Pak Hŏn	20	
E401046	朴萱	Pak Hwŏn	18	
E204962	朴壎	Pak Hun	20	
E103702	朴薰	Pak Hun	20	
EA03115	朴薰		20	
E104042	朴詢	Pak Sun	20	
E104176	朴延孫	Pak Yŏnson	19	
EB04080	朴嚴	Pak Ŏm	19	
EC00977	朴彦成	Pak Ŏnsŏng	20	
E600001	朴彦範	Pak Ŏnbŏm	22	
E305096	朴晏	Pak An	20	
E904881	朴陽昌	Pak Yangch'ang	20	
E301718	朴陽孫	Pak Yangson	19	
EC00366	朴疑問	Pak Ŭimun	17	
EB01730	朴以安	Pak Ian	19	
E103554	朴以貞	Pak Ijŏng	19	
E203355	朴益昌	Pak Ikch'ang	21	
E305913	朴義甫	Pak Ŭibo	17	
E402386	朴義林	Pak Ŭirim	17	
EB01263	朴義榮	Pak Ŭiyŏng	22	
EA00367	朴義孫		18	
E202979	朴義至	Pak Ŭiji	18	
E400975	朴禋	Pak In	17	
E204947	朴垠	Pak Ŭn	20	
E501997	朴垠	Pak Ŭn	20	
EB04270	朴垠生	Pak Kŭnsaeng	18	
E205267	朴英蕃	Pak Yŏngbŏn	20	
E104442	朴永保	Pak Yŏngbu	20	
EA00483	朴永昌		20	
E400674	朴永亨	Pak Yŏnghyŏng	19	
E101640	朴永蓁	Pak Yŏngjin	20	
E401827	朴永忠	Pak Yŏngch'ung	16	
E301676	朴猷	Pak Ch'u	19	
E204801	朴有蕃	Pak Yubŏn	19	
E502496	朴有蕃	Pak Yubŏn	21	
E502502	朴有英	Pak Yuyŏng	21	
E103559	朴牖	Pak Yu	18	
E202299	朴庾童	Pak Yudong	20	
EA00421	朴郁文		19	
EB04077	朴元根	Pak Wŏn'gŭn	19	
EB01421	朴元恭	Pak Wŏn'gong	20	
E401839	朴元亨	Pak Wŏnhyŏng	18	
EB01447	朴元俊	Pak Wŏnjun	20	
E206251	朴元禮	Pak Wŏllye	19	
E303030	朴元良	Pak Wŏllyang	21	
E206232	朴元仁	Pak Wŏnin	19	
E802620	朴元溫	Pak Wŏnon	20	
E206282	朴元信	Pak Wŏnsin	19	
E206244	朴元義	Pak Wŏnŭi	19	
EB01412	朴元懿		20	
E900579	朴元愚	Pak Wŏnu	19	
E401487	朴元貞	Pak Wŏnjŏng	19	
EB01423	朴元正		20	
E206256	朴元智	Pak Wŏnji	19	
EB01388	朴元忠	Pak Wŏnch'ung	20	
EA00409	朴原昌	Pak Wŏnch'ang	19	
E204921	朴原直	Pak Wŏnjik	19	
E105037	朴云檢		17	
E103863	朴允恭	Pak Yun'gong	20	
E502759	朴允儉	Pak Yun'gŏm	20	
E103860	朴允康	Pak Yun'gang	20	
E505934	朴允宗	Pak Yunjong	20	
0197f399-6b5e-7917-8d4a-efa8dd36153b	朴栴		21	
E206290	朴張文	Pak Changmun	18	
E104169	朴長孫	Pak Changson	19	
EB03089	朴長孫	Pak Chŭng	21	1
EB01228	朴招孫	Pak Ch'ŏlson	20	
E305955	朴昭	Pak So	17	
E206356	朴晢	Pak Chŏl	19	
E302618	朴貞孫	Pak Chŏngson	21	
E502903	朴楨孫	Pak Chŏngson	21	
E402529	朴禎		17	1
E305928	朴蓁	Pak Chin	16	
EA00484	朴軫		21	
E104597	朴震生	Pak Chinsaeng	20	
E302609	朴震孫	Pak Chinson	21	
E902820	朴震孫	Pak Chinson	19	
EC04154	朴崝		19	
E202292	朴之蕃	Pak Chibŏn	20	
E204956	朴址	Pak Chi	20	
abab70ac-0580-4867-83d7-2edcd3c46cc8	朴治		21	
E304722	朴致和	Pak Ch'ihwa	18	
E206355	朴智	Pak Chi	19	
EA00487	朴輊		21	
E202153	朴緻	Pak Ch'i	18	
EB03960	朴礩	Pak Chil	20	
E203861	朴忠達	Pak Ch'ungdal	19	
E201997	朴忠諴	Pak Ch'ungham	17	
E807933	朴忠信	Pak Ch'ungsin	18	
E206341	朴忠至	Pak Ch'ungji	18	
E902334	朴終末	Pak Maeson	21	
7afccf6e-5f4d-4e65-81c7-a9c47cb84003	朴終田		20	
E103701	朴種	Pak Chong	19	
8ab94a4e-11fc-4a49-945a-54a1fe1510e5	朴仲昌		20	
E900909	朴仲淳	Pak Chungsun	18	
EA00382	朴仲揆		21	
E401892	朴仲實	Pak Chungsil	18	
EB01245	朴仲孫	Pak Chungson	20	
E802397	朴仲畏	Pak Chungoe	20	
D402172	朴仲宜	Pak Chungŭi	16	
EC00430	朴仲游	Pak Chungyu	17	
E900605	朴緇	Pak Ch'i	20	
E401833	朴子茂	Pak Chamu	18	
E807917	朴子明	Pak Chamyŏng	17	
E301104	朴子柔		17	
EC00143	朴子文	Pak Chamun	16	
EA02955	朴子悟	Pak Chao	17	
E807932	朴子暎	Pak Chayŏng	17	
E402230	朴自安	Pak Chaan	17	
E305747	朴自堅	Pak Chagyŏn	17	
EB04424	朴自傑	Pak Chagŏl	19	1
EB04423	朴自俊	Pak Chajun	19	1
EB03264	朴自崑	Pak Chagon	20	
E204597	朴自強	Pak Chagang	18	
E305746	朴自賢	Pak Chahyŏn	17	
EC00145	朴宗仁	Pak Chongin	17	
E202301	朴宗孫	Pak Chongson	21	
EB01299	朴宗孫	Pak Chongson	18	
E302637	朴纘祖	Pak Ch'anjo	20	
E306059	朴遵	Pak Chun	16	
E202276	朴昨	Pak Hŭn	19	
E104828	朴佐命	Pak Chwamyŏng	18	
EB04372	朴㕀		18	
E400739	朴㱓	Pak Ryŏng	18	
EA00458	朴䃞		20	
E402524	朴䄡		17	
E502030	朴䎩	Pak Ch'i	21	
D402211	普達實理	Po Talsilli	16	
E304741	奇賁	Ki Pun	18	
EB01820	奇褚		21	1
E103444	奇進德	Ki Chindŏk	18	
E203231	奇來	Ki Ch'ae	20	
D402426	奇仁傑	Ki In'gŏl	16	
E402427	奇愼	Ki Sin	17	
E301431	奇碩孫	Ki Sŏkson	18	
D402587	奇有傑	Ki Yugŏl	16	
E100763	奇裕	Ki Yu	21	
E102545	奇允濬	Ki Yunjun	20	
E300627	奇允哲	Ki Yunch'ŏl	19	
EB01789	奇襸	Ki Ch'an	21	
EB01780	奇軸	Ki Ch'uk	20	
EA02699	奇子煥	Ki Chahwan	19	
E304748	奇子炯	Ki Chahyŏng	19	
E900668	秦崇祖	Chin Sungjo	18	
E900674	秦公弼	Chin Kongp'il	19	
E900669	秦公輔	Chin Kongbo	19	
E902925	秦係祖	Chin Kyejo	19	
E203953	秦有經	Chin Yugyŏng	18	
E305994	琴安	Kŭm An	16	
E305995	琴耳養	Kŭm Iyang	17	
E302124	琴貴同	Kŭm Kwidong	19	
E503721	琴徽	Kŭm Hwi	19	
E900613	琴鷄	Kŭm Kye	19	
E305957	琴靚	Kŭm Chŏng	16	
D206660	琴仁淑	Kŭm Insuk	15	
E305962	琴玩	Kŭm Wan	16	
EB03182	琴衍		20	
E903074	淸風君	Yi Wŏn	20	
E302982	慶緝	Kyŏng Chip	20	
E204440	慶俊	Chŏng Chun	19	
E302918	慶俊	Kyŏng Chun	19	
E302926	慶侃	Kyŏng Kan	19	
E302963	慶綿	Kyŏng Myŏn	20	
E000527	慶絍		20	
E302911	慶嗣昌	Kyŏng Sach'ang	20	
E900035	慶修	Kyŏng Su	19	
EB04170	慶由淳		19	
E302996	慶由恭	Kyŏng Yugong	2	
E201039	慶由亨	Kyŏng Yuhyŏng	19	
E302895	慶由善	Kyŏng Yusŏn	18	
E201040	慶餘		18	
E302936	慶禎	Kyŏng Chŏng	19	
E302953	慶祚	Kyŏng Cho	19	
E203298	丘世隣	Ku Serin	19	
E901528	丘永安	Ku Yŏngan	19	
E203340	丘自源	Ku Chawŏn	20	
E201072	全保孫	Chŏn Poson	20	
D206576	全賁	Chŏn Pun	15	
EA00583	全晟		19	
E302083	全粹	Chŏn Su	20	
E904839	全符	Chŏn Pu	20	
E201410	全復亨	Chŏn Puhyŏng	20	
E201073	全化元	Chŏn Hwawŏn	21	
E301383	全吉昌	Chŏn Kilch'ang	21	
E401209	全季謙		17	
EA00585	全繼元		19	
E201413	全晉亨	Chŏn Chinhyŏng	20	
D202270	全經	Chŏn Kyŏng	18	
E904840	全景文	Chŏn Kyŏngmun	21	
E201061	全九成	Chŏn Kusŏng	21	
E401207	全孟謙		17	
E201064	全孟孫	Chŏn Maengson	20	
E201058	全明道	Chŏn Myŏngdo	19	
E305719	全末同	Chŏn Maldong	19	
E201406	全念	Chŏn Nyŏm	19	
E201067	全潤德	Chŏn Yundŏk	21	
E201066	全潤身	Chŏn Yunsin	21	
E201065	全潤屋	Chŏn Yunok	21	
E201060	全始孫	Chŏn Sison	20	
EA00604	全守恭		19	
EA00603	全守良		19	
EA00602	全守溫		19	
E201412	全叔亨	Chŏn Sukhyŏng	20	
E401208	全叔謙		17	
E201068	全叔孫	Chŏn Sukson	20	
E204877	全順祖	Chŏn Sunjo	18	
E201411	全泰亨	Chŏn T'aehyŏng	20	
D904947	全五敦	Chŏn Odon	15	
E401198	全五倫		16	
EC03998	全禧	Chŏn Hŭi	20	
E305717	全孝同	Chŏn Hyodong	19	
EA00609	全孝宇		18	
EA00615	全孝宙		18	
E201074	全引孫	Chŏn Inson	20	
E401519	全永昌	Chŏn Yŏngch'ang	19	
E401518	全永孚	Chŏn Yŏngbu	19	
E401520	全永齡	Chŏn Yŏngnyŏng	19	
EA00584	全由道		18	
EA00586	全由義		18	
E401210	全有謙		17	
EA00616	全瑗		19	
EA00612	全瓚		19	
E401517	全仲權	Chŏn Chunggwŏn	18	
EA00582	全自恩		18	
E305714	全自完	Chŏn Chawan	18	
D206651	權[未詳]	Kwŏn [misang]	1	
D206746	權[未詳]	Kwŏn [misang]	1	
E807825	權安成		19	
E808145	權安成	Kwŏn Ansŏng	19	
E807799	權安世	Kwŏn Anse	16	
E400095	權按	Kwŏn An	17	
D206721	權昂	Kwŏn Ang	14	
E402266	權邦緯	Kwŏn Pangwi	17	
E901117	權保均	Kwŏn Pogyun	19	
E402258	權堡	Kwŏn Po	17	
E807823	權寶成		19	
E301154	權抱	Kwŏn P'o	19	
E901530	權備	Kwŏn Pi	19	
9587d1d1-8d8c-4d7d-812a-24d690e1d573	權伻		20	
E205279	權佖	Kwŏn P'il	19	
E402552	權禆	Kwŏn Pi	17	
E205061	權忭	Kwŏn Pyŏn	19	
E103330	權璸	Kwŏn Pin	1	
D206535	權伯	Kwŏn Paek	13	
D206820	權伯宗	Kwŏn Paekchong	15	
E402551	權補	Kwŏn Po	17	
E402508	權採	Kwŏn Ch'ae	17	
C206441	權冊	Kwŏn Ch'aek	3	
E206131	權昶	Kwŏn Ch'ang	20	
D206467	權頙	Kwŏn Ch'aek	12	
E204312	權琛	Kwŏn Ch'im	19	
D402591	權賝	Kwŏn Ch'im	15	
E205737	權忱	Kwŏn Ch'im	18	
E901904	權忱	Kwŏn Ch'im	22	
E807790	權辰	Kwŏn Sin	18	
E204317	權偁	Kwŏn Ch'ing	19	
E205350	權偁	Kwŏn Ch'ing	22	
D807903	權稱	Kwŏn Ch'ing	16	
E104207	權稱	Kwŏn Ch'ing	18	
E900892	權成美	Kwŏn Sŏngmi	18	
D206803	權成泰	Kwŏn Sŏngt'ae	13	
E808108	權承道	Kwŏn Sŭngdo	16	
E905156	權承同	Kwŏn Sŭngdong	19	
E205273	權承業	Kwŏn Sŭngŏp	20	
E205703	權晟	Kwŏn Sŏng	18	
E204621	權誠	Kwŏn Sŏng	18	
E204890	權誠	Kwŏn Sŏng	23	
E204343	權誠善	Kwŏn Sŏngsŏn	19	
E402244	權澄	Kwŏn Ching	17	
E401550	權崇厚	Kwŏn Sunghu	18	
E401552	權崇謹	Kwŏn Sunggŭn	18	
E401551	權崇敬	Kwŏn Sunggyŏng	18	
E402494	權崇禮	Kwŏn Sungnye	17	
E401549	權崇知	Kwŏn Sungji	18	
E807821	權處變	Kwŏn Ch'ŏbyŏn	17	
E808125	權處恭	Kwŏn Ch'ŏgong	18	
E900427	權處和		17	
E901115	權處均	Kwŏn Ch'ŏgyun	19	
E900871	權處仁	Kwŏn Ch'ŏin	18	
E900424	權處庸		17	
E304657	權處中	Kwŏn Ch'ŏjung	18	
E900421	權處中		17	
E204342	權揣	Kwŏn Ch'we	18	
D206744	權錘	Kwŏn Ch'u	15	
D206832	權錘	Kwŏn Ch'u	14	
E001025	權錘	Kwŏn Ch'u	19	
E103141	權淳	Kwŏn Sun	20	
E204828	權淳	Kwŏn Sun	19	
E204480	權綽	Kwŏn Chak	20	
D206463	權次平	Kwŏn Ch'ap'yŏng	10	
E101383	權聰	Kwŏn Ch'ong	20	
E304602	權從元	Kwŏn Chongwŏn	20	
EB04075	權悰	Kwŏn Chong	19	
E104208	權萃	Kwŏn Ch'wi	18	
E103699	權粹	Kwŏn Su	19	
E402493	權存禮	Kwŏn Chollye	17	
E905152	權忖	Kwŏn Ch'on	17	
E401255	權措	Kwŏn Cho	17	
E503636	權搭	Kwŏn T'ap	19	
E205414	權聃	Kwŏn Tam	19	
E205961	權聃	Kwŏn Tam	21	
E206704	權當	Kwŏn Tang	16	
E205056	權愓	Kwŏn T'ang	19	
E402538	權道	Kwŏn To	16	
E402520	權得	Kwŏn Tŭk	18	
E807798	權得衡	Kwŏn Tŭkhyŏng	17	
D206690	權得侯	Kwŏn Tŭkhu	15	
E808189	權得經	Kwŏn Tŭkkyŏng	16	
E807795	權得孫	Kwŏn Tŭkson	17	
D206530	權得元	Kwŏn Tŭgwŏn	11	
E808162	權得中	Kwŏn Tŭkchung	16	
E901135	權得中	Kwŏn Tŭkchung	18	
EA02802	權德榮	Kwŏn Tŏgyŏng	20	
D206700	權德生	Kwŏn Tŏksaeng	14	
D206492	權德秀	Kwŏn Tŏksu	13	
D402259	權迪	Kwŏn Chŏk	15	
D206528	權棣和	Kwŏn Ch'ehwa	10	
E401580	權踶	Kwŏn Che	17	
EA01634	權耋	Kwŏn Mo	20	
E807652	權定	Kwŏn Chŏng	16	
D402199	權定柱	Kwŏn Chŏngju	17	
D206727	權度	Kwŏn To	15	
a0f940fe-5de0-4029-946b-144ab06975db	權度		16	
E703465	權惇	Kwŏn Ton	22	
E905139	權惇	Kwŏn Ton	17	
E301171	權蹲	Kwŏn Chun	17	
EC00919	權恩榮	Kwŏn Ŭnyŏng	20	
EA02446	權耳	Kwŏn I	19	
D206488	權珥	Kwŏn I	13	
E402492	權二已	Kwŏn Ii	16	
E402548	權法和		16	1
D206692	權方侯	Kwŏn Panghu	15	
D206459	權方紀	Kwŏn Panggi	12	
D206722	權方正	Kwŏn Pangjŏng	15	
E206833	權放	Kwŏn Pang	15	
D206491	權份	Kwŏn Pin	12	
E807824	權奉成		19	
EB04058	權奉丁	Kwŏn Pongjŏng	19	
EB04059	權奉衡	Kwŏn Ponghyŏng	19	
EB04060	權奉臨	Kwŏn Pongnim	19	
EB04057	權奉升	Kwŏn Pongsŭng	19	
EB03984	權孚	Kwŏn Pu	16	
E901096	權福海	Kwŏn Pokhae	18	
D206529	權傅	Kwŏn Pu	11	
E203006	權傅	Kwŏn Pu	21	
E402519	權復	Kwŏn Pok	18	
D206774	權復徑	Kwŏn Pokkyŏng	14	1
e1044e6c-655b-486d-8ce4-3e086db732d4	權敢		19	
E402420	權幹	Kwŏn Kan	17	
E203922	權綱	Kwŏn Kang	18	
E808137	權綱	Kwŏn Kang	19	
D402447	權皐	Kwŏn Ko	14	
E104213	權暠	Kwŏn Ho	19	
E304262	權革	Kwŏn Hwa	19	
D206805	權公信	Kwŏn Kongsin	14	
E206144	權恭	Kwŏn Kong	19	
E100687	權鉤	Kwŏn Ku	18	
E400121	權穀	Kwŏn Kok	16	
E905192	權關	Kwŏn Kwan	18	
D206748	權光贊	Kwŏn Kwangch'an	14	
E807655	權貴達	Kwŏn Kwidal	16	
E808051	權貴衡	Kwŏn Kwihyŏng	16	
E205482	權悍	Kwŏn Han	19	
E204427	權漢	Kwŏn Han	19	
E807957	權漢蕃	Kwŏn Hanbŏn	17	
D206469	權漢功	Kwŏn Han'gong	13	
E807961	權漢屛	Kwŏn Hanbyŏng	17	
E104727	權漢生	Kwŏn Hansaeng	19	1
D206472	權漢有	Kwŏn Hanyu	13	
E807960	權漢垣	Kwŏn Hanwŏn	17	
E900870	權好變	Kwŏn Hobyŏn	19	
E204624	權好仁	Kwŏn Hoin	19	
E204635	權好義	Kwŏn Hoŭi	19	
E900429	權浩	Kwŏn Ho	19	
E203152	權晧	Kwŏn Ho	19	
D402052	權鎬	Kwŏn Ho	16	
E102498	權顥	Kwŏn Ho	21	
E402485	權和	Kwŏn Hwa	18	
E808139	權和	Kwŏn Hwa	19	
D401644	權恒	Kwŏn Hang	15	
E402250	權弘	Kwŏn Hong	17	
E201499	權厚	Kwŏn Hu	20	
E807718	權厚	Kwŏn Hu	16	
E206170	權瑚	Kwŏn Ho	19	
E402496	權護	Kwŏn Ho	17	
E204917	權懽	Kwŏn Hwan	19	
E204297	權環	Kwŏn Hwan	19	
EB03985	權緩	Kwŏn Wan	16	
E402245	權澣	Kwŏn Han	17	
E206708	權偟	Kwŏn Hwang	17	
E104212	權晃	Kwŏn Hwang	19	
E103316	權恢	Kwŏn Hoe	18	
E905140	權恢	Kwŏn Hoe	17	
EA01624	權恢	Kwŏn Hoe	22	
E103162	權暉	Kwŏn Hwi	19	
E205481	權惠	Kwŏn Hye	18	
E205339	權佸	Kwŏn Kwal	19	
E204623	權緝	Kwŏn Chip	18	
E205448	權緝	Kwŏn Chip	21	
E203003	權吉甫	Kwŏn Kilbo	20	
EB04070	權偮	Kwŏn Chŭp	20	
E402511	權技		17	
D206712	權季衡	Kwŏn Kyehyŏng	15	
E900873	權季仁	Kwŏn Kyein	18	
D206585	權季容	Kwŏn Kyeyong	15	
E204461	權季禧	Kwŏn Kyehŭi	20	
E304601	權季元	Kwŏn Kyewŏn	20	
E203923	權紀	Kwŏn Ki	18	
E808138	權紀	Kwŏn Ki	19	
E401569	權繼	Kwŏn Kye	17	
E302180	權繼錘	Kwŏn Kyesap	19	
E905154	權繼福	Kwŏn Kyebok	18	
E302179	權繼平	Kwŏn Kyep'yŏng	19	
E302178	權繼孫	Kwŏn Kyeson	19	
E103137	權繼孝	Kwŏn Kyehyo	20	
E808035	權繼祐	Kwŏn Kyeu	18	
E201509	權繼知	Kwŏn Kyeji	20	
E103134	權繼忠	Kwŏn Kyech'ung	20	
E204622	權繼祖	Kwŏn Kyejo	19	
E703368	權肩	Kwŏn Kyŏn	22	
E901039	權瑊	Kwŏn Kam	20	
E905190	權揀	Kwŏn Kan	18	
E102340	權儉	Kwŏn Kŏm	19	
EC02230	權健	Kwŏn Kŏn	19	
E401118	權踐	Kwŏn Ch'ŏn	17	
E205441	權譼	Kwŏn Kam	20	
E205290	權傑	Kwŏn Kŏl	19	
E204916	權睫	Kwŏn Ch'ŏp	18	
E304548	權節	Kwŏn Chŏl	19	
E900504	權玠	Kwŏn Kae	18	
E802165	權金錫	Kwŏn Kŭmsŏk	19	
E401119	權近	Kwŏn Kŭn	16	
E807654	權經	Kwŏn Kyŏng	17	
D206519	權精	Kwŏn Chŏng	12	
E204161	權精		18	1
E104189	權井	Kwŏn Chŏng	18	
D206525	權景	Kwŏn Kyŏng	13	
E800351	權景禧	Kwŏn Kyŏnghŭi	21	
E800341	權景佑	Kwŏn Kyŏngu	21	
E401592	權敬	Kwŏn Kyŏng	16	
E807800	權敬童		17	
EB03953	權敬溫	Kwŏn Kyŏngon	18	
E901103	權敬忠	Kwŏn Kyŏngch'ung	19	
E900576	權敬祖	Kwŏn Kyŏngjo	19	
E204593	權靜	Kwŏn Chŏng	18	
D206481	權泂	Kwŏn Hyŏng	13	
E808123	權九經	Kwŏn Kugyŏng	17	
E808126	權九敍	Kwŏn Kusŏ	17	
E206140	權九㱓	Kwŏn Kuryŏng	20	
D206448	權就宜	Kwŏn Ch'wiŭi	9	
D206489	權居南	Kwŏn Kŏnam	13	
E902903	權居約	Kwŏn Kŏyak	17	
D807908	權矩	Kwŏn Ku	16	
D206475	權具	Kwŏn Ku	13	
E103895	權据	Kwŏn Kuk	19	
E204642	權懼	Kwŏn Ku	19	
E900902	權均	Kwŏn Kyun	17	
C206442	權均漢	Kwŏn Kyunhan	4	
D206533	權均碩	Kwŏn Kyunsŏk	11	
D206532	權均柱	Kwŏn Kyunju	11	
D402248	權鈞	Kwŏn Kyun	16	
E001066	權鈞	Kwŏn Kyun	19	
E807882	權俊民	Kwŏn Chunmin	18	
D206741	權愷	Kwŏn Kae	15	
E900538	權愷	Kwŏn Kae	18	
E206783	權勘	Kwŏn Kam	15	
D402470	權侃	Kwŏn Kan	15	
E900905	權可變	Kwŏn Kabyŏn	18	
D206654	權可封	Kwŏn Kabong	14	
E807860	權可後	Kwŏn Kahu	17	
D206671	權可均	Kwŏn Kagyun	15	
E807863	權可前	Kwŏn Kajŏn	17	
D206672	權可以	Kwŏn Kai	15	
D206670	權可宗	Kwŏn Kajong	15	
E104274	權恪	Kwŏn Yu	18	
E800251	權寬	Kwŏn Kwan	19	
E901086	權寬	Kwŏn Kwan	17	
E103918	權揆	Kwŏn Kyu	19	
E402501	權跬	Kwŏn Kyu	17	
E807789	權坤	Kwŏn Kon	18	
E900544	權琨	Kwŏn Kon	18	
E205076	權悃	Kwŏn Kon	19	
E000403	權括	Kwŏn Pal	21	
E103900	權擴	Kwŏn Hwak	19	
E900146	權擥	Kwŏn Ram	18	
E205953	權老	Kwŏn Ro	21	
E102842	權禮孫	Kwŏn Yeson	19	
C206446	權利輿	Kwŏn Iyŏ	8	
D206508	權莅	Kwŏn Ri	13	
E102422	權慄	Kwŏn Yul	18	
EC02301	權慄		20	
C206445	權廉	Kwŏn Ryŏm	7	
D401439	權廉	Kwŏn Ryŏm	15	
E205487	權憐	Kwŏn Ryŏn	19	
E203022	權璉	Kwŏn Ryŏn	20	
E103758	權楝	Kwŏn Tong	20	
E206136	權良	Kwŏn Ryang	19	
E900541	權良	Kwŏn Ryang	19	
D206517	權良俊	Kwŏn Yangjun	11	
EB01476	權憭	Kwŏn Ryo	21	
E305728	權洌	Kwŏn Ryŏl	19	
E201505	權琳	Kwŏn Rim	20	
E802344	權琳	Kwŏn Rim	20	
E206171	權璘	Kwŏn Rin	19	
E103338	權瑠	Kwŏn Ryu	1	
EB01363	權潞	Kwŏn Ro	18	
D206537	權呂	Kwŏn Yŏ	13	
D206813	權呂溫	Kwŏn Yŏon	14	
E204176	權履	Kwŏn Ri	18	
E204640	權綸	Kwŏn Ryun	18	
E206870	權蔓	Kwŏn Man	1	
E205891	權耄		20	
E205033	權眉	Kwŏn Mi	18	
E205966	權眉	Kwŏn Mi	21	
D206523	權美	Kwŏn Mi	12	
E807653	權孟達	Kwŏn Maengdal	16	
E200607	權孟度	Kwŏn Maengdo	17	
E900729	權孟慶	Kwŏn Maenggyŏng	17	
E104243	權孟禧	Kwŏn Maenghŭi	19	
E900828	權孟貞		17	
E204094	權彌	Kwŏn Mi	18	
E204825	權彌		18	
E901111	權密	Kwŏn Mil	19	
E103878	權敏	Kwŏn Min	20	
E807804	權名世	Kwŏn Myŏngse	16	
E808112	權明理	Kwŏn Myŏngni	17	
E204344	權明善	Kwŏn Myŏngsŏn	19	
E205352	權摩	Kwŏn Ma	19	
E205085	權睦	Kwŏn Mok	18	
E402483	權乃澄	Kwŏn Naejing	16	
E402498	權訥		19	
E204296	權擬	Kwŏn Ŭi	18	
E200655	權念	Kwŏn Nyŏm	20	
E204431	權寧	Kwŏn Nyŏng	18	
E401579	權攀	Kwŏn Pan	18	
E206146	權彭	Kwŏn P'aeng	20	
E808140	權平	Kwŏn P'yŏng	19	
E204360	權枰	Kwŏn P'yŏng	19	
D206462	權評	Kwŏn P'yŏng	13	
D400070	權溥	Kwŏn Pu	13	
E000029	權期	Kwŏn Ki	20	
EC00709	權奇	Kwŏn Ki	22	
E506892	權琦		19	
EA02801	權琦		1	
E807719	權啓經	Kwŏn Kyegyŏng	17	
E304259	權葺	Kwŏn Chŭp	19	
E205526	權恰	Kwŏn Hŭp	21	
EA01831	權阡	Kwŏn Ch'ŏn	20	
D402555	權謙	Kwŏn Kyŏm	14	
E807786	權乾	Kwŏn Kŏn	18	
E204826	權強	Kwŏn Kang	18	
E205368	權僑	Kwŏn Kyo	20	
E205392	權挈	Kwŏn Sŏl	18	
E101755	權欽	Kwŏn Hŭm	21	
E301511	權擎	Kwŏn Kyŏng	20	
EB04069	權慶	Kwŏn Kyŏng	19	
EA02811	權慶榮	Kwŏn Kyŏngyŏng	20	
E402553	權祛	Kwŏn Kŏ	17	
D206485	權確	Kwŏn Hwak	13	
E304396	權然	Kwŏn Yŏn	18	
E206157	權讓	Kwŏn Yang	19	
D206457	權仁紀	Kwŏn In'gi	12	
D206807	權仁景	Kwŏn In'gyŏng	15	
D206806	權仁侃	Kwŏn In'gan	15	
D206689	權仁淑	Kwŏn Insuk	14	
E102834	權仁孫	Kwŏn Inson	19	
C206439	權仁幸	Kwŏn Inhaeng	2	
D206808	權仁軫	Kwŏn Injin	15	
D206811	權忍眉	Kwŏn Inmi	14	
E204434	權任	Kwŏn Im	19	
E807807	權任	Kwŏn Im	17	
E200063	權軔	Kwŏn In	19	
EB01695	權仍	Kwŏn Ing	20	
E808142	權柔	Kwŏn Yu	19	
E900869	權柔	Kwŏn Yu	18	
E807749	權軟生	Kwŏn Yŏnsaeng	18	
E204303	權瑞		20	
E901124	權潤	Kwŏn Yun	19	
E900897	權若衡	Kwŏn Yakhyŏng	17	
E900886	權若經	Kwŏn Yakkyŏng	17	
E900889	權若枰	Kwŏn Yakp'yŏng	17	
E900863	權若中	Kwŏn Yakchung	17	
E901087	權山海	Kwŏn Sanhae	18	
D206825	權善	Kwŏn Sŏn	13	
E202344	權善	Kwŏn Sŏn	19	
E402467	權繕	Kwŏn Sŏn	17	
E401548	權尙恭	Kwŏn Sanggong	17	
EB03951	權尙儉		17	1
E905191	權尙良	Kwŏn Sangnyang	17	
E905176	權尙溫	Kwŏn Sangon	17	
E807747	權尙宜	Kwŏn Sangŭi	17	
E400083	權紹	Kwŏn So	17	
E205354	權伸	Kwŏn Sin	20	
E402535	權審	Kwŏn Sim	18	
E103698	權愼	Kwŏn Sin	18	
E206160	權愼	Kwŏn Sin	19	
E807876	權盛孫	Kwŏn Sŏngson	18	
EA02447	權石基	Kwŏn Sŏkki	19	
E103265	權石童	Kwŏn Sŏktong	19	1
EA02448	權石址	Kwŏn Sŏkchi	19	
EA02449	權石埻	Kwŏn Sŏkchun	19	
D206726	權時	Kwŏn Si	15	
EB07820	權時	Kwŏn Si	16	
E807857	權時佐	Kwŏn Sijwa	17	
E402277	權遈	Kwŏn Sik	17	
EA02994	權實	Kwŏn Sil	20	
E902956	權士彬	Kwŏn Sabin	19	
E900543	權士英	Kwŏn Sayŏng	19	
E902960	權士元	Kwŏn Sahwa	19	
E902959	權士贇	Kwŏn Sasu	19	
D206680	權世珍	Kwŏn Sejin	14	
D206740	權軾	Kwŏn Sik	14	
E807748	權軾生	Kwŏn Siksaeng	18	
D206673	權奭	Kwŏn Sŏk	14	
E304652	權守綱	Kwŏn Sugang	18	
D206465	權守洪	Kwŏn Suhong	10	
E304594	權守紀	Kwŏn Sugi	18	
E304611	權守經	Kwŏn Sugyŏng	18	
E901105	權守經	Kwŏn Sugyŏng	18	
E304673	權守精	Kwŏn Sujŏng	20	
D206450	權守平	Kwŏn Sup'yŏng	10	
E304615	權守綜		18	
E205882	權壽	Kwŏn Su	20	
E901101	權壽海	Kwŏn Suhae	18	
E808052	權壽衡	Kwŏn Suhyŏng	17	
E205358	權壽男		21	
E808053	權壽賢	Kwŏn Suhyŏn	17	
E900836	權叔愓		18	
E900509	權叔衡	Kwŏn Sukhyŏng	19	
E900837	權叔惶	Kwŏn Sukhwang	18	
E900515	權叔均	Kwŏn Sukkyun	19	
E900831	權叔慄	Kwŏn Sungnyul	21	
E900872	權叔仁	Kwŏn Sugin	18	
E103230	權叔禧	Kwŏn Sukhŭi	20	
E204177	權述	Kwŏn Sul	19	
E205427	權順	Kwŏn Sun	21	
E807781	權順	Kwŏn Sun	16	
E204442	權思	Kwŏn Sa	19	
E807794	權思俊	Kwŏn Sajun	16	
E808110	權思義	Kwŏn Saŭi	16	
E206779	權思遠	Kwŏn Sawŏn	14	
E206782	權思直	Kwŏn Sajik	14	
D206583	權嗣宗	Kwŏn Sajong	15	
E204653	權悚	Kwŏn Song	19	
D206668	權肅	Kwŏn Suk	14	
E400102	權肅	Kwŏn Suk	17	
EB03952	權綏	Kwŏn Su	17	
E402473	權遂良	Kwŏn Suryang	17	
D206749	權台鼎	Kwŏn T'aejŏng	15	
D206750	權台府	Kwŏn T'aebu	15	
E901109	權泰亨	Kwŏn T'aehyŏng	19	
E901108	權泰元	Kwŏn T'aewŏn	19	
E204428	權塘	Kwŏn Tang	19	
E206167	權瑭	Kwŏn Tang	19	
E205028	權軆	Kwŏn Ch'e	19	
E205411	權倜	Kwŏn Ch'ŏk	21	
D206725	權琠	Kwŏn Chŏn	15	
E402539	權琠	Kwŏn Chŏn	17	
E807783	權腆		17	
E905155	權鐵同	Kwŏn Ch'ŏldong	19	
E302102	權侹	Kwŏn Chŏng	20	
D206449	權通	Kwŏn T'ong	9	
EA00608	權通		19	
D206786	權圖南	Kwŏn Tonam	14	
E205035	權慱	Kwŏn Pak	19	
E103943	權推	Kwŏn Ch'u	19	
E900898	權推	Kwŏn Ch'u	18	
E203917	權完	Kwŏn Wan	18	
E204436	權完	Kwŏn Wan	18	
D206478	權萬	Kwŏn Man	13	
D206816	權萬景	Kwŏn Man'gyŏng	15	
E402471	權維	Kwŏn Yu	16	
E304616	權偉	Kwŏn Wi	19	
001efe20-ad58-4cdb-8876-cb0e17fe0275	權緯		19	
D206451	權韙	Kwŏn Wi	11	
E206159	權畏	Kwŏn Oe	19	
EA02924	權溫	Kwŏn On	19	
E402481	權蕰	Kwŏn On	17	
D206822	權文景	Kwŏn Mun'gyŏng	15	
E204918	權悞	Kwŏn O	19	
E306062	權悞	Kwŏn O	18	
E200064	權希達	Kwŏn Hŭidal	18	
D206817	權希逢	Kwŏn Hŭibong	15	
E103164	權希進	Kwŏn Hŭijin	18	
E103154	權希遂	Kwŏn Hŭisu	18	
E206707	權希約	Kwŏn Hŭiyak	17	
E400120	權希正	Kwŏn Hŭijŏng	15	
D402484	權僖	Kwŏn Hŭi	15	
E203005	權僖	Kwŏn Hŭi	21	
EA03016	權僖	Kwŏn Hŭi	21	
E901097	權係衡	Kwŏn Kyehyŏng	19	
E901100	權係倫	Kwŏn Kyeryun	19	
E900428	權係生	Kwŏn Kyesaeng	18	
C206444	權先蓋	Kwŏn Sŏn'gae	6	
D206495	權咸	Kwŏn Ham	12	
D402274	權顯	Kwŏn Hyŏn	16	
E205272	權僩	Kwŏn Han	19	
8e0d18bb-d73c-4440-beb3-00e10f9e173b	權祥		19	
E401570	權詳	Kwŏn Sang	16	
E103155	權曉	Kwŏn Hyo	19	
E905146	權孝誠	Kwŏn Hyosŏng	18	
E304612	權孝達	Kwŏn Hyodal	19	
E104219	權孝良	Kwŏn Hyoryang	18	
E301656	權孝良	Kwŏn Hyoryang	20	
EB01662	權孝良		18	
E905151	權孝仁	Kwŏn Hyoin	18	
D206828	權孝生	Kwŏn Hyosaeng	15	
E304656	權孝孫	Kwŏn Hyoson	19	
E900425	權孝孫	Kwŏn Hyoson	18	
E807951	權孝溫	Kwŏn Hyoon	17	
E302176	權孝憲	Kwŏn Hyohŏn	18	
E901102	權孝忠	Kwŏn Hyoch'ung	19	
E204359	權携	Kwŏn Hyu	18	
D807852	權諧	Kwŏn Hae	16	
E807893	權信	Kwŏn Sin	16	
E700884	權信孫	Kwŏn Sinson	19	
D206812	權行脩	Kwŏn Haengsu	14	
C206438	權幸	Kwŏn Haeng	1	
D206464	權性源	Kwŏn Sŏngwŏn	10	
E400122	權興道	Kwŏn Hŭngdo	16	
E103942	權烋	Kwŏn Hyu	18	
E807879	權秀民	Kwŏn Sumin	18	
E506748	權需	Kwŏn Su	18	
E103158	權旭	Kwŏn Uk	19	
E302961	權旭	Kwŏn Uk	20	
E901545	權旭	Kwŏn Uk	19	
EA03110	權旭	Kwŏn Uk	19	
E401983	權緖	Kwŏn Sŏ	17	
E203880	權宣	Kwŏn Sŏn	18	
E400127	權軒	Kwŏn Hŏn	16	
D206819	權玄景	Kwŏn Hyŏn'gyŏng	15	
EA03493	權玄㱓	Kwŏn Hyŏllyŏng	20	
E301177	權烜	Kwŏn Hwŏn	18	
E402276	權選	Kwŏn Sŏn	17	
D402227	權鉉	Kwŏn Hyŏn	16	
E402254	權壎	Kwŏn Hun	17	
EB04078	權恂		19	
E401227	權循	Kwŏn Sun	18	
E205436	權訓	Kwŏn Hun	20	
E807950	權訓	Kwŏn Hun	16	
E900896	權巽	Kwŏn Son	18	
E402275	權遜	Kwŏn Son	17	
E401990	權嚴	Kwŏn Ŏm	16	
D206482	權演	Kwŏn Yŏn	13	
E103142	權演	Kwŏn Yŏn	20	
E205027	權躽	Kwŏn Ŏn	19	
D401571	權儼	Kwŏn Ŏm	15	
E103077	權晏	Kwŏn An	20	
E400132	權軺		16	
EC01596	權依	Kwŏn Ŭi	19	
E204544	權宜	Kwŏn Ŭi	18	
E302914	權怡	Kwŏn I	20	
E101192	權頤		20	1
D206703	權乙衡	Kwŏn Ŭrhyŏng	15	
E304255	權以弘	Kwŏn Chagŏm	18	
E905029	權以經	Kwŏn Igyŏng	19	
E807869	權以謙	Kwŏn Igyŏm	18	
EA02822	權以順	Kwŏn Isun	20	
1ac56422-676d-403b-bafc-1321296aeea6	權佚		20	
D206520	權奕	Kwŏn Hyŏk	13	
E807873	權益孫	Kwŏn Ikson	18	
EA03216	權翊	Kwŏn Ik	19	
E901116	權義均	Kwŏn Ŭigyun	19	
E807801	權義童		17	
E102807	權億壽	Kwŏn Ŏksu	19	
D206745	權毅	Kwŏn Ŭi	14	
E807956	權誼	Kwŏn Ŭi	16	
E200654	權憶	Kwŏn Ŏk	21	
E402480	權絪	Kwŏn In	16	
E205425	權訔	Kwŏn Ŭn	20	
E101214	權引	Kwŏn In	22	
D206682	權靷	Kwŏn In	15	
E807805	權英世	Kwŏn Yŏngse	16	
D206458	權英運	Kwŏn Yŏngun	12	
D206531	權英正	Kwŏn Yŏngjŏng	10	
D206461	權瑩	Kwŏn Yŏng	13	
E402489	權雍	Kwŏn Ong	19	
D402198	權鏞	Kwŏn Yong	16	
EB04068	權永保	Kwŏn Yŏngbo	18	
E102797	權永昌	Kwŏn Yŏngch'ang	17	
EB04056	權永誠	Kwŏn Yŏngsŏng	18	
E205910	權永聃	Kwŏn Yŏngdam	20	
EC00414	權永和	Kwŏn Yŏnghwa	19	
E401295	權永鈞	Kwŏn Yŏnggyun	17	
E102831	權永善	Kwŏn Yŏngsŏn	17	
E001024	權永愼	Kwŏn Yŏngsin	18	
D206493	權用一	Kwŏn Yongil	14	
E304660	權用中	Kwŏn Yongjung	18	
D206694	權有時	Kwŏn Yusi	14	
E103317	權有順	Kwŏn Yusun	19	
E204320	權佑	Kwŏn U	19	
E103325	權瑀	Kwŏn U	1	
E808190	權瑀	Kwŏn U	17	
E901120	權玉均	Kwŏn Okkyun	19	
E900895	權玉貞	Kwŏn Okchŏng	19	
E204472	權裕	Kwŏn Yu	20	
E205879	權裕	Kwŏn Kyŏk	19	
D401256	權遇	Kwŏn U	16	
E205086	權悅	Kwŏn Yŏl	20	
D206724	權贇	Kwŏn Pin	15	
D206480	權允保	Kwŏn Yunbo	12	
D206815	權允景	Kwŏn Yun'gyŏng	15	
E304604	權允禮	Kwŏn Yullye	19	
D206474	權允平	Kwŏn Yunp'yŏng	12	
E304595	權允仁	Kwŏn Yunin	19	
EA00189	權允仁	Kwŏn Yunin	18	
D206538	權允諧	Kwŏn Yunhae	13	
E304603	權允義	Kwŏn Yunŭi	19	
E103941	權攢	Kwŏn Ch'an	19	
E905177	權擇	Kwŏn T'aek	18	
E402255	權增	Kwŏn Chŭng	17	
E205025	權瞻	Kwŏn Ch'ŏm	18	
E400526	權湛	Kwŏn Tam	17	
E204543	權章	Kwŏn Chang	18	
E103161	權暲	Kwŏn Chang	19	
E206169	權璋	Kwŏn Chang	19	
E901289	權長孫	Kwŏn Changson	21	
E304353	權仗卿		18	
E503811	權哲經	Kwŏn Ch'ŏlgyŏng	19	
E901119	權哲均	Kwŏn Ch'ŏlgyun	19	
E807883	權哲民	Kwŏn Ch'ŏlmin	18	
E901088	權哲明	Kwŏn Ch'ŏlmyŏng	19	
E306042	權哲榮	Kwŏn Ch'ŏryŏng	17	
E901091	權哲孫	Kwŏn Ch'ŏlson	19	
E503767	權哲仝	Kwŏn Ch'ŏldong	20	
E503788	權哲終	Kwŏn Ch'ŏlchong	19	
E807809	權哲祖		17	
E400125	權軫	Kwŏn Chin	16	
D206688	權正侯	Kwŏn Chŏnghu	15	
E402243	權正濡	Kwŏn Chŏngsu	17	
D206460	權之紀	Kwŏn Chigi	12	
D206534	權直成	Kwŏn Chiksŏng	12	
E808122	權直均	Kwŏn Chikkyun	16	
E807806	權執	Kwŏn Chip	17	
D905137	權執德	Kwŏn Chiptŏk	16	
D905116	權執經	Kwŏn Chipkyŏng	16	
E401272	權執智	Kwŏn Chipchi	16	
D401296	權執中	Kwŏn Chipchung	16	
E401225	權至	Kwŏn Chi	19	
E204438	權志	Kwŏn Chi	19	
E104202	權治	Kwŏn I	18	
E901106	權致和	Kwŏn Ch'ihwa	17	
E102814	權致敬	Kwŏn Ch'igyŏng	18	
E304658	權致均	Kwŏn Ch'igyun	19	
E102798	權致明	Kwŏn Ch'imyŏng	18	
E304659	權致平	Kwŏn Ch'ip'yŏng	19	
E901121	權致順	Kwŏn Ch'isun	17	
E901134	權致孫	Kwŏn Ch'ison	17	
E901095	權致庸	Kwŏn Ch'iyong	19	
E102832	權致中	Kwŏn Ch'ijung	18	
E807822	權致中	Kwŏn Ch'ijung	18	
E808144	權致中	Kwŏn Ch'ijung	18	
E206408	權智	Kwŏn Chi	20	
E102843	權智孫	Kwŏn Chison	19	
E400126	權輊	Kwŏn Chi	16	
E102628	權摯	Kwŏn Chi	18	
E402491	權質	Kwŏn Chil	19	
E400081	權衷	Kwŏn Ch'ung	16	
E102837	權終孫	Kwŏn Ŭison	19	
D206574	權仲達	Kwŏn Chungdal	14	
D206588	權仲和	Kwŏn Chunghwa	14	
E900840	權仲愷	Kwŏn Chunggae	18	
D206653	權仲山	Kwŏn Chungsan	14	
E900849	權仲愼	Kwŏn Chungsin	18	
D206447	權仲時	Kwŏn Chungsi	9	
E205566	權仲禧	Kwŏn Chunghŭi	19	
D206652	權仲炎	Kwŏn Chungyŏm	14	
D206477	權重	Kwŏn Chung	13	
E206780	權重	Kwŏn Chung	15	
E103140	權軸	Kwŏn Ch'uk	19	
D206723	權珠慶	Kwŏn Chugyŏng	14	
E205444	權銖		21	
E206781	權助	Kwŏn Cho	15	
E402448	權紵	Kwŏn Chŏ	17	
D400429	權鑄	Kwŏn Chu	16	
E204316	權撰	Kwŏn Ch'an	18	
D402197	權準	Kwŏn Chun	14	
E200606	權準	Kwŏn Chun	19	
D206771	權準徑	Kwŏn Chun'gyŏng	14	
E205402	權倬	Kwŏn T'ak	21	
E204305	權琸		19	
E400133	權輜		16	
E205443	權錙		21	
E808165	權錙	Kwŏn Ch'i	17	
D206702	權子衡	Kwŏn Chahyŏng	15	
D206691	權子侯	Kwŏn Chahu	15	
EB01369	權子厚	Kwŏn Chahu	19	
C206443	權子彭	Kwŏn Chap'aeng	5	
E901806	權子善	Kwŏn Chasŏn	19	
D206466	權子輿	Kwŏn Chayŏ	11	
E905196	權子忠	Kwŏn Chach'ung	19	
E204421	權滓	Kwŏn Chae	18	
E304558	權自剛	Kwŏn Chagang	18	
E808141	權自關	Kwŏn Chagwan	18	
E901094	權自海	Kwŏn Chahae	18	
EA04074	權自均	Kwŏn Chagyun	21	
E808127	權自林	Kwŏn Charim	18	
E304550	權自平	Kwŏn Chap'yŏng	20	
E900711	權自謙	Kwŏn Chagyŏm	18	
E808130	權自繩	Kwŏn Chasŭng	18	
E901107	權自位	Kwŏn Chawi	18	
E901118	權自溫		18	
E901114	權自育	Kwŏn Chayuk	18	
E304557	權自中	Kwŏn Chajung	18	
E808136	權自準	Kwŏn Chajun	18	
E203189	權漬		18	1
E204893	權宗	Kwŏn Chong	21	
E900940	權宗	Kwŏn Chong	18	
D402380	權宗頂	Kwŏn Chongjŏng	14	
E901122	權宗李	Kwŏn Chongni	18	
E304596	權宗孫	Kwŏn Chongson	20	
D905168	權總	Kwŏn Ch'ong	16	
D206490	權祖如	Kwŏn Choyŏ	12	
E204326	權佐	Kwŏn Chwa	19	
E205484	權𢘽	Kwŏn Ye	19	
E205679	權𢡿		18	
D206452	權㫜	Kwŏn Tan	12	
E205939	權㱓	Kwŏn Ryŏng	21	
E402554	權𧝂		17	
EC00767	任採	Im Ch'ae	19	
E201785	任處禮	Im Ch'ŏrye	19	
E401921	任純禮	Im Sullye	16	
D401915	任純義	Im Sunŭi	16	
EA00063	任從善	Im Chongsŏn	16	
D401806	任德壽	Im Tŏksu	15	
E401923	任福海	Im Pokhae	18	
EB04031	任輔衡	Im Pohyŏng	18	
E104092	任漑	Im Kae	19	
E202601	任漢	Im Han	19	
E104094	任浩然	Im Hoyŏn	19	
E501816	任會	Im Hoe	20	
EB04327	任薈	Im Hoe	17	
E104097	任繪	Im Hoe	20	
E104108	任渾	Im Hon	19	
E104098	任績	Im Chŏk	20	
E204764	任績	Im Chŏk	19	
E302188	任繼元	Im Kyewŏn	19	
E302185	任繼宗	Im Kyejong	19	
E900918	任繼宗	Im Kyejong	19	
EC00722	任揀	Im Kan	19	
D401759	任巨卿	Im Kŏgyŏng	16	
E202975	任禮孫	Im Yeson	20	
E104105	任孟玎	Im Maengjŏng	20	
E104109	任孟珪	Im Maenggyu	20	
E401832	任孟卿	Im Maenggyŏng	18	
E103983	任孟瑛	Im Maengyŏng	20	
E104111	任孟璋	Im Maengjang	20	
E201051	任彭孫	Im P'aengson	19	
E302183	任慶	Im Kyŏng	18	
E104095	任絟	Im Chŏn	20	
EB04027	任柔	Im Yu	17	
E204064	任湜	Im Sik	19	
E300417	任士洪	Im Sahong	19	
EB04028	任世衡	Im Sehyŏng	18	
E302987	任淑	Im Suk	19	
D206604	任獻	Im Hŏn	15	
E402532	任孝敦	Im Hyodon	18	
E104093	任孝恭		18	1
E807708	任孝禮	Im Hyorye	17	
E104114	任孝明		18	1
E104101	任孝仁		18	1
E102796	任孝信	Im Hyosin	18	
E902158	任孝忠		18	1
E104115	任演	Im Yŏn	19	
EC01508	任耀門	Im Yomun	20	
E807707	任奕	Im Hyŏk	16	
E104140	任由謹	Im Yugŭn	20	
E104136	任由敬	Im Yugyŏng	20	
E100646	任由謙	Im Yugyŏm	20	
E104143	任由遜	Im Yuson	20	
EC00704	任元浩		21	
EC00766	任擇	Im T'aek	19	
E104116	任湛	Im Tam	19	
E104096	任紾	Im Chin	20	
E104086	任治	Im Ch'i	19	
E104100	任智然	Im Chison	19	
E104089	任終孫	Im Chongson	20	
E402268	任仲善	Im Chungsŏn	17	
E401922	任滋	Im Cha	17	
E502870	芮忠年	Ye Ch'ungnyŏn	22	
E804716	芮忠長	Ye Ch'ungjang	21	
D402547	尙載	Sang Chae	15	1
E501230	蛇山君	Yi Ho	20	
E203619	申燦求	Sin Ch'an	20	
E300955	申承參	Sin Sŭngch'am	19	
E000205	申承閔		21	
E303478	申承奭	Sin Sŭngsŏk	19	
EB01495	申承顔	Sin Sŭngan	19	
E303474	申承召	Sin Sŭngso	19	
EC00141	申處	Sin Ch'ŏ	17	
E000942	申春孫	Sin Chongson	21	
E200778	申從濩	Sin Chongho	21	
E206172	申從年	Sin Chongnyŏn	19	
E702073	申從洽	Sin Chonghŭp	21	
E702082	申從沃	Sin Chongok	21	
E402273	申甫		17	
E402455	申槩	Sin Kae	17	
E104420	申耉	Sin Ku	20	
E702283	申光潤	Sin Kwangyun	22	
E702295	申光澤	Sin Kwangt'aek	22	
E903085	申海	Sin Hae	20	
E401811	申浩	Sin Ho	17	
E800311	申洪	Sin Hong	19	
E206129	申渙	Sin Hwan	20	
EA01969	申澮	Sin Hoe	20	
D401810	申琿	Sin Hon	16	
E204538	申繼良	Sin Kyeryang	20	
EC02553	申繼性	Sin Kyesŏng	17	
EA03265	申繼重	Sin Kyedong	19	
EA01304	申甲之	Sin Kapchi	20	
EC02106	申景章	Sin Kyŏngjang	20	
EC00177	申敬乾	Sin Kyŏnggŏn	19	
E401812	申敬源	Sin Kyŏngwŏn	18	
E401813	申敬宗	Sin Kyŏngjong	18	
E203624	申瀞	Sin Chŏng	20	
E203635	申泂	Sin Hyŏng	21	
EA04028	申俊	Sin Chun	20	
EB00279	申浚	Sin Chun	20	
EC00697	申可湛	Sin Kadam	21	
E203646	申泌	Sin P'il	20	
E202567	申命壽	Sin Myŏngsu	20	
E104416	申命之	Sin Myŏngji	19	
E303638	申末平	Sin Malp'yŏng	20	
E203626	申溥	Sin Pu	20	
E104423	申耆	Sin Ki	20	
EA01303	申仁壽	Sin Insu	19	
E901048	申始生	Sin Sisaeng	18	
EA03314	申守福	Sin Subok	19	
EA03373	申守命	Sin Sumyŏng	19	
EA03376	申守仁	Sin Suin	20	
E301145	申守祉	Sin Suji	19	
E201184	申叔檜	Sin Sukhoe	20	
E303633	申叔平	Sin Hyop'yŏng	20	
E203610	申叔舟	Sin Sukchu	19	
E603194	申叔𤱈	Sin Sungmo	21	
E104218	申澍	Sin Chu	19	
E702074	申澍	Sin Chu	20	
E103381	申碩孫	Sin Sŏkson	19	
E204481	申肅文	Sin Sungmun	20	
E903870	申萬年	Sin Mannyŏn	19	
E101925	申萬平	Sin Chungp'yŏng	20	
E104215	申希弼	Sin Hŭip'il	18	
E304587	申希廉		20	
EA03267	申錫寧	Sin Sŏngnyŏng	20	
E301144	申錫禧	Sin Sŏkhŭi	20	
E203260	申禧	Sin Hŭi	22	
E302450	申孝良	Sin Hyoryang	18	
E102855	申堯卿	Sin Yogyŏng	19	
E303526	申翊	Sin Ik	18	
E205283	申億年	Sin Ŏngnyŏn	19	
EA03334	申永保	Sin Yŏngbo	21	
E902603	申永和	Sin Yŏnghwa	21	
E905092	申永年	Sin Yŏngnyŏn	19	
E901442	申永綏		21	
E104251	申永希	Sin Yŏnghŭi	20	
E902601	申永錫	Sin Yŏngsŏk	20	
EA03316	申永禎	Sin Yŏngjŏng	20	
E702186	申用漑	Sin Yonggae	21	
E702158	申用灌	Sin Yonggwan	21	
E103764	申允底	Sin Yunjŏ	20	
EA00242	申允範	Sin Yunbŏm	20	
E200552	申允甫	Sin Yunbo	18	
E102659	申允寬	Sin Yun'gwan	18	
E903856	申允童	Sin Yundong	18	
E300128	申允完	Sin Yunwan	18	
E303753	申允悟	Sin Yuno	18	
E903858	申允賢	Sin Yunhyŏn	18	
E100576	申允舟	Sin Yundan	18	
E901159	申允宗		19	
E303612	申沚	Sin Chi	20	
E903078	申仲舟	Sin Chungju	19	
E901775	申銖	Sin Su	19	
EA01873	申子杠	Sin Chagang	20	
E303469	申子建	Sin Chagŏn	18	
E103211	申子橋	Sin Chagyo	19	
E900466	申自敬	Sin Chagyŏng	17	
E303617	申自準	Sin Chajun	19	
E300127	申宗幹	Sin Chonggan	21	
E203616	申㴐	Sin Myŏn	20	
EB04358	沈愛山	Sim Aesan	20	1
EB04356	沈愛孫	Sim Aeson	20	1
EB04357	沈愛同	Sim Aedong	20	1
E101906	沈安禮	Sim Allye	20	
E300199	沈安仁	Sim Anin	20	
E101418	沈安信		20	
EB02844	沈安義	Sim Anŭi	20	
E203819	沈安智	Sim Anji	21	
E301376	沈寶	Sim Po	19	
E200370	沈濱	Sim Pin	20	
E102364	沈光亨		21	
E000337	沈瀚	Sim Han	21	
EC01001	沈亨	Sim Hyŏng	20	
E000334	沈澮	Sim Hoe	20	
D206713	沈季文	Sim Kyemun	15	
EC00975	沈肩	Sim Kyŏn	19	
E902869	沈九成	Sim Kusŏng	20	
E200869	沈決	Sim Kyŏl	18	
EB04350	沈濬	Sim Chun	18	
EC01388	沈匡弼	Sim Kwangp'il	21	
EC01384	沈匡輔		21	
EC01401	沈匡佐		21	
E000335	沈潾	Sim Rin	21	
E101115	沈湄	Sim Mi	19	
EB04355	沈仁孫	Sim Inson	20	1
E904204	沈叔	Sim Suk	20	
E104240	沈鐵漢	Sim Ch'ŏrhan	19	
EC01108	沈臀	Sim Chŏn	19	
E000338	沈涴		21	
E206717	沈希發	Sim Hŭibal	16	
E206715	沈希括	Sim Hŭigwal	16	
E206720	沈希挺	Sim Hŭijŏng	16	
E206716	沈希溫	Sim Hŭion	16	
EC00978	沈孝子	Sim Kŭkhyo	20	
EC01124	沈胥	Sim Sŏ	19	
EB02841	沈璿	Sim Sŏn	19	
E200290	沈膺	Sim Ŭng	19	
E700991	沈元	Sim Wŏn	20	
E200871	沈貞源	Sim Chŏngwŏn	19	
E401852	沈寊	Sim Ch'i	18	
EC00979	沈忠臣	Sim Kŭkch'ung	20	
EC01383	沈胄	Sim Chu	20	
E905044	沈淄	Sim Ch'i	20	1
EB04124	愼成終	Sin Sŏngjong	19	
E903464	愼承福	Sin Sŭngbok	20	
E904236	愼承命	Sin Sŭngmyŏng	20	
E101393	愼承善	Sin Sŭngsŏn	22	
E600089	愼敦禮	Sin Tollye	21	
E600027	愼敦仁	Sin Tonin	21	
E600115	愼敦信	Sin Tonsin	21	
E600067	愼敦義	Sin Tonŭi	21	
E600101	愼敦智	Sin Tonji	21	
E200873	愼後庚	Sin Hugyŏng	18	
E200599	愼後甲	Sin Hugap	18	
E200017	愼幾	Sin Ki	17	
E200818	愼繼源	Sin Kyewŏn	20	
E200619	愼克昌	Sin Kŭkch'ang	20	
E904235	愼詮	Sin Chŏn	19	
E200899	愼榮命	Sin Yŏngmyŏng	19	
E200875	愼榮壽	Sin Yŏngsu	19	
E600192	愼守謙	Sin Sugyŏm	23	
E600147	愼守勤	Sin Sugŭn	23	
E600168	愼守榮	Sin Suyŏng	23	
E600137	愼守正	Sin Sujŏng	21	
EB04126	愼壽命	Sin Sumyŏng	20	
EB04128	愼壽千	Sin Such'ŏn	20	
EB04129	愼壽億	Sin Suŏk	20	
EB04127	愼壽長	Sin Sujang	20	
E200791	愼嗣源	Sin Sawŏn	21	
E200648	愼先庚	Sin Sŏn'gyŏng	19	
E200563	愼先甲	Sin Sŏn'gap	19	
EC01734	愼義君	Yi In	19	
E200565	愼仲行	Sin Chunghaeng	20	
E200635	愼自濟	Sin Chaje	19	
E200673	愼自建	Sin Chagŏn	19	
E200609	愼自修	Sin Chasu	19	
E200714	愼自治	Sin Chach'i	19	
E201783	石亨	Sŏk Hyŏng	19	
D402212	拾得驢	Sŭp Tŭngnyŏ	17	
E201004	壽春君	Yi Hyŏn	20	
E104825	宋寶	Song Po	19	
E201957	宋寶林	Song Porim	19	
E305760	宋臣庭	Song Sinjŏng	19	
E302028	宋忱	Song Ch'im	20	
EB00239	宋承殷	Song Saŭn	19	
E304176	宋程壽	Song Chŏngsu	18	
E302034	宋誠	Song Sŏng	20	
E202509	宋遲	Song Chi	19	
E103655	宋翠	Song Ch'wi	19	
E204527	宋扶	Song Pu	20	
E400874	宋恭孫	Song Kongson	20	
EB00227	宋觀	Song Kwan	18	
E204137	宋翯	Song Hak	18	
E205829	宋胡年	Song Honyŏn	18	
EB00738	宋瑚	Song Ho	21	
E400776	宋虎生	Song Hosaeng	17	
E000468	宋環周	Song Hwanju	21	
E104389	宋皇	Song Hwang	20	
E900777	宋繪	Song Hoe	18	
E900785	宋緝	Song Chip	18	
E401015	宋季揚	Song Kyeyang	17	
E900760	宋繼	Song Kye	18	
E206021	宋繼後	Song Kyehu	19	
E201781	宋繼商	Song Kyesang	19	
E104462	宋繼興	Song Kyehŭng	21	
E202251	宋繼殷	Song Kyeŭn	21	
E402515	宋繼中	Song Kyejung	17	
45a43d6b-c2b6-4bc5-b32f-063bcfae75bf	宋介金		21	
E900763	宋介同	Song Kaedong	19	
EB01068	宋誡	Song Kye	20	
E401016	宋璟	Song Kyŏng	18	
D301276	宋九斌	Song Kubin	18	
E900306	宋据	Song Kŏ	19	
E104461	宋均	Song Kyun	20	
EC00509	宋連宗	Song Yŏnjong	22	
EA04150	宋璉	Song Ryŏn	21	
e958a14e-a633-4300-bb53-36584c8e9f82	宋臨孫		21	
E402348	宋龍興	Song Yonghŭng	17	
E900795	宋綸	Song Ryun	20	
E205841	宋眉年	Song Minyŏn	18	
E206352	宋勉	Song Myŏn	18	
E901440	宋淇	Song Sim	21	
E103660	宋善文	Song Sŏnmun	20	
E103658	宋善孝	Song Sŏnhyo	20	
EA02781	宋善忠	Song Sŏnch'ung	20	
EC00322	宋裳		18	
E900764	宋紹	Song So	18	
E401035	宋石山	Song Sŏksan	20	
E103712	宋石之	Song Sŏkchi	20	
EB02968	宋軾	Song Sik	21	
E900759	宋守謙	Song Sugyŏm	17	
E103711	宋壽之	Song Suji	20	
EB02769	宋叔琪	Song Sukki	20	
E100179	宋順年	Song Sunnyŏn	20	
EA00236	宋碩孫	Song Sŏkson	20	
EB02966	宋碩孫	Song Sŏkson	20	
E900799	宋碩忠	Song Sŏkch'ung	21	
E301311	宋思瓊	Song Sagyŏng	20	
EB01026	宋譚	Song Tam	20	
D206635	宋天吉	Song Ch'ŏn'gil	15	
E102530	宋鐵山	Song Ch'ŏlsan	20	
E100734	宋萬達	Song Mandal	19	
E304627	宋逶		19	
E103626	宋文琳	Song Mullim	19	
E103710	宋希璟	Song Hŭigyŏng	19	
E205418	宋希獻		21	
ce7e6490-a3a2-4104-bcae-8babb055b16b	宋洗端		21	
EB02770	宋洗光	Song Segwang	21	
619ff848-6f34-4d93-bb51-9946f7ac0eab	宋洗中		21	
E900431	宋孝終	Song Hyojong	19	
E305920	宋休	Song Hyu	18	
E103995	宋秀琳	Song Surim	19	
EA02092	宋宣	Song Sŏn	21	
E900301	宋玹壽	Song Hyŏnsu	18	
E502758	宋訓		20	
EC00319	宋衣	Song Ŭi	19	
E301959	宋乙開	Song Ŭlgae	18	
EA04129	宋益孫	Song Ikson	20	
EC00317	宋翌	Song Ik	17	
E103730	宋軼		21	
EB00230	宋胤殷	Song Yunŭn	19	
E901208	宋胤宗	Song Yunjong	22	
D206633	宋英茂	Song Yŏngmu	14	
E304178	宋瑛	Song Yŏng	19	
E807686	宋玉丁	Song Okchŏng	18	
E103715	宋玉之	Song Okchi	20	
E000418	宋元年	Song Wŏnnyŏn	19	
E206035	宋宰		20	
EB01042	宋讚	Song Ch'an	20	
E301313	宋珍	Song Chin	20	
E808100	宋終同	Song Chongdong	19	
04f75497-8bc7-4950-89b4-068a441da7e7	宋終童		21	
310ab88d-3718-43e5-be38-98068bc40b7a	宋仲孫		21	
EB02967	宋軸	Song Ch'uk	21	
E302026	宋纘	Song Ch'an	19	
E104388	宋㽔	Song Yu	19	
EA00404	蘇寶元		20	
E304607	蘇孝誠	So Hyosŏng	19	
D206791	孫成物	Son Sŏngmul	15	
D206790	孫成務	Son Sŏngmu	15	
E305940	孫澄	Son Ching	18	
E900986	孫處明	Son Ch'ŏmyŏng	18	
E900994	孫處童	Son Ch'ŏdong	18	
D206789	孫大元	Son Taewŏn	14	
E901046	孫得老	Son Tŭngno	18	
E900865	孫奉孝	Son Ponghyo	18	
D206497	孫洪祐	Son Hongu	13	
EB04188	孫季良	Son Kyeryang	19	
E000278	孫季章	Song Kyejang	21	
E401505	孫繼恭	Son Kyegong	20	
E103202	孫繼儉	Son Kyegŏm	20	
E304813	孫繼良	Son Kyeryang	20	
E901554	孫繼童	Son Kyedong	20	
E301374	孫繼溫	Son Kyeon	20	
E102922	孫瑾	Son Kŭn	20	
E808120	孫晋	Son Chin	19	
E306039	孫臨	Son Rim	16	
E401913	孫臨	Son Rim	17	
E807797	孫孟和	Son Maenghwa	17	
E305943	孫孟秀	Son Maengsu	18	
E103704	孫沔	Son Myŏn	20	
E401506	孫謙		19	1
E105049	孫潤生		19	
E808114	孫士晟	Son Sasŏng	18	
E400896	孫順伯	Son Sunbaek	16	
E305933	孫順馹	Son Sunil	16	
E905161	孫順宗	Son Sunjong	18	
E900989	孫坦	Son T'an	19	
EA00371	孫孝徹		21	
E808119	孫昕	Son Hŭn	19	
E305935	孫興祚	Son Hŭngjo	17	
E808115	孫旭	Son Uk	19	
E905167	孫荀茂	Son Sunuk	19	
E900076	孫義	Son Ŭi	17	
E807878	孫億	Son Ŏk	18	
E905163	孫胤河	Son Yunha	18	
E305942	孫永祚	Son Yŏngjo	17	
E808117	孫昭	Son So	19	
E900916	孫仲和	Son Chunghwa	17	
E305941	孫洙	Son Su	18	
E102813	孫自平	Son Chap'yŏng	19	
E808078	孫㮒	Son Yŏn	16	
E703953	唐孝良	Tang Hyoryang	21	
E203301	田甫明	Chŏn Pomyŏng	20	
EC00225	田盖霖	Chŏn Maengnim	19	
E202890	田珪	Chŏn Kyu	18	
E204432	田貴孫	Chŏn Kwison	19	
E204348	田貴同	Chŏn Hyu	20	
E202898	田積		20	1
E808158	田茂述	Chŏn Musul	18	
E204346	田孟游	Chŏn Maengŏ	19	
b8a33507-08ae-4e94-92de-540d5aca01a6	田商山	Chŏn Sangsan	20	
E402237	田萬用	Chŏn Manyong	17	
E808154	田養禮	Chŏn Yangnye	17	
E204362	田裕	Chŏn Yu	19	
E203296	田樟	Chŏn Chang	21	
E202897	田仲霖	Chŏn Chungnim	19	
E103639	田佐命	Chŏn Chwamyŏng	18	
D206794	萬年	Man Nyŏn	12	
D402626	王[玉+囧]	Wang Hyŏng	15	
E201107	王地德	Wang Chidŏk	19	
E402301	王綱	Wang Kang	17	
EB03007	王鬲	Wang Kyŏk	18	
D103168	王環	Wang Hwan	18	
D402621	王緝	Wang Chip	16	
E104512	王敬臣	Wang Kyŏngsin	20	
E104511	王敬贊	Wang Kyŏngch'an	20	
E402466	王居吾未	Wang Kŏomi	17	
D402599	王璉	Wang Ryŏn	15	
D402625	王潘	Wang Pŏn	16	
D301243	王譜	Wang Po	17	
D402627	王綺	Wang Ki	16	
D301157	王愼	Wang Sin	16	
D305926	王奭	Wang Sŏk	16	
D301156	王諟	Wang Si	17	
D402596	王璹	Wang Suk	14	
D402624	王綏	Wang Su	16	
D402653	王瑱	Wang Chin	16	
D401335	王挺	Wang Chŏng	16	
D402634	王祥	Wang Sang	16	
EA00337	王孝坤		18	
E104510	王信	Wang Sin	19	
E402461	王休	Wang Hyu	16	
D401761	王諝	Wang Sŏ	15	
D402516	王煦	Wang Hu	14	1
D402638	王瑄	Wang Sŏn	15	
D301245	王璇	Wang Sŏn	18	
D401762	王珣	Wang Sun	14	
E204085	王循禮	Wang Sullye	18	
D402340	王瑜	Wang Yu	16	
D402604	王昭	Wang So	15	
D301248	王珍	Wang Chin	18	
D401991	王重貴	Wang Chunggwi	15	1
D402602	王諮	Wang Cha	17	
EA00344	王宗禮		20	
EA00339	王宗仁		20	
EA00349	王宗信	Wang Chongsin	20	
E201106	王宗義	Wang Chongŭi	21	
E103866	溫寧君	Yi Chŏng	20	
E706056	文諶	Mun Sim	20	
E103798	文承宥	Mun Sŭngyu	19	
E202308	文承質	Mun Sŭngjil	19	
E400584	文承祚	Mun Sŭngjo	19	
E807859	文處均	Mun Ch'ŏgyun	17	
E201293	文迨	Mun T'ae	18	
E903202	文惠	Mun Hye	20	
E706057	文譿		20	
E901773	文簡	Mun Kan	22	
E103808	文節	Mun Chŏl	20	
E900259	文賮		19	
E202311	文俊	Mun Chun	20	
E807997	文璐	Mun Ro	20	
E904369	文孟敦	Mun Maengdon	20	
E904396	文孟彰	Mun Maengch'ang	20	
E904379	文孟衷	Mun Maengch'ung	20	
E400593	文敏	Mun Min	19	
E900561	文汝良	Mun Yŏryang	18	
E808066	文汝祥	Mun Yŏsang	16	
E000642	文潤	Mun Yun	21	
E202313	文尙彬	Mun Sangbin	19	
E305827	文尙敬	Mun Sanggyŏng	18	
E808182	文尙忠	Mun Sangch'ung	16	
E706058	文諗		20	
E808068	文壽川	Mun Such'ŏn	17	
E808067	文壽山	Mun Susan	17	
E900562	文碩漢	Mun Sŏkhan	19	
E904326	文松壽	Mun Songsu	20	
D201294	文希魯	Mun Hŭiro	17	
E904329	文修德		21	
E400597	文敍	Mun Sŏ	19	
E103209	文由質	Mun Yujil	18	
EA00394	文有弼		20	
EA00398	文有禮		20	
EA00395	文有義		20	
EA00399	文有智		20	
E103799	文郁	Mun Uk	20	
EB01327	文酇	Mun Ch'an	20	
E202306	文造	Mun Cho	18	
EA00393	文長壽		19	
E202314	文致中	Mun Ch'ijung	20	
E900875	文仲敬	Mun Chunggyŏng	18	
E808185	文自珪	Mun Chagyu	17	
EA04314	吳伯翁	O Paegong	20	
EB03980	吳廣孫	O Kwangson	19	
E305804	吳貴唐	O Kwidang	17	
E305819	吳季夏	O Kyeha	17	
E303822	吳季雍	O Kyeong	19	
E104245	吳繼善	O Kyesŏn	20	
EB01335	吳繼善	O Kyesŏn	19	
EB01148	吳繼宗	O Kyejong	19	
E104259	吳敬忠	O Kyŏngch'ung	18	
E103433	吳靖	O Chŏng	18	
E902125	吳克俊	O Kŭkchun	20	
E100590	吳崙	O Ryun	18	
E102920	吳孟昌	O Maengch'ang	19	
E400976	吳明義	O Myŏngŭi	19	
E402220	吳齊普		17	
EC00432	吳千貴	O Ch'ŏn'gwi	17	
E300147	吳千孫	O Am	21	
EA02347	吳仁綱	O In'gang	19	
E305896	吳仁厚	O Inhu	18	
E102703	吳汝亮	O Yŏryang	19	
EB02824	吳山老	O Sallo	20	
E401563	吳陞	O Sŭng	17	
EB04202	吳澨	O Sŏ	19	
EB03965	吳順孫	O Sunson	19	
E900336	吳湘	O Sang	18	
E000419	吳孝綿	O Hyomyŏn	19	
E103434	吳孝悌	O Hyoje	19	
E000420	吳孝永	O Hyoyŏng	19	
E204313	吳信恭	O Sin'gong	19	
E101306	吳秀	O Su	19	
EA00466	吳益師		20	
EA04332	吳永	O Yŏng	19	
E900339	吳永昌	O Yŏngch'ang	19	
E305806	吳永淸	O Yŏngch'ŏng	17	
E305805	吳永信	O Yŏngsin	17	
E000416	吳召南	O Sonam	18	
E305098	吳致和	O Ch'ihwa	20	
E700637	吳致仁	O Ch'iin	20	
E305802	吳致夏	O Ch'iha	16	
D401564	吳仲和	O Chunghwa	16	
EB01334	吳仲老	O Chungno	18	
E102655	吳宗殷	O Chongŭn	19	
E104260	吳宗周	O Chongju	19	
EB03966	吳祖同	O Chodong	20	
E100690	偰甲孫		21	
E201974	偰振		18	
E201977	偰致禮		19	
E100689	偰致深		20	
EA02820	辛佰琚	Sin Paekkŏ	20	
E401634	辛保安	Sin Poan	17	
E103547	辛寶童	Sin Podong	20	
E103546	辛寶重	Sin Pojung	20	
E104549	辛成聃	Sin Sŏngdam	21	
E101630	辛從聃	Sin Chongdam	20	
E605624	辛大允	Sin Taeyun	20	
E103552	辛帶紅	Sin Taehong	19	
E103545	辛帶犀	Sin Taesŏ	19	
EA02893	辛得涵	Sin Tŭkham	20	
EA00077	辛得濟	Sin Tŭkche	20	
E605623	辛鈄賣		20	
E903204	辛奉祖	Sin Pongjo	19	
E700115	辛服義		20	1
E902284	辛福聃	Sin Poktam	21	
EB04275	辛俌		18	
E903205	辛賀聃	Sin Hadam	20	
EB01503	辛厚聃	Sin Hudam	20	
EB04274	辛季和	Sin Kyehwa	17	
E901930	辛季琚	Sin Kyegŏ	21	
E202961	辛季磷	Sin Kyerin	20	
E104903	辛繼祖	Sin Kyejo	19	
E808011	辛鍵	Sin Kŏn	20	
EB04287	辛僅	Sin Kŭn	18	
EB04266	辛敬童	Sin Kyŏngdong	18	
E802511	辛敬溫	Sin Kyŏngon	1	
E302898	辛敬祖	Sin Kyŏngjo	19	
E902241	辛均	Sin Kyun	18	
EB04276	辛俊	Sin Chun	18	
EB04008	辛克禮	Sin Kŭngnye	16	
EC01167	辛禮聃	Sin Yedam	20	
E103544	辛們	Sin Han	18	
E401652	辛孟和	Sin Maenghwa	18	
E202945	辛孟磷	Sin Maengnin	19	
810f7cc6-ed89-4ec1-8a4a-283cff4bfbbf	辛莫聃		20	
E103180	辛瑞聃	Sin Sŏdam	21	
EC01165	辛閏祖	Sin Yunjo	19	
E802526	辛若	Sin Yak	1	
E205535	辛尙調	Sin Sangjo	19	
E201797	辛尙殷	Sin Sangŭn	19	
E104515	辛師勉	Sin Samyŏn	19	
E204456	辛壽聃	Sin Sudam	19	
EB04007	辛叔和	Sin Sukhwa	17	
E100071	辛叔琚	Sin Sukkŏ	20	
E902245	辛叔生	Sin Suksaeng	21	
EB04278	辛舜聃	Sin Sundam	19	
E902243	辛舜鼎	Sin Sunjŏng	20	
EB04277	辛舜年	Sin Sunnyŏn	19	
EB04284	辛舜卿	Sin Sun'gyŏng	19	
EB04279	辛舜㱓	Sin Sullyŏng	19	
E204465	辛順聃	Sin Sundam	20	
EC02556	辛碩敦	Sin Sŏkton	20	
E900303	辛肅	Sin Suk	19	
E206396	辛璲	Sin Su	18	
E202941	辛鐵山	Sin Ch'ŏlsan	18	
E605620	辛無作	Sin Mujak	20	
E902258	辛武鼎	Sin Mujŏng	19	
EB04285	辛武卿	Sin Mugyŏng	19	
E201482	辛孝男	Sin Hyonam	19	
E201478	辛孝源	Sin Hyowŏn	19	
EB04281	辛儼	Sin Ŏm	18	
EB04283	辛堯卿	Sin Yogyŏng	19	
EC04156	辛銀孫		20	1
EC04155	辛銀宗		20	1
EC04157	辛銀㱓		20	1
E202321	辛胤祖	Sin Yunjo	20	
E206864	辛雍	Sin Ong	21	
E104406	辛永孫	Sin Yŏngson	19	
E702705	辛永禧	Sin Yŏnghŭi	20	
E808156	辛用福	Sin Yongbok	18	
E901496	辛禹鼎	Sin Ujŏng	20	
E201476	辛裕	Sin Yu	18	
D401632	辛云吉	Sin Un'gil	16	
E302900	辛哲聃	Sin Ch'ŏldam	20	
EB04268	辛哲石	Sin Ch'ŏlsŏk	19	
E302902	辛正聃	Sin Chŏngdam	20	
EB04282	辛値	Sin Ch'i	18	
bc17260c-679e-47d9-b5c7-fd7fd98f7576	辛終聃		20	
E104409	辛仲琚	Sin Chunggŏ	20	
E202958	辛仲磷	Sin Chungnin	19	
E303247	辛自金	Sin Chagŭm	21	
E303233	辛自鋥	Sin Chajŏng	20	
E806644	辛祖義	Sin Choŭi	21	
ee4a0186-8f1a-46fd-a7f8-bc7cdf3af832	辛遵義		20	
E103232	徐迭	Sŏ Chŏl	20	
E200268	徐邇	Sŏ I	18	
EB03973	徐方賣	Sŏ Pangmae	20	
EB03974	徐方千	Sŏ Pangch'ŏn	20	
EB03972	徐方同	Sŏ Pangdong	20	
E306018	徐福	Sŏ Pok	18	
E901810	徐福慶	Sŏ Pokkyŏng	19	
E104045	徐趕	Sŏ Kan	20	
E300193	徐岡		19	
E205659	徐艮元	Sŏ Yangwŏn	19	
EC00411	徐耇	Sŏ Ku	19	
E306015	徐貴祥	Sŏ Kwisang	17	
EB03971	徐恒	Sŏ Hang	19	
E402257	徐渙	Sŏ Hwan	17	
E905060	徐吉昌	Sŏ Kilch'ang	19	
E302610	徐濟	Sŏ Che	21	
EB01634	徐景興	Sŏ Kyŏnghŭng	18	
E901695	徐居廣	Sŏ Kŏgwang	18	
E901807	徐居正	Sŏ Kŏjŏng	18	
E205652	徐坎元	Kwŏn	19	
E202169	徐鈩	Sŏ Hwan	19	
EA04327	徐眉壽	Sŏ Misu	19	
E201944	徐孟達	Sŏ Maengdal	18	
E302612	徐孟元	Sŏ Maengwŏn	22	
E400244	徐彌性	Sŏ Misŏng	17	
E901730	徐彭呂	Sŏ P'aengnyŏ	19	
E901697	徐彭召	Sŏ P'aengso	19	
EA04329	徐千壽	Sŏ Ch'ŏnsu	19	
E102416	徐赾	Sŏ Kŭn	19	
E300201	徐山甫		20	
E205646	徐涉	Sŏ Sŏp	18	
E402534	徐師川	Sŏ Sach'ŏn	18	
E101951	徐順元	Sŏ Sunwŏn	20	
EA04328	徐萬壽	Sŏ Mansu	19	
E900102	徐熙	Sŏ Hŭi	20	
E306019	徐禧	Sŏ Hŭi	18	
9e47bfa3-cc3e-46f6-8f1f-f6f4bea65592	徐下通		20	
E201991	徐現	Sŏ Hyŏn	18	
D206757	徐孝順	Sŏ Hyosun	15	
EB03112	徐億壽	Sŏ Ŏksu	19	
E402317	徐愈	Sŏ Yu	17	
E201992	徐允德	Sŏ Yundŏk	19	
E201993	徐允福	Sŏ Yunbok	19	
E402364	徐允貴	Sŏ Yun'gwi	17	
E900100	徐貞壽	Sŏ Chŏngsu	19	
E205651	徐震元	Sŏ Chinwŏn	19	
E306017	徐祉	Sŏ Chi	18	
E402376	徐仲夏	Sŏ Chungha	17	
E400099	許案	Hŏ An	17	
E200285	許埰	Hŏ Ch'ae	21	
E400100	許菜	Hŏ Ch'ae	17	
E203389	許曾		20	
EB04217	許曾	Hŏ Chŭng	18	
E400096	許柴	Hŏ Si	18	
E300482	許菖	Hŏ Ch'ang	18	
D206734	許昶	Hŏ Ch'ang	15	
EA00123	許琛	Hŏ Ch'im	19	
EB04216	許諶	Hŏ Sim	17	
E202420	許誠	Hŏ Sŏng	18	
E502855	許崇	Hŏ Sung	21	
E305057	許稠	Hŏ Cho	18	
E902617	許琡	Hŏ Suk	19	
E305043	許從恒	Hŏ Chonghang	18	
E904656	許從孫	Hŏ Chongson	21	
E201887	許琮	Hŏ Chong	20	
EB02937	許達	Hŏ Tal	18	
E200381	許聃壽		19	
E205735	許憺	Hŏ Tam	20	
EA00397	許宕		20	
E902647	許羝	Hŏ Chŏ	19	
E902318	許迪	Hŏ Chŏk	20	
EA03910	許璠	Hŏ Pŏn	20	
E902596	許扉	Hŏ Pi	17	
E502881	許復亨		20	
E902298	許該	Hŏ Hae	18	
EB03151	許珪	Hŏ Kyu	20	
E202991	許海	Hŏ Hae	19	
E103706	許浩	Hŏ Ho	18	
E400078	許恒	Hŏ Hang	16	
E402319	許衡	Hŏ Hyŏng	17	
E900111	許蘅	Hŏ Hyŏng	19	
E400079	許桓	Hŏ Hwan	16	
E902663	許葟	Hŏ Hwang	18	
E400090	許隮	Hŏ Che	17	
E000226	許輯	Hŏ Chip	19	
E902632	許瑊	Hŏ Kam	20	
E400091	許階	Hŏ Kye	17	
EC02303	許誡	Hŏ Kye	20	
E201384	許謹	Hŏ Kŭn	19	
D400075	許璡	Hŏ Chin	15	
E902315	許逕	Hŏ Kyŏng	20	
E902317	許逕	Hŏ Kyu	20	
EA03221	許敬	Hŏ Kyŏng	20	
E202989	許均	Hŏ Kyun	18	
E502878	許峻	Hŏ Chun	21	
EA03223	許揆		21	
E202274	許禮	Hŏ Rye	19	
E902301	許連	Hŏ Ryŏn	20	
E400088	許憐	Hŏ Rin	17	
E200522	許璘	Hŏ Kon	19	
E301266	許羚	Hŏ Ryŏng	19	
E400089	許陸	Hŏ Ryuk	17	
E902299	許綿	Hŏ Myŏn	19	
EA00614	許珉	Hŏ Min	19	
E905189	許末石	Hŏ Malsŏk	18	
E305064	許訥		19	
E400375	許愭	Hŏ Ki	16	
E201886	許確	Hŏ Hwak	21	
E200283	許認	Hŏ In	20	
E204675	許容	Hŏ Yong	19	
E900110	許瑞	Hŏ Sŏ	20	
E902651	許羶	Hŏ Chŏn	19	
D206732	許少由	Hŏ Soyu	14	
E301268	許蔘	Hŏ Sam	18	
E802700	許壽	Hŏ Su	21	
E902643	許樞	Hŏ Ch'u	17	
E200297	許塾	Hŏ Suk	21	
E902326	許遂		20	
E902598	許蓀	Hŏ Son	18	
E200288	許塘		21	
EA03214	許倜	Hŏ Ch'ŏk	18	
EC00312	許晩石	Hŏ Mansŏk	18	
EA03217	許諴	Hŏ Ham	19	
E102802	許祥	Hŏ Sang	19	
E300211	許孝舜	Hŏ Hyosun	20	
E202304	許休	Hŏ Hyu	20	
E305061	許詡	Hŏ Hu	19	
E200304	許壎	Hŏ Hun	21	
E902607	許薰	Hŏ Hun	18	
E102806	許珚	Hŏ Yŏn	19	
E203063	許岩	Hŏ Am	21	
E103564	許衍	Hŏ Yŏn	20	
E400098	許檃	Hŏ Ŭn	17	
EC00831	許顒	Hŏ Hyŏng	21	
E902613	許瑗		19	1
E103873	許慥	Hŏ Cho	20	
E205644	許長民	Hŏ Changmin	18	
E303570	許長孫	Hŏ Changson	19	
E100705	許禎	Hŏ Chŏng	17	
EC04166	許振	Hŏ Chin	21	
D200013	許之惠		17	1
EB04215	許之信	Hŏ Chisin	16	
E902615	許芝	Hŏ Chi	18	
E200286	許埴	Hŏ Sik	21	
E902327	許鉄柱		21	
E305723	許誌	Hŏ Chi	19	
E402400	許周	Hŏ Chu	17	
EA01032	許作	Hŏ Chak	20	
EB02943	宣孝老	Sŏn Hyono	20	
E302697	玄賁	Hyŏn Pun	20	
E300246	玄俊	Hyŏn Chun	21	
E203053	玄碩珪	Hyŏn Sŏkkyu	20	
E701503	玄思肅		22	
E000796	薛成林	Sŏl Sŏngnim	20	
E101424	薛誠	Sŏl Sŏng	21	
E303028	薛墀	Sŏl Chi	21	
E000806	薛季剛	Sŏl Kyehan	21	
EA04350	薛堅壽	Sŏl Kyŏnsu	21	
E000854	薛茂林	Sŏl Murim	20	
E000797	薛孟岡	Sŏl Maenggang	21	
E303029	薛坪	Sŏl P'yŏng	21	
E000795	薛晳	Sŏl Sŏk	19	
EA04354	薛岩壽	Sŏl Amsu	21	
E904929	薛義孫	Sŏl Ŭison	20	
EA04351	薛億壽	Sŏl Ŏksu	21	
E203286	薛貞新	Sŏl Chŏngsin	20	
E000802	薛仲剛	Sŏl Chunggang	21	
E203799	薛柱		19	
E305949	延保	Yŏn Po	19	
E305946	延庇	Yŏn Pi	17	
E205750	延井渫	Yŏn Chŏngsŏl	18	
E305948	延勉善	Yŏn Myŏnsŏn	18	
E305950	延効善		18	
E303567	嚴得正	Ŏm Tŭkchŏng	18	
E402416	嚴敏	Ŏm Min	17	
E202984	嚴尙仁	Ŏm Sangin	18	
E305821	嚴自謙	Ŏm Chagyŏm	17	
E901274	陽穋	Yang Ryuk	20	
E201300	楊處離	Yang Chari	20	
E201299	楊處順	Yang Ch'ŏsun	20	
E201080	楊處汀	Yang Ch'ŏjŏng	20	
E201033	楊澹	Yang Tam	20	
E301961	楊道	Yang To	18	
E201035	楊漑	Yang Kae	20	
E201048	楊和	Yang Hwa	18	
E201381	楊赫	Yang Hyŏk	18	
E201018	楊厚	Yang Hu	18	
E201301	楊濟	Yang Che	18	
E201083	楊繼男	Yang Kyenam	19	
E201078	楊繼童	Yang Kyedong	19	
E201075	楊繼元	Yang Kyewŏn	19	
E201079	楊繼宗	Yang Kyejong	19	
E201000	楊景	Yang Kyŏng	18	
E201034	楊浚	Yang Chun	20	
E201077	楊克明	Yang Kŭngmyŏng	20	
E201076	楊克仁	Yang Kŭgin	20	
E200997	楊孟赴	Yang Maengdu	19	
E201023	楊沔	Yang Myŏn	20	
E201057	楊培	Yang Pae	18	
E807657	楊仁伯	Yang Inbaek	16	
E301964	楊石堅	Yang Sŏkkyŏn	19	
E205032	楊世英	Yang Seyŏng	20	
EA02761	楊守道	Yang Sudo	19	
E205029	楊守泗	Yang Susa	19	
E100107	楊淑	Yang Suk	23	
E201307	楊順達	Yang Sundal	19	
E201352	楊悌達	Yang Chedal	20	
E200032	楊天祿	Yang Ch'ŏllok	17	
E200027	楊天植	Yang Ch'ŏnsik	17	
E201341	楊孝達	Yang Hyodal	19	
E201055	楊孝禮	Yang Hyorye	19	
E201049	楊孝仁	Yang Hyoin	19	
E201050	楊孝義	Yang Hyoŭi	19	
E201056	楊孝智	Yang Hyoji	19	
E201371	楊信達	Yang Sindal	21	
E201086	楊修	Yang Su	18	
E201297	楊億	Yang Ŏk	19	
E200995	楊雍	Yang Ong	18	
E301971	楊有汀	Yang Yujŏng	19	
E301969	楊有沚	Yang Yuji	19	
E201092	楊有宗	Yang Yujong	19	
E200030	楊震	Yang Chin	17	
D200028	楊之壽	Yang Chisu	16	
E201305	楊治	Yang Ch'i	18	
E201020	楊子淳	Yang Chasun	19	
E201037	楊子濡	Yang Chayu	20	
E505965	楊子贍	Yang Chach'ŏm	21	
E808037	楊子田	Yang Chajŏn	18	
E903095	宜春君	Yi Ujik	20	
E901493	義昌君	Yi Kong	19	
816532e4-eaed-42cb-8b14-6f5ee2c57058	尹[石+廉]		21	
E402204	尹邦昌	Yun Pangch'ang	17	
E700847	尹堡	Yun Po	20	
EB04030	尹堡	Yun Po	18	
6d1c1623-5a6c-4f5f-8ed7-368eedce7062	尹敝		18	
E104628	尹弼商	Yun P'ilsang	20	
E808028	尹汴	Yun P'an	17	
EC01336	尹濱	Yun Pin	18	
E300000	尹蕃	Yun Pŏn	17	
E903455	尹伯涓	Yun Paegyŏn	20	
E200338	尹伯焞	Yun Paekton	20	
E102541	尹伯煴	Yun Paegon	20	
E700959	尹採	Yun Ch'ae	21	
E102574	尹岑	Yun Cham	19	
EB04396	尹敞	Yun Ch'ang	17	
EC00832	尹承衡	Yun Sŭnghyŏng	20	
D300001	尹承禮	Yun Sŭngnye	16	
E902337	尹誠	Yun Sŏng	20	
E700840	尹墀	Yun Sŏ	20	
E605650	尹崇信	Yun Sungsin	20	
EA02991	尹崇智	Yun Sungji	20	
E102944	尹俶	Yun Suk	21	
E401876	尹處恭	Yun Ch'ŏgong	18	
E105055	尹處亨		19	
E401863	尹處敬	Yun Ch'ŏgyŏng	18	
E401867	尹處信	Yun Ch'ŏsin	20	
E105052	尹處元		19	
E105056	尹處貞		19	
E102535	尹慈	Yun Cha	19	
E202574	尹從生	Yun Chongsaeng	19	
b16a5fa3-3108-45fd-aca6-f987a3ca28f5	尹磪		21	
E401410	尹達成	Yun Talsŏng	18	
E901430	尹達蒙	Yun Talmong	19	
E202428	尹大德	Yun Taedŏk	20	
E502991	尹澹	Yun Tam	21	
E202538	尹堤	Yun Che	19	
E402215	尹抵	Yun Chŏ	17	
b0571644-e72b-4430-893c-69d5f67c9bb8	尹砥		21	
E402222	尹方慶	Yun Panggyŏng	17	
cfc44bb0-a259-457b-8f5b-b2dbed20a0b8	尹枌		20	
E300023	尹甫	Yun Po	22	
D105021	尹輔	Yun Po	16	
E104620	尹輔商	Yun Posang	20	
EA03028	尹復興	Yun Puhŭng	17	
E103981	尹垓	Yun Hae	18	
E203274	尹蓋孫	Yun Maengson	21	
860c1eda-0155-48d6-a891-fa1cb62111ac	尹杠		20	
E200488	尹恭	Yun Kong	22	
E700846	尹鉤	Yun Kyun	21	
E204181	尹遘	Yun Ku	20	
211a1baa-fe99-4f5c-9870-5685b43c2cb1	尹龜還		20	
E202815	尹龜蒙	Yun Kwimong	19	
E202813	尹龜年	Yun Kwinyŏn	20	
E202722	尹龜山	Yun Kwisan	19	
E202770	尹龜壽	Yun Kwisu	21	
E202783	尹龜㱓	Yun Kwiryŏng	19	
E903483	尹涵	Yun Ham	20	
E702028	尹瀚	Yun Han	21	
E700604	尹沆	Yun Hang	21	
E103644	尹壕	Yun Ho	19	
E302041	尹浩	Yun Ho	20	
E203135	尹洪	Yun Hong	19	
c507f87c-ee2e-49f4-9555-af996d706b8a	尹逅		21	
EC01370	尹華	Yun Hwa	20	
E203600	尹淮	Yun Hoe	16	
EA02798	尹環		20	
E202423	尹煥	Yun Hwan	18	
E905145	尹黃	Yun Hwang	18	
E105051	尹璜		18	
E202424	尹暉	Yun Hwi	19	
EC01226	尹惠	Yun Hye	21	
E900226	尹譓	Yun Hye	18	
E800131	尹渾	Yun Hon	20	
E800211	尹緝	Yun Chip	1	
EC01227	尹濟	Yun Che	21	
E800001	尹繼丁	Yun Kyejŏng	20	
EC00816	尹繼衡	Yun Kyehyŏng	20	
E300461	尹繼謙	Yun Kyegyŏm	20	
EA01615	尹繼興		19	
EB04189	尹繼佑	Yun Kyeu	19	
EC01337	尹瑊		19	
E903473	尹漸	Yun Chŏm	18	
c611faaa-ae4b-422e-9d26-c245dca62afc	尹江		21	
D105038	尹將		17	
f9afb1dd-b1ee-429b-baca-1cf381b9f701	尹金龜		21	
E202426	尹謹德	Yun Kŭndŏk	20	
E202550	尹進	Yun Chin	19	
E301197	尹景淵	Yun Kyŏngyŏn	18	
E904154	尹景源	Yun Kyŏngwŏn	17	
E202429	尹敬德	Yun Kyŏngdŏk	20	
E104619	尹坰	Yun Kyŏng	19	
E202484	尹炯	Yun Hyŏng	18	
E105026	尹救		18	
DB04620	尹就		17	
EC01348	尹琚		19	
E900217	尹擧莘	Yun Kŏsin	19	
E203398	尹俊丁	Yun Chunjŏng	20	
E100943	尹俊民	Yun Chunmin	21	
E102586	尹俊生	Yun Chunsaeng	20	
E000377	尹俊童	Yun Chundong	20	
E501291	尹俊文	Yun Chunmun	21	
E102584	尹俊元	Yun Chunwŏn	20	
E902216	尹峻	Yun Chun	19	
EB02049	尹浚	Yun Chun	19	
E401731	尹愷	Yun Kae	16	
E806582	尹侃	Yun Kan	21	
D402145	尹可觀	Yun Kagwan	16	
EC01154	尹可宣	Yun Kasŏn	19	
E103980	尹坤	Yun Kon	18	
E204580	尹勞謙	Yun Nogyŏm	19	
E203272	尹禮卿	Yun Yegyŏng	20	
E206434	尹礪		21	
E800181	尹洌	Yun Ryŏl	20	
EA02735	尹磷	Yun Rin	21	
E102783	尹湄	Yun Mi	20	
E401387	尹孟謙	Yun Maenggyŏm	19	
E203995	尹孟枝	Yun Maengji	19	
E400489	尹彌堅	Yun Migyŏn	19	
EC01368	尹沔	Yun Myŏn	19	
E102560	尹敏	Yun Min	19	
E800021	尹末丁	Yun Malchŏng	20	
E103990	尹磻	Yun Pŏn	20	
E806681	尹磻		21	
E700607	尹滂	Yun Pang	21	
E401044	尹麃	Yun P'yo	18	
E104654	尹培		19	1
E102558	尹彭壽	Yun P'aengsu	20	
a30f3649-54a8-4f49-8930-1c93e824b376	尹玭		18	
E105024	尹泙		19	
E201312	尹坡	Yun P'a	20	
EA02799	尹琦		20	
E503015	尹頎		1	
EC00731	尹起	Yun Ki	20	
E204183	尹起畎		20	
E202563	尹起莘	Yun Kisin	20	
E300010	尹欽	Yun Hŭm	19	
D401661	尹仁傑	Yun In'gŏl	16	
E202541	尹任	Yun Im	20	
E807768	尹任	Yun Im	16	
E300114	尹汝弼	Yun Yŏp'il	21	
E804945	尹汝霖	Yun Yŏrim	22	
EA02797	尹汭	Yun Ye	19	
EC01156	尹瑞	Yun Sŏ	20	
E102089	尹三山	Yun Samsan	17	
E204418	尹三童	Yun Samdong	20	
EA01480	尹三元	Yun Samwŏn	18	
E102526	尹善老		17	1
E600026	尹商老	Yun Sangno	21	
EC02117	尹韶	Yun So	19	
D206626	尹紹宗	Yun Sojong	15	
E301163	尹莘起	Yun Sin'gi	20	
EC02322	尹深	Yun Sim	19	
E903452	尹沈	Yun Ch'im	18	
E700605	尹愼德	Yun Sindŏk	20	1
E402402	尹生		17	
E901563	尹師點	Yun Sajŏm	20	
EC01286	尹師甫	Yun Sabo	19	
EA00379	尹師華	Yun Sahwa	21	
E104640	尹師路	Yun Saro	20	
E104651	尹師孟	Yun Samaeng	20	
E903221	尹師商	Yun Sasang	20	
E904096	尹師晳	Yun Sasŏk	20	
E401444	尹師夏	Yun Saha	20	
E104660	尹師殷	Yun Saŭn	20	
E104644	尹師有	Yun Sayu	20	
E104648	尹師淵	Yun Sayŏn	20	
E206849	尹師真	Yun Sagŏn	19	
E304881	尹師周	Yun Saju	20	
E102766	尹石丁	Yun P'ilchŏng	20	
EC01204	尹湜	Yun Sik	19	
E300008	尹士昐	Yun Sabun	18	
E300459	尹士昕	Yun Sahŭn	18	
E300021	尹士昫	Yun Sayun	21	
E000157	尹士元	Yun Sawŏn	19	
E501114	尹壽千		21	
E202543	尹壽生	Yun Susaeng	21	
E204416	尹叔命	Yun Sungmyŏng	19	
E902338	尹淑	Yun Suk	21	
E102546	尹恕	Yun Sŏ	19	
E800111	尹數丁	Yun Ŭnjŏng	20	
E502993	尹碩	Yun Sŏk	22	
EB02747	尹碩輔	Yun Sŏkpo	20	
EB02736	尹思	Yun Sa	19	
E900269	尹思涵	Yun Saham	20	
E900234	尹思深	Yun Sasim	19	
E900227	尹思沈	Yun Sach'im	19	
E401862	尹思修	Yun Sasu	17	
baaa8958-d163-4831-a791-baf1ecef7c75	尹松壽		20	
E402522	尹太山	Yun T'aesan	18	
EC02259	尹坦	Yun T'an	20	
E804991	尹湯老	Yun T'angno	20	
E300115	尹塘	Yun Tang	18	
EA00262	尹汀	Yun Ponam	20	
EC01239	尹汀	Yun Chŏng	21	
E700609	尹沱	Yun T'a	21	
EC01159	尹琓	Yun Wan	20	
E102788	尹緯	Yun Wi	1	
EC01162	尹渭		20	
EC04124	尹五福	Yun Chikpok	20	
E101381	尹塢	Yun O	21	
E104618	尹希齊	Yun Hŭije	18	
E402477	尹希宗	Yun Hŭijong	16	
E202717	尹熺	Yun Hŭi	18	
E203845	尹喜男	Yun Hŭinam	20	
E102562	尹喜孫	Yun Hŭison	20	
EA03135	尹顯孫		20	
EC00724	尹顯行	Yun Hyŏnhaeng	20	
E105045	尹孝順		19	1
E900436	尹孝孫	Yun Hyoson	19	
EC00815	尹孝孫	Yun Hyoson	19	
E203051	尹孝祥	Yun Hyosang	20	
E104830	尹屑	Yun Sŏl	18	
E203608	尹瀣	Yun Hae	21	
E202539	尹鐔	Yun Sim	21	
E104637	尹興商	Yun Hŭngsang	20	
E400791	尹須彌	Yun Sumi	18	
E300478	尹頊		21	
EA01005	尹昫		20	
EC00614	尹萱		20	
E202440	尹暄	Yun Hwŏn	19	
E104673	尹壎	Yun Hun	19	
E304508	尹峋	Yun Sun	19	
E102754	尹延齡	Yun Yŏllyŏng	19	
E102777	尹延命	Yun Yŏnmyŏng	19	
E102787	尹延年	Yun Yŏnnyŏn	19	
E102582	尹巖	Yun Am	19	
EC01406	尹巖		21	
E901437	尹沂	Yun Ki	20	
EA02145	尹殷老	Yun Ŭllo	22	
E401445	尹垠	Yun Ŭn	19	
EA00744	尹垠		19	
393ada6b-1035-42a2-aba5-2b3ff88d7a91	尹銀同		20	
E402650	尹膺	Yun Ŭng	17	
E700631	尹由德	Yun Yudŏk	20	
E104631	尹佑商	Yun Usang	20	
E102527	尹愚	Yun U	19	
EC02118	尹羽	Yun Ch'wiŭn	21	
deaf2e37-ce93-4c4b-9bc5-f0631dc49077	尹羽		20	
E401218	尹瑀		18	
a9330f9d-c931-4dd8-a3c4-1cee1534b35f	尹玉龜		21	
E202576	尹遇	Yun U	19	
a2a83419-53e0-4f7d-b2b8-e7d867f16d60	尹遇		21	
E102756	尹遇丁	Yun Ujŏng	20	
E102557	尹愈	Yun Yu	19	
E205571	尹礇	Yun Uk	21	
E102531	尹元根	Yun Wŏn'gŭn	20	
E905182	尹元根	Yun Wŏn'gŭn	20	
E206334	尹瑗	Yun Ching	20	
E300713	尹瑗	Yun Kŭn	19	
E701128	尹雲孫	Yun Unson	20	
E202486	尹贊	Yun Ch'an	19	
E800091	尹贊丁	Yun Ch'anjŏng	20	
E104652	尹增	Yun Chŭng	19	
E401411	尹彰	Yun Ch'ang	17	
EB04420	尹召	Yun So	19	
E302989	尹晢		20	
EC01405	尹蓁		20	
E102579	尹之崇	Yun Chisung	20	
E102578	尹之崗	Yun Chigang	20	
E102577	尹之峻	Yun Chijun	20	
E102576	尹之崑	Yun Chigon	20	
E905086	尹之崑	Yun Chigon	19	
EC01601	尹之崙	Yun Chiryun	20	
E102581	尹之嶸	Yun Chiyŏng	20	
EA03435	尹之行	Yun Chihaeng	19	
E101859	尹之峀	Yun Chisu	20	
E104454	尹志夏	Yun Chiha	20	
E807868	尹忠毅	Yun Ch'ungŭi	18	
E102307	尹仲涓	Yun Chungyŏn	20	
E102547	尹仲鈞	Yun Chunggyun	20	
E900437	尹仲孫	Yun Chungson	19	
df1313d1-6439-4123-9099-c9ae0c894e4d	尹珠		18	
EC01203	尹濁	Yun T'ak	19	
E302366	尹孜善	Yun Chasŏn	21	
EB02048	尹子濂	Yun Charyŏm	18	
EC01288	尹子濚	Yun Chayŏng	19	
E301195	尹子雲	Yun Chaun	20	
E900435	尹自洪	Yun Chahong	18	
E400487	尹自堅	Yun Chagyŏn	17	
E104832	尹自水	Yun Chasu	19	
E104831	尹自雲	Yun Chaun	19	
EC01289	尹漬	Yun Chi	20	
ce38a80b-32f5-4933-b963-4419c9a84e27	尹𡵻		19	
0197fef1-ab47-790d-b99b-9219164ad72f	尹𤨢		18	
E306064	引順岑	In Sunjam	17	
E807947	余孝恭	Yŏ Hyogong	17	
E303619	兪渾	Yu Hon	20	
E206294	兪觧	Yu Hae	18	
E200744	兪謹	Yu Kŭn	20	
E104880	兪卿老	Yu Kyŏngno	19	
E204547	兪石蕃	Yu Sŏkpŏn	19	
E204545	兪信	Yu Sin	18	
EB04146	兪以諫	Yu Igan	19	
E206296	兪益昌	Yu Ikch'ang	19	
E305924	兪元老	Yu Wŏllo	18	
E102549	兪惲	Yu Un	20	
EC00627	兪造	Yu Cho	19	
EC04149	兪長孫	Yu Changson	20	
E104242	兪宗道	Yu Chongdo	18	
E302527	魚繼良	Ŏ Kyeryang	20	
EC01519	魚孟淳	Ŏ Maengsun	22	
EB04205	魚孟渾	Ŏ Maenghon	22	1
E901212	魚孟濂	Ŏ Maengnyŏm	21	
EC01517	魚世恭	Ŏ Segong	21	
EA04208	魚世謙	Ŏ Segyŏm	20	
E304030	禹拜昌	U Paech'ang	21	
E300225	禹晨	U Sin	19	
E401841	禹承瓊	U Sŭnggyŏng	17	
EA00490	禹晟		19	
E204737	禹誠老	U Sŏngno	18	
E204678	禹從夏	U Chongha	19	
E200958	禹從殷	U Chongŭn	19	
E204728	禹從周	U Chongju	19	1
E202847	禹得圭	U Tŭkkyu	19	
E000519	禹垓		20	
E204742	禹恭老	U Kongno	18	
138ef0ef-9a16-453a-b0ed-b6e38e57e1d2	禹貴榮		19	
f137d7bd-99db-4aad-becb-dd590bd83d6f	禹貴山		19	
E900718	禹亨孫	U Hyŏngson	19	
EC00313	禹繼蕃	U Kyeban	18	
E204805	禹繼老	U Kyero	18	
E300913	禹繼忠		18	
EB01886	禹敬宗	U Kyŏngjong	19	
E905033	禹敬祖	U Kyŏngjo	19	
E104336	禹埈		17	
E903511	禹克孝	U Kŭkhyo	20	
E103717	禹埨	U Ryun	20	
E201109	禹培	U Pae	21	
E204934	禹彭世	U P'aengse	20	
E204806	禹謙		19	
E204815	禹讓		19	
EB04011	禹仁熟	U Insuk	17	
E000538	禹埏	U Yŏn	19	
E204730	禹守老	U Suro	18	
E000525	禹樹	U Su	20	
E204788	禹舜老	U Sullo	18	
E204751	禹碩孫	U Sŏkson	19	
E204743	禹賢孫	U Hyŏnson	19	
E204736	禹孝安	U Hyoan	19	
E204731	禹孝誠		19	
EA00210	禹孝謹	U Hyogŭn	19	
E201102	禹孝新	U Hyosin	20	
E204800	禹信老	U Sillo	18	
E200959	禹元老	U Wŏllo	18	
E700024	禹允功	U Yun'gong	20	
E605652	禹貞老	U Chŏngno	18	
E203806	禹治江		18	
E305811	禹治汝	U Ch'iyŏ	17	
E206348	禹自淮	U Chahoe	18	
E401890	禹宗夏	U Chongha	18	
E000644	庾碩輔	Yu Sŏkpo	21	
E200576	庾止府	Yu Chibu	20	
266c9825-0b6b-4b0a-83ee-9abf01f18b6c	元 昭宗	Wŏn Sojong	15	
E402558	元賓	Wŏn Pin	16	
E400392	元昌命	Wŏn Ch'angmyŏng	18	
E402561	元忱	Wŏn Ch'im	17	
E304927	元崇	Wŏn Sung	18	
EA02943	元崇信		18	1
E103782	元淳	Wŏn Sun	20	
E807923	元達廷	Wŏn Talchŏng	18	
E304713	元德崇	Wŏn Tŏksung	18	
E304715	元德仁	Wŏn Tŏgin	18	
E201472	元德秀	Wŏn Tŏksu	18	
E104187	元槪	Wŏn Kae	19	
E300131	元恭		18	1
E304726	元規	Wŏn Kyu	19	
E304900	元龜	Wŏn Kwi	18	
D400343	元龜壽	Wŏn Kusu	16	
D402557	元顥	Wŏn Ho	15	
E304928	元和	Wŏn Hwa	18	
E304980	元亨	Wŏn Hyŏng	18	
E402560	元恢		18	
E206375	元瑾	Wŏn Kŭn	20	
E304737	元矩	Wŏn Ku	19	
E302473	元俊	Wŏn Chun	19	
EC00719	元隆	Wŏn Yung	19	
E304916	元蒙	Wŏn Mong	18	
E402562	元閔生	Wŏn Minsaeng	18	
EB04219	元明山	Wŏn Myŏngsan	19	1
EA00618	元乃仁		18	
E304772	元全	Wŏn Chŏn	19	
E305777	元三孫	Wŏn Samson	17	
E103738	元昇	Wŏn Sŭng	20	
EC01207	元壽命	Wŏn Maengsu	20	
EC01222	元壽山	Wŏn Susan	20	
D400365	元松壽	Wŏn Songsu	16	
D400345	元倜	Wŏn Ch'ŏk	17	
D400390	元庠	Wŏn Sang	17	
E802487	元孝恭	Wŏn Hyogong	20	
EC01206	元孝然	Wŏn Hyoyŏn	19	
D400348	元信	Wŏn Sin	17	
D400387	元序	Wŏn Sŏ	17	
E402573	元宣	Wŏn Sŏn	16	
EA02335	元學	Wŏn Hak	19	
E402559	元恂	Wŏn Sun	17	
E201473	元訓	Wŏn Hun	17	
E304738	元益達	Wŏn Iktal	18	
E304725	元益壽	Wŏn Iksu	18	
E401911	元寅	Wŏn In	16	
E401910	元胤	Wŏn Yun	17	
E402574	元有容	Wŏn Yuyong	17	
E402575	元有生	Wŏn Yusaeng	17	
E400085	元有文	Wŏn Yumun	17	
E202000	元至於	Wŏn Chiŏ	19	
E304800	元自恭	Wŏn Chagong	19	
E304802	元自敬	Wŏn Chagyŏng	19	
E304826	元自讓	Wŏn Chayang	19	
E304797	元自貞	Wŏn Chajŏng	18	
E304771	元自正	Wŏn Chajŏng	18	
E900368	元自直	Wŏn Chajik	18	
D206796	允文	Yun Mun	13	
EB04342	張安之	Chang Anji	16	1
E104403	張承良	Chang Sŭngnyang	20	
E402581	張誠之	Chang Sŏngji	17	
EA00358	張崇理		19	
E204856	張翟	Chang Chŏk	19	
E206718	張斐	Chang Pi	16	
EA00195	張俌	Chang Po	18	
E400672	張季昌	Chang Kyech'ang	18	
E201090	張季叔	Chang Kyesuk	19	
EA02382	張季孫	Chang Kyeson	1	
E103558	張繼宗	Chang Kyejong	20	
D206513	張茂	Chang Mu	12	
E203812	張孟昌	Chang Maengch'ang	19	
EA00196	張孟儲	Chang Maengjŏ	19	
EC01429	張孟紀	Chang Maenggi	19	
EC01432	張孟經	Chang Maenggyŏng	19	
E807895	張孟孫	Chang Maengson	17	
EA03445	張孟禧	Chang Maenghŭi	21	
E001040	張末孫		19	
E200460	張全	Chang Chŏn	19	
959828a2-e57e-44ca-91ef-ed5a13f6ef02	張僧		18	
E401874	張愼止	Chang Sinji	18	
E900904	張士欽	Chang Sahŭm	18	
E200459	張世璘	Chang Serin	20	
E807894	張叔孫	Chang Sukson	17	
dfc65a2a-7f2a-49e2-9e22-7dee982143ac	張希孟		17	
E305938	張希試	Chang Hŭisi	18	
E204853	張希顔	Chang Hŭian	18	
E903408	張賢孫	Chang Hyŏnson	21	
E302525	張孝孫	Chang Kyeson	20	
E204855	張翼	Chang Ik	19	
E807773	張由義	Chang Yuŭi	17	
E901938	張友圭	Chang Ugyu	20	
E204565	張友仁	Chang Uin	18	
EB01701	張有良		19	
E104399	張俁	Chang U	19	
EA00357	張玉相		18	
E103157	張招	Chang Ch'o	19	
EB02682	張哲堅	Chang Ch'ŏlgyŏn	21	
E204857	張志湖	Chang Chiho	19	
E204407	張忠	Chang Ch'ung	19	
E305008	張仲昌	Chang Chungch'ang	18	
E807896	張仲孫	Chang Chungson	17	
E807772	張重良	Chang Chungnyang	16	
E807774	張子㱓	Chang Charyŏng	18	
EB04272	張自倫	Chang Charyun	19	
EB03122	張自仁	Chang Chain	19	
E200998	張自裕	Chang Chayu	19	
EC00203	趙安道	Cho Ando	17	
EB02935	趙把生	Cho P'asaeng	18	1
E102811	趙壁	Cho Pyŏk	19	
E301567	趙昌門	Cho Ch'angmun	20	
E807739	趙琛	Cho Ch'im	19	
EB02900	趙偁		20	
E204449	趙承源	Cho Sŭngwŏn	21	
E304043	趙承智	Cho Sŭngji	20	
E903216	趙乘	Cho Sŭng	18	
E301387	趙崇	Cho Sung	20	
E200663	趙崇仁		19	
E701551	趙純	Cho Sun	20	
E300802	趙慈	Cho Cha	18	
E103495	趙琮	Cho Chong	20	
E903454	趙得林	Cho Tŭngnim	19	
E903218	趙得仁	Cho Tŭgin	19	
E102191	趙洞虎	Cho Tongho	20	
EB04427	趙沌	Cho Ton	19	1
E103767	趙鈍	Cho Hyŏn	21	
E103761	趙藩	Cho Pŏn	20	
E302533	趙傅	Cho Pu	19	
E305673	趙復初	Cho Pokch'o	17	
E301108	趙觀生		18	
E204699	趙光門	Cho Kangmun	20	
EA00415	趙龜筭		20	
E300921	趙貴孫		20	
D305666	趙禾	Cho Hwa	16	
E903222	趙亨門	Cho Hyŏngmun	20	
E402388	趙弘道		17	1
E101597	趙煥		21	
EA00222	趙璜	Cho Hwang	18	
0b217f0e-fa99-4098-9d06-b7b46614b769	趙恢		19	
E300836	趙惠	Cho Hye	17	
E304629	趙賫		18	
EC00946	趙績	Cho Chŏk	19	
EB03070	趙季發	Cho Kyebal	20	
EB04072	趙季瑾	Cho Kyegŭn	20	
E203745	趙季平		19	
EC01197	趙季宗	Cho Kyejong	19	
E300202	趙紀	Cho Ki	20	
E304139	趙繼男	Cho Kyenam	21	
EA00182	趙繼宗	Cho Kyejong	19	
E102810	趙堅	Cho Kyŏn	19	
E304978	趙瑊	Cho Ham	18	
E202259	趙荊		18	
E402217	趙璥	Cho Kyŏng	17	
E807963	趙敬周	Cho Kyŏngju	16	
E300545	趙涓	Cho Yŏn	16	
E203229	趙克昌	Cho Kŭkch'ang	20	
E203225	趙克恭	Cho Kŭkkong	20	
E203222	趙克亨	Cho Kŭkhyŏng	20	
E203230	趙克弘	Cho Kŭkhong	20	
E101545	趙克寬	Cho Kŭkkwan	19	
EB02678	趙克仁	Cho Kŭgin	20	
EC04165	趙克昇	Cho Kŭksŭng	20	
E203220	趙克諴	Cho Kŭkham	20	
E103765	趙蘺	Cho Ri	20	
EC00182	趙理	Cho Ri	19	
EB04201	趙理知	Cho Iji	18	
E300971	趙憐		17	1
E402579	趙旅	Cho Ryŏ	17	
EC02141	趙崙	Cho Ryun	21	
D402384	趙茂	Cho Mu	16	
E300203	趙茂英		18	
E204447	趙孟發	Cho Maengbal	20	
E501458	趙孟傑	Cho Maenggŏl	20	
E903072	趙孟俊		20	1
6f1a3de8-b371-47a4-bf46-a01d9d9c4ebe	趙彌羅		20	
E402312	趙勉	Cho Myŏn	17	
E901963	趙岷	Cho Min	19	
E305667	趙明初	Cho Myŏngch'o	17	
E300960	趙明孫		20	
E300912	趙末堅		19	
E301590	趙默	Cho Muk	19	
E904910	趙侔		21	
E300544	趙慕	Cho Mo	18	
EC04141	趙年同		20	1
EA03117	趙枰	Cho P'yŏng	20	
E103537	趙普		21	
E202918	趙謙之	Cho Kyŏmji	18	
E903080	趙嶔	Cho Kŭm	20	
E102571	趙詮	Cho Chŏn	19	
E901543	趙權	Cho Kwŏn	20	
E101572	趙確	Cho Ikhwak	20	
EA00335	趙仁壁		19	
E205318	趙忍	Cho In	19	
EC00692	趙汝弼	Cho Yŏp'il	19	
E900792	趙瑞	Cho Sŏ	19	
E605699	趙瑞安		19	
E903040	趙瑞老	Cho Sŏro	18	
E200209	趙瑞廷	Cho Sŏjŏng	20	
E300908	趙石堅		19	
E202239	趙世安	Cho Seyŏng	19	
EB04137	趙世輔	Cho Sebo	20	
E101768	趙世文		19	
E101772	趙世武	Cho Semu	19	
E200390	趙壽堅		20	
E000655	趙叔廷	Cho Sŭngjŏng	21	
E204450	趙淑		22	
E304898	趙順生	Cho Sunsaeng	18	
E300975	趙嗣元		21	
E203218	趙肅之	Cho Sukchi	19	
E201970	趙添壽	Cho Ch'ŏmsu	19	
E300898	趙鐵堅		19	
EC00278	趙鐵山	Cho Ch'ŏlsan	18	
E204255	趙廷瑞	Cho Chŏngsŏ	20	
E904912	趙位	Cho Wi	21	
E504289	趙文琡	Cho Munsuk	21	
E102648	趙文瑾	Cho Mun'gŭn	19	
E504294	趙文琳	Cho Mullim	21	
E102642	趙文璐	Cho Mullo	19	
E504281	趙文瓊	Cho Mun'gyŏng	21	
E102650	趙文琬	Cho Munwŏn	19	
E102656	趙文瑋	Cho Munwi	19	
E200597	趙希宗		20	
E300959	趙賢孫		20	
E300895	趙孝蕃		18	
E302452	趙孝恭	Cho Hyogong	18	
E202260	趙孝禮	Cho Hyorye	19	
E305007	趙孝生	Cho Hyosaeng	18	
E300840	趙孝孫		19	
E300922	趙欣孫	Cho Hŭnson	21	
E300950	趙新孫		20	
E103770	趙薪	Cho Sin	20	
E000654	趙信孫	Cho Sinson	20	
D402288	趙興門	Cho Hŭngmun	16	
E300875	趙興孫		19	
E400834	趙頊	Cho Uk	18	
E304631	趙旭主		19	
E402656	趙叙		17	
D206622	趙煦	Cho Hu	15	
E200391	趙選	Cho Sŏn	21	
E300549	趙勛	Cho Hun	20	
E807745	趙恂	Cho Sun	19	
E300818	趙珣	Cho Sun	20	
E101583	趙烟		21	
E305857	趙嚴汝	Cho Ŏmyŏ	17	
E504568	趙揚門	Cho Yangmun	20	
510ecad0-b724-4474-8537-9623f38278ef	趙怡		19	
E101685	趙益修	Cho Iksu	19	
E101628	趙益永	Cho Igyŏng	19	
E700907	趙益貞	Cho Ikchŏng	19	
E101767	趙益祚	Cho Ikcho	18	
E000661	趙義孫	Cho Ŭison	20	
E902606	趙英	Cho Yŏng	21	
E203017	趙映	Cho Yŏng	20	
E200344	趙永輝	Cho Yŏnghwi	20	
E103497	趙永守	Cho Hwan	21	
EB03102	趙永錫	Cho Yŏngsŏk	21	
E102853	趙由誠	Cho Yusŏng	18	
E305668	趙由禮	Cho Yurye	18	
E102809	趙由信	Cho Yusin	18	
E305669	趙由智	Cho Yuji	18	
00cd1f3f-9bb4-4772-b6ab-f316fa7b01ee	趙愉		19	
E902060	趙愉		19	
E900581	趙瑜	Cho Yu	19	
EC01494	趙瑜	Cho Yu	19	
e0687c61-8404-4cd4-84aa-65cc5f940180	趙玉貞		21	
E000633	趙育	Cho Yuk	19	
E000635	趙元常	Cho Wŏnsang	21	
E903050	趙元福	Cho Wŏnbok	19	
E000649	趙元綱	Cho Wŏn'gang	21	
E000653	趙元紀	Cho Wŏn'gi	21	
EC01654	趙元立	Cho Wŏllip	19	
EB03992	趙元卿	Cho Wŏn'gyŏng	19	
E302257	趙元壽	Cho Wŏnsu	19	
E903062	趙元禧	Cho Wŏnhŭi	19	
E203724	趙元祐	Cho Wŏnu	19	
E903068	趙元祉	Cho Wŏnji	19	
E301075	趙云聰	Cho Unch'ong	18	
E300983	趙云從	Cho Unjong	19	
E300973	趙云恭	Cho Un'gong	20	
E301036	趙云明		18	
E200664	趙云哲		18	
E501072	趙雲龍		21	
E206261	趙哲山		19	
E202263	趙哲守	Cho Ch'ŏlsu	20	
EB04136	趙之孚	Cho Chibu	19	
E300916	趙之漢		18	
E300835	趙之魯	Cho Chiro	19	
E300816	趙之商	Cho Chisang	19	
E300838	趙之唐		18	
E300882	趙之夏		18	
E300842	趙之殷		18	
E300957	趙之元	Cho Chiwŏn	19	
E904869	趙之縜	Cho Chijin	20	
E300919	趙之周	Cho Chiju	19	
E903067	趙植	Cho Sik	20	
E102543	趙祉	Cho Chi	20	
E201262	趙祉	Cho Chi	20	
E104595	趙治	Cho Ch'i	20	
E206037	趙致中	Cho Ch'ijung	20	
EC00997	趙智山	Cho Chisan	19	
EA02771	趙忠山	Cho Ch'ungsan	19	
E000634	趙衷孫	Cho Ch'ungson	20	
E400651	趙終生		19	1
E901205	趙仲暉	Cho Chunghwi	20	
EC01161	趙仲叔	Cho Chungsuk	20	
EC00693	趙仲孫	Cho Chungson	20	
E300548	趙宗孝	Cho Chonghyo	19	
E900790	趙宗孝	Cho Hyojong	18	
E300638	趙宗智	Cho Chongji	19	
E102641	趙嶟	Cho Chun	18	
E101489	趙遵	Cho Chun	20	
E206292	鄭安問	Chŏng Anmun	18	
E100579	鄭安止	Chŏng Yŏji	16	
EA00228	鄭稗		20	
E903250	鄭保	Chŏng Po	18	
E400933	鄭抱	Chŏng P'o	19	
E807953	鄭抱	Chŏng P'o	16	
EA01473	鄭苯	Chŏng Pun	18	
EC01484	鄭庇	Chŏng Pi	19	
E304718	鄭裨	Chŏng Pi	18	
E205836	鄭忭	Chŏng Pyŏn	18	
E201994	鄭表民	Chŏng P'yomin	18	
EB01715	鄭鱉年	Chŏng Pyŏllyŏn	20	
E204574	鄭賓	Chŏng Pin	19	
E201794	鄭伯元	Chŏng Paegwŏn	20	
E201791	鄭昌	Chŏng Ch'ang	19	
E104049	鄭昌宗	Chŏng Ch'angjong	21	
E802395	鄭常	Chŏng Sang	21	
EB01387	鄭臣碩	Chŏng Sinsŏk	20	
EB01750	鄭忱	Chŏng Ch'im	18	
EB01713	鄭承積	Chŏng Sŭngjŏk	18	
EB00465	鄭承敬		20	
EB00466	鄭承順		20	1
EC01758	鄭晟	Chŏng Sŏng	19	
E206339	鄭澄	Chŏng Ching	19	
E201586	鄭崇德	Chŏng Sungdŏk	19	
E202352	鄭崇義	Chŏng Sungŭi	18	
E206211	鄭崇祖	Chŏng Sungjo	20	
E204969	鄭錘	Chŏng Ch'u	19	
E102093	鄭純彦	Chŏng Sunŏn	20	
E201922	鄭淳	Chŏng Sun	18	
E203649	鄭賜		18	
E203865	鄭從老		19	
E905148	鄭從雅	Chŏng Chonga	18	
E900447	鄭從直	Chŏng Chongjik	19	
EB03237	鄭悰	Chŏng Chong	20	
E102858	鄭大椿	Chŏng Taech'un	19	
E903293	鄭憺	Chŏng Tam	18	
E201923	鄭得寧	Chŏng Tŭngnyŏng	19	
E808060	鄭糴	Chŏng Chŏk	17	1
E201921	鄭遏同		19	
E102857	鄭而恭	Chŏng Igong	18	
E904856	鄭而漢	Chŏng Ihan	19	
E700800	鄭而儉		20	
EB01734	鄭而虞	Chŏng Iu	18	
E205748	鄭而元	Chŏng Iwŏn	18	
E402658	鄭發	Chŏng Pal	18	
E204287	鄭復周	Chŏng Pokchu	20	
E402310	鄭賡	Chŏng Kaeng	17	
E205003	鄭鉤	Chŏng Kyun	19	
E808059	鄭穀	Chŏng Kok	17	1
E904333	鄭貫	Chŏng Kwan	20	
EA04070	鄭光祖	Chŏng Kwangjo	20	
E807814	鄭龜年	Chŏng Kwinyŏn	17	
EB01714	鄭龜年	Chŏng Kwinyŏn	20	
E201852	鄭貴同	Chŏng Kwidong	19	
E807898	鄭國銓		16	
E901771	鄭涵	Chŏng Ham	20	
E903194	鄭浩然	Chŏng Hoyŏn	18	
E104291	鄭和	Chŏng Hwa	19	
E201826	鄭河達	Chŏng Hadal	19	
E200611	鄭亨耘	Chŏng Hyŏngun	20	
E204967	鄭衡	Chŏng Hyŏng	18	
E400444	鄭洪	Chŏng Hong	17	
D206787	鄭厚	Chŏng Hu	15	
E502866	鄭淮	Chŏng Hoe	22	
E101049	鄭懷雅	Chŏng Hoea	20	
E104587	鄭懽	Chŏng Hwan	20	
E104028	鄭徽	Chŏng Hwi	19	
E201775	鄭澮	Chŏng Hoe	17	
EB02904	鄭譓	Chŏng Hye	20	1
E903092	鄭渾	Chŏng Hon	20	
E102358	鄭佸	Chŏng Kwal	20	
E901075	鄭伋	Chŏng Kŭp	18	
E301690	鄭吉恒	Chŏng Kirhang	18	
E201496	鄭吉生	Chŏng Kilsaeng	20	
E401027	鄭吉祥	Chŏng Kilsang	17	
E202851	鄭楫	Chŏng Chŭp	20	
E102293	鄭繼金	Chŏng Kyegŭm	19	
E401917	鄭繼興	Chŏng Kyehŭng	18	
E200467	鄭繼禹	Chŏng Kyeu	18	
E807670	鄭瑊		16	
E201841	鄭晶	Chŏng Chŏng	19	
E401152	鄭井	Chŏng Chŏng	18	
E901488	鄭敬祖	Chŏng Kyŏngjo	21	
E902387	鄭居孝	Chŏng Kŏhyo	19	
E902386	鄭居忠	Chŏng Kŏch'ung	19	
E304639	鄭居宗	Chŏng Kŏjong	18	
E304862	鄭鈞	Chŏng Kyun	19	
E302085	鄭俊	Chŏng Chun	19	
EB04404	鄭浚	Chŏng Chun	20	
E902982	鄭坤	Chŏng Kon	21	
EB04297	鄭來進	Chŏng Raejin	19	
E802636	鄭蘭茂		19	
E802584	鄭蘭孫		19	
E203671	鄭蘭秀		19	
E901093	鄭蘭元	Chŏng Nanwŏn	19	
E203684	鄭蘭宗		19	
E807987	鄭禮孫	Chŏng Yeson	19	
E903304	鄭憐	Chŏng Ryŏn	18	
E904866	鄭良	Chŏng Ryang	20	
E201494	鄭鄰	Chŏng Rin	19	
E300329	鄭麟仁	Chŏng Inin	19	
E300448	鄭麟趾	Chŏng Inji	19	
E401056	鄭六乙	Chŏng Yugŭl	18	
6b776513-107b-4062-980f-e2e0fcedc55d	鄭鹿年		17	
EC02686	鄭綸	Chŏng Ryun	18	
EC02232	鄭眉壽	Chŏng Misu	21	
E903101	鄭湄	Chŏng Mi	20	
E501495	鄭泌	Chŏng P'il	20	
E304830	鄭旻	Chŏng Min	19	
E204984	鄭末孫	Chŏng Segu	20	
E204589	鄭穆	Chŏng Mok	19	
D401753	鄭南鎭		17	
EB02879	鄭訥	Chŏng Ho	20	
E201081	鄭潘經	Chŏng Pŏn'gyŏng	19	
E900597	鄭普文	Chŏng Pomun	18	
E200266	鄭溥	Chŏng Pu	20	
EA02758	鄭齊	Chŏng Che	20	
E304743	鄭棄	Chŏng Ki	20	
EC04167	鄭千石	Chŏng Ch'ŏnsŏk	22	
E104883	鄭謙	Chŏng Kyŏm	20	
E304863	鄭欽	Chŏng Hŭm	19	
E202578	鄭溱	Chŏng Chin	20	
E301529	鄭詮	Chŏng Chŏn	20	
E304870	鄭詮	Chŏng Chŏn	19	
E502762	鄭權	Chŏng Kwŏn	21	
E808058	鄭穰	Chŏng Yang	16	
EB02902	鄭讓	Chŏng Yang	20	
E303623	鄭仁昌	Chŏng Paekch'ang	20	
E200445	鄭仁厚	Chŏng Inhu	21	
E304589	鄭仁烱	Chŏng Inhyŏng	20	
E902388	鄭仁商	Chŏng Insang	20	
E200729	鄭仁學	Chŏng Inhak	20	
E902105	鄭仁耘	Chŏng Inun	20	
E206337	鄭仁忠	Chŏng Inch'ung	18	
EB02912	鄭認	Chŏng In	20	
E201919	鄭濡	Chŏng Sŏ	18	
E400827	鄭濡		20	1
EA04278	鄭汝昌	Chŏng Yŏch'ang	19	
E903049	鄭汝寬		19	
D206683	鄭汝諧	Chŏng Yŏhae	15	1
E303553	鄭瑞生	Chŏng Sŏsaeng	22	
E807813	鄭尙	Chŏng Sang	16	
E200475	鄭尙祖	Chŏng Sangjo	22	
a4476d1b-f3ad-49ab-97a5-35b6c4cbc0a6	鄭伸		18	
E304691	鄭深		18	
E103363	鄭師周	Chŏng Saju	19	
E904865	鄭奭	Chŏng Sŏk	20	
E401858	鄭守誠	Chŏng Susŏng	18	
E304843	鄭守德	Chŏng Sudŏk	19	
E202999	鄭守弘	Chŏng Suhong	18	
E903294	鄭守慶	Chŏng Sugyŏng	19	
E304575	鄭叔善	Chŏng Suksŏn	18	
E102940	鄭淑精	Chŏng Sukchŏng	20	
E204983	鄭淑孫	Chŏng Segyu	20	
E304874	鄭恕	Chŏng Sŏ	19	
E201848	鄭澍	Chŏng Chu	17	
EB04405	鄭順仁		19	
D400443	鄭思道	Chŏng Sado	16	
E807760	鄭思恭	Chŏng Sagong	17	
E903210	鄭思稷	Chŏng Sajik	18	
E807763	鄭思緘	Chŏng Saham	17	
E807761	鄭思謹	Chŏng Sagŭn	17	
E807785	鄭思謹	Chŏng Sagŭn	18	
E807762	鄭思英	Chŏng Sayŏng	17	
E900822	鄭嗣禧	Chŏng Sahŭi	20	
E805270	鄭嗣宗	Chŏng Sajong	21	
EA02340	鄭誦男	Chŏng Songnam	20	
E200439	鄭穗	Chŏng Su	20	
E104884	鄭譚	Chŏng Tam	20	
EC02653	鄭唐	Chŏng Tang	20	
E903313	鄭恬	Chŏng Nyŏm	18	
E103753	鄭琠		2	
E205002	鄭鐵	Chŏng Ch'ŏl	19	
EB02466	鄭鐵壽	Chŏng Ch'ŏlsu	21	
E201779	鄭万有	Chŏng Manyu	19	
EC04168	鄭萬石	Chŏng Mansŏk	22	
E401495	鄭惟産	Chŏng Yusan	19	
E401032	鄭惟碩	Chŏng Yusŏk	20	
E201916	鄭洧		18	1
E204237	鄭溫	Chŏng On	19	
E504941	鄭文昌	Chŏng Munch'ang	20	
E802762	鄭文德	Chŏng Mundŏk	20	
E201010	鄭文明	Chŏng Munmyŏng	21	
E200805	鄭文彦	Chŏng Munŏn	20	
E203606	鄭沃	Chŏng Ok	21	
E300806	鄭沃卿	Chŏng Okkyŏng	19	
E400931	鄭凞	Chŏng Hŭi	18	
D206606	鄭凞啓	Chŏng Hŭigye	15	
E902973	鄭錫禮	Chŏng Sŏngnye	20	
E200428	鄭錫年	Chŏng Sŏngnyŏn	20	
E903287	鄭錫拳	Chŏng Sŏkkwŏn	19	
E205985	鄭錫禧	Chŏng Sŏkhŭi	20	
E902976	鄭錫祉	Chŏng Sŏkchi	20	
E902968	鄭錫祚	Chŏng Sŏkcho	20	
EA03471	鄭夏	Chŏng Ha	21	
E300447	鄭顯祖	Chŏng Hyŏnjo	22	
EC00247	鄭相禹	Chŏng Chou	19	
E201817	鄭孝安	Chŏng Hyoan	18	
E401485	鄭孝安	Chŏng Hyoan	18	
E401906	鄭孝伯	Chŏng Hyobaek	18	
E203233	鄭孝常	Chŏng Hyosang	21	
E302643	鄭孝恭		19	
E901228	鄭孝康	Chŏng Hyogang	19	
E201840	鄭孝明	Chŏng Hyomyŏng	18	
E902979	鄭孝全		19	1
E102590	鄭孝順	Chŏng Hyosun	19	
E204976	鄭孝孫	Chŏng Ku	20	
E401033	鄭孝孫	Chŏng Hyoson	19	
E201920	鄭孝同	Chŏng Hyodong	19	
E202997	鄭孝完	Chŏng Hyowan	19	
E702662	鄭孝文	Chŏng Chin	21	
E901520	鄭孝文	Chŏng Hyomun	17	
E201789	鄭孝恂	Chŏng Hyosun	18	
E302680	鄭澥	Chŏng Hae	21	
E201011	鄭忻	Chŏng Hŭn	20	
EC00436	鄭信知	Chŏng Sinji	17	
E100581	鄭行	Chŏng Haeng	17	
D201776	鄭修道	Chŏng Sudo	16	
E702670	鄭秀文	Chŏng Ryu	21	
E807759	鄭勳	Chŏng Hun	16	
E901019	鄭勳老	Chŏng Hullo	19	
E000343	鄭洵	Chŏng Sun	20	
EB02857	鄭訓	Chŏng Hun	20	
E302928	鄭延慶	Chŏng Yŏn'gyŏng	20	
EA02519	鄭延慶	Chŏng Hŭnggyŏng	20	
E402549	鄭嚴	Chŏng Ŏm	17	
E901076	鄭陽明	Chŏng Yangmyŏng	20	
E901138	鄭以僑	Chŏng Igyo	21	
E304641	鄭以偕	Chŏng Ihae	19	
E304642	鄭以雅	Chŏng Ia	19	
E905069	鄭易	Chŏng Yŏk	16	
EC00228	鄭枻	Chŏng Sŏl	18	
E901622	鄭益	Chŏng Ik	20	
E100582	鄭益孫	Chŏng Ikson	18	
D206753	鄭益周	Chŏng Ikchu	14	
E808074	鄭義	Chŏng Ŭi	17	
EB01735	鄭義山	Chŏng Ŭisan	18	
EB01738	鄭義忠	Chŏng Ŭich'ung	18	
E303978	鄭誼	Chŏng Ŭi	20	
E103368	鄭殷	Chŏng Ŭn	20	
E200730	鄭垠	Chŏng Ŭn	19	
E300336	鄭胤曾	Chŏng Yunjŭng	20	
E201829	鄭灉	Chŏng Ong	20	
EA01477	鄭永通	Chŏng Yŏngt'ong	19	
E103751	鄭由吉		1	
E203070	鄭由禮	Chŏng Yurye	20	
E803636	鄭由智		21	
E300937	鄭有光	Chŏng Yugang	21	
EB03034	鄭有年	Chŏng Yunyŏn	21	
E100315	鄭有慶	Chŏng Yugyŏng	19	
EC01243	鄭有仁	Chŏng Yuin	20	
E900700	鄭禹文	Chŏng Hwan	21	
E903075	鄭淵	Chŏng Yŏn	18	
E902920	鄭元老	Chŏng Wŏllo	19	
E902987	鄭元善	Chŏng Wŏnsŏn	20	
E902981	鄭元錫	Chŏng Wŏnsŏk	20	
E100585	鄭元祥	Chŏng Wŏnsang	18	
E204096	鄭謜	Chŏng Wŏn	20	
E304834	鄭暈	Chŏng Hun	19	
E401490	鄭云産	Chŏng Unsan	19	
EA02869	鄭允愊	Chŏng Yunp'ip	19	
E200466	鄭允功	Chŏng Yun'gong	19	
E903259	鄭允和	Chŏng Yunhwa	19	
E103708	鄭允厚	Chŏng Yunhu	18	
EB02929	鄭允懽		19	1
EC03835	鄭允績	Chŏng Yunjŏk	19	
EB02855	鄭允恪		19	
E903261	鄭允寬	Chŏng Yun'gwan	19	
E102691	鄭允愼	Chŏng Yunsin	19	
EB02899	鄭允惐		19	1
E903258	鄭允貞	Chŏng Yunjŏng	19	
EB02871	鄭讚	Chŏng Ch'an	20	
EB00676	鄭譧	Chŏng Ryŏm	19	
E204975	鄭長孫	Chŏng Kyu	20	
E205708	鄭昭	Chŏng So	19	
EA02469	鄭哲孫	Chŏng Ch'ŏlson	21	
E305059	鄭箴	Chŏng Cham	19	
E101481	鄭鎭	Chŏng Chin	18	
E400450	鄭拯	Chŏng Chŭng	17	
E306007	鄭之安	Chŏng Chian	17	
E401489	鄭之産	Chŏng Chisan	19	
E401026	鄭之禮	Chŏng Chirye	18	
E304827	鄭之仁	Chŏng Chiin	18	
E807862	鄭之韶	Chŏng Chiso	17	
EB04398	鄭之夏	Chŏng Chiha	17	1
E304872	鄭之信	Chŏng Chisin	18	
E304828	鄭之義	Chŏng Chiŭi	18	
E304861	鄭之智	Chŏng Chiji	18	
E100584	鄭致和	Chŏng Ch'ihwa	17	
E808075	鄭智	Chŏng Chi	17	
E902646	鄭智孫	Chŏng Chison	19	
E904864	鄭摯	Chŏng Chi	20	
E807955	鄭忠本	Chŏng Ch'ungbon	17	
E807954	鄭忠根	Chŏng Ch'unggŭn	17	
E000217	鄭忠基	Chŏng Ch'unggi	20	
EB03236	鄭忠敬	Chŏng Ch'unggyŏng	19	
E503956	鄭忠良	Chŏng Ch'ungnyang	21	
E903292	鄭忠碩	Chŏng Ch'ungsŏk	17	
E305792	鄭終孫	Chŏng Chongson	17	
E201799	鄭仲元	Chŏng Chungwŏn	20	
E201849	鄭洲		18	1
E205183	鄭洙	Chŏng Su	20	
E204980	鄭準	Chŏng Chun	19	
E306013	鄭自恭	Chŏng Chagong	18	
E808073	鄭自衡	Chŏng Chahyŏng	16	
E400347	鄭自厚	Chŏng Chahu	18	
E901632	鄭自濟	Chŏng Chaje	19	
E306014	鄭自儉	Chŏng Chagŏm	18	
E306012	鄭自良	Chŏng Charyang	18	
E101967	鄭自淑	Chŏng Chasuk	19	
E306011	鄭自溫	Chŏng Chaon	18	
EB04024	鄭自諴	Chŏng Chaham	21	
E204083	鄭自洋	Chŏng Chayang	19	
E903087	鄭自源	Chŏng Chawŏn	19	
E104338	鄭自周	Chŏng Chaju	20	
E104682	鄭宗禹	Chŏng Chongu	19	
E300330	鄭纘禹	Chŏng Ch'anu	18	
EB01716	鄭作	Chŏng Chak	19	
D206873	忠惠王	Ch'ung Hyewang	16	
D206871	忠肅王	Ch'ung Sugwang	16	
EC01796	終南正		18	
E201681	周鎬	Chu Ho	19	
E201679	周叔時	Chu Sŭngsi	18	
E204294	周懿孫	Chu Ŭison	20	
EB00793	周郁	Chu Uk	19	
E201682	周鎭	Chu Chin	19	