biog_id	x姓名	성명	name	alt_name	alt_name2	姓貫	office	reference	vol	page	side	notes
C206438	權幸	권행	Kwŏn Haeng	權行		安東 權	三韓壁上功臣 三重大匡 太師	安東權氏成化譜	1	1	a	
C206439	權仁幸	권인행	Kwŏn Inhaeng			安東 權	郎中	安東權氏成化譜	1	1	a	
C206441	權冊	권책	Kwŏn Ch'aek			安東 權	戶長正朝	安東權氏成化譜	1	1	a	
C206442	權均漢	권균한	Kwŏn Kyunhan			安東 權	右一品別將	安東權氏成化譜	1	1	a	
C206443	權子彭	권자팽	Kwŏn Chap'aeng			安東 權	戶長正朝	安東權氏成化譜	1	1	a	
C206444	權先蓋	권선개	Kwŏn Sŏn'gae			安東 權	戶長同正 翼牙校尉	安東權氏成化譜	1	1	a	
C206445	權廉	권렴	Kwŏn Ryŏm			安東 權	戶長同正 行陪戎校尉	安東權氏成化譜	1	1	a	
C206446	權利輿	권이여	Kwŏn Iyŏ			安東 權	戶長	安東權氏成化譜	1	1	a	
D206447	權仲時	권중시	Kwŏn Chungsi			安東 權	保勝別將 副戶長中允	安東權氏成化譜	1	1	a	
D206448	權就宜	권취의	Kwŏn Ch'wiŭi			安東 權	戶長	安東權氏成化譜	1	1	a	
D206449	權通	권통	Kwŏn T'ong			安東 權	戶長	安東權氏成化譜	1	1	a	
D206450	權守平	권수평	Kwŏn Sup'yŏng			安東 權	樞密院副使	安東權氏成化譜	1	1	a	
D206451	權韙	권위	Kwŏn Wi			安東 權	判太僕寺事 翰林學士	安東權氏成化譜	1	1	a	
D206452	權㫜	권단	Kwŏn Tan			安東 權	贊成事	安東權氏成化譜	1	1	a	
D206454	金軌	김연성	Kim Yŏnsŏng	金鍊成		慶州 金	僕射	安東權氏成化譜	1	1	a	
D206457	權仁紀	권인기	Kwŏn In'gi			安東 權	少尹	安東權氏成化譜	1	1	a	
D206458	權英運	권영운	Kwŏn Yŏngun			安東 權	 	安東權氏成化譜	1	1	a	
D206459	權方紀	권방기	Kwŏn Panggi			安東 權	 	安東權氏成化譜	1	1	a	
D206460	權之紀	권지기	Kwŏn Chigi			安東 權	僕射	安東權氏成化譜	1	1	a	
D206461	權瑩	권영	Kwŏn Yŏng			安東 權	 	安東權氏成化譜	1	1	a	
D206462	權評	권평	Kwŏn P'yŏng			安東 權	 	安東權氏成化譜	1	1	a	
D206463	權次平	권차평	Kwŏn Ch'ap'yŏng			安東 權	精勇別將 食祿正	安東權氏成化譜	1	1	a	
D206464	權性源	권성원	Kwŏn Sŏngwŏn	權達元		安東 權	大禪師	安東權氏成化譜	1	1	a	
D400070	權溥	권부	Kwŏn Pu	權永		安東 權	領都僉議 永嘉府院君	安東權氏成化譜	1	1	a	
D206465	權守洪	권수홍	Kwŏn Suhong			安東 權	副戶長	安東權氏成化譜	1	1	b	
D206466	權子輿	권자여	Kwŏn Chayŏ			安東 權	檢校大護軍	安東權氏成化譜	1	1	b	
D206467	權頙	권책	Kwŏn Ch'aek	權允宜		安東 權	僉議評理	安東權氏成化譜	1	1	b	
D206469	權漢功	권한공	Kwŏn Han'gong			安東 權	都僉議政丞 醴泉府院君	安東權氏成化譜	1	1	b	
D206472	權漢有	권한유	Kwŏn Hanyu			安東 權	平章事 門下平章 都評議司事	安東權氏成化譜	1	1	b	
D206474	權允平	권윤평	Kwŏn Yunp'yŏng	權允成		安東 權		安東權氏成化譜	1	1	b	
D206475	權具	권구	Kwŏn Ku			安東 權	護軍	安東權氏成化譜	1	1	b	
D206477	權重	권중	Kwŏn Chung			安東 權	中門祗候	安東權氏成化譜	1	1	b	
D206478	權萬	권만	Kwŏn Man				進士	安東權氏成化譜	1	1	b	
D206480	權允保	권윤보	Kwŏn Yunbo	權允仁		安東 權	中門祗候	安東權氏成化譜	1	1	b	
D206481	權泂	권형	Kwŏn Hyŏng			安東 權	及第	安東權氏成化譜	1	1	b	
D206482	權演	권연	Kwŏn Yŏn			安東 權	忠州判官	安東權氏成化譜	1	1	b	
D206483	姜昌貴	강창귀	Kang Ch'anggwi			晋州 姜	侍中	安東權氏成化譜	1	1	b	
D206485	權確	권확	Kwŏn Hwak	權憺		安東 權	令同正	安東權氏成化譜	1	1	b	
D206486	李五椿	이오춘	Yi Och'un				典客	安東權氏成化譜	1	1	b	
D206488	權珥	권이	Kwŏn I			安東 權	禮賓卿	安東權氏成化譜	1	1	b	
D206489	權居南	권거남	Kwŏn Kŏnam	權約		安東 權	奉翊	安東權氏成化譜	1	1	b	
D206490	權祖如	권조여	Kwŏn Choyŏ			安東 權	三重	安東權氏成化譜	1	1	b	
D206491	權份	권빈	Kwŏn Pin			安東 權	中門祗候	安東權氏成化譜	1	1	b	
D206492	權德秀	권덕수	Kwŏn Tŏksu			安東 權	 	安東權氏成化譜	1	1	b	
D206493	權用一	권용일	Kwŏn Yongil			安東 權	郎將	安東權氏成化譜	1	1	b	
D206495	權咸	권함	Kwŏn Ham	權成			令同正	安東權氏成化譜	1	1	b	
D206497	孫洪祐	손홍우	Son Hongu			一直 孫	 	安東權氏成化譜	1	1	b	
D206499	金允侃	김윤간	Kim Yun'gan			原州 金	衛尉寺主簿	安東權氏成化譜	1	1	b	
D206501	金時寶	김시보	Kim Sibo			原州 金	密成	安東權氏成化譜	1	1	b	
D206502	金良信	김양신	Kim Yangsin			原州 金	五尉	安東權氏成化譜	1	1	b	
D206503	金鼎臣	김정신	Kim Chŏngsin			原州 金	令同正	安東權氏成化譜	1	1	b	
D206504	金景流	김경류	Kim Kyŏngnyu			原州 金	禪師	安東權氏成化譜	1	1	b	
D206505	金用珠	김용주	Kim Yongju			原州 金	大選	安東權氏成化譜	1	2	a	
D206506	曹誼	조의	Cho Ŭi				 	安東權氏成化譜	1	2	a	
D206508	權莅	권리	Kwŏn Ri	權荏			 	安東權氏成化譜	1	2	a	
D206510	金資	김자	Kim Cha			原州 金	錄事	安東權氏成化譜	1	2	a	
D206511	方乞	방걸	Pang Kŏl			溫陽 方	戶長	安東權氏成化譜	1	2	a	
D206513	張茂	장무	Chang Mu				戶長	安東權氏成化譜	1	2	a	
D206515	姜希京	강희경	Kang Hŭigyŏng				隊正	安東權氏成化譜	1	2	a	
D206517	權良俊	권양준	Kwŏn Yangjun	權俊良		安東 權	戶長 二品別將	安東權氏成化譜	1	2	a	
D206519	權精	권정	Kwŏn Chŏng	權粹		安東 權	正位 戶長	安東權氏成化譜	1	2	a	
D206520	權奕	권혁	Kwŏn Hyŏk			安東 權	及第 贈吏曹參判	安東權氏成化譜	1	2	a	
D206521	金利堅	김이견	Kim Igyŏn				戶長	安東權氏成化譜	1	2	a	
D206523	權美	권미	Kwŏn Mi				戶長	安東權氏成化譜	1	2	a	
D206525	權景	권경	Kwŏn Kyŏng				 	安東權氏成化譜	1	2	a	
D206526	金譿	김혜	Kim Hye				直長	安東權氏成化譜	1	2	a	
D206528	權棣和	권체화	Kwŏn Ch'ehwa			安東 權	京校尉	安東權氏成化譜	1	2	a	
D206529	權傅	권부	Kwŏn Pu	權法史		安東 權	 	安東權氏成化譜	1	2	a	
D206530	權得元	권득원	Kwŏn Tŭgwŏn	權大莊		安東 權	禪師	安東權氏成化譜	1	2	a	
D206531	權英正	권영정	Kwŏn Yŏngjŏng			安東 權	戶長	安東權氏成化譜	1	2	a	
D206532	權均柱	권균주	Kwŏn Kyunju	權桂		安東 權	 	安東權氏成化譜	1	2	a	
D206533	權均碩	권균석	Kwŏn Kyunsŏk			安東 權	戶長	安東權氏成化譜	1	2	a	
D206534	權直成	권직성	Kwŏn Chiksŏng			安東 權	戶長 大相	安東權氏成化譜	1	2	a	
D206535	權伯	권백	Kwŏn Paek			安東 權	 	安東權氏成化譜	1	2	a	
D206537	權呂	권여	Kwŏn Yŏ			安東 權	 	安東權氏成化譜	1	2	a	
D206538	權允諧	권윤해	Kwŏn Yunhae			安東 權	 	安東權氏成化譜	1	2	a	
D206794	萬年	만년	Man Nyŏn				 	安東權氏成化譜	1	2	a	
D206796	允文	윤문	Yun Mun				 	安東權氏成化譜	1	2	a	
D206797	金碁	김기	Kim Ki				 	安東權氏成化譜	1	2	a	
D206871	忠肅王	충숙왕	Ch'ung Sugwang	王卍		開城 王		安東權氏成化譜	1	2	b	
D206873	忠惠王	충혜왕	Ch'ung Hyewang	王禎		開城 王		安東權氏成化譜	1	2	b	
D400343	元龜壽	원구수	Wŏn Kusu			原州 元	宰臣	安東權氏成化譜	1	2	b	
D400365	元松壽	원송수	Wŏn Songsu			原州 元	政堂文學	安東權氏成化譜	1	2	b	
D400429	權鑄	권주	Kwŏn Chu			安東 權	密直提學	安東權氏成化譜	1	2	b	
D401000	廉大侑	염대유	Yŏm Taeyu	廉大有		瑞原 廉	密直	安東權氏成化譜	1	2	b	
D401422	柳惠孫	유혜손	Yu Hyeson	柳惠蓀		晋州 柳	評理	安東權氏成化譜	1	2	b	
D401439	權廉	권렴	Kwŏn Ryŏm	權衡		安東 權	贊成事 玄福君	安東權氏成化譜	1	2	b	
D401564	吳仲和	오중화	O Chunghwa				僕射	安東權氏成化譜	1	2	b	
D401698	廉國寶	염국보	Yŏm Kukpo			瑞原 廉	判開城府事 曲城君	安東權氏成化譜	1	2	b	The 字(2.27) reference is wrong. The reference should be to 被(3.27).
D402052	權鎬	권호	Kwŏn Ho			安東 權	判厚德府事	安東權氏成化譜	1	2	b	
D402197	權準	권준	Kwŏn Chun			安東 權	吉昌府院君	安東權氏成化譜	1	2	b	
D402198	權鏞	권용	Kwŏn Yong	權鎰		安東 權	玄城君	安東權氏成化譜	1	2	b	
D402211	普達實理	보달실리	Po Talsilli				翰林承旨	安東權氏成化譜	1	2	b	
D402227	權鉉	권현	Kwŏn Hyŏn			安東 權	贊成事	安東權氏成化譜	1	2	b	
D402248	權鈞	권균	Kwŏn Kyun			安東 權	花山君	安東權氏成化譜	1	2	b	
D402259	權迪	권적	Kwŏn Chŏk	權適		安東 權	贊成事 吉昌君	安東權氏成化譜	1	2	b	
D402261	韓脩	한수	Han Su			淸州 韓	判厚德府事	安東權氏成化譜	1	2	b	
D402274	權顯	권현	Kwŏn Hyŏn			安東 權	密直	安東權氏成化譜	1	2	b	
D402279	洪鐸	홍탁	Hong T'ak			南陽 洪	益城府院君	安東權氏成化譜	1	2	b	
D402280	洪尙載	홍상재	Hong Sangjae			南陽 洪	贊成	安東權氏成化譜	1	2	b	
D402285	洪惠贊	홍혜찬	Hong Hyech'an			南陽 洪	大禪師	安東權氏成化譜	1	2	b	
D402288	趙興門	조흥문	Cho Hŭngmun	趙日新		平壤 趙	少府尹	安東權氏成化譜	1	2	b	
D402289	洪開道	홍개도	Hong Kaedo			南陽 洪	代言	安東權氏成化譜	1	2	b	
D402290	洪昌道	홍창도	Hong Ch'angdo			南陽 洪	 	安東權氏成化譜	1	2	b	
D200005	洪師瑗	홍사원	Hong Sawŏn			南陽 洪	判書	安東權氏成化譜	1	3	a	
D200028	楊之壽	양지수	Yang Chisu			淸州 楊	贊成書	安東權氏成化譜	1	3	a	
D201678	安景	안경	An Kyŏng			竹山 安	少監	安東權氏成化譜	1	3	a	
D201738	崔仁富	최인부	Ch'oe Inbu			大寧 崔	大護軍	安東權氏成化譜	1	3	a	
D201776	鄭修道	정수도	Chŏng Sudo			草溪 鄭	判書	安東權氏成化譜	1	3	a	
D400443	鄭思道	정사도	Chŏng Sado	鄭良弼		延日 鄭	政堂	安東權氏成化譜	1	3	a	
D400727	安國瑞	안국서	An Kuksŏ			竹山 安		安東權氏成化譜	1	3	a	
D401075	柳淵	유연	Yu Yŏn			晋州 柳	贊成	安東權氏成化譜	1	3	a	
D401077	洪彦博	홍언박	Hong Ŏnbak			南陽 洪	右政丞	安東權氏成化譜	1	3	a	
D401808	李齊賢	이제현	Yi Chehyŏn	李之公		慶州 李	政丞 雞林府院君	安東權氏成化譜	1	3	a	
D402175	洪師範	홍사범	Hong Sabŏm			南陽 洪	知密直	安東權氏成化譜	1	3	a	
D402303	洪師普	홍사보	Hong Sabo			南陽 洪		安東權氏成化譜	1	3	a	
D402313	洪師禹	홍사우	Hong Sau			南陽 洪	知密直	安東權氏成化譜	1	3	a	
D402327	安惟忠	안유충	An Yuch'ung			竹山 安	判書	安東權氏成化譜	1	3	a	
D402328	安國祥	안국상	An Kuksang			竹山 安	寺丞	安東權氏成化譜	1	3	a	
D402334	金珠慶	김주경	Kim Chugyŏng			安山 金	判書	安東權氏成化譜	1	3	a	
D402335	金利	김리	Kim Ri	金利用		安山 金	別將	安東權氏成化譜	1	3	a	
D402338	柳季高	유계고	Yu Kyego			文化 柳	祗候	安東權氏成化譜	1	3	a	
D402340	王瑜	왕유	Wang Yu			開城 王	永昌大君	安東權氏成化譜	1	3	a	
D402352	金之甲	김지갑	Kim Chigap			彦陽 金	判書	安東權氏成化譜	1	3	a	
D402353	金翰	김한	Kim Han			彦陽 金	宗簿令	安東權氏成化譜	1	3	a	
D402366	朴三陽	박삼양	Pak Samyang	朴三暘			 	安東權氏成化譜	1	3	a	
D402367	金慮	김헌	Kim Hŏn			彦陽 金	左尹	安東權氏成化譜	1	3	a	
D402374	金河	김하	Kim Ha			彦陽 金	典書	安東權氏成化譜	1	3	a	
D402380	權宗頂	권종정	Kwŏn Chongjŏng			安東 權	祝髮兩街都總 攝廣福君	安東權氏成化譜	1	3	a	
D402382	李瑞種	이서종	Yi Sŏjong			慶州 李	宗簿令	安東權氏成化譜	1	3	a	
D402384	趙茂	조무	Cho Mu			橫城 趙	橫城郡	安東權氏成化譜	1	3	a	
D402391	李係孫	이계손	Yi Kyeson			延安 李	監正	安東權氏成化譜	1	3	a	
D402393	李寶林	이보림	Yi Porim			慶州 李	鷄林君	安東權氏成化譜	1	3	a	
D402397	李元䙗	이원적	Yi Wŏnjŏk			陜川 李	府使	安東權氏成化譜	1	3	a	
D400261	金希祖	김희조	Kim Hŭijo			彦陽 金	樞密院事	安東權氏成化譜	1	3	b	
D400420	李達尊	이달존	Yi Talchon			慶州 李	總制	安東權氏成化譜	1	3	b	
D401571	權儼	권엄	Kwŏn Ŏm			安東 權	判書	安東權氏成化譜	1	3	b	
D401782	李壽林	이수림	Yi Surim			慶州 李	翰林學士	安東權氏成化譜	1	3	b	
D401806	任德壽	임덕수	Im Tŏksu			豊川 任	判司僕寺事	安東權氏成化譜	1	3	b	
D401810	申琿	신혼	Sin Hon	申渾		平山 申	起居郞	安東權氏成化譜	1	3	b	
D401915	任純義	임순의	Im Sunŭi			豊川 任	判事	安東權氏成化譜	1	3	b	
D402252	李學林	이학림	Yi Hangnim			慶州 李	少府尹	安東權氏成化譜	1	3	b	
D402404	李德林	이덕림	Yi Tŏngnim			慶州 李	郡事	安東權氏成化譜	1	3	b	
D402426	奇仁傑	기인걸	Ki In'gŏl			幸州 奇	開城尹	安東權氏成化譜	1	3	b	
D402439	安翊	안익	An Ik	安益		公山 安	平理	安東權氏成化譜	1	3	b	
D402440	李亮	이량	Yi Ryang			延安 李	監正	安東權氏成化譜	1	3	b	
D402447	權皐	권고	Kwŏn Ko			安東 權	檢侍中 永嘉府院君	安東權氏成化譜	1	3	b	
E401570	權詳	권상	Kwŏn Sang			安東 權	儉漢城尹	安東權氏成化譜	1	3	b	
E401592	權敬	권경	Kwŏn Kyŏng			安東 權	判書	安東權氏成化譜	1	3	b	
E401827	朴永忠	박영충	Pak Yŏngch'ung			竹山 朴	判漢城府事	安東權氏成化譜	1	3	b	
E401887	黃侃	황간	Hwang Kan			懷德 黃	三司左尹	安東權氏成化譜	1	3	b	
E401921	任純禮	임순례	Im Sullye			豊川 任	郎將	安東權氏成化譜	1	3	b	
E401997	郭樞	곽추	Kwak Ch'u			淸州 郭	贊成事	安東權氏成化譜	1	3	b	
E402078	蔡元敬	채원경	Ch'ae Wŏn'gyŏng	蔡允敬		平康 蔡	檢漢城	安東權氏成化譜	1	3	b	
E402450	洪希正	홍희정	Hong Hŭijŏng			南陽 洪	左尹	安東權氏成化譜	1	3	b	
E402453	金敬義	김경의	Kim Kyŏngŭi				典書	安東權氏成化譜	1	3	b	
E402461	王休	왕휴	Wang Hyu			開城 王	副令	安東權氏成化譜	1	3	b	
D301157	王愼	왕신	Wang Sin			開城 王	福安君	安東權氏成化譜	1	4	a	
D401256	權遇	권우	Kwŏn U	權遠		安東 權	藝文提學	安東權氏成化譜	1	4	a	
D401335	王挺	왕정	Wang Chŏng			開城 王	順城君	安東權氏成化譜	1	4	a	
D401991	王重貴	왕중귀	Wang Chunggwi				左代言	安東權氏成化譜	1	4	a	
D402172	朴仲宜	박중의	Pak Chungŭi			竹山 朴	典客令	安東權氏成化譜	1	4	a	
D402470	權侃	권간	Kwŏn Kan			安東 權	軍簿正郞	安東權氏成化譜	1	4	a	
D402484	權僖	권희	Kwŏn Hŭi			安東 權	檢校左政丞	安東權氏成化譜	1	4	a	
D402516	王煦	왕후	Wang Hu	王脫歡			鷄林府院君	安東權氏成化譜	1	4	a	
D402547	尙載	상재	Sang Chae				監察	安東權氏成化譜	1	4	a	
D402555	權謙	권겸	Kwŏn Kyŏm			安東 權	贊成事 福安府院君 宣授太監府	安東權氏成化譜	1	4	a	
D402557	元顥	원호	Wŏn Ho			原州 元	成安府院君	安東權氏成化譜	1	4	a	
E400081	權衷	권충	Kwŏn Ch'ung			安東 權	贊成	安東權氏成化譜	1	4	a	
E400102	權肅	권숙	Kwŏn Suk			安東 權	府尹	安東權氏成化譜	1	4	a	
E400375	許愭	허기	Hŏ Ki			陽川 許	判奉常寺事	安東權氏成化譜	1	4	a	
E401119	權近	권근	Kwŏn Kŭn	權晉		安東 權	贊成事 吉昌君	安東權氏成化譜	1	4	a	
E401911	元寅	원인	Wŏn In			原州 元	判開城府事	安東權氏成化譜	1	4	a	
E401990	權嚴	권엄	Kwŏn Ŏm			安東 權	執義	安東權氏成化譜	1	4	a	
E402471	權維	권유	Kwŏn Yu			安東 權	都摠制	安東權氏成化譜	1	4	a	
E402477	尹希宗	윤희종	Yun Hŭijong					安東權氏成化譜	1	4	a	
E402478	金自忠	김자충	Kim Chach'ung				密直	安東權氏成化譜	1	4	a	
E402480	權絪	권인	Kwŏn In			安東 權	典書	安東權氏成化譜	1	4	a	
E402483	權乃澄	권내징	Kwŏn Naejing			安東 權	大禪師	安東權氏成化譜	1	4	a	
E402485	權和	권화	Kwŏn Hwa			安東 權	三司左使	安東權氏成化譜	1	4	a	
E402492	權二已	권이이	Kwŏn Ii			安東 權	都僧統	安東權氏成化譜	1	4	a	
E402538	權道	권도	Kwŏn To			安東 權	司正	安東權氏成化譜	1	4	a	
E402543	南宮佐	남궁좌	Namgung Chwa			咸恍 南宮	署丞	安東權氏成化譜	1	4	a	
E402548	權法和						典書	安東權氏成化譜	1	4	a	
266c9825-0b6b-4b0a-83ee-9abf01f18b6c	元 昭宗	원 소종	Wŏn Sojong				皇帝	安東權氏成化譜	1	4	b	
D300001	尹承禮	윤승례	Yun Sŭngnye			坡平 尹	軍簿判書	安東權氏成化譜	1	4	b	
D301251	盧訔	노은	No Ŭn			交河 盧	慶原君 宣授兵部尙書	安東權氏成化譜	1	4	b	
D401644	權恒	권항	Kwŏn Hang			安東 權	知密直	安東權氏成化譜	1	4	b	
D401759	任巨卿	임거경	Im Kŏgyŏng	任臣卿		豊川 任	兵馬使	安東權氏成化譜	1	4	b	
D401761	王諝	왕서	Wang Sŏ			開城 王	益城府院大君	安東權氏成化譜	1	4	b	
D401762	王珣	왕순	Wang Sun			開城 王	淮安大君	安東權氏成化譜	1	4	b	
D401763	高呂	고려	Ko Ryŏ			高峯 高	高城郡	安東權氏成化譜	1	4	b	
D402587	奇有傑	기유걸	Ki Yugŏl			幸州 奇	贊成	安東權氏成化譜	1	4	b	
D402591	權賝	권침	Kwŏn Ch'im	權奇般者不花			 	安東權氏成化譜	1	4	b	
D402592	金立堅	김입견	Kim Ipkyŏn				評理	安東權氏成化譜	1	4	b	
D402596	王璹	왕숙	Wang Suk			開城 王	正順大君	安東權氏成化譜	1	4	b	
D402599	王璉	왕련	Wang Ryŏn			開城 王	益興大君	安東權氏成化譜	1	4	b	
D402608	李希慶	이희경	Yi Hŭigyŏng			碧珍 李	大護軍	安東權氏成化譜	1	4	b	
D402621	王緝	왕집	Wang Chip			開城 王	益川君	安東權氏成化譜	1	4	b	
D402624	王綏	왕수	Wang Su	王緩		開城 王	益昌君	安東權氏成化譜	1	4	b	
D402625	王潘	왕번	Wang Pŏn			開城 王	元尹	安東權氏成化譜	1	4	b	
D402626	王[玉+囧]	왕형	Wang Hyŏng			開城 王	昌寧君	安東權氏成化譜	1	4	b	
D402627	王綺	왕기	Wang Ki			開城 王	昌原君	安東權氏成化譜	1	4	b	
D402629	金光敍	김광서	Kim Kwangsŏ			扶寧 金	典客令	安東權氏成化譜	1	4	b	
D402634	王祥	왕상	Wang Sang			開城 王	春原君	安東權氏成化譜	1	4	b	
D402638	王瑄	왕선	Wang Sŏn			開城 王	淮原君	安東權氏成化譜	1	4	b	
E300522	李士芬	이사분	Yi Sabun	李都芬		星州 李		安東權氏成化譜	1	4	b	
E300545	趙涓	조연	Cho Yŏn	趙卿		漢陽 趙	政丞 漢平府院君	安東權氏成化譜	1	4	b	
E402558	元賓	원빈	Wŏn Pin			原州 元	中樞副使	安東權氏成化譜	1	4	b	
E402572	朴天祥	박천상	Pak Ch'ŏnsang			順天 朴	府院君	安東權氏成化譜	1	4	b	
E402573	元宣	원선	Wŏn Sŏn			原州 元	三司左尹	安東權氏成化譜	1	4	b	
D206574	權仲達	권중달	Kwŏn Chungdal			安東 權	花原君	安東權氏成化譜	1	5	a	
D206576	全賁	전분	Chŏn Pun			旌善 全	宰臣	安東權氏成化譜	1	5	a	
D206579	閔瑾	민근	Min Kŭn			驪興 閔	驪城君	安東權氏成化譜	1	5	a	
D206581	李穡	이색	Yi Saek			韓山 李	韓山府院君	安東權氏成化譜	1	5	a	
D206583	權嗣宗	권사종	Kwŏn Sajong			安東 權	判事	安東權氏成化譜	1	5	a	
D206585	權季容	권계용	Kwŏn Kyeyong			安東 權	呂川君	安東權氏成化譜	1	5	a	
D206586	金允轍	김윤철	Kim Yunch'ŏl			英陽 金	典書	安東權氏成化譜	1	5	a	
D206588	權仲和	권중화	Kwŏn Chunghwa			安東 權	領議政 呂川伯	安東權氏成化譜	1	5	a	
D206589	韓寧	한녕	Han Nyŏng			淸州 韓	錄事	安東權氏成化譜	1	5	a	
D206592	李得壽	이득수	Yi Tŭksu	李壽得		慶州 李	檢侍中	安東權氏成化譜	1	5	a	
D206594	李成林	이성림	Yi Sŏngnim			慶州 李	侍中	安東權氏成化譜	1	5	a	
D206595	廉悌臣	염제신	Yŏm Chesin			瑞原 廉	政丞	安東權氏成化譜	1	5	a	
D206599	洪徵	홍징	Hong Ching			南陽 洪	密直副使 唐城君	安東權氏成化譜	1	5	a	
D206604	任獻	임헌	Im Hŏn			長興 任	大司憲	安東權氏成化譜	1	5	a	
D206606	鄭凞啓	정희계	Chŏng Hŭigye	鄭熙啓		慶州 鄭	參贊	安東權氏成化譜	1	5	a	
D401248	李思義	이사의	Yi Saŭi			全義 李	全城君	安東權氏成化譜	1	5	a	
D401630	柳惠芳	유혜방	Yu Hyebang			晋州 柳	郡事	安東權氏成化譜	1	5	a	
D402602	王諮	왕자	Wang Cha			開城 王	福原君	安東權氏成化譜	1	5	a	
D402604	王昭	왕소	Wang So			開城 王	益原大君	安東權氏成化譜	1	5	a	The original simply records 王 and 益原大君. 益原大君 is 王昭.
D402640	盧濟	노제	No Che			交河 盧	瑞原君	安東權氏成化譜	1	5	a	
D402641	盧瑜	노유	No Yu			交河 盧	判事	安東權氏成化譜	1	5	a	
D402653	王瑱	왕진	Wang Chin	王鎭		開城 王	永原君	安東權氏成化譜	1	5	a	
DC00421	廉興邦	염흥방	Yŏm Hŭngbang			瑞原 廉	三司左使	安東權氏成化譜	1	5	a	
E402266	權邦緯	권방위	Kwŏn Pangwi	權邦偉		安東 權	都摠制	安東權氏成化譜	1	5	a	
E402648	白元珣	백원구	Paek Wŏn'gu			聞慶 白	典書	安東權氏成化譜	1	5	a	
D206610	恭愍王	공민왕	Kong Minwang	王顓	王伯顔帖木兒	開城 王	恭愍王	安東權氏成化譜	1	5	b	
D206611	李竦	이송	Yi Song	李松		禮安 李	判書	安東權氏成化譜	1	5	b	
D206613	卞南龍	변남룡	Pyŏn Namnyong			草溪 卞	漢城府尹	安東權氏成化譜	1	5	b	
D206614	廉庭秀	염정수	Yŏm Chŏngsu	廉廷秀		瑞原 廉	大司憲	安東權氏成化譜	1	5	b	
D206617	廉廣原	염광원	Yŏm Kwangwŏn			瑞原 廉		安東權氏成化譜	1	5	b	
D206618	朴瓊	박경	Pak Kyŏng			咸陽 朴	判書	安東權氏成化譜	1	5	b	
D206620	崔乙義	최을의	Ch'oe Ŭrŭi			全州 崔	密直副使	安東權氏成化譜	1	5	b	
D206622	趙煦	조후	Cho Hu			平壤 趙	萬戶	安東權氏成化譜	1	5	b	
D206624	盧冏	노경	No Kyŏng			交河 盧	判三司事	安東權氏成化譜	1	5	b	
D206626	尹紹宗	윤소종	Yun Sojong			茂松 尹	判書	安東權氏成化譜	1	5	b	
D206629	朴居實	박거실	Pak Kŏsil			咸陽 朴	判事	安東權氏成化譜	1	5	b	
D206633	宋英茂	송영무	Song Yŏngmu				知嘉州事	安東權氏成化譜	1	5	b	
D206635	宋天吉	송천길	Song Ch'ŏn'gil				 	安東權氏成化譜	1	5	b	
D206636	李龜壽	이귀수	Yi Kwisu				別將	安東權氏成化譜	1	5	b	
D206638	韓繼忠	한계충	Han Kyech'ung				判書	安東權氏成化譜	1	5	b	
D206640	韓安海	한안해	Han Anhae				典書	安東權氏成化譜	1	5	b	
D206641	韓安景	한안경	Han An'gyŏng				知隨州事	安東權氏成化譜	1	5	b	
D206642	韓安邦	한안방	Han Anbang				 	安東權氏成化譜	1	5	b	
D400075	許璡	허진	Hŏ Chin	許珽		陽川 許	教授官	安東權氏成化譜	1	5	b	
D401777	柳蔓殊	유만수	Yu Mansu	柳曼殊		文化 柳	贊成	安東權氏成化譜	1	5	b	
DC00111	柳總	유총	Yu Ch'ong			文化 柳	代言	安東權氏成化譜	1	5	b	
DC00199	金居斗	김거두	Kim Kŏdu			義城 金	府使	安東權氏成化譜	1	5	b	
D206643	金尙漢	김상한	Kim Sanghan				典書	安東權氏成化譜	1	6	a	
D206645	李陰	이음	Yi Ŭm				典書	安東權氏成化譜	1	6	a	
D206647	康舜龍	강순룡	Kang Sullyong			載寧 康	載寧伯 平章	安東權氏成化譜	1	6	a	
D206649	康熙	강희	Kang Hŭi			載寧 康	判事	安東權氏成化譜	1	6	a	
D206651	權[未詳]	권[미상]	Kwŏn [misang]			安東 權	 	安東權氏成化譜	1	6	a	
D206652	權仲炎	권중염	Kwŏn Chungyŏm			安東 權	 	安東權氏成化譜	1	6	a	
D206653	權仲山	권중산	Kwŏn Chungsan			安東 權	 	安東權氏成化譜	1	6	a	
D206654	權可封	권가봉	Kwŏn Kabong			安東 權	 	安東權氏成化譜	1	6	a	
D206655	李庸	이용	Yi Yong			仁川 李	正言	安東權氏成化譜	1	6	a	
D206657	李元紘	이원굉	Yi Wŏn'goeng	李允紘		仁川 李		安東權氏成化譜	1	6	a	
D206658	林蹇	임건	Im Kŏn	林騫		保安 林	典書	安東權氏成化譜	1	6	a	
D206660	琴仁淑	금인숙	Kŭm Insuk			奉化 琴	知嘉州事	安東權氏成化譜	1	6	a	
D206662	李元緝	이원집	Yi Wŏnjip			仁川 李		安東權氏成化譜	1	6	a	
D206663	李興	이흥	Yi Hŭng				府尹	安東權氏成化譜	1	6	a	
D206666	李元絢	이원현	Yi Wŏnhyŏn			仁川 李		安東權氏成化譜	1	6	a	
D206667	李元絳	이원강	Yi Wŏn'gang			仁川 李	 	安東權氏成化譜	1	6	a	
D206668	權肅	권숙	Kwŏn Suk			安東 權	判典儀寺事	安東權氏成化譜	1	6	a	
D206670	權可宗	권가종	Kwŏn Kajong			安東 權	丞	安東權氏成化譜	1	6	a	
D206671	權可均	권가균	Kwŏn Kagyun			安東 權	縣監	安東權氏成化譜	1	6	a	
D206672	權可以	권가이	Kwŏn Kai			安東 權	郡事	安東權氏成化譜	1	6	a	
D206673	權奭	권석	Kwŏn Sŏk			安東 權	郎將	安東權氏成化譜	1	6	a	
D206674	崔偕	최해	Ch'oe Hae	崔諧			少監	安東權氏成化譜	1	6	a	
D400788	柳臨	유림	Yu Rim			文化 柳	典農正	安東權氏成化譜	1	6	a	
E206870	權蔓	권만	Kwŏn Man			安東 權	 	安東權氏成化譜	1	6	a	
E402275	權遜	권손	Kwŏn Son			安東 權		安東權氏成化譜	1	6	a	
EC00498	柳資	유자	Yu Cha	柳滋		文化 柳	知豐洲事	安東權氏成化譜	1	6	a	
D206676	梁元堅	양원견	Yang Wŏn'gyŏn				總制	安東權氏成化譜	1	6	b	
D206678	李湯	이탕	Yi T'ang				中郎將	安東權氏成化譜	1	6	b	
D206680	權世珍	권세진	Kwŏn Sejin			安東 權		安東權氏成化譜	1	6	b	
D206682	權靷	권인	Kwŏn In			安東 權		安東權氏成化譜	1	6	b	
D206683	鄭汝諧	정여해	Chŏng Yŏhae				 	安東權氏成化譜	1	6	b	
D206685	金仲寶	김중보	Kim Chungbo	金重寶		咸昌 金	 	安東權氏成化譜	1	6	b	
D206687	金丁用	김정용	Kim Chŏngyong	金貞容		咸昌 金	 	安東權氏成化譜	1	6	b	
D206688	權正侯	권정후	Kwŏn Chŏnghu			安東 權	 	安東權氏成化譜	1	6	b	
D206689	權仁淑	권인숙	Kwŏn Insuk			安東 權	密直副使	安東權氏成化譜	1	6	b	
D206690	權得侯	권득후	Kwŏn Tŭkhu			安東 權	福川君	安東權氏成化譜	1	6	b	
D206691	權子侯	권자후	Kwŏn Chahu			安東 權	司宰監	安東權氏成化譜	1	6	b	
D206692	權方侯	권방후	Kwŏn Panghu				 	安東權氏成化譜	1	6	b	
D206694	權有時	권유시	Kwŏn Yusi			安東 權	 	安東權氏成化譜	1	6	b	
D206695	潘義	반의	Pan Ŭi				 	安東權氏成化譜	1	6	b	
D206697	南簡	남간	Nam Kan			宜寧 南	宰臣	安東權氏成化譜	1	6	b	
D206699	南仁祐	남인우	Nam Inu	南仁佐		宜寧 南	佐郞	安東權氏成化譜	1	6	b	
D206700	權德生	권덕생	Kwŏn Tŏksaeng			安東 權		安東權氏成化譜	1	6	b	
D206702	權子衡	권자형	Kwŏn Chahyŏng			安東 權	 	安東權氏成化譜	1	6	b	
D206703	權乙衡	권을형	Kwŏn Ŭrhyŏng			安東 權	 	安東權氏成化譜	1	6	b	
D206712	權季衡	권계형	Kwŏn Kyehyŏng			安東 權	 	安東權氏成化譜	1	6	b	
D206713	沈季文	심계문	Sim Kyemun				 	安東權氏成化譜	1	6	b	
D206721	權昂	권앙	Kwŏn Ang				 	安東權氏成化譜	1	6	b	
D206722	權方正	권방정	Kwŏn Pangjŏng				 	安東權氏成化譜	1	6	b	
D900552	金就用	김취용	Kim Ch'wiyong	金就鎔	金就容	咸昌 金	 	安東權氏成化譜	1	6	b	
E206704	權當	권당	Kwŏn Tang			安東 權	 	安東權氏成化譜	1	6	b	
E206705	金繼孫	김계손	Kim Kyeson					安東權氏成化譜	1	6	b	
E206707	權希約	권희약	Kwŏn Hŭiyak			安東 權		安東權氏成化譜	1	6	b	
E206708	權偟	권황	Kwŏn Hwang					安東權氏成化譜	1	6	b	
E206710	崔係	최계	Ch'oe Kye				 	安東權氏成化譜	1	6	b	
E206715	沈希括	심희괄	Sim Hŭigwal				 	安東權氏成化譜	1	6	b	
E206716	沈希溫	심희온	Sim Hŭion				 	安東權氏成化譜	1	6	b	
E206717	沈希發	심희발	Sim Hŭibal				 	安東權氏成化譜	1	6	b	
E206718	張斐	장비	Chang Pi	張裴	張棐		 	安東權氏成化譜	1	6	b	
E206720	沈希挺	심희정	Sim Hŭijŏng				 	安東權氏成化譜	1	6	b	
E401878	裵桓	배환	Pae Hwan			興海 裵	監司	安東權氏成化譜	1	6	b	
E900711	權自謙	권자겸	Kwŏn Chagyŏm			安東 權		安東權氏成化譜	1	6	b	
E902903	權居約	권거약	Kwŏn Kŏyak			安東 權		安東權氏成化譜	1	6	b	
D206723	權珠慶	권주경	Kwŏn Chugyŏng	權珠鏡		安東 權	 	安東權氏成化譜	1	7	a	
D206724	權贇	권빈	Kwŏn Pin			安東 權	 	安東權氏成化譜	1	7	a	
D206725	權琠	권전	Kwŏn Chŏn	權腆		安東 權	 	安東權氏成化譜	1	7	a	
D206726	權時	권시	Kwŏn Si			安東 權	 	安東權氏成化譜	1	7	a	
D206727	權度	권도	Kwŏn To			安東 權	 	安東權氏成化譜	1	7	a	
D206728	成老	성로	Sŏng Ro				 	安東權氏成化譜	1	7	a	
D206730	金天秩	김천질	Kim Ch'ŏnjil				 	安東權氏成化譜	1	7	a	
D206732	許少由	허소유	Hŏ Soyu			金海 許		安東權氏成化譜	1	7	a	
D206734	許昶	허창	Hŏ Ch'ang	許錘		金海 許		安東權氏成化譜	1	7	a	
D206735	金惟情	김유정	Kim Yujŏng	金惟精		順天 金		安東權氏成化譜	1	7	a	
D206737	金乙材	김을재	Kim Ŭlchae	金乙財		順天 金		安東權氏成化譜	1	7	a	
D206738	金乙忠	김을충	Kim Ŭlch'ung			順天 金		安東權氏成化譜	1	7	a	
D206740	權軾	권식	Kwŏn Sik			安東 權	資德大夫	安東權氏成化譜	1	7	a	
D206741	權愷	권개	Kwŏn Kae	權時中	權概	安東 權	典書	安東權氏成化譜	1	7	a	
D206742	朴德方	박덕방	Pak Tŏkpang			竹山 朴	糾正	安東權氏成化譜	1	7	a	
D206744	權錘	권추	Kwŏn Ch'u			安東 權	少尹	安東權氏成化譜	1	7	a	
D206745	權毅	권의	Kwŏn Ŭi			安東 權	 	安東權氏成化譜	1	7	a	
D206746	權[未詳]	권[미상]	Kwŏn [misang]			安東 權	 	安東權氏成化譜	1	7	a	
D206748	權光贊	권광찬	Kwŏn Kwangch'an			安東 權	 	安東權氏成化譜	1	7	a	
D206749	權台鼎	권태정	Kwŏn T'aejŏng			安東 權	 	安東權氏成化譜	1	7	a	
D206750	權台府	권태부	Kwŏn T'aebu			安東 權	 	安東權氏成化譜	1	7	a	
D206751	李簷	이첨	Yi Ch'ŏm				中樞	安東權氏成化譜	1	7	a	
D206753	鄭益周	정익주	Chŏng Ikchu				 	安東權氏成化譜	1	7	a	
D206755	曺興	조흥	Cho Hŭng			昌寧 曺		安東權氏成化譜	1	7	a	
D206757	徐孝順	서효순	Sŏ Hyosun			利川 徐	 	安東權氏成化譜	1	7	a	
D206759	姜君寶	강군보	Kang Kunbo			晋州 姜	政堂	安東權氏成化譜	1	7	a	
D206761	姜筮	강서	Kang Sŏ			晋州 姜	政丞	安東權氏成化譜	1	7	a	
D206763	姜箸 					晋州 姜	五宰	安東權氏成化譜	1	7	b	
D206765	李英雨	이영우	Yi Yŏngu				 	安東權氏成化譜	1	7	b	
D206767	曺子暹	조자섬	Cho Chasŏm				 	安東權氏成化譜	1	7	b	
D206769	李孟明	이맹명	Yi Maengmyŏng				 	安東權氏成化譜	1	7	b	
D206770	李仲明	이중명	Yi Chungmyŏng	李希祐			 	安東權氏成化譜	1	7	b	
D206771	權準徑	권준경	Kwŏn Chun'gyŏng	權準經		安東 權	 	安東權氏成化譜	1	7	b	
D206774	權復徑	권복경	Kwŏn Pokkyŏng	權復經			 	安東權氏成化譜	1	7	b	
D206775	姜敬和	강경화	Kang Kyŏnghwa				 	安東權氏成化譜	1	7	b	
D206777	姜和寶	강화보	Kang Hwabo				 	安東權氏成化譜	1	7	b	
D206786	權圖南	권도남	Kwŏn Tonam			安東 權	 	安東權氏成化譜	1	7	b	
D206787	鄭厚	정후	Chŏng Hu				宰臣	安東權氏成化譜	1	7	b	
D206789	孫大元	손대원	Son Taewŏn			一直 孫	 	安東權氏成化譜	1	7	b	
D206790	孫成務	손성무	Son Sŏngmu			一直 孫	 	安東權氏成化譜	1	7	b	
D206791	孫成物	손성물	Son Sŏngmul			一直 孫	 	安東權氏成化譜	1	7	b	
E103999	姜策	강책	Kang Ch'aek			晋州 姜	佐郞	安東權氏成化譜	1	7	b	
E206779	權思遠	권사원	Kwŏn Sawŏn			安東 權	 	安東權氏成化譜	1	7	b	
E206780	權重	권중	Kwŏn Chung			安東 權	 	安東權氏成化譜	1	7	b	
E206781	權助	권조	Kwŏn Cho			安東 權	 	安東權氏成化譜	1	7	b	
E206782	權思直	권사직	Kwŏn Sajik			安東 權	 	安東權氏成化譜	1	7	b	
E206783	權勘	권감	Kwŏn Kam			安東 權	監察	安東權氏成化譜	1	7	b	
D206792	金義	김의	Kim Ŭi			原州 金		安東權氏成化譜	1	8	a	
D206793	金得雨	김득우	Kim Tŭgu			原州 金	宰臣	安東權氏成化譜	1	8	a	
D206800	金台瑠	김태류	Kim T'aeryu				 	安東權氏成化譜	1	8	a	
D206801	金鼎	김정	Kim Chŏng				佐郞	安東權氏成化譜	1	8	a	
D206803	權成泰	권성태	Kwŏn Sŏngt'ae	權堅		安東 權	郎將	安東權氏成化譜	1	8	a	
D206805	權公信	권공신	Kwŏn Kongsin	權信公		安東 權	判書	安東權氏成化譜	1	8	a	
D206806	權仁侃	권인간	Kwŏn In'gan			安東 權	檢禮賓卿	安東權氏成化譜	1	8	a	
D206807	權仁景	권인경	Kwŏn In'gyŏng			安東 權	 	安東權氏成化譜	1	8	a	
D206808	權仁軫	권인진	Kwŏn Injin			安東 權	 	安東權氏成化譜	1	8	a	
D206809	金之有	김지유	Kim Chiyu	金光遠			 	安東權氏成化譜	1	8	a	
D206811	權忍眉	권인미	Kwŏn Inmi			安東 權	大禪師	安東權氏成化譜	1	8	a	
D206812	權行脩	권행수	Kwŏn Haengsu			安東 權	首座	安東權氏成化譜	1	8	a	
D206813	權呂溫	권여온	Kwŏn Yŏon				進士	安東權氏成化譜	1	8	a	
D206815	權允景	권윤경	Kwŏn Yun'gyŏng	權元景			 	安東權氏成化譜	1	8	a	
D206816	權萬景	권만경	Kwŏn Man'gyŏng				舍人	安東權氏成化譜	1	8	a	
D206817	權希逢	권희봉	Kwŏn Hŭibong	權希達			 	安東權氏成化譜	1	8	a	
D206819	權玄景	권현경	Kwŏn Hyŏn'gyŏng				 	安東權氏成化譜	1	8	a	
D206820	權伯宗	권백종	Kwŏn Paekchong			安東 權	宰臣	安東權氏成化譜	1	8	a	
D206822	權文景	권문경	Kwŏn Mun'gyŏng	權文宗			 	安東權氏成化譜	1	8	a	
D206823	安守堅	안수견	An Sugyŏn			順興 安		安東權氏成化譜	1	8	b	
D206825	權善	권선	Kwŏn Sŏn				 	安東權氏成化譜	1	8	b	
D206827	金良正	김양정	Kim Yangjŏng				 	安東權氏成化譜	1	8	b	
D206828	權孝生	권효생	Kwŏn Hyosaeng				 	安東權氏成化譜	1	8	b	
D206829	金君正	김군정	Kim Kunjŏng				 	安東權氏成化譜	1	8	b	
D206832	權錘	권추	Kwŏn Ch'u			安東 權	中郞將	安東權氏成化譜	1	8	b	
D206838	金重平	김중평	Kim Chungp'yŏng				 	安東權氏成化譜	1	8	b	
D206840	潘之永	반지영	Pan Chiyŏng				 	安東權氏成化譜	1	8	b	
E206833	權放	권방	Kwŏn Pang			安東 權	府使	安東權氏成化譜	1	8	b	
D103168	王環	왕환	Wang Hwan			開城 王	종실	安東權氏成化譜	1	9	a	
D200036	崔雲海	최운해	Ch'oe Unhae			通川 崔	參判	安東權氏成化譜	1	9	a	
D402199	權定柱	권정주	Kwŏn Chŏngju			安東 權	將軍	安東權氏成化譜	1	9	a	
E103134	權繼忠	권계충	Kwŏn Kyech'ung			安東 權	護軍	安東權氏成化譜	1	9	a	
E103136	金瑞衡	김서형	Kim Sŏhyŏng				中樞	安東權氏成化譜	1	9	a	
E103137	權繼孝	권계효	Kwŏn Kyehyo			安東 權	護軍	安東權氏成化譜	1	9	a	
E103140	權軸	권축	Kwŏn Ch'uk			安東 權	司正	安東權氏成化譜	1	9	a	
E103141	權淳	권순	Kwŏn Sun			安東 權	 	安東權氏成化譜	1	9	a	
E103142	權演	권연	Kwŏn Yŏn			安東 權	 	安東權氏成化譜	1	9	a	
E103151	曺貴成	조귀성	Cho Kwisŏng				 	安東權氏成化譜	1	9	a	
E103154	權希遂	권희수	Kwŏn Hŭisu			安東 權	上護軍	安東權氏成化譜	1	9	a	
E103155	權曉	권효	Kwŏn Hyo			安東 權	 	安東權氏成化譜	1	9	a	
E103157	張招	장초	Chang Ch'o				 	安東權氏成化譜	1	9	a	
E103158	權旭	권욱	Kwŏn Uk			安東 權	 	安東權氏成化譜	1	9	a	
E103161	權暲	권장	Kwŏn Chang			安東 權	 	安東權氏成化譜	1	9	a	
E103162	權暉	권휘	Kwŏn Hwi			安東 權	 	安東權氏成化譜	1	9	a	
E103164	權希進	권희진	Kwŏn Hŭijin			安東 權	暑令	安東權氏成化譜	1	9	a	
E103167	崔閏福	최윤복	Ch'oe Yunbok			通川 崔	佐郞	安東權氏成化譜	1	9	a	
E103170	金稷孫	김직손	Kim Chikson			尙州 金	郡事	安東權氏成化譜	1	9	a	
E200063	權軔	권인	Kwŏn In			安東 權	司正	安東權氏成化譜	1	9	a	
E200064	權希達	권희달	Kwŏn Hŭidal			安東 權	都摠制	安東權氏成化譜	1	9	a	
E201509	權繼知	권계지	Kwŏn Kyeji	權繼智		安東 權	司正	安東權氏成化譜	1	9	a	
E802100	金調元	김조원	Kim Chowŏn			尙州 金	司直	安東權氏成化譜	1	9	a	
E802125	金調陽	김조양	Kim Choyang			尙州 金	郡守	安東權氏成化譜	1	9	a	
E802484	盧尙禮	노상례	No Sangnye			光州 盧	知司諫	安東權氏成化譜	1	9	a	
E103171	金商孫	김상손	Kim Sangson			尙州 金	大護軍	安東權氏成化譜	1	9	b	
E103172	金恩榮	김은영	Kim Ŭnyŏng			尙州 金		安東權氏成化譜	1	9	b	
E103175	金孟琦	김맹기	Kim Maenggi	金孟錡				安東權氏成化譜	1	9	b	
E103180	辛瑞聃	신서담	Sin Sŏdam			靈山 辛		安東權氏成化譜	1	9	b	
E103185	崔玉明	최옥명	Ch'oe Ongmyŏng			全州 崔		安東權氏成化譜	1	9	b	
E302996	慶由恭	경유공	Kyŏng Yugong			淸州 慶	中樞	安東權氏成化譜	1	9	b	
E802130	金調權	김조권	Kim Chogwŏn			尙州 金		安東權氏成化譜	1	9	b	
E802281	金慶孫	김경손	Kim Kyŏngson			尙州 金	校勘	安東權氏成化譜	1	9	b	
E802348	金安孫	김안손	Kim Anson			尙州 金	護軍	安東權氏成化譜	1	9	b	
E802395	鄭常	정상	Chŏng Sang				生員	安東權氏成化譜	1	9	b	
E802397	朴仲畏	박중외	Pak Chungoe			咸陽 朴		安東權氏成化譜	1	9	b	
E802487	元孝恭	원효공	Wŏn Hyogong			原州 元	大護軍	安東權氏成化譜	1	9	b	
E802511	辛敬溫	신경온	Sin Kyŏngon				司正	安東權氏成化譜	1	9	b	
E802526	辛若	신약	Sin Yak				 	安東權氏成化譜	1	9	b	
E900052	閔亨孫	민형손	Min Hyŏngson			驪興 閔		安東權氏成化譜	1	9	b	
E902086	李節	이절	Yi Chŏl			慶州 李		安東權氏成化譜	1	9	b	
EC00249	姜敏	강민	Kang Min			晋州 姜	直長	安東權氏成化譜	1	9	b	
E102094	李儀	이의	Yi Ŭi			鐵城 李	護軍	安東權氏成化譜	1	10	a	
E103190	李性孫	이성손	Yi Sŏngson			永川 李	主簿	安東權氏成化譜	1	10	a	
E103193	李德孫	이덕손	Yi Tŏkson			永川 李	上將	安東權氏成化譜	1	10	a	
E103194	李陽孫	이양손	Yi Yangson			永川 李	司正	安東權氏成化譜	1	10	a	
E103197	李振孫	이진손	Yi Chinson			永川 李	司正	安東權氏成化譜	1	10	a	
E103200	李泰孫	이태손	Yi T'aeson			永川 李	大護軍	安東權氏成化譜	1	10	a	
E103202	孫繼儉	손계검	Son Kyegŏm			密陽 孫	縣監	安東權氏成化譜	1	10	a	
E103203	盧處中	노처중	No Ch'ŏjung			光州 盧	陵直	安東權氏成化譜	1	10	a	
E103204	盧漢石	노한석	No Hansŏk			光州 盧	奉事	安東權氏成化譜	1	10	a	
E103207	洪因	홍인	Hong In			南陽 洪		安東權氏成化譜	1	10	a	
E103209	文由質	문유질	Mun Yujil					安東權氏成化譜	1	10	a	
E103211	申子橋	신자교	Sin Chagyo			高靈 申	郡事	安東權氏成化譜	1	10	a	
E202607	洪矜	홍긍	Hong Kŭng			南陽 洪	通禮院相禮	安東權氏成化譜	1	10	a	
E300367	盧德基	노덕기	No Tŏkki			光州 盧	中樞	安東權氏成化譜	1	10	a	
E802523	盧處和	노처화	No Ch'ŏhwa			光州 盧	清州判官	安東權氏成化譜	1	10	a	
E802533	金漢生	김한생	Kim Hansaeng			善山 金		安東權氏成化譜	1	10	a	
E802582	盧熙善	노희선	No Hŭisŏn			光州 盧	縣監	安東權氏成化譜	1	10	a	
E802630	金慶門	김경문	Kim Kyŏngmun	金景文		尙州 金	監察	安東權氏成化譜	1	10	a	
E802652	盧熙淑	노희숙	No Hŭisuk			光州 盧	判官	安東權氏成化譜	1	10	a	
E802700	許壽	허수	Hŏ Su			金海 許	直長	安東權氏成化譜	1	10	a	
E802755	金處晦	김처회	Kim Ch'ŏhoe			善山 金	縣監	安東權氏成化譜	1	10	a	
E802757	金巖	김암	Kim Am			善山 金	司直	安東權氏成化譜	1	10	a	
E802758	金忠長	김충장	Kim Ch'ungjang			善山 金		安東權氏成化譜	1	10	a	
E802794	金壽長	김수장	Kim Sujang	金孝長		善山 金	 	安東權氏成化譜	1	10	a	
E802803	李命孫	이명손	Yi Myŏngson			永川 李	司直	安東權氏成化譜	1	10	a	
E802804	李宗謹	이종근	Yi Chonggŭn			永川 李	直長	安東權氏成化譜	1	10	a	
E802823	李徐孫	이서손	Yi Sŏson			永川 李	縣監	安東權氏成化譜	1	10	a	
E101110	金世豪	김세호	Kim Seho			尙州 金	縣監	安東權氏成化譜	1	10	b	
E103213	洪逸童	홍일동	Hong Ildong			南陽 洪	中樞	安東權氏成化譜	1	10	b	
E103217	曺尙	조상	Cho Sang			昌寧 曺	副正	安東權氏成化譜	1	10	b	
E103218	曺好直	조호직	Cho Hojik			昌寧 曺	縣監	安東權氏成化譜	1	10	b	
E103219	曺吳善	조오선	Cho Osŏn			昌寧 曺	進士	安東權氏成化譜	1	10	b	
E103221	金孟誠	김맹성	Kim Maengsŏng			海平 金	進士	安東權氏成化譜	1	10	b	
E103222	曺好正	조호정	Cho Hojŏng	曺好生		昌寧 曺	 	安東權氏成化譜	1	10	b	
E103223	曺漢忠	조한충	Cho Hanch'ung			昌寧 曺	司直	安東權氏成化譜	1	10	b	
E103226	金尙直	김상직	Kim Sangjik			尙州 金	參議	安東權氏成化譜	1	10	b	
E103227	金貴知	김귀지	Kim Kwiji			尙州 金	生員	安東權氏成化譜	1	10	b	
E103230	權叔禧	권숙희	Kwŏn Sukhŭi			安東 權		安東權氏成化譜	1	10	b	
E103232	徐迭	서절	Sŏ Chŏl			利川 徐	參軍	安東權氏成化譜	1	10	b	
E103234	朴文規	박문규	Pak Mun'gyu			順天 朴	縣監	安東權氏成化譜	1	10	b	
E103235	金世輔	김세보	Kim Sebo			尙州 金	司勇	安東權氏成化譜	1	10	b	
E103236	金世昌	김세창	Kim Sech'ang			尙州 金	 	安東權氏成化譜	1	10	b	
E203350	金貴達	김귀달	Kim Kwidal			尙州 金	縣監	安東權氏成化譜	1	10	b	
E301098	金克忠	김극충	Kim Kŭkch'ung			尙州 金	通贊	安東權氏成化譜	1	10	b	
E301099	金愼知	김신지	Kim Sinji	金愼智		尙州 金	都染丞	安東權氏成化譜	1	10	b	
E302102	權侹	권정	Kwŏn Chŏng			安東 權	僉知	安東權氏成化譜	1	10	b	
E402204	尹邦昌	윤방창	Yun Pangch'ang			漆原 尹	參議	安東權氏成化譜	1	10	b	
E402206	李雄	이웅	Yi Ung			全義 李	典農正	安東權氏成化譜	1	10	b	
E501470	崔伋	최급	Ch'oe Kŭp			全州 崔		安東權氏成化譜	1	10	b	
E802553	金若均	김약균	Kim Yakkyun	金若鈞		順天 金	郡守	安東權氏成化譜	1	10	b	
E802887	金仁剛	김인강	Kim In'gang	金仁康		尙州 金		安東權氏成化譜	1	10	b	
E802914	金義剛	김의강	Kim Ŭigang			尙州 金		安東權氏成化譜	1	10	b	
E802923	金禮剛	김예강	Kim Yegang			尙州 金		安東權氏成化譜	1	10	b	
E802952	金順成	김순성	Kim Sunsŏng			尙州 金		安東權氏成化譜	1	10	b	
E802979	金順山	김순산	Kim Sunsan			尙州 金	內禁衛	安東權氏成化譜	1	10	b	
E802992	金三山	김삼산	Kim Samsan			尙州 金	 	安東權氏成化譜	1	10	b	
E901927	金克孝	김극효	Kim Kŭkhyo			尙州 金	內禁衛	安東權氏成化譜	1	10	b	
E902102	李箴	이잠	Yi Cham			慶州 李		安東權氏成化譜	1	10	b	
EA01629	李永敷	이영부	Yi Yŏngbu			永川 李		安東權氏成化譜	1	10	b	
E103242	李止忠	이지충	Yi Chich'ung			全義 李	司直	安東權氏成化譜	1	11	a	
E103243	李英孫	이영손	Yi Yŏngson			全義 李	司直	安東權氏成化譜	1	11	a	
E103252	李止孝	이지효	Yi Chihyo	李止恭		全義 李	 	安東權氏成化譜	1	11	a	
E103253	李止任	이지임	Yi Chiim			全義 李	 	安東權氏成化譜	1	11	a	
E103254	李止信	이지신	Yi Chisin			全義 李	縣監	安東權氏成化譜	1	11	a	
E103263	李樺	이화	Yi Hwa			全義 李	判中樞	安東權氏成化譜	1	11	a	
E103265	權石童	권석동	Kwŏn Sŏktong	權碩仝			萬戶	安東權氏成化譜	1	11	a	
E103272	李希童	이희동	Yi Hŭidong			全義 李	司直	安東權氏成化譜	1	11	a	
E103275	李憐童	이연동	Yi Yŏndong			全義 李	 	安東權氏成化譜	1	11	a	
E103284	李承宗	이승종	Yi Sŭngjong			全義 李	 	安東權氏成化譜	1	11	a	
E103291	閔涵	민함	Min Ham	閔咸		驪興 閔	上護軍	安東權氏成化譜	1	11	a	
E103316	權恢	권회	Kwŏn Hoe			安東 權	府事	安東權氏成化譜	1	11	a	
E103317	權有順	권유순	Kwŏn Yusun	權以順		安東 權	牧使	安東權氏成化譜	1	11	a	
E103324	呂義輔	여의보	Yŏ Ŭibo	呂自新		咸陽 呂	參知	安東權氏成化譜	1	11	a	
E103325	權瑀	권우	Kwŏn U			安東 權	司正	安東權氏成化譜	1	11	a	
E103330	權璸	권빈	Kwŏn Pin			安東 權	生員	安東權氏成化譜	1	11	a	
E103338	權瑠	권류	Kwŏn Ryu			安東 權	生員	安東權氏成化譜	1	11	a	
E400809	金確	김확	Kim Hwak			慶州 金	監察	安東權氏成化譜	1	11	a	
E400898	李楷	이해	Yi Hae			全義 李	鹽場官	安東權氏成化譜	1	11	a	
E401230	柳貞	유정	Yu Chŏng			晋州 柳	司勇	安東權氏成化譜	1	11	a	
E401232	閔休	민휴	Min Hyu			驪興 閔	少尹	安東權氏成化譜	1	11	a	
E503767	權哲仝	권철동	Kwŏn Ch'ŏldong	權哲同		安東 權	 	安東權氏成化譜	1	11	a	
E701287	李宜蕃	이의번	Yi Ŭibŏn	李宜潘		德水 李		安東權氏成化譜	1	11	a	
E802344	權琳	권림	Kwŏn Rim	權淋		安東 權	進士	安東權氏成化譜	1	11	a	
E900061	卞鐔	변심	Pyŏn Sim	卞淡		草溪 卞		安東權氏成化譜	1	11	a	
E900063	李八仝	이팔동	Yi P'aldong	李八童		梁山 李	僉知	安東權氏成化譜	1	11	a	
E900423	李挻	이연	Yi Yŏn	李梃		全義 李	判中樞	安東權氏成化譜	1	11	a	
E900934	李愛童	이애동	Yi Aedong	李愛東		全義 李	司直	安東權氏成化譜	1	11	a	
E901076	鄭陽明	정양명	Chŏng Yangmyŏng	鄭洋明			 	安東權氏成化譜	1	11	a	
EC00206	李橿	이강	Yi Kang			全義 李		安東權氏成化譜	1	11	a	
E103343	朴季老	박계로	Pak Kyero			密陽 朴		安東權氏成化譜	1	11	b	
E103345	蔡壽	채수	Ch'ae Su			仁川 蔡	參判	安東權氏成化譜	1	11	b	
E103347	朴紹宗	박소종	Pak Sojong			咸陽 朴	司直	安東權氏成化譜	1	11	b	
E103352	安億壽	안억수	An Ŏksu			廣州 安	縣監	安東權氏成化譜	1	11	b	
E103357	韓敍倫	한서륜	Han Sŏryun			淸州 韓		安東權氏成化譜	1	11	b	
E103363	鄭師周	정사주	Chŏng Saju			東萊 鄭	司直	安東權氏成化譜	1	11	b	
E103365	南八元	남팔원	Nam P'arwŏn			英陽 南		安東權氏成化譜	1	11	b	
E103368	鄭殷	정은	Chŏng Ŭn			東萊 鄭		安東權氏成化譜	1	11	b	
E103379	李守仁	이수인	Yi Suin			全義 李	 	安東權氏成化譜	1	11	b	
E103381	申碩孫	신석손	Sin Sŏkson	申石孫			 	安東權氏成化譜	1	11	b	
E103416	李守敬	이수경	Yi Sugyŏng			全義 李	 	安東權氏成化譜	1	11	b	
E103417	李孟壽	이맹수	Yi Maengsu			全義 李		安東權氏成化譜	1	11	b	
E103420	李仲壽	이중수	Yi Chungsu			全義 李		安東權氏成化譜	1	11	b	
E206846	安賢孫	안현손	An Hyŏnson			廣州 安	 	安東權氏成化譜	1	11	b	
E802470	朴訥	박눌	Pak Nul			咸陽 朴		安東權氏成化譜	1	11	b	
E900605	朴緇	박치	Pak Ch'i			春川 朴		安東權氏成化譜	1	11	b	
E900653	李栩	이허	Yi Hŏ			全義 李	 	安東權氏成化譜	1	11	b	
E900926	李守義	이수의	Yi Suŭi			全義 李	 	安東權氏成化譜	1	11	b	
E900935	柳甲孫	유갑손	Yu Kapson				生員	安東權氏成化譜	1	11	b	
E901133	李材	이재	Yi Chae			全義 李	司直	安東權氏成化譜	1	11	b	
EA00794	曺珣	조순	Cho Sun			昌寧 曺	司直	安東權氏成化譜	1	11	b	
EA02822	權以順	권이순	Kwŏn Isun			安東 權	判官	安東權氏成化譜	1	11	b	
EC02653	鄭唐	정당	Chŏng Tang			東萊 鄭	 	安東權氏成化譜	1	11	b	
cd0a3bfa-7c13-4464-8fab-2456542b7d5e	柳長孫	유장손	Yu Changson			晋州 柳		安東權氏成化譜	1	12	a	
D402212	拾得驢	습득려	Sŭp Tŭngnyŏ				 	安東權氏成化譜	1	12	a	
E206849	尹師真	윤사건	Yun Sagŏn	尹師貢	尹師騫	坡平 尹		安東權氏成化譜	1	12	a	
E401440	柳琰	유염	Yu Yŏm			晋州 柳	大提學	安東權氏成化譜	1	12	a	
E401441	柳苯	유분	Yu Pun			晋州 柳	護軍	安東權氏成化譜	1	12	a	
E401442	柳繼源	유계원	Yu Kyewŏn			晋州 柳	上將	安東權氏成化譜	1	12	a	
E401446	柳繼洽	유계흡	Yu Kyehŭp			晋州 柳	護軍	安東權氏成化譜	1	12	a	
E401447	柳繼淙	유계종	Yu Kyejong	柳繼宗		晋州 柳		安東權氏成化譜	1	12	a	
E401451	金龜	김귀련	Kim Kwiryŏn	金龜孫	金龜聯	樂安 金		安東權氏成化譜	1	12	a	
E401454	李種德	이종덕	Yi Chongdŏk			韓山 李		安東權氏成化譜	1	12	a	
E402208	李愼	이신	Yi Sin			全義 李	判事	安東權氏成化譜	1	12	a	
E900012	閔永堅	민영견	Min Yŏnggyŏn	閔永肩		驪興 閔		安東權氏成化譜	1	12	a	
E300461	尹繼謙	윤계겸	Yun Kyegyŏm			坡平 尹		安東權氏成化譜	1	12	b	
E401478	柳瓚	유찬	Yu Ch'an			晋州 柳	少監	安東權氏成化譜	1	12	b	
E401480	金孝芬	김효분	Kim Hyobun			金海 金	府使	安東權氏成化譜	1	12	b	
E401481	金淵	김진손	Kim Chinson	金震孫		金海 金	校理	安東權氏成化譜	1	12	b	
E401485	鄭孝安	정효안	Chŏng Hyoan			晋州 鄭	 	安東權氏成化譜	1	12	b	
E401487	朴元貞	박원정	Pak Wŏnjŏng			竹山 朴		安東權氏成化譜	1	12	b	
E401489	鄭之産	정지산	Chŏng Chisan			晋州 鄭	縣監	安東權氏成化譜	1	12	b	
E401490	鄭云産	정운산	Chŏng Unsan			晋州 鄭	忠贊衛	安東權氏成化譜	1	12	b	
E401495	鄭惟産	정유산	Chŏng Yusan			晋州 鄭	學諭	安東權氏成化譜	1	12	b	
E401496	柳文植	유문식	Yu Munsik	柳之植		晋州 柳	丞	安東權氏成化譜	1	12	b	
E401497	柳阡	유천	Yu Ch'ŏn			晋州 柳	司直	安東權氏成化譜	1	12	b	
E401499	金憓	김혜	Kim Hye			江陵 金	護軍	安東權氏成化譜	1	12	b	
E401505	孫繼恭	손계공	Son Kyegong			密陽 孫	僉知	安東權氏成化譜	1	12	b	
E401507	柳踶	유제	Yu Che			晋州 柳	 	安東權氏成化譜	1	12	b	
EA02236	金永堅	김영견	Kim Yŏnggyŏn			金海 金	承旨	安東權氏成化譜	1	12	b	
EA02238	柳坰	유경	Yu Kyŏng			文化 柳	進士	安東權氏成化譜	1	12	b	
EA02239	金永瑞	김영서	Kim Yŏngsŏ			金海 金	監察	安東權氏成化譜	1	12	b	
EA02260	金永貞	김영정	Kim Yŏngjŏng	金永鼎		金海 金	奉事	安東權氏成化譜	1	12	b	
EA02299	金永純	김영순	Kim Yŏngsun			金海 金	奉事	安東權氏成化譜	1	12	b	
EA02340	鄭誦男	정송남	Chŏng Songnam			晋州 鄭	 	安東權氏成化譜	1	12	b	
EB01086	崔璡	최진	Ch'oe Chin			江陵 崔		安東權氏成化譜	1	12	b	
E100242	朴堅源	박견원	Pak Kyŏnwŏn			順天 朴	護軍	安東權氏成化譜	1	13	a	
E206856	柳承宗	유승종	Yu Sŭngjong			晋州 柳	 	安東權氏成化譜	1	13	a	
E401510	崔有源	최유원	Ch'oe Yuwŏn				少監	安東權氏成化譜	1	13	a	
E401511	崔溱	최진	Ch'oe Chin				 	安東權氏成化譜	1	13	a	
E401513	李長孫	이장손	Yi Changson				 	安東權氏成化譜	1	13	a	
E401515	姜自周	강자주	Kang Chaju				護軍	安東權氏成化譜	1	13	a	
E401517	全仲權	전중권	Chŏn Chunggwŏn	全中權		龍宮 全	郡事	安東權氏成化譜	1	13	a	
E401518	全永孚	전영부	Chŏn Yŏngbu			龍宮 全	進士	安東權氏成化譜	1	13	a	
E401519	全永昌	전영창	Chŏn Yŏngch'ang			龍宮 全	部將	安東權氏成化譜	1	13	a	
E401520	全永齡	전영령	Chŏn Yŏngnyŏng			龍宮 全	佐郞	安東權氏成化譜	1	13	a	
E401521	柳珦	유향	Yu Hyang	柳向		晋州 柳	軍資監	安東權氏成化譜	1	13	a	
E401525	柳之涵	유지함	Yu Chiham			晋州 柳	郡事	安東權氏成化譜	1	13	a	
E401526	柳畦	유휴	Yu Hyu			晋州 柳	護軍	安東權氏成化譜	1	13	a	
E401527	柳疇	유주	Yu Chu			晋州 柳	司直	安東權氏成化譜	1	13	a	
E401528	柳畤	유치	Yu Ch'i			晋州 柳	護軍	安東權氏成化譜	1	13	a	
E401529	柳畯	유준	Yu Chun			晋州 柳	司直	安東權氏成化譜	1	13	a	
E401530	柳之演	유지연	Yu Chiyŏn			晋州 柳	直長	安東權氏成化譜	1	13	a	
E401531	柳英	유영	Yu Yŏng			晋州 柳	司直	安東權氏成化譜	1	13	a	
EA02347	吳仁綱	오인강	O In'gang				萬戶	安東權氏成化譜	1	13	a	
EA02352	金塘	김당	Kim Tang				進士	安東權氏成化譜	1	13	a	
EA02357	李益壽	이익수	Yi Iksu				縣監	安東權氏成化譜	1	13	a	
EA02358	柳石智	유석지	Yu Sŏkchi			晋州 柳	 	安東權氏成化譜	1	13	a	
EA02361	柳羿智	유예지	Yu Yeji			晋州 柳	司直	安東權氏成化譜	1	13	a	
EA02370	丁漢生	정한생	Chŏng Hansaeng				上將	安東權氏成化譜	1	13	a	
EA02374	柳丁淵	유정연	Yu Chŏngyŏn			晋州 柳	司正	安東權氏成化譜	1	13	a	
EA02376	閔緘	민함	Min Ham				引儀	安東權氏成化譜	1	13	a	
E102452	金孟鈞	김맹균	Kim Maenggyun			安山 金		安東權氏成化譜	1	13	b	
E200798	李秀芳	이수방	Yi Subang			全義 李		安東權氏成化譜	1	13	b	
E204600	李蔓孫	이만손	Yi Manson				僉知	安東權氏成化譜	1	13	b	
E204602	李仲孫	이중손	Yi Chungson				僉知	安東權氏成化譜	1	13	b	
E204740	康致諴	강치함	Kang Ch'iham	康致誡		信川 康		安東權氏成化譜	1	13	b	
E401533	李衍義	이연의	Yi Yŏnŭi				司正	安東權氏成化譜	1	13	b	
E401535	康生敏	강생민	Kang Saengmin			信川 康	判官	安東權氏成化譜	1	13	b	
E401536	康耆	강기	Kang Ki			信川 康	監察	安東權氏成化譜	1	13	b	
E401538	崔汲	최급	Ch'oe Kŭp	崔伋		全州 崔	司正	安東權氏成化譜	1	13	b	
E401540	金[心+衣]慎	김회신	Kim Hoesin				縣監	安東權氏成化譜	1	13	b	
E401542	金承考	김승고	Kim Sŭnggo	金承孝			 	安東權氏成化譜	1	13	b	
E401543	柳之漸	유지점	Yu Chijŏm			晋州 柳	司直	安東權氏成化譜	1	13	b	
E401545	李侄	이질	Yi Chil				僉節制使	安東權氏成化譜	1	13	b	
E401548	權尙恭	권상공	Kwŏn Sanggong			安東 權		安東權氏成化譜	1	13	b	
E401554	李仲扶	이중부	Yi Chungbu			淸州 李	司正	安東權氏成化譜	1	13	b	
E401556	具致寬	구치관	Ku Ch'igwan			綾城 具	政丞	安東權氏成化譜	1	13	b	
E500941	具長孫	구장손	Ku Changson			綾城 具	上將	安東權氏成化譜	1	13	b	
E901282	朴輝	박휘	Pak Hwi			咸陽 朴	院正	安東權氏成化譜	1	13	b	
E901283	具經	구경	Ku Kyŏng	具慶		綾城 具		安東權氏成化譜	1	13	b	
EA02382	張季孫	장계손	Chang Kyeson	張繼孫			護軍	安東權氏成化譜	1	13	b	
EA02384	盧自盛	노자성	No Chasŏng				司正 	安東權氏成化譜	1	13	b	
EA02386	康致誠	강치성	Kang Ch'isŏng			信川 康	翰林	安東權氏成化譜	1	13	b	
EA02398	康致謹	강치근	Kang Ch'igŭn			信川 康		安東權氏成化譜	1	13	b	
EA02427	康致諄	강치순	Kang Ch'isun			信川 康		安東權氏成化譜	1	13	b	
EA02431	康致謙	강치겸	Kang Ch'igyŏm			信川 康		安東權氏成化譜	1	13	b	
EA02436	李繼仁	이계인	Yi Kyein				 	安東權氏成化譜	1	13	b	
EA02439	金筆祥	김필상	Kim P'ilsang	金必祥			 	安東權氏成化譜	1	13	b	
E000943	柳益厚	유익후	Yu Ikhu			晋州 柳	監察	安東權氏成化譜	1	14	a	
E200391	趙選	조선	Cho Sŏn			楊州 趙	僉正	安東權氏成化譜	1	14	a	
E401558	李孟孫	이맹손	Yi Maengson			淸州 李	僉知	安東權氏成化譜	1	14	a	
E401559	李叔孫	이숙손	Yi Sukson			淸州 李	 	安東權氏成化譜	1	14	a	
E401560	李貴孫	이귀손	Yi Kwison			淸州 李	護軍	安東權氏成化譜	1	14	a	
E401561	柳之灌	유지관	Yu Chigwan			晋州 柳	縣令	安東權氏成化譜	1	14	a	
E401565	柳垠	유은	Yu Ŭn			晋州 柳	司正	安東權氏成化譜	1	14	a	
E401566	柳岸	유안	Yu An			晋州 柳	司直	安東權氏成化譜	1	14	a	
E901289	權長孫	권장손	Kwŏn Changson			安東 權	倉守	安東權氏成化譜	1	14	a	
EA02454	柳遠楨	유원정	Yu Wŏnjŏng			晋州 柳	上將	安東權氏成化譜	1	14	a	
EA02467	柳永根	유원근	Yu Wŏn'gŭn	柳遠根		晋州 柳	司正	安東權氏成化譜	1	14	a	
EA02469	鄭哲孫	정철손	Chŏng Ch'ŏlson				 	安東權氏成化譜	1	14	a	
EA02473	李紹宗	이소종	Yi Sojong				通贊	安東權氏成化譜	1	14	a	
EA02478	柳遠枝	유원지	Yu Wŏnji			晋州 柳	司直	安東權氏成化譜	1	14	a	
EA02486	柳養源	유양원	Yu Yangwŏn			晋州 柳	司直	安東權氏成化譜	1	14	a	
EA02488	柳漳	유장	Yu Chang			晋州 柳		安東權氏成化譜	1	14	a	
EA02498	柳長源	유장원	Yu Changwŏn			晋州 柳	 	安東權氏成化譜	1	14	a	
EA02502	柳命源	유명원	Yu Myŏngwŏn			晋州 柳		安東權氏成化譜	1	14	a	
D400480	金稛	김균	Kim Kyun			慶州 金	鷄林君	安東權氏成化譜	1	14	b	
E103004	朴笋茂	박순무	Pak Sunmu			咸陽 李	護軍	安東權氏成化譜	1	14	b	
E103544	辛們	신한	Sin Han			寧越 辛	掌令	安東權氏成化譜	1	14	b	
E103545	辛帶犀	신대서	Sin Taesŏ			寧越 辛	直長	安東權氏成化譜	1	14	b	
E103546	辛寶重	신보중	Sin Pojung			寧越 辛	縣監	安東權氏成化譜	1	14	b	
E103547	辛寶童	신보동	Sin Podong	辛寶章		寧越 辛	倉丞	安東權氏成化譜	1	14	b	
E103551	安孝行	안효행	An Hyohaeng			竹山 安	上將	安東權氏成化譜	1	14	b	
E103553	朴實	박실	Pak Sil			咸陽 朴	都摠制	安東權氏成化譜	1	14	b	
E103554	朴以貞	박이정	Pak Ijŏng			咸陽 朴	護軍	安東權氏成化譜	1	14	b	
E103558	張繼宗	장계종	Chang Kyejong				護軍	安東權氏成化譜	1	14	b	
E103559	朴牖	박유	Pak Yu			咸陽 朴	僉節制使	安東權氏成化譜	1	14	b	
E103561	崔敬忠	최경충	Ch'oe Kyŏngch'ung				 	安東權氏成化譜	1	14	b	
E103562	朴蘭	박란	Pak Ran			咸陽 朴	 	安東權氏成化譜	1	14	b	
E103564	許衍	허연	Hŏ Yŏn			陽川 許		安東權氏成化譜	1	14	b	
E103567	金布	김포	Kim P'o				處置使	安東權氏成化譜	1	14	b	
E103569	李英幹	이영간	Yi Yŏnggan			全義 李		安東權氏成化譜	1	14	b	
E203726	李曉東	이효동	Yi Hyodong	李晩東		延安 李		安東權氏成化譜	1	14	b	
E205086	權悅	권열	Kwŏn Yŏl			安東 權		安東權氏成化譜	1	14	b	
E401420	洪璣	홍기	Hong Ki			南陽 洪	典書	安東權氏成化譜	1	14	b	
E401423	洪良仲	홍중량	Hong Chungnyang			南陽 洪	萬戶	安東權氏成化譜	1	14	b	
E401425	李仁安	이인안	Yi Inan				萬戶	安東權氏成化譜	1	14	b	
E401426	洪耄	홍모	Hong Mo			南陽 洪	 	安東權氏成化譜	1	14	b	
E401428	李尹仁	이윤인	Yi Yunin			慶州 李		安東權氏成化譜	1	14	b	
E401567	柳之潤	유지윤	Yu Chiyun	柳之閏		晋州 柳	護軍	安東權氏成化譜	1	14	b	
E401572	柳殖	유식	Yu Sik			晋州 柳	上護軍	安東權氏成化譜	1	14	b	
E402230	朴自安	박자안	Pak Chaan	朴子安		咸陽 朴	都摠制	安東權氏成化譜	1	14	b	
E503054	李洌	이렬	Yi Ryŏl			全州 李		安東權氏成化譜	1	14	b	
EA01888	李楑	이규	Yi Kyu				 	安東權氏成化譜	1	14	b	
EA01889	李[木+呆]	이보	Yi Po				 	安東權氏成化譜	1	14	b	
EA02519	鄭延慶	정흥경	Chŏng Hŭnggyŏng	鄭興慶		海州 鄭	 	安東權氏成化譜	1	14	b	
b8a33507-08ae-4e94-92de-540d5aca01a6	田商山	전상산	Chŏn Sangsan			延安 田		安東權氏成化譜	1	15	a	
E103552	辛帶紅	신대홍	Sin Taehong			寧越 辛	縣監	安東權氏成化譜	1	15	a	
E103571	李恮	이전	Yi Chŏn			全州 李	茂松君	安東權氏成化譜	1	15	a	
E103576	韓永矴	한영정	Han Yŏngjŏng			淸州 韓		安東權氏成化譜	1	15	a	
E103616	金興復	김흥복	Kim Hŭngbok			義城 金	護軍	安東權氏成化譜	1	15	a	
E103617	金會	김예	Kim Ye			義城 金	司正	安東權氏成化譜	1	15	a	
E103619	金畜	김치	Kim Ch'i	金甾		義城 金	司正	安東權氏成化譜	1	15	a	
E103626	宋文琳	송문림	Song Mullim	宋文林		礪山 宋	礪山君	安東權氏成化譜	1	15	a	
E103627	金申復	김신복	Kim Sinbok			義城 金	護軍	安東權氏成化譜	1	15	a	
E103628	金相	김상	Kim Sang			義城 金	監察	安東權氏成化譜	1	15	a	
E103629	金子儀	김자의	Kim Chaŭi			義城 金	進士	安東權氏成化譜	1	15	a	
E103639	田佐命	전좌명	Chŏn Chwamyŏng			延安 田	副丞	安東權氏成化譜	1	15	a	
E103641	洪利用	홍이용	Hong Iyong			南陽 洪	府使	安東權氏成化譜	1	15	a	
E103644	尹壕	윤호	Yun Ho			坡平 尹		安東權氏成化譜	1	15	a	
E204362	田裕	전유	Chŏn Yu			延安 田		安東權氏成化譜	1	15	a	
E303682	金㠝	김찬	Kim Ch'an			延安 金		安東權氏成化譜	1	15	a	
E400660	金樽	김준	Kim Chun			義城 金	縣監	安東權氏成化譜	1	15	a	
E400987	閔麤	민추	Min Ch'u			驪興 閔		安東權氏成化譜	1	15	a	
E400988	閔無咎	민무구	Min Mugu			驪興 閔	驪江君	安東權氏成化譜	1	15	a	
E402235	金英烈	김영렬	Kim Yŏngnyŏl			義城 金	密直 義城君	安東權氏成化譜	1	15	a	
E402237	田萬用	전만용	Chŏn Manyong			延安 田	典醫	安東權氏成化譜	1	15	a	
E402239	高永壽	고영수	Ko Yŏngsu				少尹	安東權氏成化譜	1	15	a	
E402241	金永[彐+軍]	김영휘	Kim Yŏnghwi				摠郞	安東權氏成化譜	1	15	a	
E402243	權正濡	권정수	Kwŏn Chŏngsu				 	安東權氏成化譜	1	15	a	
EB01024	李純之	이순지	Yi Sunji			陽城 李		安東權氏成化譜	1	15	a	
E103653	金益精	김익정	Kim Ikchŏng			安東 金	吏曹參判	安東權氏成化譜	1	15	b	
E103655	宋翠	송취	Song Ch'wi			鎭川 宋	僉知	安東權氏成化譜	1	15	b	
E103657	成三錫	성삼석	Sŏng Samsŏk	成三顧		昌寧 成	 	安東權氏成化譜	1	15	b	
E103658	宋善孝	송선효	Song Sŏnhyo			鎭川 宋		安東權氏成化譜	1	15	b	
E103660	宋善文	송선문	Song Sŏnmun			鎭川 宋	生員	安東權氏成化譜	1	15	b	
E103663	柳漢卿	유한경	Yu Han'gyŏng				 	安東權氏成化譜	1	15	b	
E103665	金福寧	김복녕	Kim Pongnyŏng			安東 金	司果	安東權氏成化譜	1	15	b	
E103667	金壽寧	김수녕	Kim Sunyŏng			安東 金	福昌君	安東權氏成化譜	1	15	b	
E103671	金鑛	김광	Kim Kwang			安東 金	大護軍	安東權氏成化譜	1	15	b	
E103672	金德寧	김덕녕	Kim Tŏngnyŏng			安東 金	 	安東權氏成化譜	1	15	b	
E103674	金命寧	김명녕	Kim Myŏngnyŏng			安東 金	 	安東權氏成化譜	1	15	b	
E103685	崔漢元	최한무	Ch'oe Hanmu				正字	安東權氏成化譜	1	15	b	
E103692	黃季粹	황계수	Hwang Kyesu			紆州 黃	郡守	安東權氏成化譜	1	15	b	
E103693	黃沃錫	황옥석	Hwang Oksŏk			紆州 黃	生員	安東權氏成化譜	1	15	b	
E103694	黃殷錫	황은석	Hwang Ŭnsŏk			紆州 黃	 	安東權氏成化譜	1	15	b	
E201514	崔灌	최관	Ch'oe Kwan			慶州 崔	修撰	安東權氏成化譜	1	15	b	
E203247	金烱	김형	Kim Hyŏng	金泂		安東 金	司直	安東權氏成化譜	1	15	b	
E301926	金富寧	김부녕	Kim Punyŏng			安東 金	 	安東權氏成化譜	1	15	b	
E400260	柳殷之	유은지	Yu Ŭnji			文化 柳		安東權氏成化譜	1	15	b	
E400526	權湛	권담	Kwŏn Tam			安東 權	府尹	安東權氏成化譜	1	15	b	
E402244	權澄	권징	Kwŏn Ching			安東 權	判牧使	安東權氏成化譜	1	15	b	
E402245	權澣	권한	Kwŏn Han			安東 權	判事	安東權氏成化譜	1	15	b	
E701591	李埴	이식	Yi Sik			慶州 李		安東權氏成化譜	1	15	b	
E902033	金潚	김숙	Kim Suk			安東 金	僉知	安東權氏成化譜	1	15	b	
E903019	安盤石	안반석	An Pansŏk			順興 安		安東權氏成化譜	1	15	b	
EA02781	宋善忠	송선충	Song Sŏnch'ung			鎭川 宋	縣監	安東權氏成化譜	1	15	b	
EC01508	任耀門	임요문	Im Yomun			豊川 任	判官	安東權氏成化譜	1	15	b	
E103696	梁九疇	양구주	Yang Kuju			南原 梁	禮賓寺尹	安東權氏成化譜	1	16	a	
E103697	梁琥	양호	Yang Ho			南原 梁	主簿	安東權氏成化譜	1	16	a	
E103718	梁璘	양린	Yang Rin			南原 梁	司直	安東權氏成化譜	1	16	a	
E103727	梁瑗	양원	Yang Wŏn			南原 梁	縣監	安東權氏成化譜	1	16	a	
E202009	梁琦	양기	Yang Ki			南原 梁	司勇	安東權氏成化譜	1	16	a	
E202010	梁信之	양신지	Yang Sinji			南原 梁	上將	安東權氏成化譜	1	16	a	
E300486	梁泂	양형	Yang Hyŏng			南原 梁	司勇	安東權氏成化譜	1	16	a	
E300487	梁瓚	양찬	Yang Ch'an			南原 梁	僉知	安東權氏成化譜	1	16	a	
E302494	洪師悌	홍사제	Hong Saje			南陽 洪		安東權氏成化譜	1	16	a	
E804245	梁治	양치	Yang Ch'i			南原 梁	司正	安東權氏成化譜	1	16	a	
E804281	梁濟	양제	Yang Che			南原 梁		安東權氏成化譜	1	16	a	
E804303	梁潤	양윤	Yang Yun			南原 梁	司勇	安東權氏成化譜	1	16	a	
E804367	梁潔	양결	Yang Kyŏl			南原 梁	司勇	安東權氏成化譜	1	16	a	
E804378	梁活	양활	Yang Hwal			南原 梁		安東權氏成化譜	1	16	a	
EA00473	梁琇	양수	Yang Su			南原 梁	主簿	安東權氏成化譜	1	16	a	
EA01311	梁誠之	양성지	Yang Sŏngji			南原 梁	判書 南原君	安東權氏成化譜	1	16	a	
EA03189	李發	이발	Yi Pal				司勇	安東權氏成化譜	1	16	a	
D402247	韓休	한휴	Han Hyu	韓烋		淸州 韓	護軍	安東權氏成化譜	1	16	b	
E103609	明 永樂帝	명 영락제	Myŏng Yŏngnakche					安東權氏成化譜	1	16	b	
E103687	崔季男	최계남	Ch'oe Kyenam				縣監	安東權氏成化譜	1	16	b	
E103698	權愼	권신	Kwŏn Sin			安東 權	直長	安東權氏成化譜	1	16	b	
E103699	權粹	권수	Kwŏn Su			安東 權	司正	安東權氏成化譜	1	16	b	
E103701	朴種	박종	Pak Chong				察訪	安東權氏成化譜	1	16	b	
E103702	朴薰	박훈	Pak Hun				別提	安東權氏成化譜	1	16	b	
E103704	孫沔	손면	Son Myŏn			密陽 孫	都事	安東權氏成化譜	1	16	b	
E103706	許浩	허호	Hŏ Ho				殿直	安東權氏成化譜	1	16	b	
E103708	鄭允厚	정윤후	Chŏng Yunhu	鄭尹厚		東萊 鄭	少尹	安東權氏成化譜	1	16	b	
E103710	宋希璟	송희경	Song Hŭigyŏng				判事	安東權氏成化譜	1	16	b	
E103711	宋壽之	송수지	Song Suji				錄事	安東權氏成化譜	1	16	b	
E103712	宋石之	송석지	Song Sŏkchi				 	安東權氏成化譜	1	16	b	
E103714	安愚	안우	An U				內直	安東權氏成化譜	1	16	b	
E103715	宋玉之	송옥지	Song Okchi				 	安東權氏成化譜	1	16	b	
E103717	禹埨	우륜	U Ryun				司直	安東權氏成化譜	1	16	b	
E103733	安復志	안복지	An Pokchi			竹山 安	府使	安東權氏成化譜	1	16	b	
E103734	安追祖	안추조	An Ch'ujo			竹山 安	司勇	安東權氏成化譜	1	16	b	
E103736	安繼祖	안계조	An Kyejo			竹山 安	 	安東權氏成化譜	1	17	a	
E103738	元昇	원승	Wŏn Sŭng			原州 元	護軍	安東權氏成化譜	1	17	a	
E103740	李始生	이시생	Yi Sisaeng			仁川 李	 	安東權氏成化譜	1	17	a	
E103742	洪善文	홍선문	Hong Sŏnmun				內直	安東權氏成化譜	1	17	a	
E103748	洪泰山	홍태산	Hong T'aesan				 	安東權氏成化譜	1	17	a	
E103758	權楝	권동	Kwŏn Tong					安東權氏成化譜	1	17	a	
E103760	閔孝萊	민효래	Min Hyorae			驪興 閔	司正	安東權氏成化譜	1	17	a	
E103761	趙藩	조번	Cho Pŏn			楊州 趙		安東權氏成化譜	1	17	a	
E103764	申允底	신윤저	Sin Yunjŏ			平山 申	監正	安東權氏成化譜	1	17	a	
E103765	趙蘺	조리	Cho Ri			楊州 趙		安東權氏成化譜	1	17	a	
E103767	趙鈍	조현	Cho Hyŏn	趙顯		楊州 趙		安東權氏成化譜	1	17	a	
E206864	辛雍	신옹	Sin Ong				護軍	安東權氏成化譜	1	17	a	
E206866	金謹獨	김근독	Kim Kŭndok			彦陽 金	司直	安東權氏成化譜	1	17	a	
E206868	閔殷元	민녕	Min Nyŏng	閔寧		驪興 閔	司勇	安東權氏成化譜	1	17	a	
E400649	韓孟復	한숙	Han Suk	韓淑		淸州 韓	中郞將	安東權氏成化譜	1	17	a	
E800255	柳之亨	유지형	Yu Chihyŏng			文化 柳		安東權氏成化譜	1	17	a	The name 柳之亨 was filled in using KJB 4.58b.
E902606	趙英	조영	Cho Yŏng	趙潁		楊州 趙		安東權氏成化譜	1	17	a	
E101394	龜城君	귀성군	Kwi Sŏnggun	李浚		全州 李		安東權氏成化譜	1	17	b	The source lists the prince with ◯◯ as a show of respect.
E103769	李粹彦	이수언	Yi Suŏn	李秀彦		廣州 李	舍人	安東權氏成化譜	1	17	b	The name 李粹彦 was filled in using KJB 4.58b.
E103770	趙薪	조신	Cho Sin			楊州 趙	 	安東權氏成化譜	1	17	b	
E103772	李孝長	이효장	Yi Hyojang			全州 李	開道令	安東權氏成化譜	1	17	b	
E103775	韓季復	한계복	Han Kyebok			淸州 韓	郡事	安東權氏成化譜	1	17	b	
E103777	韓伯倫	한백륜	Han Paengnyun			淸州 韓	靑川府院君	安東權氏成化譜	1	17	b	
E103780	韓叔倫	한숙륜	Han Sungnyun			淸州 韓	縣令	安東權氏成化譜	1	17	b	
E103782	元淳	원순	Wŏn Sun			原州 元	司果	安東權氏成化譜	1	17	b	
E300451	朝鮮 睿宗	조선 예종	Chosŏn Yejong	李晄		全州 李		安東權氏成化譜	1	17	b	
E303947	南孝元	남효원	Nam Hyowŏn			宜寧 南	參奉	安東權氏成化譜	1	17	b	
E804455	韓恒	한항	Han Hang			淸州 韓		安東權氏成化譜	1	17	b	
E804468	韓恂	한순	Han Sun			淸州 韓		安東權氏成化譜	1	17	b	
E804480	韓晰	한흔	Han Hŭn			淸州 韓		安東權氏成化譜	1	17	b	
E804489	韓忻	한변	Han Pyŏn			淸州 韓		安東權氏成化譜	1	17	b	
E900795	宋綸	송륜	Song Ryun			冶爐 宋		安東權氏成化譜	1	17	b	
E902877	閔察	민찰	Min Ch'al			驪興 閔	部將	安東權氏成化譜	1	17	b	
E902879	閔寬	민관	Min Kwan			驪興 閔	 	安東權氏成化譜	1	17	b	
EA00240	韓悅	한열	Han Yŏl			淸州 韓	縣監	安東權氏成化譜	1	17	b	
EC00151	韓昌	한창	Han Ch'ang			淸州 韓	僉知	安東權氏成化譜	1	17	b	
EC00999	韓懽	한환	Han Hwan			淸州 韓	參議	安東權氏成化譜	1	17	b	
E103784	曺喜	조희	Cho Hŭi			昌寧 曺	通贊	安東權氏成化譜	1	18	a	
E103786	閔晤	민오	Min O			驪興 閔		安東權氏成化譜	1	18	a	
E103791	韓黎	한려	Han Ryŏ			淸州 韓	僉知	安東權氏成化譜	1	18	a	
E103793	韓有倫	한유륜	Han Yuryun			淸州 韓	司直	安東權氏成化譜	1	18	a	
E103794	韓茂	한무	Han Mu			淸州 韓	護軍	安東權氏成化譜	1	18	a	
E103796	金有全	김유전	Kim Yujŏn			水原 金	 	安東權氏成化譜	1	18	a	
E103798	文承宥	문승유	Mun Sŭngyu			密陽 文	主簿	安東權氏成化譜	1	18	a	
E103799	文郁	문욱	Mun Uk			密陽 文	 	安東權氏成化譜	1	18	a	
E103803	柳永修	유영수	Yu Yŏngsu			晋州 柳	縣監	安東權氏成化譜	1	18	a	
E103808	文節	문절	Mun Chŏl			密陽 文	進士	安東權氏成化譜	1	18	a	
E103829	韓厚倫	한후륜	Han Huryun			淸州 韓	 	安東權氏成化譜	1	18	a	
E103830	韓謹倫	한근륜	Han Kŭllyun			淸州 韓	 	安東權氏成化譜	1	18	a	
E302520	洪允澄	홍윤징	Hong Yunjing			南陽 洪		安東權氏成化譜	1	18	a	
E804566	韓忱	한침	Han Ch'im			淸州 韓		安東權氏成化譜	1	18	a	
E804570	韓惺	한성	Han Sŏng			淸州 韓		安東權氏成化譜	1	18	a	
E805552	韓惇	한돈	Han Ton			淸州 韓		安東權氏成化譜	1	18	a	
E901167	金期壽	김기수	Kim Kisu			彦陽 金	生員	安東權氏成化譜	1	18	a	
EB00959	韓發	한발	Han Pal			淸州 韓	司直	安東權氏成化譜	1	18	a	
EB01327	文酇	문찬	Mun Ch'an			密陽 文	 	安東權氏成化譜	1	18	a	
E101182	李克精	이극정	Yi Kŭkchŏng			慶州 李	大護軍	安東權氏成化譜	1	18	b	
E101184	李永文	이영문	Yi Yŏngmun			慶州 李	司直	安東權氏成化譜	1	18	b	
E101186	洪有矩	홍유구	Hong Yugu			南陽 洪	護軍	安東權氏成化譜	1	18	b	
E101187	洪碩輔	홍석보	Hong Sŏkpo			南陽 洪	監察	安東權氏成化譜	1	18	b	
E101188	洪碩弼	홍석필	Hong Sŏkp'il			南陽 洪	判官	安東權氏成化譜	1	18	b	
E101193	李延孫	이연손	Yi Yŏnson			慶州 李	司直	安東權氏成化譜	1	18	b	
E101194	李振文	이진문	Yi Chinmun			慶州 李	司正	安東權氏成化譜	1	18	b	
E101195	李碩孫	이석손	Yi Sŏkson			慶州 李	護軍	安東權氏成化譜	1	18	b	
E101202	李石柱	이석주	Yi Sŏkchu				護軍	安東權氏成化譜	1	18	b	
E101205	李石梁	이석량	Yi Sŏngnyang	李石樑			司直	安東權氏成化譜	1	18	b	
E101209	李石根	이석근	Yi Sŏkkŭn			慶州 李	萬戶	安東權氏成化譜	1	18	b	
E101214	權引	권인	Kwŏn In			安東 權	僉知	安東權氏成化譜	1	18	b	
E101216	金克恭	김극공	Kim Kŭkkong				司直	安東權氏成化譜	1	18	b	
E102093	鄭純彦	정순언	Chŏng Sunŏn			河東 鄭	生員	安東權氏成化譜	1	18	b	
E103839	朴秀林	박수림	Pak Surim			高靈 朴	縣監	安東權氏成化譜	1	18	b	
E103841	李宜修	이의수	Yi Ŭisu			德水 李		安東權氏成化譜	1	18	b	
E103845	朴始孫	박시손	Pak Sison			高靈 朴		安東權氏成化譜	1	18	b	
E104543	李昌門	이창문	Yi Ch'angmun			德山 李		安東權氏成化譜	1	18	b	
E200805	鄭文彦	정문언	Chŏng Munŏn			河東 鄭		安東權氏成化譜	1	18	b	
E205117	朴聃孫	박담손	Pak Tamson			高靈 朴		安東權氏成化譜	1	18	b	
E205121	朴謙孫	박언손	Pak Ŏnson	朴彦孫		高靈 朴		安東權氏成化譜	1	18	b	
E205339	權佸	권괄	Kwŏn Kwal	權佑		安東 權		安東權氏成化譜	1	18	b	
E303553	鄭瑞生	정서생	Chŏng Sŏsaeng			河東 鄭		安東權氏成化譜	1	18	b	
E400254	柳惠剛	유혜강	Yu Hyegang			瑞寧 柳	左尹	安東權氏成化譜	1	18	b	
E400931	鄭凞	정희	Chŏng Hŭi	鄭雍		河東 鄭	執義	安東權氏成化譜	1	18	b	
E400933	鄭抱	정포	Chŏng P'o			河東 鄭	郡事	安東權氏成化譜	1	18	b	
E402050	洪希忠	홍희충	Hong Hŭich'ung			南陽 洪	典書	安東權氏成化譜	1	18	b	
E701478	李陸	이륙	Yi Ryuk			鐵城 李		安東權氏成化譜	1	18	b	
EB01572	洪孝生	홍효생	Hong Hyosaeng			南陽 洪	 	安東權氏成化譜	1	18	b	
EC00243	洪之澤	홍지택	Hong Chit'aek			南陽 洪	判官	安東權氏成化譜	1	18	b	
EC02235	李壽男	이수남	Yi Sunam			全義 李	全山君	安東權氏成化譜	1	18	b	
810f7cc6-ed89-4ec1-8a4a-283cff4bfbbf	辛莫聃					靈山 辛		安東權氏成化譜	1	19	a	
abab70ac-0580-4867-83d7-2edcd3c46cc8	朴治					順天 朴		安東權氏成化譜	1	19	a	
bc17260c-679e-47d9-b5c7-fd7fd98f7576	辛終聃					靈山 辛	生員	安東權氏成化譜	1	19	a	
E000691	李奉孫	이봉손	Yi Pongson			龍仁 李		安東權氏成化譜	1	19	a	
E103215	洪孝同	홍효성	Hong Hyosŏng	洪孝誠		南陽 洪	 	安東權氏成化譜	1	19	a	
E103857	朴從愚	박종우	Pak Chongu			雲峯 朴	雲城君	安東權氏成化譜	1	19	a	
E103859	朴安命	박안명	Pak Anmyŏng			順天 朴	副正	安東權氏成化譜	1	19	a	
E103860	朴允康	박윤강	Pak Yun'gang			順天 朴	引儀	安東權氏成化譜	1	19	a	
E103862	金守鈞	김수균	Kim Sugyun				僉知	安東權氏成化譜	1	19	a	
E103863	朴允恭	박윤공	Pak Yun'gong			順天 朴	 	安東權氏成化譜	1	19	a	
E200306	朝鮮 太宗	이방원	Yi Pangwŏn	李芳遠		全州 李		安東權氏成化譜	1	19	a	
E300272	李石堅	이석견	Yi Sŏkkyŏn			慶州 李		安東權氏成化譜	1	19	a	
E302895	慶由善	경유선	Kyŏng Yusŏn			淸州 慶	縣監	安東權氏成化譜	1	19	a	
E302898	辛敬祖	신경조	Sin Kyŏngjo			靈山 辛		安東權氏成化譜	1	19	a	
E302900	辛哲聃	신철담	Sin Ch'ŏldam			靈山 辛		安東權氏成化譜	1	19	a	
E302902	辛正聃	신정담	Sin Chŏngdam			靈山 辛		安東權氏成化譜	1	19	a	
E304483	平原大君	이임	Yi Im	李琳		全州 李		安東權氏成化譜	1	19	a	
E402250	權弘	권홍	Kwŏn Hong			安東 權	永嘉君	安東權氏成化譜	1	19	a	
E505934	朴允宗	박윤종	Pak Yunjong			順天 朴	 	安東權氏成化譜	1	19	a	
E804716	芮忠長	예충장	Ye Ch'ungjang			缶溪 芮		安東權氏成化譜	1	19	a	
E903044	洪顯廷	홍현정	Hong Hyŏnjŏng			南陽 洪	寺正	安東權氏成化譜	1	19	a	
EB01571	洪孝男	홍효남	Hong Hyonam			南陽 洪	 	安東權氏成化譜	1	19	a	
EC01370	尹華	윤화	Yun Hwa			海平 尹		安東權氏成化譜	1	19	a	
EC01734	愼義君	이인	Yi In	李仁		全州 李		安東權氏成化譜	1	19	a	
E101409	崔承政	최승정	Ch'oe Sŭngjŏng			全州 崔		安東權氏成化譜	1	19	b	
E103866	溫寧君	이정	Yi Chŏng	李程		全州 李		安東權氏成化譜	1	19	b	
E103877	曺紹老	조소로	Cho Soro					安東權氏成化譜	1	19	b	
E103878	權敏	권민	Kwŏn Min			安東 權	別坐	安東權氏成化譜	1	19	b	
E103880	金宗潤	김종윤	Kim Chongyun			安東 金	 	安東權氏成化譜	1	19	b	
E103882	金璘	김린	Kim Rin			安東 金	郡事	安東權氏成化譜	1	19	b	
E103891	金瑛	김영	Kim Yŏng			安東 金	司直	安東權氏成化譜	1	19	b	
E203193	李順慶	이순경	Yi Sun'gyŏng			慶州 李		安東權氏成化譜	1	19	b	
E304396	權然	권연	Kwŏn Yŏn			安東 權	判官	安東權氏成化譜	1	19	b	
E401228	金琛	김침	Kim Ch'im			安東 金	大護軍	安東權氏成化譜	1	19	b	
E401303	李種善	이종선	Yi Chongsŏn			韓山 李		安東權氏成化譜	1	19	b	
E402254	權壎	권훈	Kwŏn Hun			安東 權	司諫	安東權氏成化譜	1	19	b	
E701018	李誼	이의	Yi Ŭi			星州 李	監司	安東權氏成化譜	1	19	b	
E901530	權備	권비	Kwŏn Pi			安東 權	判官	安東權氏成化譜	1	19	b	
EA01831	權阡	권천	Kwŏn Ch'ŏn			安東 權	司勇	安東權氏成化譜	1	19	b	
E000403	權括	권발	Kwŏn Pal	權拔		安東 權	縣監	安東權氏成化譜	1	20	a	
E103895	權据	권국	Kwŏn Kuk			安東 權	縣監	安東權氏成化譜	1	20	a	
E103900	權擴	권확	Kwŏn Hwak			安東 權		安東權氏成化譜	1	20	a	
E103918	權揆	권규	Kwŏn Kyu			安東 權	監察	安東權氏成化譜	1	20	a	
E103938	李孟知	이맹화	Yi Maenghwa	李孟和			 	安東權氏成化譜	1	20	a	
E103941	權攢	권찬	Kwŏn Ch'an			安東 權	玄福君	安東權氏成化譜	1	20	a	
E103942	權烋	권휴	Kwŏn Hyu			安東 權	 	安東權氏成化譜	1	20	a	
E103943	權推	권추	Kwŏn Ch'u			安東 權	進士	安東權氏成化譜	1	20	a	
E301154	權抱	권포	Kwŏn P'o			安東 權	奉事	安東權氏成化譜	1	20	a	
E301177	權烜	권훤	Kwŏn Hwŏn			安東 權	直長	安東權氏成化譜	1	20	a	
E402255	權增	권증	Kwŏn Chŭng			安東 權	主簿	安東權氏成化譜	1	20	a	
E402257	徐渙	서환	Sŏ Hwan			達城 徐	副令	安東權氏成化譜	1	20	a	
E402258	權堡	권보	Kwŏn Po			安東 權	獻納	安東權氏成化譜	1	20	a	
D400387	元序	원서	Wŏn Sŏ			原州 元	中書	安東權氏成化譜	1	20	b	
D400390	元庠	원상	Wŏn Sang			原州 元	判中樞	安東權氏成化譜	1	20	b	
E102707	李有若	이유약	Yi Yuyak			龍仁 李		安東權氏成化譜	1	20	b	
E202424	尹暉	윤휘	Yun Hwi			坡平 尹		安東權氏成化譜	1	20	b	
E304391	盧懷愼	노회신	No Hoesin			交河 盧		安東權氏成化譜	1	20	b	
E400389	金邁卿	김매경	Kim Maegyŏng			光州 金		安東權氏成化譜	1	20	b	
E400392	元昌命	원창명	Wŏn Ch'angmyŏng			原州 元	知敦寧	安東權氏成化譜	1	20	b	
E400396	金節	김절	Kim Chŏl			光州 金	縣監	安東權氏成化譜	1	20	b	
E400398	安望之	안망지	An Mangji			竹山 安		安東權氏成化譜	1	20	b	
E400400	朴賁	박분	Pak Pun			密陽 朴	大護軍	安東權氏成化譜	1	20	b	
E902820	朴震孫	박진손	Pak Chinson				 	安東權氏成化譜	1	20	b	
E902836	李義堅	이의견	Yi Ŭigyŏn			韓山 李		安東權氏成化譜	1	20	b	
E902845	金哲誠	김철성	Kim Ch'ŏlsŏng			光州 金	監察	安東權氏成化譜	1	20	b	
E902847	姜叔卿	강숙경	Kang Sukkyŏng			晋州 姜		安東權氏成化譜	1	20	b	
E902865	朴健	박건	Pak Kŏn	朴乾			大護軍	安東權氏成化譜	1	20	b	
E902869	沈九成	심구성	Sim Kusŏng				司勇	安東權氏成化譜	1	20	b	
E902875	李晃	이황	Yi Hwang				司正	安東權氏成化譜	1	20	b	
EA00765	曺璒	조등	Cho Tŭng			昌寧 曺	判官	安東權氏成化譜	1	20	b	
EA02335	元學	원학	Wŏn Hak			原州 元	司直	安東權氏成化譜	1	20	b	
D400404	陳光進	진광진	Chin Kwangjin				 	安東權氏成化譜	1	21	a	
E101135	南瞦	남희	Nam Hŭi			宜寧 南		安東權氏成化譜	1	21	a	
E101481	鄭鎭	정진	Chŏng Chin			延日 鄭	判書	安東權氏成化譜	1	21	a	
E103433	吳靖	오정	O Chŏng				中樞	安東權氏成化譜	1	21	a	
E103434	吳孝悌	오효제	O Hyoje				 	安東權氏成化譜	1	21	a	
E103436	崔順孫	최순손	Ch'oe Sunson				錄事	安東權氏成化譜	1	21	a	
E103438	朴撝謙	박	Pak				生員	安東權氏成化譜	1	21	a	
E103439	崔演	최연	Ch'oe Yŏn				 	安東權氏成化譜	1	21	a	
E103440	崔湛	최담	Ch'oe Tam				 	安東權氏成化譜	1	21	a	
E103442	李有康	이유강	Yi Yugang			全州 李	多慶正	安東權氏成化譜	1	21	a	
E103444	奇進德	기진덕	Ki Chindŏk				郡事	安東權氏成化譜	1	21	a	
E103446	李存中	이존중	Yi Chonjung				 	安東權氏成化譜	1	21	a	
E103448	金脩	김수	Kim Su			延安 金	中樞	安東權氏成化譜	1	21	a	
E103449	金元臣	김원신	Kim Wŏnsin			延安 金	執義	安東權氏成化譜	1	21	a	
E400402	閔孝直	민효직	Min Hyojik			驪興 閔	署令	安東權氏成化譜	1	21	a	
E400405	陳胡	진호	Chin Ho				 	安東權氏成化譜	1	21	a	
E400444	鄭洪	정홍	Chŏng Hong			延日 鄭	議政	安東權氏成化譜	1	21	a	
E401032	鄭惟碩	정유석	Chŏng Yusŏk			延日 鄭	 	安東權氏成化譜	1	21	a	
E401033	鄭孝孫	정효손	Chŏng Hyoson			延日 鄭	大護軍	安東權氏成化譜	1	21	a	
E401563	吳陞	오승	O Sŭng				判院事	安東權氏成化譜	1	21	a	
E501230	蛇山君	이호	Yi Ho	李灝		全州 李		安東權氏成化譜	1	21	a	
E503956	鄭忠良	정충량	Chŏng Ch'ungnyang			延日 鄭	 	安東權氏成化譜	1	21	a	
E901493	義昌君	이공	Yi Kong	李玒		全州 李		安東權氏成化譜	1	21	a	
E901496	辛禹鼎	신우정	Sin Ujŏng			靈山 辛		安東權氏成化譜	1	21	a	
EA01312	邊佑	변우	Pyŏn U			原州 邊	署令	安東權氏成化譜	1	21	a	
EB01387	鄭臣碩	정신석	Chŏng Sinsŏk			延日 鄭	正郞	安東權氏成化譜	1	21	a	
EC00149	李昌東	이창동	Yi Ch'angdong			全義 李		安東權氏成化譜	1	21	a	
E102590	鄭孝順	정효순	Chŏng Hyosun			延日 鄭	郡事	安東權氏成化譜	1	21	b	
E204465	辛順聃	신순담	Sin Sundam			靈山 辛		安東權氏成化譜	1	21	b	
E205443	權錙					安東 權		安東權氏成化譜	1	21	b	
E205444	權銖					安東 權		安東權氏成化譜	1	21	b	
E205985	鄭錫禧	정석희	Chŏng Sŏkhŭi			延日 鄭	府使	安東權氏成化譜	1	21	b	
E300511	李封	이봉	Yi Pong			韓山 李		安東權氏成化譜	1	21	b	
E503983	金堣	김우	Kim U			安東 金	主簿	安東權氏成化譜	1	21	b	
E504045	李焯	이작	Yi Chak			星州 李		安東權氏成化譜	1	21	b	
E504057	李爀	이혁	Yi Hyŏk			星州 李		安東權氏成化譜	1	21	b	
E506157	盧益達	노익달	No Iktal				 	安東權氏成化譜	1	21	b	
E506158	李乾	이건	Yi Kŏn			星州 李	 	安東權氏成化譜	1	21	b	
E902968	鄭錫祚	정석조	Chŏng Sŏkcho			延日 鄭		安東權氏成化譜	1	21	b	
E902973	鄭錫禮	정석례	Chŏng Sŏngnye			延日 鄭	護軍	安東權氏成化譜	1	21	b	
E902976	鄭錫祉	정석지	Chŏng Sŏkchi			延日 鄭	司直	安東權氏成化譜	1	21	b	
E902978	金三老	김삼로	Kim Samno			安東 金	縣監	安東權氏成化譜	1	21	b	
E902981	鄭元錫	정원석	Chŏng Wŏnsŏk			延日 鄭	 	安東權氏成化譜	1	21	b	
E902982	鄭坤	정곤	Chŏng Kon			延日 鄭	 	安東權氏成化譜	1	21	b	
E902986	李承尊	이승존	Yi Sŭngjon				 	安東權氏成化譜	1	21	b	
E902987	鄭元善	정원선	Chŏng Wŏnsŏn			延日 鄭	 	安東權氏成化譜	1	21	b	
E902990	李坤					星州 李		安東權氏成化譜	1	21	b	
E902998	李永蕃	이영번	Yi Yŏngbŏn			星州 李	司直	安東權氏成化譜	1	21	b	
E903001	李混	이혼	Yi Hon			星州 李	 	安東權氏成化譜	1	21	b	
E903002	李永蓁	이영진	Yi Yŏngjin			星州 李	縣監	安東權氏成化譜	1	21	b	
EA01828	李永蕤	이영유	Yi Yŏngyu			星州 李	司禦	安東權氏成化譜	1	21	b	
EC01824	李孝全	이효전	Yi Hyojŏn			全州 李	杞溪令	安東權氏成化譜	1	21	b	
E000337	沈瀚	심한	Sim Han			靑松 沈		安東權氏成化譜	1	22	a	
E200973	德源君	이서	Yi Sŏ	李曙		全州 李		安東權氏成化譜	1	22	a	
E203819	沈安智	심안지	Sim Anji	沈知		靑松 沈		安東權氏成化譜	1	22	a	
E303762	李永蕡	이영분	Yi Yŏngbun			星州 李	都事	安東權氏成化譜	1	22	a	
E504106	李敭	이양	Yi Yang			星州 李		安東權氏成化譜	1	22	a	
E506160	李浩	이호	Yi Ho				 	安東權氏成化譜	1	22	a	
E901671	崔漠禎	최한정	Ch'oe Hanjŏng	崔漢禎		和順 崔		安東權氏成化譜	1	22	a	
E903006	金若欽	김약흠	Kim Yakhŭm			彦陽 金	郡守	安東權氏成化譜	1	22	a	
E903013	李元孝	이원효	Yi Wŏnhyo			全義 李		安東權氏成化譜	1	22	a	
E903018	安好問	안호문	An Homun			順興 安	府丞	安東權氏成化譜	1	22	a	
E903024	金從直	김종직	Kim Chongjik			慶州 金	錄事	安東權氏成化譜	1	22	a	
E903026	盧好愼	노호신	No Hosin			交河 盧	監正	安東權氏成化譜	1	22	a	
E903028	昌原君	이성	Yi Sŏng	李晟		全州 李		安東權氏成化譜	1	22	a	
E903029	金楣	김미	Kim Mi			慶州 金	翰林	安東權氏成化譜	1	22	a	
E903033	李樟	이장	Yi Chang				參議	安東權氏成化譜	1	22	a	
E903034	李繼貞	이계정	Yi Kyejŏng				護軍	安東權氏成化譜	1	22	a	
E903036	李翊	이익	Yi Ik			慶州 李	參議	安東權氏成化譜	1	22	a	
EA00318	李永㱓	이영령	Yi Yŏngnyŏng			慶州 李	錄事	安東權氏成化譜	1	22	a	
EA03107	李允靖	이윤정	Yi Yunjŏng			慶州 李	 	安東權氏成化譜	1	22	a	
EA04213	安廻石	안회석	An Hoesŏk			順興 安	奉事	安東權氏成化譜	1	22	a	
E101489	趙遵	조준	Cho Chun			楊州 趙		安東權氏成化譜	1	22	b	
E101494	李季童	이계동	Yi Kyedong					安東權氏成化譜	1	22	b	
E302257	趙元壽	조원수	Cho Wŏnsu			白川 趙	僉知	安東權氏成化譜	1	22	b	
E501458	趙孟傑	조맹걸	Cho Maenggŏl			白川 趙	 	安東權氏成化譜	1	22	b	
E901543	趙權	조권	Cho Kwŏn			白川 趙	護軍	安東權氏成化譜	1	22	b	
E901928	成忠達	성충달	Sŏng Ch'ungdal			昌寧 成		安東權氏成化譜	1	22	b	
E903040	趙瑞老	조서로	Cho Sŏro			白川 趙		安東權氏成化譜	1	22	b	
E903042	姜之澣	강지한	Kang Chihan				護軍	安東權氏成化譜	1	22	b	
E903046	李仁錫	이인석	Yi Insŏk			全義 李	佐郞	安東權氏成化譜	1	22	b	
E903050	趙元福	조원복	Cho Wŏnbok			白川 趙	郡事	安東權氏成化譜	1	22	b	
E903061	李茵	이인	Yi In			河濱 李	節度使	安東權氏成化譜	1	22	b	
E903062	趙元禧	조원희	Cho Wŏnhŭi			白川 趙	知承文院事	安東權氏成化譜	1	22	b	
E903065	柳自漢	유자한	Yu Chahan			晋州 柳	校理	安東權氏成化譜	1	22	b	
E903067	趙植	조식	Cho Sik			白川 趙	 	安東權氏成化譜	1	22	b	
E903068	趙元祉	조원지	Cho Wŏnji			白川 趙	司宰正	安東權氏成化譜	1	22	b	
E903071	李榮	이영	Yi Yŏng			星州 李	司果	安東權氏成化譜	1	22	b	
E903074	淸風君	이원	Yi Wŏn	李源		全州 李		安東權氏成化譜	1	22	b	
EA03117	趙枰	조평	Cho P'yŏng			白川 趙	佐郞	安東權氏成化譜	1	22	b	
EA03993	李承靖	이승정	Yi Sŭngjŏng			慶州 李	生員	安東權氏成化譜	1	22	b	
EC01517	魚世恭	어세공	Ŏ Segong			咸從 魚		安東權氏成化譜	1	22	b	
EC01654	趙元立	조원립	Cho Wŏllip			白川 趙	僉知	安東權氏成化譜	1	22	b	
E200266	鄭溥	정부	Chŏng Pu			延日 鄭	掌苑	安東權氏成化譜	1	23	a	
E201004	壽春君	이현	Yi Hyŏn	李玹		全州 李		安東權氏成化譜	1	23	a	
E202578	鄭溱	정진	Chŏng Chin	鄭湊		延日 鄭		安東權氏成化譜	1	23	a	
E203635	申泂	신형	Sin Hyŏng			高靈 申		安東權氏成化譜	1	23	a	
E203724	趙元祐	조원우	Cho Wŏnu			白川 趙	郡事	安東權氏成化譜	1	23	a	
E204083	鄭自洋	정자양	Chŏng Chayang			延日 鄭	中樞	安東權氏成化譜	1	23	a	
E205183	鄭洙	정수	Chŏng Su			延日 鄭		安東權氏成化譜	1	23	a	
E205414	權聃	권담	Kwŏn Tam			安東 權		安東權氏成化譜	1	23	a	
E206129	申渙	신환	Sin Hwan			高靈 申	牧使	安東權氏成化譜	1	23	a	
E300632	李汶	이문	Yi Mun			全州 李	黃山令	安東權氏成化譜	1	23	a	
E302680	鄭澥	정해	Chŏng Hae			延日 鄭		安東權氏成化譜	1	23	a	
E303612	申沚	신지	Sin Chi			高靈 申		安東權氏成化譜	1	23	a	
E501406	崔儼	최엄	Ch'oe Ŏm			全州 崔		安東權氏成化譜	1	23	a	
E502866	鄭淮	정회	Chŏng Hoe			延日 鄭		安東權氏成化譜	1	23	a	
E504278	李崑	이곤	Yi Kon				司果	安東權氏成化譜	1	23	a	
E504281	趙文瓊	조문경	Cho Mun'gyŏng			漢陽 趙		安東權氏成化譜	1	23	a	
E504289	趙文琡	조문숙	Cho Munsuk			漢陽 趙	翰林	安東權氏成化譜	1	23	a	
E504294	趙文琳	조문림	Cho Mullim			漢陽 趙	 	安東權氏成化譜	1	23	a	
E901632	鄭自濟	정자제	Chŏng Chaje			延日 鄭	中樞	安東權氏成化譜	1	23	a	
E901771	鄭涵	정함	Chŏng Ham			延日 鄭	判官	安東權氏成化譜	1	23	a	
E903075	鄭淵	정연	Chŏng Yŏn			延日 鄭	判書	安東權氏成化譜	1	23	a	
E903078	申仲舟	신중주	Sin Chungju			高靈 申	郡事	安東權氏成化譜	1	23	a	
E903080	趙嶔	조금	Cho Kŭm			漢陽 趙	郡事	安東權氏成化譜	1	23	a	
E903084	崔楣	최미	Ch'oe Mi				 	安東權氏成化譜	1	23	a	
E903085	申海	신해	Sin Hae			高靈 申	司正	安東權氏成化譜	1	23	a	
E903087	鄭自源	정자원	Chŏng Chawŏn			延日 鄭	僉使	安東權氏成化譜	1	23	a	
E903092	鄭渾	정혼	Chŏng Hon			延日 鄭	縣監	安東權氏成化譜	1	23	a	
E903094	安平大君	이용	Yi Yong	李瑢		全州 李		安東權氏成化譜	1	23	a	
E903095	宜春君	이우직	Yi Ujik	李友直		全州 李	宜春君	安東權氏成化譜	1	23	a	
EA01969	申澮	신회	Sin Hoe			高靈 申	判官	安東權氏成化譜	1	23	a	
00cd1f3f-9bb4-4772-b6ab-f316fa7b01ee	趙愉					淳昌 趙	監察	安東權氏成化譜	1	23	b	
0b217f0e-fa99-4098-9d06-b7b46614b769	趙恢					淳昌 趙	生員	安東權氏成化譜	1	23	b	
510ecad0-b724-4474-8537-9623f38278ef	趙怡					淳昌 趙	郡守	安東權氏成化譜	1	23	b	
E000343	鄭洵	정순	Chŏng Sun			延日 鄭		安東權氏成化譜	1	23	b	
E101967	鄭自淑	정자숙	Chŏng Chasuk			延日 鄭	縣監	安東權氏成化譜	1	23	b	
E103516	崔允中	최윤중	Ch'oe Yunjung			全州 崔		安東權氏成化譜	1	23	b	
E301217	金國楨	김국정	Kim Kukchŏng			善山 金		安東權氏成化譜	1	23	b	
E400834	趙頊	조욱	Cho Uk			淳昌 趙	牧使	安東權氏成化譜	1	23	b	
E400844	閔恭	민공	Min Kong			驪興 閔	敦寧	安東權氏成化譜	1	23	b	
E402215	尹抵	윤저	Yun Chŏ			漆原 尹	漆城君	安東權氏成化譜	1	23	b	
E402217	趙璥	조경	Cho Kyŏng			淳昌 趙	牧使	安東權氏成化譜	1	23	b	
E402219	柳頴	유의	Yu Ŭi			文化 柳	提學	安東權氏成化譜	1	23	b	
E501495	鄭泌	정필	Chŏng P'il			延日 鄭		安東權氏成化譜	1	23	b	
E701563	李薰	이훈	Yi Hun			全州 李	高林令	安東權氏成化譜	1	23	b	
E903101	鄭湄	정미	Chŏng Mi			延日 鄭	 	安東權氏成化譜	1	23	b	
EA03646	柳伯昌	유백창	Yu Paekch'ang			文化 柳	司直	安東權氏成化譜	1	23	b	
EB00629	柳條	유조	Yu Cho			文化 柳	上護軍	安東權氏成化譜	1	23	b	
EB00650	柳伯全	유백전	Yu Paekchŏn			文化 柳	通贊	安東權氏成化譜	1	23	b	
EB00661	李綽	이작	Yi Chak				錄事	安東權氏成化譜	1	23	b	
EB00662	柳瀋	유심	Yu Sim			文化 柳	仁順府丞	安東權氏成化譜	1	23	b	
EB00663	柳浚	유준	Yu Chun			文化 柳	監察	安東權氏成化譜	1	23	b	
EB00676	鄭譧	정렴	Chŏng Ryŏm					安東權氏成化譜	1	23	b	
EB00679	柳滋	유자	Yu Cha			文化 柳	司正	安東權氏成化譜	1	23	b	
EB01028	李尹孫	이윤손	Yi Yunson			星州 李		安東權氏成化譜	1	23	b	
EC00274	柳剛	유강	Yu Kang			文化 柳	行首	安東權氏成化譜	1	23	b	
EC00275	柳守剛	유수강	Yu Sugang			文化 柳	知中樞	安東權氏成化譜	1	23	b	
E103969	閔矗	민촉	Min Ch'ok			驪興 閔	司勇	安東權氏成化譜	1	24	a	
E103970	閔興					驪興 閔		安東權氏成化譜	1	24	a	
E200439	鄭穗	정수	Chŏng Su			東萊 鄭		安東權氏成化譜	1	24	a	
E205054	閔奇	민기	Min Ki			驪興 閔		安東權氏成化譜	1	24	a	
E205436	權訓	권훈	Kwŏn Hun			安東 權	監察	安東權氏成化譜	1	24	a	
E205457	崔泰	최태	Ch'oe T'ae			忠州 崔		安東權氏成化譜	1	24	a	
E400984	韓尙桓	한상환	Han Sanghwan			淸州 韓	判漢城	安東權氏成化譜	1	24	a	
E401325	閔無疾	민무질	Min Mujil			驪興 閔	驪城君	安東權氏成化譜	1	24	a	
E402222	尹方慶	윤방경	Yun Panggyŏng				判事	安東權氏成化譜	1	24	a	
E904147	金義剛					尙州 金	判官	安東權氏成化譜	1	24	a	
E904148	安繼宗	안계종	An Kyejong			順興 安	司勇	安東權氏成化譜	1	24	a	
E904149	安繼祖	안계조	An Kyejo			順興 安	司勇	安東權氏成化譜	1	24	a	
EA01103	李衡	이형	Yi Hyŏng			全州 李	進禮君	安東權氏成化譜	1	24	a	
EB00688	柳澳	유오	Yu O			文化 柳	進士	安東權氏成化譜	1	24	a	
EB00714	盧惟愼	노유신	No Yusin				禮賓正	安東權氏成化譜	1	24	a	
EC00276	安璹	안숙	An Suk			順興 安	署令	安東權氏成化譜	1	24	a	
EC00278	趙鐵山	조철산	Cho Ch'ŏlsan	趙鉄山		平壤 趙	僉知	安東權氏成化譜	1	24	a	
EC00280	柳福剛	유복강	Yu Pokkang			文化 柳	直長	安東權氏成化譜	1	24	a	
E000347	洪禹明	홍우명	Hong Umyŏng			南陽 洪		安東權氏成化譜	1	24	b	
E000854	薛茂林	설무림	Sŏl Murim			淳昌 薛		安東權氏成化譜	1	24	b	
E101435	崔承宗	최승종	Ch'oe Sŭngjong			全州 崔		安東權氏成化譜	1	24	b	
E103972	李緊	이긴	Yi Kin			陽城 李		安東權氏成化譜	1	24	b	
E103974	李孝誠	이효성	Yi Hyosŏng				僉知	安東權氏成化譜	1	24	b	
E103976	李昭	이초	Yi Ch'o			廣州 李	縣監	安東權氏成化譜	1	24	b	
E103978	閔犇	민분	Min Pun			驪興 閔	 	安東權氏成化譜	1	24	b	
E203177	閔希念	민희념	Min Hŭinyŏm	閔熹念		驪興 閔		安東權氏成化譜	1	24	b	
E301182	金永倫	김영륜	Kim Yŏngnyun			善山 金		安東權氏成化譜	1	24	b	
E400982	李携	이휴	Yi Hyu			慶州 李	檢校判漢城府尹	安東權氏成化譜	1	24	b	
E400985	李孝商	이효상	Yi Hyosang			慶州 李		安東權氏成化譜	1	24	b	
E400990	崔昐	최분	Ch'oe Pun			全州 崔	主簿	安東權氏成化譜	1	24	b	
E401324	閔矗	민삼	Min Sam	閔森		驪興 閔		安東權氏成化譜	1	24	b	
E401609	崔侹	최정	Ch'oe Chŏng			全州 崔	僉知	安東權氏成化譜	1	24	b	
E501391	崔敬孫	최경손	Ch'oe Kyŏngson			全州 崔	縣監	安東權氏成化譜	1	24	b	
E506151	閔晤	민오	Min O			驪興 閔	縣監	安東權氏成化譜	1	24	b	
E701357	李哲	이철	Yi Ch'ŏl			慶州 李	縣監	安東權氏成化譜	1	24	b	
E901935	成貴達	성귀달	Sŏng Kwidal			昌寧 成		安東權氏成化譜	1	24	b	
EA04028	申俊	신준	Sin Chun				中樞	安東權氏成化譜	1	24	b	
EA04034	李薈	이회	Yi Hoe			慶州 李	生員	安東權氏成化譜	1	24	b	
EA04043	李荀	이순	Yi Sun			慶州 李	 	安東權氏成化譜	1	24	b	
E000335	沈潾	심린	Sim Rin	沈璘		靑松 沈		安東權氏成化譜	1	25	a	
E100284	崔永潾	최영린	Ch'oe Yŏngnin			朔寧 崔		安東權氏成化譜	1	25	a	
E101381	尹塢	윤오	Yun O			坡平 尹	護軍	安東權氏成化譜	1	25	a	
E102089	尹三山	윤삼산	Yun Samsan			坡平 尹	僉知	安東權氏成化譜	1	25	a	
E103980	尹坤	윤곤	Yun Kon			坡平 尹	坡平君	安東權氏成化譜	1	25	a	
E200475	鄭尙祖	정상조	Chŏng Sangjo			河東 鄭	護軍	安東權氏成化譜	1	25	a	
E206211	鄭崇祖	정숭조	Chŏng Sungjo			河東 鄭	河南君	安東權氏成化譜	1	25	a	
E300041	金由岳	김유악	Kim Yuak			江陵 金		安東權氏成化譜	1	25	a	
E300114	尹汝弼	윤여필	Yun Yŏp'il			坡平 尹		安東權氏成化譜	1	25	a	
E300115	尹塘	윤당	Yun Tang			坡平 尹	主簿	安東權氏成化譜	1	25	a	
E300447	鄭顯祖	정현조	Chŏng Hyŏnjo			河東 鄭	河城府院君	安東權氏成化譜	1	25	a	
E300448	鄭麟趾	정인지	Chŏng Inji			河東 鄭	河東府院君	安東權氏成化譜	1	25	a	
E400478	韓尙質	한상질	Han Sangjil			淸州 韓	藝文春秋館大學士	安東權氏成化譜	1	25	a	
E400992	李孝林	이효림	Yi Hyorim			慶州 李	上護軍	安東權氏成化譜	1	25	a	
E804899	李孟賢	이맹현	Yi Maenghyŏn			載寧 李	掌令	安東權氏成化譜	1	25	a	
E804945	尹汝霖	윤여림	Yun Yŏrim			坡平 尹		安東權氏成化譜	1	25	a	
E804991	尹湯老	윤탕로	Yun T'angno			坡平 尹	坡川君	安東權氏成化譜	1	25	a	
E901488	鄭敬祖	정경조	Chŏng Kyŏngjo			河東 鄭	大護軍	安東權氏成化譜	1	25	a	
E902956	權士彬	권사빈	Kwŏn Sabin			安東 權	生員	安東權氏成化譜	1	25	a	
EA02145	尹殷老	윤은로	Yun Ŭllo			坡平 尹		安東權氏成化譜	1	25	a	
EA04070	鄭光祖	정광조	Chŏng Kwangjo			河東 鄭	僉知敦寧	安東權氏成化譜	1	25	a	
EA04073	柳洽	유흡	Yu Hŭp					安東權氏成化譜	1	25	a	
EB01249	朴[木+舟]	박전	Pak Chŏn			密陽 朴		安東權氏成化譜	1	25	a	
EB01921	李昌	이창	Yi Ch'ang	李菖		慶州 李	司直	安東權氏成化譜	1	25	a	
a9330f9d-c931-4dd8-a3c4-1cee1534b35f	尹玉龜					坡平 尹		安東權氏成化譜	1	25	b	
E000157	尹士元	윤사원	Yun Sawŏn			坡平 尹		安東權氏成化譜	1	25	b	
E103981	尹垓	윤해	Yun Hae			坡平 尹	府使	安東權氏成化譜	1	25	b	
E103986	李忯	이제	Yi Che			全州 李	西林正	安東權氏成化譜	1	25	b	
E103990	尹磻	윤번	Yun Pŏn			坡平 尹	鈴川君	安東權氏成化譜	1	25	b	
E201312	尹坡	윤파	Yun P'a			坡平 尹	監察	安東權氏成化譜	1	25	b	
E300421	韓堡	한보	Han Po			淸州 韓	浪城君	安東權氏成化譜	1	25	b	
E702074	申澍	신주	Sin Chu			高靈 申		安東權氏成化譜	1	25	b	
E804999	金孟珍	김맹진	Kim Maengjin				 	安東權氏成化譜	1	25	b	
E900137	韓明澮	한명회	Han Myŏnghoe			淸州 韓	上黨府院君	安東權氏成化譜	1	25	b	
E900138	韓起	한기	Han Ki			淸州 韓	監察	安東權氏成化譜	1	25	b	
E901152	李霂	이목	Yi Mok			全州 李	淸源正	安東權氏成化譜	1	25	b	
f9afb1dd-b1ee-429b-baca-1cf381b9f701	尹金龜					坡平 尹		安東權氏成化譜	1	25	b	
deaf2e37-ce93-4c4b-9bc5-f0631dc49077	尹羽					咸安 尹		安東權氏成化譜	1	26	a	
E103992	金孟諴	김맹함	Kim Maengham			安東 金	佐郞	安東權氏成化譜	1	26	a	
E103993	韓堰	한언	Han Ŏn			淸州 韓	參議 淸平君	安東權氏成化譜	1	26	a	
E103995	宋秀琳	송수림	Song Surim			礪山 宋	生員	安東權氏成化譜	1	26	a	
E103997	韓峻	한준	Han Chun	韓俊		淸州 韓		安東權氏成化譜	1	26	a	
E200098	李亮	이량	Yi Ryang			全義 李	直長	安東權氏成化譜	1	26	a	
E301441	李從胤	이종윤	Yi Chongyun			全州 李		安東權氏成化譜	1	26	a	
E400271	安景儉	안경검	An Kyŏnggŏm			順興 安	典書	安東權氏成化譜	1	26	a	
E401467	盧定之	노정지	No Chŏngji	盧定山		交河 盧		安東權氏成化譜	1	26	a	
E901954	成扱	성급	Sŏng Kŭp	成伋		昌寧 成	牧使	安東權氏成化譜	1	26	a	
E901957	成繼性	성계성	Sŏng Kyesŏng			昌寧 成	郡守	安東權氏成化譜	1	26	a	
E901963	趙岷	조민	Cho Min	趙珉		漢陽 趙	寺正	安東權氏成化譜	1	26	a	
E901968	崔孝原	최효원	Ch'oe Hyowŏn			慶州 崔	僉知	安東權氏成化譜	1	26	a	
E901971	成重性	성중성	Sŏng Chungsŏng			昌寧 成	縣監	安東權氏成化譜	1	26	a	
E901978	成順性	성순성	Sŏng Sunsŏng			昌寧 成		安東權氏成化譜	1	26	a	
E902065	李士欽	이사흠	Yi Sahŭm			全義 李	上護軍	安東權氏成化譜	1	26	a	
EC02074	崔津	최진	Ch'oe Chin				錄事	安東權氏成化譜	1	26	a	
EC02075	崔仁近	최인근	Ch'oe In'gŭn				生員	安東權氏成化譜	1	26	a	
EC02076	崔仁遜	최인손	Ch'oe Inson				萬戶	安東權氏成化譜	1	26	a	
EC02081	金順孫	김순손	Kim Sunson	金信孫				安東權氏成化譜	1	26	a	
EC02084	崔仁遇	최인우	Ch'oe Inu				直長	安東權氏成化譜	1	26	a	
EC02090	李淳伯	이순백	Yi Sunbaek	李伯淳		全義 李	判事	安東權氏成化譜	1	26	a	
EC02094	金琇	김수	Kim Su				直長	安東權氏成化譜	1	26	a	
EC02106	申景章	신경장	Sin Kyŏngjang			平山 申	生員	安東權氏成化譜	1	26	a	
EC02117	尹韶	윤소	Yun So	尹沼		咸安 尹	司正	安東權氏成化譜	1	26	a	
EC02128	閔粹	민수	Min Su			驪興 閔	僉正	安東權氏成化譜	1	26	a	
EC02139	成晉	성진	Sŏng Chin			昌寧 成	都事	安東權氏成化譜	1	26	a	
EC02141	趙崙	조륜	Cho Ryun			漢陽 趙	縣監	安東權氏成化譜	1	26	a	
E100538	李秀垠	이수은	Yi Suŭn			禮安 李		安東權氏成化譜	1	26	b	
E200209	趙瑞廷	조서정	Cho Sŏjŏng	趙瑞達		豊壤 趙	判官	安東權氏成化譜	1	26	b	
E202480	李淳叔	이순숙	Yi Sunsuk	李順叔		全義 李	中樞	安東權氏成化譜	1	26	b	
E302639	李淳仲	이순중	Yi Sunjung			全義 李	司直	安東權氏成化譜	1	26	b	
E502367	閔孝孫	민효손	Min Hyoson			驪興 閔	進士	安東權氏成化譜	1	26	b	
E502375	閔孝誠	민효성	Min Hyosŏng			驪興 閔		安東權氏成化譜	1	26	b	
E502398	李承宗	이승종	Yi Sŭngjong			慶州 李		安東權氏成化譜	1	26	b	
E502432	李弼孫	이필손	Yi P'ilson			慶州 李	 	安東權氏成化譜	1	26	b	
E803998	李承叔	이승숙	Yi Sŭngsuk			慶州 李		安東權氏成化譜	1	26	b	
E902028	安友商	안우상	An Usang			順興 安	 	安東權氏成化譜	1	26	b	
E902067	李允同	이윤상	Yi Yunsang	李允商		慶州 李	府使	安東權氏成化譜	1	26	b	
E902068	李兼善	이겸선	Yi Kyŏmsŏn			慶州 李	持平	安東權氏成化譜	1	26	b	
E902070	李筬	이성	Yi Sŏng			慶州 李	正郞	安東權氏成化譜	1	26	b	
E902073	閔亨	민형	Min Hyŏng			驪興 閔	郡守	安東權氏成化譜	1	26	b	
E902078	李竿	이간	Yi Kan			慶州 李	僉節制使	安東權氏成化譜	1	26	b	
E902083	李繼善	이계선	Yi Kyesŏn			慶州 李	奉常尹	安東權氏成化譜	1	26	b	
EA00329	朴壽宗	박수종	Pak Sujong			密陽 朴	判官	安東權氏成化譜	1	26	b	
EB01228	朴招孫	박철손	Pak Ch'ŏlson	朴哲孫		密陽 朴	僉知	安東權氏成化譜	1	26	b	
EB01233	朴壽長	박수장	Pak Sujang			密陽 朴	僉知	安東權氏成化譜	1	26	b	
58ec8485-7879-45b2-baa4-da147457ea07	李荷					全義 李		安東權氏成化譜	1	27	a	
E101467	崔孝安	최안효	Ch'oe Anhyo	崔安孝		全州 崔		安東權氏成化譜	1	27	a	
E104000	李楢	이유	Yi Yu			全義 李	司正	安東權氏成化譜	1	27	a	
E104003	李樗	이저	Yi Chŏ			全義 李		安東權氏成化譜	1	27	a	
E201045	李不敏	이불민	Yi Pulmin			慶州 李		安東權氏成化譜	1	27	a	
E301102	盧異山	노이산	No Isan			交河 盧		安東權氏成化譜	1	27	a	
E302214	金孟節	김맹절	Kim Maengjŏl			海平 金		安東權氏成化譜	1	27	a	
E401865	李作	이작	Yi Chak			全義 李	府使	安東權氏成化譜	1	27	a	
E502452	金以義	김이의	Kim Iŭi			淸道 金	內禁	安東權氏成化譜	1	27	a	
E502471	閔諴	민함	Min Ham			驪興 閔	判官	安東權氏成化譜	1	27	a	
E502496	朴有蕃	박유번	Pak Yubŏn			忠州 朴	 	安東權氏成化譜	1	27	a	
E502502	朴有英	박유영	Pak Yuyŏng			忠州 朴	 	安東權氏成化譜	1	27	a	
E802704	朴孝元	박효원	Pak Hyowŏn	朴老元		比安 朴	正郞	安東權氏成化譜	1	27	a	
E901692	李正己	이정기	Yi Chŏnggi			全義 李	縣監	安東權氏成化譜	1	27	a	
E902089	朴衡治	박형치	Pak Hyŏngch'i			忠州 朴	 	安東權氏成化譜	1	27	a	
E902091	金堙	김인	Kim In			善山 金	訓導	安東權氏成化譜	1	27	a	
E902093	金義孫					善山 金	進士	安東權氏成化譜	1	27	a	
E902098	朴禮興	박예흥	Pak Yehŭng			忠州 朴	 	安東權氏成化譜	1	27	a	
E902101	李符	이	Yi			慶州 李		安東權氏成化譜	1	27	a	
E902105	鄭仁耘	정인운	Chŏng Inun	蓬川君		東萊 鄭	僉知	安東權氏成化譜	1	27	a	
E902108	金孟誠	김맹성	Kim Maengsŏng			慶州 金	府使	安東權氏成化譜	1	27	a	
EA01032	許作	허작	Hŏ Chak			陽川 許		安東權氏成化譜	1	27	a	
E000150	金眉壽	김미수	Kim Misu	金彌壽		原州 金		安東權氏成化譜	1	27	b	
E100097	柳麟種	정	Chŏng			文化 鄭	參奉正	安東權氏成化譜	1	27	b	
E100100	柳遠	유원	Yu Wŏn			文化 柳	主簿	安東權氏成化譜	1	27	b	
E100105	柳近	유근	Yu Kŭn			文化 柳	判官	安東權氏成化譜	1	27	b	
E100107	楊淑	양숙	Yang Suk				參奉	安東權氏成化譜	1	27	b	
E100111	高克誠	고극성	Ko Kŭksŏng				參奉	安東權氏成化譜	1	27	b	
E100112	柳邊	유변	Yu Pyŏn			文化 柳	參奉	安東權氏成化譜	1	27	b	
E100961	李壽生	이수생	Yi Susaeng			興陽 李		安東權氏成化譜	1	27	b	
E102968	李宗顯	이종현	Yi Chonghyŏn			公州 李		安東權氏成化譜	1	27	b	
E103080	李魁	이괴	Yi Koe			韓山 李		安東權氏成化譜	1	27	b	
E104016	李城孝	이성효	Yi Sŏnghyo	李誠孝		全義 李	郡守	安東權氏成化譜	1	27	b	
E104019	李愼孝	이신효	Yi Sinhyo			全義 李	僉知	安東權氏成化譜	1	27	b	
E104026	李祿崇	이녹숭	Yi Noksung	李錄崇		全義 李	進士	安東權氏成化譜	1	27	b	
E104028	鄭徽	정휘	Chŏng Hwi			東萊 鄭	校理	安東權氏成化譜	1	27	b	
E104033	李璡	이종	Yi Chong			鐵城 李	敦寧丞	安東權氏成化譜	1	27	b	
E203200	李鈞	이균	Yi Kyun	李衍		鐵城 李	佐郞	安東權氏成化譜	1	27	b	
E204463	李義孫	이의손	Yi Ŭison			鐵城 李	判官	安東權氏成化譜	1	27	b	
E205265	李衡	이형	Yi Hyŏng			鐵城 李	監察	安東權氏成化譜	1	27	b	
E205568	李福崇	이복숭	Yi Poksung			全義 李	生員	安東權氏成化譜	1	27	b	
E304434	李德崇	이덕숭	Yi Tŏksung			全義 李	正郞	安東權氏成化譜	1	27	b	
E304452	洪義發	홍의발	Hong Ŭibal			南陽 洪	縣監	安東權氏成化譜	1	27	b	
E400587	李宜洽					全義 李	府尹	安東權氏成化譜	1	27	b	
E401863	尹處敬	윤처경	Yun Ch'ŏgyŏng			海平 尹		安東權氏成化譜	1	27	b	
E502991	尹澹	윤담	Yun Tam			坡平 尹	宣傳官	安東權氏成化譜	1	27	b	
E502993	尹碩	윤석	Yun Sŏk			坡平 尹	直長	安東權氏成化譜	1	27	b	
E805232	李元孫			李光澤		鐵城 李		安東權氏成化譜	1	27	b	
E902288	李宜榮	이의영	Yi Ŭiyŏng	李宜泳		全義 李	縣監	安東權氏成化譜	1	27	b	
EC00779	朴葳	박위	Pak Wi	朴茂		義昌 朴		安東權氏成化譜	1	27	b	
E000808	李晛	이현	Yi Hyŏn			鐵城 李	 	安東權氏成化譜	1	28	a	
E101440	崔孝恭	최효공	Ch'oe Hyogong			全州 崔	司果	安東權氏成化譜	1	28	a	
E102030	李時珤	이시보	Yi Sibo			全義 李	僉知	安東權氏成化譜	1	28	a	
E102482	李承烈	이승렬	Yi Sŭngnyŏl			全義 李		安東權氏成化譜	1	28	a	
E103871	李賁然					鐵城 李	縣監	安東權氏成化譜	1	28	a	
E104038	李一山	이일산	Yi Ilsan			鐵城 李	 	安東權氏成化譜	1	28	a	
E104042	朴詢	박순	Pak Sun				 	安東權氏成化譜	1	28	a	
E300189	李一童	이일동	Yi Ildong	李一同		全義 李	監察	安東權氏成化譜	1	28	a	
E300190	李仁長	이인장	Yi Injang			全義 李	錄事	安東權氏成化譜	1	28	a	
E303929	安榆	안륜	An Ryun	安掄		順興 安		安東權氏成化譜	1	28	a	
E402262	韓尙敬	한상경	Han Sanggyŏng			淸州 韓	政丞 文簡公	安東權氏成化譜	1	28	a	
E502995	李慶從	이경종	Yi Kyŏngjong					安東權氏成化譜	1	28	a	
E503015	尹頎					坡平 尹	僉知	安東權氏成化譜	1	28	a	
E600024	李永烈	이	Yi			全義 李		安東權氏成化譜	1	28	a	
E701763	李明弼	이명필	Yi Myŏngp'il			全義 李	司勇	安東權氏成化譜	1	28	a	
E901445	李世珤	이세보	Yi Sebo			全義 李	牧使	安東權氏成化譜	1	28	a	
E902156	李繼福	이계복	Yi Kyebok			全義 李		安東權氏成化譜	1	28	a	
EC01611	李禮全	이예전	Yi Yejŏn			全義 李	郡守	安東權氏成化譜	1	28	a	
EC02158	李士寬	이사관	Yi Sagwan			全義 李	觀察使	安東權氏成化譜	1	28	a	
EC02160	李光弼	이광필	Yi Kwangp'il			全義 李	直長	安東權氏成化譜	1	28	a	
EC02161	李二童	이이동	Yi Idong	李二同		全義 李	 	安東權氏成化譜	1	28	a	
EC02162	李守柔	이수유	Yi Suyu			全義 李	縣監	安東權氏成化譜	1	28	a	
EC02165	李守謙	이수겸	Yi Sugyŏm			全義 李	上護軍	安東權氏成化譜	1	28	a	
EC02168	李義長					全義 李	判官	安東權氏成化譜	1	28	a	
EC02171	李壽童	이수동	Yi Sudong			全義 李	護軍	安東權氏成化譜	1	28	a	
EC02178	李命生	이명생	Yi Myŏngsaeng			全義 李		安東權氏成化譜	1	28	a	
EC02188	李壽生	이수생	Yi Susaeng			全義 李		安東權氏成化譜	1	28	a	
EC02194	李叔賢	이숙현	Yi Sukhyŏn					安東權氏成化譜	1	28	a	The name was filled using KJB 3.92b.
EC02205	李禮長	이예장	Yi Yejang			全義 李	參議	安東權氏成化譜	1	28	a	
EC02207	李光烈	이광렬	Yi Kwangnyŏl			全義 李	 	安東權氏成化譜	1	28	a	
EC02211	李公遂	이공수	Yi Kongsu			全義 李		安東權氏成化譜	1	28	a	
EC02214	李公達	이공달	Yi Kongdal			全義 李		安東權氏成化譜	1	28	a	
E101875	閔信達	민신달	Min Sindal			驪興 閔		安東權氏成化譜	1	28	b	
E101882	閔瑠	민류	Min Ryu			驪興 閔		安東權氏成化譜	1	28	b	
E101886	閔璃	민리	Min Ri			驪興 閔		安東權氏成化譜	1	28	b	
E200836	李壽孩	이수해	Yi Suhae			全義 李	司直	安東權氏成化譜	1	28	b	
E202452	李源達	이원달	Yi Wŏndal			全義 李		安東權氏成化譜	1	28	b	
E300012	李壽稚	이수치	Yi Such'i			全義 李	副正	安東權氏成化譜	1	28	b	
E300013	李誠長					全義 李	觀察使	安東權氏成化譜	1	28	b	
E901907	李才良	이재량	Yi Chaeryang			全義 李	 	安東權氏成化譜	1	28	b	
EA01628	李壽嬰	이수영	Yi Suyŏng			全義 李	生員	安東權氏成化譜	1	28	b	
EB01251	朴仁烈	박인렬	Pak Illyŏl			密陽 朴	司直	安東權氏成化譜	1	28	b	
EC02220	李培根	이배근	Yi Paegŭn				內禁衛	安東權氏成化譜	1	28	b	
EC02221	李原達	이걸	Yi Kŏl	李傑			 	安東權氏成化譜	1	28	b	
EC02224	朴緝	박집	Pak Chip			密陽 朴	縣監	安東權氏成化譜	1	28	b	
EC02227	李德良	이덕량	Yi Tŏngnyang			全義 李	全義君	安東權氏成化譜	1	28	b	
EC02239	李壽兒	이수두	Yi Sudu	李壽兜		全義 李	監察	安東權氏成化譜	1	28	b	
EC02256	李孝長	이효장	Yi Hyojang			全義 李	大司憲	安東權氏成化譜	1	28	b	
EC02259	尹坦	윤탄	Yun T'an			坡平 尹		安東權氏成化譜	1	28	b	
EC02260	李源植	이원식	Yi Wŏnsik			全義 李		安東權氏成化譜	1	28	b	
EC02267	李源英	이원영	Yi Wŏnyŏng			全義 李		安東權氏成化譜	1	28	b	
4ab4c827-096a-4165-9f1b-dca037b6759d	韓重中					淸州 韓		安東權氏成化譜	1	29	a	
E100573	柳均	유균	Yu Kyun			晋州 柳		安東權氏成化譜	1	29	a	
E100940	韓繼胤	한계윤	Han Kyeyun			淸州 韓	縣監	安東權氏成化譜	1	29	a	
E104045	徐趕	서간	Sŏ Kan			利川 徐	主薄	安東權氏成化譜	1	29	a	
E104047	李壽孫	이수손	Yi Suson			全州 李	東林令	安東權氏成化譜	1	29	a	The name is missing as a show of respect. Filled in using another genealogy.
E104049	鄭昌宗	정창종	Chŏng Ch'angjong			河東 鄭	 	安東權氏成化譜	1	29	a	
E104050	韓堣	한우	Han U			淸州 韓	通仕	安東權氏成化譜	1	29	a	
E200428	鄭錫年	정석년	Chŏng Sŏngnyŏn			河東 鄭	主簿	安東權氏成化譜	1	29	a	
E200648	愼先庚	신선경	Sin Sŏn'gyŏng			居昌 愼		安東權氏成化譜	1	29	a	
E202366	柳仁濕	유인습	Yu Insŭp			晋州 柳	司直	安東權氏成化譜	1	29	a	
E300362	韓繼美	한계미	Han Kyemi			淸州 韓	贊成 西原君	安東權氏成化譜	1	29	a	
E300363	韓惠	한혜	Han Hye			淸州 韓	觀察使	安東權氏成化譜	1	29	a	
E301439	李悌順	이제순	Yi Chesun			全州 李	彰信	安東權氏成化譜	1	29	a	
E502137	安友三	안우삼	An Usam	安友參		順興 安	僉知	安東權氏成化譜	1	29	a	
E502138	安熙	안희	An Hŭi			順興 安		安東權氏成化譜	1	29	a	
E805270	鄭嗣宗	정사종	Chŏng Sajong	鄭嗣守		河東 鄭		安東權氏成化譜	1	29	a	
EA00277	韓亨元	한형원	Han Hyŏngwŏn			淸州 韓		安東權氏成化譜	1	29	a	
EA02688	柳義濕	유의습	Yu Ŭisŭp			晋州 柳		安東權氏成化譜	1	29	a	
EC02274	李恕長	이서장	Yi Sŏjang			全義 李	全城君	安東權氏成化譜	1	29	a	
EC02276	李允粹	이윤수	Yi Yunsu			全義 李	參奉	安東權氏成化譜	1	29	a	
EC02280	李允純	이윤순	Yi Yunsun			全義 李	追勇校尉	安東權氏成化譜	1	29	a	
EC02285	李允精	이윤정	Yi Yunjŏng	李允正		全義 李	勵節	安東權氏成化譜	1	29	a	
EC02289	李允中	이윤중	Yi Yunjung			全義 李	迪順	安東權氏成化譜	1	29	a	
EC02299	金承重	김승중	Kim Sŭngjung			靈光 金	縣監	安東權氏成化譜	1	29	a	
EC02301	權慄			權栗		安東 權	內禁衛	安東權氏成化譜	1	29	a	
EC02303	許誡	허계	Hŏ Kye			河陽 許	正郞	安東權氏成化譜	1	29	a	
EC02304	金萬鎰	김만일	Kim Manil			靈光 金	 	安東權氏成化譜	1	29	a	
1f7971b0-b1ea-4ee2-9850-9f6b36fc64a9	韓承源					淸州 韓		安東權氏成化譜	1	29	b	
78bef2b0-6078-42f6-ba7a-11270c069ebf	韓稱錘					淸州 韓		安東權氏成化譜	1	29	b	
be117e50-a304-4b03-84e4-1c57260e6f56	韓連源					淸州 韓		安東權氏成化譜	1	29	b	
E103574	韓斯文	한사문	Han Samun			淸州 韓	正郞	安東權氏成化譜	1	29	b	
E104058	李永禧	이영희	Yi Yŏnghŭi			全義 李		安東權氏成化譜	1	29	b	
E104067	南悌	남제	Nam Che			宜寧 南		安東權氏成化譜	1	29	b	
E104069	韓珽	한정	Han Chŏng			淸州 韓	司正	安東權氏成化譜	1	29	b	
E202332	韓琛	한침	Han Ch'im			淸州 韓		安東權氏成化譜	1	29	b	
E202879	韓士价	한사개	Han Sagae			淸州 韓	司猛	安東權氏成化譜	1	29	b	
E206146	權彭	권팽	Kwŏn P'aeng			安東 權		安東權氏成化譜	1	29	b	
E300256	韓斯信	한사신	Han Sasin	韓士信		淸州 韓	司猛	安東權氏成化譜	1	29	b	
E303166	韓瑾	한근	Han Kŭn			淸州 韓	司正	安東權氏成化譜	1	29	b	
E901492	韓嶔	한금	Han Kŭm			淸州 韓	司直	安東權氏成化譜	1	29	b	
E901917	韓岊	한절	Han Chŏl			淸州 韓	主簿	安東權氏成化譜	1	29	b	
E902243	辛舜鼎	신순정	Sin Sunjŏng	辛舜昇		靈山 辛		安東權氏成化譜	1	29	b	
EA01492	韓士武	한사무	Han Samu			淸州 韓	參奉	安東權氏成化譜	1	29	b	
EA03511	韓玠	개	Kae			淸州 韓		安東權氏成化譜	1	29	b	
EB02466	鄭鐵壽	정철수	Chŏng Ch'ŏlsu					安東權氏成化譜	1	29	b	
E000543	李益培	이익배	Yi Ikpae			慶州 李		安東權氏成化譜	1	30	a	
E102796	任孝信	임효신	Im Hyosin	任孝倍		豊川 任	參議	安東權氏成化譜	1	30	a	
E104080	李孟智	이맹지	Yi Maengji			河濱 李	郡守	安東權氏成化譜	1	30	a	
E104081	李胤賢	이윤현	Yi Yunhyŏn				生員	安東權氏成化譜	1	30	a	
E104086	任治	임치	Im Ch'i			豊川 任	司直	安東權氏成化譜	1	30	a	
E104089	任終孫	임종손	Im Chongson			豊川 任	 	安東權氏成化譜	1	30	a	
E104092	任漑	임개	Im Kae			豊川 任	 	安東權氏成化譜	1	30	a	
E104094	任浩然	임호연	Im Hoyŏn			豊川 任	郡事	安東權氏成化譜	1	30	a	
E104095	任絟	임전	Im Chŏn			豊川 任	僉知	安東權氏成化譜	1	30	a	
E104096	任紾	임진	Im Chin			豊川 任	司正	安東權氏成化譜	1	30	a	
E104097	任繪	임회	Im Hoe			豊川 任	 	安東權氏成化譜	1	30	a	
E104098	任績	임적	Im Chŏk			豊川 任	 	安東權氏成化譜	1	30	a	
E104100	任智然	임지손	Im Chison	任智孫		豊川 任	 	安東權氏成化譜	1	30	a	
E201484	朴孝生	박효생	Pak Hyosaeng			密陽 朴		安東權氏成化譜	1	30	a	
E202975	任禮孫	임예손	Im Yeson			豊川 任	 	安東權氏成化譜	1	30	a	
E304182	朴亨宗	박형종	Pak Hyŏngjong			比安 朴	別坐	安東權氏成化譜	1	30	a	
E402268	任仲善	임중선	Im Chungsŏn			豊川 任	縣事	安東權氏成化譜	1	30	a	
E900329	閔懷晳	민회석	Min Hoesŏk			驪興 閔	上將	安東權氏成化譜	1	30	a	
EC03772	南忱	남침	Nam Ch'im			宜寧 南	進士	安東權氏成化譜	1	30	a	
E100646	任由謙	임유겸	Im Yugyŏm			豊川 任		安東權氏成化譜	1	30	b	
E103983	任孟瑛	임맹영	Im Maengyŏng			豊川 任		安東權氏成化譜	1	30	b	
E104105	任孟玎	임맹정	Im Maengjŏng			豊川 任	 	安東權氏成化譜	1	30	b	
E104108	任渾	임혼	Im Hon			豊川 任	司正	安東權氏成化譜	1	30	b	
E104109	任孟珪	임맹규	Im Maenggyu			豊川 任	 	安東權氏成化譜	1	30	b	
E104111	任孟璋	임맹장	Im Maengjang			豊川 任	 	安東權氏成化譜	1	30	b	
E104115	任演	임연	Im Yŏn			豊川 任	司直	安東權氏成化譜	1	30	b	
E104116	任湛	임담	Im Tam			豊川 任	都事	安東權氏成化譜	1	30	b	
E104135	李長枝	이장지	Yi Changji				縣監	安東權氏成化譜	1	30	b	
E104136	任由敬	임유경	Im Yugyŏng			豊川 任	參奉	安東權氏成化譜	1	30	b	
E104140	任由謹	임유근	Im Yugŭn			豊川 任	生員	安東權氏成化譜	1	30	b	
E104143	任由遜	임유손	Im Yuson			豊川 任		安東權氏成化譜	1	30	b	
E104148	李涵	이함	Yi Ham				訓導	安東權氏成化譜	1	30	b	
E104149	李繼孫	이계손	Yi Kyeson				 	安東權氏成化譜	1	30	b	
E104150	李銀孫	이은손	Yi Ŭnson				 	安東權氏成化譜	1	30	b	
E200344	趙永輝	조영휘	Cho Yŏnghwi			楊州 趙	縣監	安東權氏成化譜	1	30	b	
E202260	趙孝禮	조효례	Cho Hyorye			橫城 趙		安東權氏成化譜	1	30	b	
E202601	任漢	임한	Im Han			豊川 任	郡守	安東權氏成化譜	1	30	b	
E204064	任湜	임식	Im Sik			豊川 任	進士	安東權氏成化譜	1	30	b	
E206138	崔乙斗					全州 崔		安東權氏成化譜	1	30	b	
E302987	任淑	임숙	Im Suk			豊川 任	僉知	安東權氏成化譜	1	30	b	
EB02129	柳大賢	유대현	Yu Taehyŏn			文化 柳	司直	安東權氏成化譜	1	30	b	
EB02855	鄭允恪					草溪 鄭		安東權氏成化譜	1	30	b	
EC00614	尹萱					海平 尹		安東權氏成化譜	1	30	b	
EC01405	尹蓁					海平 尹		安東權氏成化譜	1	30	b	
EC01406	尹巖					海平 尹		安東權氏成化譜	1	30	b	
E101513	金仲廉	김중렴	Kim Chungnyŏm			安東 金	檢參判	安東權氏成化譜	1	31	a	
E101929	李嶷	이의	Yi Ŭi			鐵城 李	僉知	安東權氏成化譜	1	31	a	
E101931	李珌	이필	Yi P'il	李琢		鐵城 李	司正	安東權氏成化譜	1	31	a	
E101937	李琬	이완	Yi Wan			鐵城 李		安東權氏成化譜	1	31	a	
E101945	李琢	이탁	Yi T'ak			鐵城 李		安東權氏成化譜	1	31	a	
E101951	徐順元	서순원	Sŏ Sunwŏn					安東權氏成化譜	1	31	a	
E102416	徐赾	서근	Sŏ Kŭn			利川 徐	持平	安東權氏成化譜	1	31	a	
E104151	李金孫	이금손	Yi Kŭmson				 	安東權氏成化譜	1	31	a	
E104152	李浥	이읍	Yi Ŭp				司直	安東權氏成化譜	1	31	a	
E104153	李鳳孫	이봉손	Yi Pongson				直長	安東權氏成化譜	1	31	a	
E104154	李麟孫	이인손	Yi Inson				 	安東權氏成化譜	1	31	a	
E104156	李淙	이종	Yi Chong				別侍	安東權氏成化譜	1	31	a	
E104158	姜叔淮	강숙회	Kang Sukhoe			晋州 姜	參奉	安東權氏成化譜	1	31	a	
E104167	李泳	이영	Yi Yŏng				 	安東權氏成化譜	1	31	a	
E104169	朴長孫	박장손	Pak Changson			密陽 朴	察訪	安東權氏成化譜	1	31	a	
E104176	朴延孫	박연손	Pak Yŏnson			密陽 朴	忠贊衛	安東權氏成化譜	1	31	a	
E104177	朴叔孫	박숙손	Pak Sukson			密陽 朴	 	安東權氏成化譜	1	31	a	
E104178	朴末孫	박말손	Pak Malson			密陽 朴	 	安東權氏成化譜	1	31	a	
E104180	柳瑚	유호	Yu Ho				上將	安東權氏成化譜	1	31	a	
E104183	成守謙	성수겸	Sŏng Sugyŏm				察訪	安東權氏成化譜	1	31	a	
E104184	成益	성익	Sŏng Ik				 	安東權氏成化譜	1	31	a	
E104185	成復	성복	Sŏng Pok				 	安東權氏成化譜	1	31	a	
E104187	元槪	원개	Wŏn Kae				參奉	安東權氏成化譜	1	31	a	
E202876	李有仁	이유인	Yi Yuin			慶州 李		安東權氏成化譜	1	31	a	
EA01963	金伯演	김백연	Kim Paegyŏn			安東 金		安東權氏成化譜	1	31	a	
EB02140	柳胤	유윤	Yu Yun			文化 柳	大護軍	安東權氏成化譜	1	31	a	
31d8bb67-eda3-439c-b8f3-90b4e31901c6	李嶮					鐵城 李		安東權氏成化譜	1	31	b	
733377df-7d20-4e9c-9dfc-a8f6ed741c1a	李峓					鐵城 李		安東權氏成化譜	1	31	b	
E102224	李墀	이지	Yi Chi			鐵城 李	府使	安東權氏成化譜	1	31	b	
E102260	朴恒	박항	Pak Hang				司直	安東權氏成化譜	1	31	b	
E102261	李隰					鐵城 李	司正	安東權氏成化譜	1	31	b	
E102266	呂希寧	여희령	Yŏ Hŭiryŏng			咸陽 呂		安東權氏成化譜	1	31	b	
E102267	李陌	이맥	Yi Maek			鐵城 李	進士	安東權氏成化譜	1	31	b	
E104188	朴惟義	박유의	Pak Yuŭi	朴有義		密陽 朴	郡事	安東權氏成化譜	1	31	b	
E201395	崔哲重					慶州 崔	直長	安東權氏成化譜	1	31	b	
E301289	李繼孫	이계손	Yi Kyeson			驪興 李	判書	安東權氏成化譜	1	31	b	
E301292	李之任	이지임	Yi Chiim			驪興 李	奉事	安東權氏成化譜	1	31	b	
E402270	朴登	박등	Pak Tŭng			密陽 朴	兵馬事	安東權氏成化譜	1	31	b	
E504670	成瓚	성찬	Sŏng Ch'an			昌寧 成	錄事	安東權氏成化譜	1	31	b	
E504724	成琓	성완	Sŏng Wan			昌寧 成	參軍	安東權氏成化譜	1	31	b	
E902417	李渾	이혼	Yi Hon			延安 李	佐郞	安東權氏成化譜	1	31	b	
E903250	鄭保	정보	Chŏng Po			延日 鄭	監察	安東權氏成化譜	1	31	b	
E903253	成孝淵	성효연	Sŏng Hyoyŏn			昌寧 成	司直	安東權氏成化譜	1	31	b	
E903256	李石亨	이석형	Yi Sŏkhyŏng			延安 李	延安君	安東權氏成化譜	1	31	b	
E903258	鄭允貞	정윤정	Chŏng Yunjŏng			延日 鄭	直長	安東權氏成化譜	1	31	b	
E903259	鄭允和	정윤화	Chŏng Yunhwa			延日 鄭	正字	安東權氏成化譜	1	31	b	
E903261	鄭允寬	정윤관	Chŏng Yun'gwan			延日 鄭	生員	安東權氏成化譜	1	31	b	
EA00045	李陞	이수	Yi Su	李洙		鐵城 李	司直	安東權氏成化譜	1	31	b	
EB03089	朴長孫	박증	Pak Chŭng				 	安東權氏成化譜	1	31	b	
E104189	權井	권정	Kwŏn Chŏng			安東 權	敎授官	安東權氏成化譜	1	32	a	
E104202	權治	권이	Kwŏn I	權怡		安東 權	大護軍	安東權氏成化譜	1	32	a	
E104204	李知命	이지명	Yi Chimyŏng				敎導	安東權氏成化譜	1	32	a	
E104205	李傅良	이부량	Yi Puryang				 	安東權氏成化譜	1	32	a	
E104206	李渭良	이위량	Yi Wiryang				護軍	安東權氏成化譜	1	32	a	
E104207	權稱	권칭	Kwŏn Ch'ing			安東 權	司正	安東權氏成化譜	1	32	a	
E104208	權萃	권취	Kwŏn Ch'wi			安東 權	 	安東權氏成化譜	1	32	a	
E104211	李辟	이벽	Yi Pyŏk	李璧		星州 李	知印	安東權氏成化譜	1	32	a	
E104212	權晃	권황	Kwŏn Hwang			安東 權	司勇	安東權氏成化譜	1	32	a	
E104213	權暠	권호	Kwŏn Ho			安東 權	主簿	安東權氏成化譜	1	32	a	
E104215	申希弼	신희필	Sin Hŭip'il				縣監	安東權氏成化譜	1	32	a	
E104217	崔明達	최명원	Ch'oe Myŏngwŏn	崔明遠			 	安東權氏成化譜	1	32	a	
E104218	申澍	신주	Sin Chu				兵馬使	安東權氏成化譜	1	32	a	
E104219	權孝良	권효량	Kwŏn Hyoryang			安東 權	縣監	安東權氏成化譜	1	32	a	
E104221	曺變隆	조변륭	Cho Pyŏllyung			昌寧 曺	郡事	安東權氏成化譜	1	32	a	
E104224	金元石	김원석	Kim Wŏnsŏk			順天 金		安東權氏成化譜	1	32	a	
E104240	沈鐵漢	심철한	Sim Ch'ŏrhan				判官	安東權氏成化譜	1	32	a	
E402273	申甫						總制	安東權氏成化譜	1	32	a	
E506748	權需	권수	Kwŏn Su			安東 權		安東權氏成化譜	1	32	a	
E802607	曹九叙	조구서	Cho Kusŏ			昌寧 曹	判官	安東權氏成化譜	1	32	a	
E805626	曺繼虞	조계우	Cho Kyeu			昌寧 曺	生員	安東權氏成化譜	1	32	a	
E101405	崔道全	최도전	Ch'oe Tojŏn			全州 崔		安東權氏成化譜	1	32	b	
E102655	吳宗殷	오종은	O Chongŭn			咸陽 吳		安東權氏成化譜	1	32	b	
E104242	兪宗道	유종도	Yu Chongdo				署令	安東權氏成化譜	1	32	b	
E104243	權孟禧	권맹희	Kwŏn Maenghŭi			安東 權		安東權氏成化譜	1	32	b	
E104245	吳繼善	오계선	O Kyesŏn				生員	安東權氏成化譜	1	32	b	
E104249	洪纘	홍찬	Hong Ch'an				 	安東權氏成化譜	1	32	b	
E104251	申永希	신영희	Sin Yŏnghŭi					安東權氏成化譜	1	32	b	
E104259	吳敬忠	오경충	O Kyŏngch'ung			咸陽 吳	內直	安東權氏成化譜	1	32	b	
E104260	吳宗周	오종주	O Chongju			咸陽 吳	 	安東權氏成化譜	1	32	b	
E104274	權恪	권유	Kwŏn Yu	權裕	權悌	安東 權	參議	安東權氏成化譜	1	32	b	
E104289	李漢石	이한석	Yi Hansŏk			永川 李	司勇	安東權氏成化譜	1	32	b	
E104291	鄭和	정화	Chŏng Hwa			河東 鄭	郡守	安東權氏成化譜	1	32	b	
E200986	安潤德	안윤덕	An Yundŏk			廣州 安		安東權氏成化譜	1	32	b	
E201166	黃事忠	황사충	Hwang Sach'ung			長水 黃		安東權氏成化譜	1	32	b	
E204461	權季禧	권계희	Kwŏn Kyehŭi			安東 權	正郞	安東權氏成化譜	1	32	b	
E205566	權仲禧	권중희	Kwŏn Chunghŭi			安東 權	主簿	安東權氏成化譜	1	32	b	
E301464	李保仁	이보인	Yi Poin			全州 李		安東權氏成化譜	1	32	b	
E402276	權選	권선	Kwŏn Sŏn			安東 權	進士	安東權氏成化譜	1	32	b	
E402277	權遈	권식	Kwŏn Sik			安東 權	護軍	安東權氏成化譜	1	32	b	
E700960	安潤福	안윤복	An Yunbok			廣州 安	 	安東權氏成化譜	1	32	b	
E900536	安彭老	안팽로	An P'aengno			廣州 安	縣監	安東權氏成化譜	1	32	b	
E900538	權愷	권개	Kwŏn Kae			安東 權	福川君	安東權氏成化譜	1	32	b	
E901262	金慶蕃	김경번	Kim Kyŏngbŏn			彦陽 金		安東權氏成化譜	1	32	b	
EA00341	李希伺	이희동	Yi Hŭidong	李希伺		永川 李	 	安東權氏成化譜	1	32	b	
EA02073	李愧	이고	Yi Ko	李愧		全義 李	 	安東權氏成化譜	1	32	b	
6e16d7bd-677e-4ef6-a53d-b33d9e9b0894	洪繼庸					南陽 洪	府使	安東權氏成化譜	1	33	a	
E000413	洪繼常	홍계상	Hong Kyesang	洪季常		南陽 洪	司正	安東權氏成化譜	1	33	a	
E000519	禹垓					丹陽 禹	院正	安東權氏成化譜	1	33	a	
E000521	韓致良	한치량	Han Ch'iryang			淸州 韓		安東權氏成化譜	1	33	a	
E000523	李鉉	이현	Yi Hyŏn			全州 李	湖山君	安東權氏成化譜	1	33	a	
E102780	安琯	안관	An Kwan			順興 安	參奉	安東權氏成化譜	1	33	a	
E104315	洪興祖	홍흥조	Hong Hŭngjo			南陽 洪	司正	安東權氏成化譜	1	33	a	
E104317	崔允亨	최윤형	Ch'oe Yunhyŏng			全州 崔		安東權氏成化譜	1	33	a	
E104322	李善生					全州 李	茂林正	安東權氏成化譜	1	33	a	
E104323	李長孫	이선생	Yi Sŏnsaeng			全州 李	明川正	安東權氏成化譜	1	33	a	
E104325	安慶會	안경회	An Kyŏnghoe			順興 安	察訪	安東權氏成化譜	1	33	a	
E104326	洪繼童	홍계동	Hong Kyedong	洪繼重		南陽 洪	 	安東權氏成化譜	1	33	a	
E104331	李思恥	이사치	Yi Sach'i			陽城 李	判事	安東權氏成化譜	1	33	a	
E104332	李養正	이양정	Yi Yangjŏng			陽城 李	上護軍	安東權氏成化譜	1	33	a	
E104338	鄭自周	정자주	Chŏng Chaju			海州 鄭	判官	安東權氏成化譜	1	33	a	
E202574	尹從生	윤종생	Yun Chongsaeng			坡平 尹	 	安東權氏成化譜	1	33	a	
E401317	洪興善	홍흥선	Hong Hŭngsŏn			南陽 洪	司正	安東權氏成化譜	1	33	a	
E401318	洪矩	홍구	Hong Ku			南陽 洪	典書	安東權氏成化譜	1	33	a	
E402282	李沃	이옥	Yi Ok			陽城 李	留后	安東權氏成化譜	1	33	a	
E501372	崔孝基	최효기	Ch'oe Hyogi			全州 崔	忠贊衛	安東權氏成化譜	1	33	a	
E902185	李蒙	이몽	Yi Mong			陽城 李	司正	安東權氏成化譜	1	33	a	
EB02127	柳[雨+染]					文化 柳	護軍	安東權氏成化譜	1	33	a	
970ec3ff-2144-429c-af20-437940cad10e	李乾					陽城 李		安東權氏成化譜	1	33	b	
a38ab07b-322c-4ce1-b1fb-acf8022ca9f7	李坤					陽城 李		安東權氏成化譜	1	33	b	
a807fa94-0fe2-4752-9736-4b4dca0d05b9	朴松廿							安東權氏成化譜	1	33	b	
E100326	金嚴					永同 金		安東權氏成化譜	1	33	b	
E101374	崔士康	최사강	Ch'oe Sagang	崔士剛		全州 崔	贊成	安東權氏成化譜	1	33	b	
E101412	李希振	이희진	Yi Hŭijin				別提	安東權氏成化譜	1	33	b	
E101421	崔孝忠	최효충	Ch'oe Hyoch'ung			全州 崔	主簿	安東權氏成化譜	1	33	b	
E101424	薛誠	설성	Sŏl Sŏng	薛成		淳昌 薛	府使	安東權氏成化譜	1	33	b	
E101426	李世芬	이세방	Yi Sebang	李世芳		全義 李	經歷	安東權氏成化譜	1	33	b	
E101428	崔孝良	최효량	Ch'oe Hyoryang			全州 崔	司正	安東權氏成化譜	1	33	b	
E101432	錦城大君			李瑜		全州 李		安東權氏成化譜	1	33	b	
E102301	李重元	이중원	Yi Chungwŏn			陽城 李	縣監	安東權氏成化譜	1	33	b	
E102358	鄭佸	정괄	Chŏng Kwal			東萊 鄭	僉知	安東權氏成化譜	1	33	b	
E102364	沈光亨					靑松 沈		安東權氏成化譜	1	33	b	
E104342	李世疇	이서주	Yi Sŏju	李敍疇		禮安 李	縣監	安東權氏成化譜	1	33	b	
E201883	金元老	김수조	Kim Sujo	金守祖		延安 金	 	安東權氏成化譜	1	33	b	
E301222	李重連	이중련	Yi Chungnyŏn			陽城 李	監察	安東權氏成化譜	1	33	b	
E601635	李師衍	이사연	Yi Sayŏn	李師演		驪興 李		安東權氏成化譜	1	33	b	
E701279	李叔禧	이익희	Yi Ikhŭi	李益禧		全義 李		安東權氏成化譜	1	33	b	
E701552	金信	김임	Kim Im	金任		慶州 金		安東權氏成化譜	1	33	b	
E803883	韓謹	한근	Han Kŭn			淸州 韓		安東權氏成化譜	1	33	b	The name was filled using KJB 4.74a.
a2a83419-53e0-4f7d-b2b8-e7d867f16d60	尹遇					咸安 尹		安東權氏成化譜	1	34	a	
c507f87c-ee2e-49f4-9555-af996d706b8a	尹逅					咸安 尹		安東權氏成化譜	1	34	a	
E101439	柳垓						上護軍	安東權氏成化譜	1	34	a	
E101450	崔孝順	최효순	Ch'oe Hyosun			全州 崔	 	安東權氏成化譜	1	34	a	
E101452	姜徯	강혜	Kang Hye			晋州 姜		安東權氏成化譜	1	34	a	
E103183	李承呂	이승려	Yi Sŭngnyŏ			陽城 李	通贊	安東權氏成化譜	1	34	a	
E104343	李思謹	이사근	Yi Sagŭn			陽城 李	牧使	安東權氏成化譜	1	34	a	
E104344	李[艸+基]	이기	Yi Ki			陽城 李	錄事	安東權氏成化譜	1	34	a	
E104346	洪處康	홍처강	Hong Ch'ŏgang				 	安東權氏成化譜	1	34	a	
E104347	李希宗	이희종	Yi Hŭijong			陽城 李	司直	安東權氏成化譜	1	34	a	
E104349	李俊善	이준선	Yi Chunsŏn				大卿	安東權氏成化譜	1	34	a	
E104351	柳嗣宗	유사종	Yu Sajong				 	安東權氏成化譜	1	34	a	
E104352	李蒕	이온	Yi On			陽城 李	將仕郎	安東權氏成化譜	1	34	a	
E104353	李承周					陽城 李	進士	安東權氏成化譜	1	34	a	
E203279	崔漢望	최한망	Ch'oe Hanmang			水原 崔		安東權氏成化譜	1	34	a	
E204183	尹起畎			尹起畝		咸安 尹	判事	安東權氏成化譜	1	34	a	
E805869	李熙	이희	Yi Hŭi			陽城 李		安東權氏成化譜	1	34	a	
E903296	李承召	이승소	Yi Sŭngso			陽城 李	判書	安東權氏成化譜	1	34	a	
EC01277	李孟思	이맹사	Yi Maengsa			全義 李		安東權氏成化譜	1	34	a	
E104363	李嗣宗	이사종	Yi Sajong			慶州 李		安東權氏成化譜	1	34	b	
E104364	李蕩	이탕	Yi T'ang			陽城 李	司勇	安東權氏成化譜	1	34	b	
E104365	李希晳	이희석	Yi Hŭisŏk			陽城 李	 	安東權氏成化譜	1	34	b	
E104368	李希範	이희범	Yi Hŭibŏm			陽城 李	 	安東權氏成化譜	1	34	b	
E104369	李希顔	이희안	Yi Hŭian			陽城 李	生員	安東權氏成化譜	1	34	b	
E104370	李希弼	이희필	Yi Hŭip'il			陽城 李	生員	安東權氏成化譜	1	34	b	
E104372	柳宗埈	유종준	Yu Chongjun				 	安東權氏成化譜	1	34	b	
E104373	李蓁	이진	Yi Chin			陽城 李	司直	安東權氏成化譜	1	34	b	
E104374	李承明	이승명	Yi Sŭngmyŏng			陽城 李	 	安東權氏成化譜	1	34	b	
E104375	李承哲	이승철	Yi Sŭngch'ŏl			陽城 李	 	安東權氏成化譜	1	34	b	
E104377	金富孫							安東權氏成化譜	1	34	b	
E104379	李順之	이순지	Yi Sunji				 	安東權氏成化譜	1	34	b	
E104380	李貴老	이실로	Yi Sillo				 	安東權氏成化譜	1	34	b	
E104381	李貞老	이정로	Yi Chŏngno				 	安東權氏成化譜	1	34	b	
E104383	李蔭	이음	Yi Ŭm			陽城 李	大卿	安東權氏成化譜	1	34	b	
E104388	宋㽔	송유	Song Yu				 	安東權氏成化譜	1	34	b	
E104389	宋皇	송황	Song Hwang				司正	安東權氏成化譜	1	34	b	
E201297	楊億	양억	Yang Ŏk			淸州 楊		安東權氏成化譜	1	34	b	
E100071	辛叔琚	신숙거	Sin Sukkŏ			寧越 辛		安東權氏成化譜	1	35	a	
E100179	宋順年	송순년	Song Sunnyŏn			市津 宋	監察	安東權氏成化譜	1	35	a	
E104397	金孟猷	김맹유	Kim Maengyu			安東 金	判事	安東權氏成化譜	1	35	a	
E104399	張俁	장우	Chang U				監察	安東權氏成化譜	1	35	a	
E104401	金蕐	김화	Kim Hwa				佐郞	安東權氏成化譜	1	35	a	
E104403	張承良	장승량	Chang Sŭngnyang				大護軍	安東權氏成化譜	1	35	a	
E104404	洪永忠	홍영충	Hong Yŏngch'ung			南陽 洪		安東權氏成化譜	1	35	a	
E104406	辛永孫	신영손	Sin Yŏngson			寧越 辛	觀察	安東權氏成化譜	1	35	a	
E104409	辛仲琚	신중거	Sin Chunggŏ			寧越 辛	持平	安東權氏成化譜	1	35	a	
E104414	李思任	이사임	Yi Saim			陽城 李	中樞	安東權氏成化譜	1	35	a	
E104416	申命之	신명지	Sin Myŏngji			殷豊 申	郡事	安東權氏成化譜	1	35	a	
E104418	潘孟江	반맹강	Pan Maenggang			臣濟 潘	司正	安東權氏成化譜	1	35	a	
E201875	金自壤	김자양	Kim Chayang			安東 金	郡守	安東權氏成化譜	1	35	a	
E205133	李奎	이규	Yi Kyu	李圭		韓山 李		安東權氏成化譜	1	35	a	
E502851	黃濟	황제	Hwang Che			懷德 黃		安東權氏成化譜	1	35	a	
E901437	尹沂	윤기	Yun Ki			坡平 尹		安東權氏成化譜	1	35	a	
E901930	辛季琚	신계거	Sin Kyegŏ			寧越 辛	進士	安東權氏成化譜	1	35	a	
EA02820	辛佰琚	신백거	Sin Paekkŏ	辛伯琚		寧越 辛	司直	安東權氏成化譜	1	35	a	
EA04302	金自埥	김자정	Kim Chajŏng			安東 金	生員	安東權氏成化譜	1	35	a	
EA04304	李徽	이미	Yi Mi	李微		陽城 李	 	安東權氏成化譜	1	35	a	
E000942	申春孫	신종손	Sin Chongson	申從孫		殷豊 申	 	安東權氏成化譜	1	35	b	
E104420	申耉	신구	Sin Ku			殷豊 申	 	安東權氏成化譜	1	35	b	
E104422	黃碩卿	황석경	Hwang Sŏkkyŏng				大護軍	安東權氏成化譜	1	35	b	
E104423	申耆	신기	Sin Ki			殷豊 申	 	安東權氏成化譜	1	35	b	
E104430	李偁	이칭	Yi Ch'ing			陽城 李	縣監	安東權氏成化譜	1	35	b	
E104432	李偲	이시	Yi Si			陽城 李	奉禮	安東權氏成化譜	1	35	b	
E104433	李龜儕	이귀제	Yi Kwije			陽城 李	 	安東權氏成化譜	1	35	b	
E200112	康自戒	강자계	Kang Chagye			信川 康	縣監	安東權氏成化譜	1	35	b	
E900185	金效震	김효진	Kim Hyojin			彦陽 金	縣監	安東權氏成化譜	1	35	b	
E901160	金連壽	김연수	Kim Yŏnsu			彦陽 金	生員	安東權氏成化譜	1	35	b	
E901189	姜利溫	강이온	Kang Ion			晋州 姜		安東權氏成化譜	1	35	b	
E901329	具諴	구함	Ku Ham			綾城 具	參奉	安東權氏成化譜	1	35	b	
EA02816	李惇仁	이돈인	Yi Tonin	李墩仁		陽城 李	兵使	安東權氏成化譜	1	35	b	
EB01421	朴元恭	박원공	Pak Wŏn'gong			密陽 朴		安東權氏成化譜	1	35	b	
E000468	宋環周	송환주	Song Hwanju	宋環元		鎭川 宋	參奉	安東權氏成化譜	1	36	a	
E100596	李孝幹	이효간	Yi Hyogan			禮安 李	敎授	安東權氏成化譜	1	36	a	
E104442	朴永保	박영부	Pak Yŏngbu	朴永敷			進士	安東權氏成化譜	1	36	a	
E104447	李綿	이면	Yi Myŏn			星州 李	監察	安東權氏成化譜	1	36	a	
E104448	李紬	이주	Yi Chu			星州 李	縣監	安東權氏成化譜	1	36	a	
E104449	李尹枝	이윤지	Yi Yunji			星州 李	別坐	安東權氏成化譜	1	36	a	
E104452	李尹童	이윤동	Yi Yundong			星州 李		安東權氏成化譜	1	36	a	
E104454	尹志夏	윤지하	Yun Chiha			楊州 尹	縣監	安東權氏成化譜	1	36	a	
E104458	呂宗肅	여종숙	Yŏ Chongsuk			咸陽 呂	縣監	安東權氏成化譜	1	36	a	
E104461	宋均	송균	Song Kyun				郡守	安東權氏成化譜	1	36	a	
E104462	宋繼興	송계흥	Song Kyehŭng				 	安東權氏成化譜	1	36	a	
E104464	成熺	성희	Sŏng Hŭi			昌寧 成	校理	安東權氏成化譜	1	36	a	
E104466	南椅	남의	Nam Ŭi				評事	安東權氏成化譜	1	36	a	
E104468	成聃壽	성담수	Sŏng Tamsu			昌寧 成	進士	安東權氏成化譜	1	36	a	
E104470	李恂	이순	Yi Sun				署令	安東權氏成化譜	1	36	a	
E200858	呂孝輔	여효보	Yŏ Hyobo			咸陽 呂	護軍	安東權氏成化譜	1	36	a	
E201231	黃瓘	황관	Hwang Kwan			長水 黃	生員	安東權氏成化譜	1	36	a	
E205123	李垓	이해	Yi Hae			韓山 李		安東權氏成化譜	1	36	a	
E205354	權伸	권신	Kwŏn Sin			安東 權	進士	安東權氏成化譜	1	36	a	
E401648	李堅基	이견기	Yi Kyŏn'gi	李堅起		星州 李	參贊	安東權氏成化譜	1	36	a	
E401649	李穗	이수	Yi Su			星州 李	同知摠制	安東權氏成化譜	1	36	a	
E805801	呂允哲	여윤철	Yŏ Yunch'ŏl			咸陽 呂		安東權氏成化譜	1	36	a	
E806038	呂允傑	여윤걸	Yŏ Yun'gŏl			咸陽 呂		安東權氏成化譜	1	36	a	
E900097	姜德裕	강덕유	Kang Tŏgyu			晋州 姜	進士	安東權氏成化譜	1	36	a	
E902214	成聃年	성담년	Sŏng Tamnyŏn			昌寧 成	典籍	安東權氏成化譜	1	36	a	
EA02980	呂允秀	여윤수	Yŏ Yunsu			咸陽 呂		安東權氏成化譜	1	36	a	
EA03123	呂忠輔	여충보	Yŏ Ch'ungbo			咸陽 呂	監察	安東權氏成化譜	1	36	a	
E102091	李宏植	이굉식	Yi Koengsik			全義 李	縣監	安東權氏成化譜	1	36	b	
E104472	李宜茂	이의무	Yi Ŭimu			德水 李	生員	安東權氏成化譜	1	36	b	
E104475	崔塘	최당	Ch'oe Tang			大寧 崔	生員	安東權氏成化譜	1	36	b	
E104478	成聃齡	성담령	Sŏng Tamnyŏng			昌寧 成	進士	安東權氏成化譜	1	36	b	
E104487	李直幹	이직간	Yi Chikkan			全義 李	正郞	安東權氏成化譜	1	36	b	
E104490	李仲禧	이중희	Yi Chunghŭi			全義 李	別坐	安東權氏成化譜	1	36	b	
E104493	李種甫	이종보	Yi Chongbo			星州 李	 	安東權氏成化譜	1	36	b	
E300254	李釘堅	이정견	Yi Chŏnggyŏn			慶州 李		安東權氏成化譜	1	36	b	
E303267	李孟禧	이맹희	Yi Maenghŭi			全義 李	縣監	安東權氏成化譜	1	36	b	
E802717	成聃命	성담명	Sŏng Tammyŏng			昌寧 成		安東權氏成化譜	1	36	b	
E901912	成俊	성준	Sŏng Chun			昌寧 成	大司諫	安東權氏成化譜	1	36	b	
E901914	成仲溫	성중온	Sŏng Chungon			昌寧 成		安東權氏成化譜	1	36	b	
E901919	成季溫	성계온	Sŏng Kyeon			昌寧 成	 	安東權氏成化譜	1	36	b	
E902662	李季禧	이계희	Yi Kyehŭi	李繼禧		全義 李	縣監	安東權氏成化譜	1	36	b	
E903117	李復善	이복선	Yi Poksŏn			光州 李	注書	安東權氏成化譜	1	36	b	
E903912	金禮	김예동	Kim Yedong	金禮童		安東 金	主簿	安東權氏成化譜	1	36	b	
E904236	愼承命	신승명	Sin Sŭngmyŏng			居昌 愼		安東權氏成化譜	1	36	b	
EA02810	韓繼純	한계순	Han Kyesun			淸州 韓		安東權氏成化譜	1	36	b	
7a00ba1c-ab88-42b6-8c93-360e0ed2f27a	韓[日+耆]							安東權氏成化譜	1	37	a	
E104497	李中至	이중지	Yi Chungji	李仲至		鐵城 李	中樞	安東權氏成化譜	1	37	a	
E104499	李中正	이중정	Yi Chungjŏng	李仲正		鐵城 李	司直	安東權氏成化譜	1	37	a	
E104500	李處仁	이처인	Yi Ch'ŏin			鐵城 李		安東權氏成化譜	1	37	a	
E104501	李承元	이승원	Yi Sŭngwŏn			鐵城 李		安東權氏成化譜	1	37	a	
E104502	李承亨	이승형	Yi Sŭnghyŏng			鐵城 李		安東權氏成化譜	1	37	a	
E104503	李承常					鐵城 李		安東權氏成化譜	1	37	a	
E104504	李承貞					鐵城 李		安東權氏成化譜	1	37	a	
E104505	李處義	이처의	Yi Ch'ŏŭi			鐵城 李	郡事	安東權氏成化譜	1	37	a	
E104508	金華	김화	Kim Hwa			淸風 金	護軍	安東權氏成化譜	1	37	a	
E104510	王信	왕신	Wang Sin			開城 王	 	安東權氏成化譜	1	37	a	
E104511	王敬贊	왕경찬	Wang Kyŏngch'an			開城 王		安東權氏成化譜	1	37	a	
E104512	王敬臣	왕경신	Wang Kyŏngsin			開城 王	 	安東權氏成化譜	1	37	a	
E104515	辛師勉	신사면	Sin Samyŏn				郡守	安東權氏成化譜	1	37	a	
E104518	韓承舜					淸州 韓	府尹	安東權氏成化譜	1	37	a	
E104522	韓終孫	한종손	Han Chongson			淸州 韓	淸城君	安東權氏成化譜	1	37	a	
E201769	安吳生	안오생	An Osaeng			忠州 安		安東權氏成化譜	1	37	a	
E203266	崔源海	최원해	Ch'oe Wŏnhae			水原 崔		安東權氏成化譜	1	37	a	
E203517	韓㬢	한희	Han Hŭi			淸州 韓		安東權氏成化譜	1	37	a	
E204397	韓瑞龍	한서룡	Han Sŏryong			淸州 韓	中樞	安東權氏成化譜	1	37	a	
E300304	邊大海	변대해	Pyŏn Taehae			長淵 邊	判事	安東權氏成化譜	1	37	a	
E301394	韓仲倫	한중륜	Han Chungnyun			淸州 韓	司直	安東權氏成化譜	1	37	a	
E401577	金永濡	김영유	Kim Yŏngyu			慶州 金		安東權氏成化譜	1	37	a	
E402284	李懃	이근	Yi Kŭn			鐵城 李	判密直事	安東權氏成化譜	1	37	a	
E806256	韓曾	한증	Han Chŭng			淸州 韓		安東權氏成化譜	1	37	a	
E901660	李錫㱓					仁川 李		安東權氏成化譜	1	37	a	
E902134	韓萬孫	한만손	Han Manson			淸州 韓	大護軍	安東權氏成化譜	1	37	a	
E903286	韓千孫	한천손	Han Ch'ŏnson			淸州 韓	僉知	安東權氏成化譜	1	37	a	
EB01164	韓長孫	한장손	Han Changson			淸州 韓	縣監	安東權氏成化譜	1	37	a	
c6a26968-391b-4ad6-8804-10cd2483b01a	金怩					延安 金		安東權氏成化譜	1	37	b	
E102487	金士讓	김사양	Kim Sayang			安山 金	上將	安東權氏成化譜	1	37	b	
E104525	李繼忠	이계충	Yi Kyech'ung			仁川 李	郡事	安東權氏成化譜	1	37	b	
E104527	李仲生	이중생	Yi Chungsaeng			仁川 李	司正	安東權氏成化譜	1	37	b	
E104529	金舜文	김순문	Kim Sunmun				 	安東權氏成化譜	1	37	b	
E104531	金友臣	김우신	Kim Usin			延安 金	知事	安東權氏成化譜	1	37	b	
E104535	金愉	김유	Kim Yu				司正	安東權氏成化譜	1	37	b	
E104536	韓彦倫	한언륜	Han Ŏllyun			淸州 韓	參奉	安東權氏成化譜	1	37	b	
E104538	李崇孫	이숭손	Yi Sungson				 	安東權氏成化譜	1	37	b	
E201887	許琮	허종	Hŏ Chong			陽川 許		安東權氏成化譜	1	37	b	
E202489	金忻	김흔	Kim Hŭn	金訢		延安 金	佐郞	安東權氏成化譜	1	37	b	
E204232	韓瑞鳳	한서봉	Han Sŏbong			淸州 韓	正郞	安東權氏成化譜	1	37	b	
E303030	朴元良	박원량	Pak Wŏllyang			密陽 朴	 	安東權氏成化譜	1	37	b	
E504941	鄭文昌	정문창	Chŏng Munch'ang			延日 鄭		安東權氏成化譜	1	37	b	
E504943	李仁忠	이인충	Yi Inch'ung				 	安東權氏成化譜	1	37	b	
E802620	朴元溫	박원온	Pak Wŏnon			密陽 朴		安東權氏成化譜	1	37	b	
E900045	閔孝忻	민효흔	Min Hyohŭn			驪興 閔		安東權氏成化譜	1	37	b	
E903287	鄭錫拳	정석권	Chŏng Sŏkkwŏn			延日 鄭	錄事	安東權氏成化譜	1	37	b	
EB01388	朴元忠	박원충	Pak Wŏnch'ung			密陽 朴	判官	安東權氏成化譜	1	37	b	
EB01412	朴元懿					密陽 朴		安東權氏成化譜	1	37	b	
EB01423	朴元正					密陽 朴		安東權氏成化譜	1	37	b	
EB01447	朴元俊	박원준	Pak Wŏnjun			密陽 朴		安東權氏成化譜	1	37	b	
EC00372	朴審問	박심문	Pak Simmun			密陽 朴	正郞	安東權氏成化譜	1	37	b	
E100552	李亨門	이형문	Yi Hyŏngmun			德山 李		安東權氏成化譜	1	38	a	
E100912	金春卿	김춘경	Kim Ch'un'gyŏng			慶州 金	副正	安東權氏成化譜	1	38	a	
E101173	洪克治	홍극치	Hong Kŭkch'i			南陽 洪	司正	安東權氏成化譜	1	38	a	
E101902	李顯門	이현문	Yi Hyŏnmun			德山 李	忠順衛	安東權氏成化譜	1	38	a	
E104540	李益朴	이익박	Yi Ikpak	李益福		德山 李	府使	安東權氏成化譜	1	38	a	
E104541	李楷	이해	Yi Hae			德山 李	承仕郎	安東權氏成化譜	1	38	a	
E104542	李曾門	이증문	Yi Chŭngmun			德山 李	正郞	安東權氏成化譜	1	38	a	
E104546	李桓	이환	Yi Hwan			德山 李	都事	安東權氏成化譜	1	38	a	
E104547	李樑	이량	Yi Ryang			德山 李	縣監	安東權氏成化譜	1	38	a	
E104549	辛成聃	신성담	Sin Sŏngdam				生員	安東權氏成化譜	1	38	a	
E104550	洪禹緖	홍우서	Hong Usŏ			南陽 洪	司正	安東權氏成化譜	1	38	a	
E104551	洪㧞	홍원	Hong Wŏn	洪瑗		南陽 洪	 	安東權氏成化譜	1	38	a	
E104557	金備	김비	Kim Pi			延安 金	司正	安東權氏成化譜	1	38	a	
E104561	金世臣	김세신	Kim Sesin			延安 金	佐郞	安東權氏成化譜	1	38	a	
E104562	金寬	김관	Kim Kwan					安東權氏成化譜	1	38	a	
E104565	李希信	이희신	Yi Hŭisin				 	安東權氏成化譜	1	38	a	
E104566	李張訔	이장은	Yi Changŭn	李長誾			察訪	安東權氏成化譜	1	38	a	
E104570	金曾	김증	Kim Chŭng				主簿	安東權氏成化譜	1	38	a	
E201210	黃保身	황보신	Hwang Posin			長水 黃		安東權氏成化譜	1	38	a	
E202855	洪汝簡	홍여간	Hong Yŏgan			南陽 洪	縣監	安東權氏成化譜	1	38	a	
E301149	洪禹成	홍우성	Hong Usŏng			南陽 洪	直長	安東權氏成化譜	1	38	a	
E301150	洪汝剛	홍여강	Hong Yŏgang			南陽 洪	監正	安東權氏成化譜	1	38	a	
E303247	辛自金	신자금	Sin Chagŭm	辛自欽		靈山 辛	護軍	安東權氏成化譜	1	38	a	
E400568	洪潛	홍잠	Hong Cham			南陽 洪	檢參贊	安東權氏成化譜	1	38	a	
E806442	李琿門	이휘문	Yi Hwimun	李輝門		德山 李	 	安東權氏成化譜	1	38	a	
E806443	洪泰山	홍태산	Hong T'aesan			南陽 洪	 	安東權氏成化譜	1	38	a	
E902504	金孝卿	김효경	Kim Hyogyŏng			慶州 金	司直	安東權氏成化譜	1	38	a	
E903370	金仁民	김인민	Kim Inmin	金天民		慶州 金	判校	安東權氏成化譜	1	38	a	
E903383	金夏卿	김하경	Kim Hagyŏng			慶州 金		安東權氏成化譜	1	38	a	
E903404	金正卿	김정경	Kim Chŏnggyŏng			慶州 金		安東權氏成化譜	1	38	a	
E903408	張賢孫	장현손	Chang Hyŏnson				萬戶	安東權氏成化譜	1	38	a	
E100626	洪萬齡	홍만령	Hong Mallyŏng			南陽 洪		安東權氏成化譜	1	38	b	
E100917	金震	김진	Kim Chin			光州 金		安東權氏成化譜	1	38	b	
E102944	尹俶	윤숙	Yun Suk			坡平 尹	司果	安東權氏成化譜	1	38	b	
E104571	洪億齡	홍억령	Hong Ŏngnyŏng			南陽 洪	 	安東權氏成化譜	1	38	b	
E104575	洪禹傅	홍우부	Hong Ubu			南陽 洪	萬戶	安東權氏成化譜	1	38	b	
E104577	金瑞珍	김서진	Kim Sŏjin	金瑞陳		豊山 金	判事	安東權氏成化譜	1	38	b	
E104585	洪永智	홍영지	Hong Yŏngji			南陽 洪		安東權氏成化譜	1	38	b	
E104587	鄭懽	정환	Chŏng Hwan				生員	安東權氏成化譜	1	38	b	
E104618	尹希齊	윤희제	Yun Hŭije			坡平 尹	檢判漢城事	安東權氏成化譜	1	38	b	
E104619	尹坰	윤경	Yun Kyŏng			坡平 尹	郡事	安東權氏成化譜	1	38	b	
E104620	尹輔商	윤보상	Yun Posang			坡平 尹	護軍	安東權氏成化譜	1	38	b	
E104623	郭承球	곽승구	Kwak Sŭnggu					安東權氏成化譜	1	38	b	The name was filled using KJB 4.82b.
E104628	尹弼商	윤필상	Yun P'ilsang			坡平 尹	贊成	安東權氏成化譜	1	38	b	
E104631	尹佑商	윤우상	Yun Usang			坡平 尹	 	安東權氏成化譜	1	38	b	
E104637	尹興商	윤흥상	Yun Hŭngsang			坡平 尹		安東權氏成化譜	1	38	b	
E104639	李末中	이말동	Yi Maldong	李末童				安東權氏成化譜	1	38	b	
E303233	辛自鋥	신자정	Sin Chajŏng			靈山 辛	別坐	安東權氏成化譜	1	38	b	
E400371	李原	이원	Yi Wŏn			鐵城 李	鐵城府院君	安東權氏成化譜	1	38	b	
E400374	李義文	이의문	Yi Ŭimun				 	安東權氏成化譜	1	38	b	
E806464	洪義孫	홍의손	Hong Ŭison			南陽 洪		安東權氏成化譜	1	38	b	
E806582	尹侃	윤간	Yun Kan			坡平 尹	監察	安東權氏成化譜	1	38	b	
E806644	辛祖義	신조의	Sin Choŭi			靈山 辛		安東權氏成化譜	1	38	b	
E806668	池浚	지준	Chi Chun			忠州 池	參軍	安東權氏成化譜	1	38	b	
EA01306	洪永孝	홍영효	Hong Yŏnghyo			南陽 洪	司直	安東權氏成化譜	1	38	b	
816532e4-eaed-42cb-8b14-6f5ee2c57058	尹[石+廉]					坡平 尹		安東權氏成化譜	1	39	a	
b0571644-e72b-4430-893c-69d5f67c9bb8	尹砥					坡平 尹		安東權氏成化譜	1	39	a	
b16a5fa3-3108-45fd-aca6-f987a3ca28f5	尹磪					坡平 尹		安東權氏成化譜	1	39	a	
E104034	李皎然	이교연	Yi Kyoyŏn			鐵城 李		安東權氏成化譜	1	39	a	
E104640	尹師路	윤사로	Yun Saro			坡平 尹	鈴川府院君	安東權氏成化譜	1	39	a	
E104644	尹師有	윤사유	Yun Sayu			坡平 尹	郡事	安東權氏成化譜	1	39	a	
E104648	尹師淵	윤사연	Yun Sayŏn			坡平 尹	司直	安東權氏成化譜	1	39	a	
E104651	尹師孟	윤사맹	Yun Samaeng			坡平 尹	司果	安東權氏成化譜	1	39	a	
E104652	尹增	윤증	Yun Chŭng			坡平 尹	大護軍	安東權氏成化譜	1	39	a	
E205571	尹礇	윤욱	Yun Uk			坡平 尹	修義副尉	安東權氏成化譜	1	39	a	
E206434	尹礪					坡平 尹		安東權氏成化譜	1	39	a	
E401444	尹師夏	윤사하	Yun Saha			坡平 尹	經歷	安東權氏成化譜	1	39	a	
E401445	尹垠	윤은	Yun Ŭn			坡平 尹	判牧使	安東權氏成化譜	1	39	a	
E806681	尹磻					坡平 尹	鈴川君	安東權氏成化譜	1	39	a	
E904096	尹師晳	윤사석	Yun Sasŏk			坡平 尹	熏執義	安東權氏成化譜	1	39	a	
EA00379	尹師華	윤사화	Yun Sahwa			坡平 尹	上護軍	安東權氏成化譜	1	39	a	
EA02735	尹磷	윤린	Yun Rin			坡平 尹	宣傳言	安東權氏成化譜	1	39	a	
EB03071	金言愼	김언신	Kim Ŏnsin	金彦愼		道康 金		安東權氏成化譜	1	39	a	
EC00536	金琚	김거	Kim Kŏ			光州 金	縣監	安東權氏成化譜	1	39	a	
EC00549	李喜孫	이연	Yi Yŏn	李連		全州 李		安東權氏成化譜	1	39	a	
EC01539	金閏姜	김민강	Kim Min'gang	金閔姜		慶州 金		安東權氏成化譜	1	39	a	
EC01541	金繼田	김계전	Kim Kyejŏn			慶州 金		安東權氏成化譜	1	39	a	
EC01543	金仁門	김인문	Kim Inmun			凞川 金	縣監	安東權氏成化譜	1	39	a	
EC02118	尹羽	윤취은	Yun Ch'wiŭn	尹就殷		咸安 尹	 	安東權氏成化譜	1	39	a	
E000801	李孟淳	이맹순	Yi Maengsun			星山 李	部將	安東權氏成化譜	1	39	b	
E101994	南孝溫	남효온	Nam Hyoon			宜寧 南	 	安東權氏成化譜	1	39	b	
E104660	尹師殷	윤사은	Yun Saŭn			坡平 尹	都事	安東權氏成化譜	1	39	b	
E104667	李楫	이즙	Yi Chŭp				縣令	安東權氏成化譜	1	39	b	
E104673	尹壎	윤훈	Yun Hun			坡平 尹	牧使	安東權氏成化譜	1	39	b	
E104687	洪孟阜	홍맹부	Hong Maengbu			南陽 洪		安東權氏成化譜	1	39	b	
E104689	崔庵	최암	Ch'oe Am			江陵 崔	郡事	安東權氏成化譜	1	39	b	
E104694	洪保正	홍보정	Hong Pojŏng	洪保定		南陽 洪	司猛	安東權氏成化譜	1	39	b	
E104696	李昌祖	이창조	Yi Ch'angjo				 	安東權氏成化譜	1	39	b	
E104698	南份	남빈	Nam Pin				主簿	安東權氏成化譜	1	39	b	
E104701	洪季阜	홍계부	Hong Kyebu			南陽 洪		安東權氏成化譜	1	39	b	
E104709	南致孝	남치효	Nam Ch'ihyo			宜寧 南	 	安東權氏成化譜	1	39	b	
E104727	權漢生	권한생	Kwŏn Hansaeng					安東權氏成化譜	1	39	b	
E104728	洪孝理	홍효리	Hong Hyori			南陽 洪	 	安東權氏成化譜	1	39	b	
E104729	洪孝瑛	홍효영	Hong Hyoyŏng			南陽 洪	 	安東權氏成化譜	1	39	b	
E104741	李潤	이윤	Yi Yun			星山 李	縣監	安東權氏成化譜	1	39	b	
E104757	金嶙	김린	Kim Rin			延安 金	學諭	安東權氏成化譜	1	39	b	
E206028	金伋	김급	Kim Kŭp	金仍			郡事	安東權氏成化譜	1	39	b	
E206049	姜利仁	강이인	Kang Iin			晋州 姜		安東權氏成化譜	1	39	b	
E206227	成顧	성삼고	Sŏng Samgo	成三顧		昌寧 成	 	安東權氏成化譜	1	39	b	
E304881	尹師周	윤사주	Yun Saju			坡平 尹		安東權氏成化譜	1	39	b	
E400994	洪汝溫	홍여온	Hong Yŏon			南陽 洪	司正	安東權氏成化譜	1	39	b	
E401053	洪叔阜	홍숙부	Hong Sukpu			南陽 洪	生員	安東權氏成化譜	1	39	b	
E401054	洪汝恭	홍여공	Hong Yŏgong			南陽 洪	縣監	安東權氏成化譜	1	39	b	
E901563	尹師點	윤사점	Yun Sajŏm			坡平 尹	司正	安東權氏成化譜	1	39	b	
E902315	許逕	허경	Hŏ Kyŏng			陽川 許		安東權氏成化譜	1	39	b	
E903221	尹師商	윤사상	Yun Sasang			坡平 尹	直長	安東權氏成化譜	1	39	b	
EA04314	吳伯翁	오백옹	O Paegong				 	安東權氏成化譜	1	39	b	
EB03161	金偁	김칭	Kim Ch'ing			慶州 金		安東權氏成化譜	1	39	b	
D400345	元倜	원척	Wŏn Ch'ŏk			原州 元	左尹	安東權氏成化譜	1	40	a	
D400348	元信	원신	Wŏn Sin			原州 元	典書	安東權氏成化譜	1	40	a	
E102288	李仲淳	이중순	Yi Chungsun			星山 李	 	安東權氏成化譜	1	40	a	
E104040	金石隅	김맹우	Kim Maengu	金孟愚		延安 金		安東權氏成化譜	1	40	a	
E104745	盧信東	노신동	No Sindong				 	安東權氏成化譜	1	40	a	
E104746	李季淳	이계순	Yi Kyesun			星山 李	 	安東權氏成化譜	1	40	a	
E104747	李末淳	이의순	Yi Ŭisun	李義淳		星山 李	 	安東權氏成化譜	1	40	a	
E104749	李伯淳	이예순	Yi Yesun	李禮淳		星山 李	 	安東權氏成化譜	1	40	a	
E104752	李叔淳	이숙순	Yi Suksun			星山 李	 	安東權氏成化譜	1	40	a	
E104759	金克孝	김극효	Kim Kŭkhyo			延安 金	部令	安東權氏成化譜	1	40	a	
E104760	金巖	김암	Kim Am			延安 金	部令	安東權氏成化譜	1	40	a	
E104766	金鐵隅	김중우	Kim Chungu	金仲愚		延安 金	 	安東權氏成化譜	1	40	a	
E104784	金億年	김억년	Kim Ŏngnyŏn			延安 金	 	安東權氏成化譜	1	40	a	
E104785	金嶟	김준	Kim Chun			延安 金	主簿	安東權氏成化譜	1	40	a	
E104786	金繼尹	김계윤	Kim Kyeyun			延安 金	 	安東權氏成化譜	1	40	a	
E202534	金澄	김징	Kim Ching			延安 金		安東權氏成化譜	1	40	a	
E206216	成三問	성삼문	Sŏng Sammun			昌寧 成		安東權氏成化譜	1	40	a	
E400347	鄭自厚	정자후	Chŏng Chahu				萬戶	安東權氏成化譜	1	40	a	
E400353	魯乙卿	노을경	No Ŭlgyŏng				司正	安東權氏成化譜	1	40	a	
E603676	金珊隅			金季愚		延安 金		安東權氏成化譜	1	40	a	
E700934	金波	김파	Kim P'a			延安 金	 	安東權氏成化譜	1	40	a	
E902386	鄭居忠	정거충	Chŏng Kŏch'ung				 	安東權氏成化譜	1	40	a	
E902387	鄭居孝	정거효	Chŏng Kŏhyo				上護軍	安東權氏成化譜	1	40	a	
E902388	鄭仁商	정인상	Chŏng Insang				司正	安東權氏成化譜	1	40	a	
E902389	魯德生	노덕생	No Tŏksaeng				司直	安東權氏成化譜	1	40	a	
E902391	金鬯						 	安東權氏成化譜	1	40	a	
E904079	金嵩	김숭	Kim Sung			延安 金	縣監	安東權氏成化譜	1	40	a	
E104791	廉繼興	염계흥	Yŏm Kyehŭng			瑞原 廉	司正	安東權氏成化譜	1	40	b	
E104792	廉義	염의	Yŏm Ŭi			瑞原 廉	通善郎	安東權氏成化譜	1	40	b	
E104794	都繼潔	도계결	To Kyegyŏl				訓導	安東權氏成化譜	1	40	b	
E104796	裴可得	배가득	Pae Kadŭk				部令	安東權氏成化譜	1	40	b	
E104798	閔次顯	민차현	Min Ch'ahyŏn				大護軍	安東權氏成化譜	1	40	b	
E104801	裴貴山	배귀산	Pae Kwisan				武擧	安東權氏成化譜	1	40	b	
E104802	裴貴鐵	배귀철	Pae Kwich'ŏl				 	安東權氏成化譜	1	40	b	
E104803	裴貴寧	배귀녕	Pae Kwinyŏng				司正	安東權氏成化譜	1	40	b	
E104804	廉孝興	염효흥	Yŏm Hyohŭng			瑞原 廉	 	安東權氏成化譜	1	40	b	
E104808	金明陽	김명양	Kim Myŏngyang				縣監	安東權氏成化譜	1	40	b	
E104809	金龜壽	김귀수	Kim Kwisu				別侍	安東權氏成化譜	1	40	b	
E104810	金士南	김사남	Kim Sanam				 	安東權氏成化譜	1	40	b	
E104813	金龜岭	김귀령	Kim Kwiryŏng	金龜齡			別侍	安東權氏成化譜	1	40	b	
E104814	金種	김종	Kim Chong				 	安東權氏成化譜	1	40	b	
E104817	金尙智	김상지	Kim Sangji				 	安東權氏成化譜	1	40	b	
E104818	金允	김윤	Kim Yun				訓導	安東權氏成化譜	1	40	b	
E104821	姜文會	강문회	Kang Munhoe	姜文淮			正字	安東權氏成化譜	1	40	b	
E104823	廉剋己	염극기	Yŏm Kŭkki			瑞原 廉	 	安東權氏成化譜	1	40	b	
E104825	宋寶	송보	Song Po				司直	安東權氏成化譜	1	40	b	
E104828	朴佐命	박좌명	Pak Chwamyŏng			羅州 朴	部令	安東權氏成化譜	1	40	b	
E104830	尹屑	윤설	Yun Sŏl				縣監	安東權氏成化譜	1	40	b	
E104831	尹自雲	윤자운	Yun Chaun				 	安東權氏成化譜	1	40	b	
E104832	尹自水	윤자수	Yun Chasu				 	安東權氏成化譜	1	40	b	
E104834	李種	이종	Yi Chong				府使	安東權氏成化譜	1	40	b	
E104835	李裕生	이유생	Yi Yusaeng				錄事	安東權氏成化譜	1	40	b	
E400998	閔麟生	민인생	Min Insaeng			驪興 閔		安東權氏成化譜	1	40	b	
E402296	廉子善	염자선	Yŏm Chasŏn			瑞原 廉	陵直	安東權氏成化譜	1	40	b	
E402297	廉析	염탁	Yŏm T'ak			瑞原 廉	 	安東權氏成化譜	1	40	b	
E402299	朴尙綱	박상강	Pak Sanggang			羅州 朴		安東權氏成化譜	1	40	b	
E402301	王綱	왕강	Wang Kang				 	安東權氏成化譜	1	40	b	
D400336	李崇仁	이숭인	Yi Sungin			星州 李	提學	安東權氏成化譜	1	41	a	
E104857	李義生					全州 李	元尹	安東權氏成化譜	1	41	a	錦平君
E402304	洪寅	홍인	Hong In			南陽 洪	益正	安東權氏成化譜	1	41	a	
E402305	洪叔			洪宿		南陽 洪	司直	安東權氏成化譜	1	41	a	
E402306	洪寬	홍관	Hong Kwan			南陽 洪	 	安東權氏成化譜	1	41	a	
E502831	韓仲厚	한중후	Han Chunghu			漢陽 韓	司直	安東權氏成化譜	1	41	a	
E502833	韓叔厚	한숙후	Han Sukhu			漢陽 韓	僉知	安東權氏成化譜	1	41	a	
E902274	韓天童	한천동	Han Ch'ŏndong			漢陽 韓	判事	安東權氏成化譜	1	41	a	
E902275	韓貽永	한이영	Han Iyŏng			漢陽 韓	正郞	安東權氏成化譜	1	41	a	
E902277	韓堅	한견	Han Kyŏn			漢陽 韓	判官	安東權氏成化譜	1	41	a	
E902280	金景光					光州 金	主簿	安東權氏成化譜	1	41	a	
E902282	崔永孫	최영손	Ch'oe Yŏngson				 	安東權氏成化譜	1	41	a	
E902284	辛福聃	신복담	Sin Poktam			靈山 辛		安東權氏成化譜	1	41	a	
E902286	崔倫	최륜	Ch'oe Ryun				縣監	安東權氏成化譜	1	41	a	
E201177	黃事孝	황사효	Hwang Sahyo	黃事長		長水 黃		安東權氏成化譜	1	41	b	
E203063	許岩	허암	Hŏ Am	許岩		陽川 許		安東權氏成化譜	1	41	b	
E502838	黃汀	황정	Hwang Chŏng			懷德 黃	錄事	安東權氏成化譜	1	41	b	
E502855	許崇	허숭	Hŏ Sung			陽川 許	司直	安東權氏成化譜	1	41	b	
E502878	許峻	허준	Hŏ Chun			陽川 許	郡守	安東權氏成化譜	1	41	b	
E902290	黃子厚	황자후	Hwang Chahu			懷德 黃	中樞	安東權氏成化譜	1	41	b	
E902291	黃裕	황유	Hwang Yu			懷德 黃	懷川尉	安東權氏成化譜	1	41	b	
E902294	黃浩	황호	Hwang Ho			懷德 黃	監察	安東權氏成化譜	1	41	b	
E902295	黃沼					懷德 黃	 	安東權氏成化譜	1	41	b	
E902298	許該	허해	Hŏ Hae			陽川 許	仁順府尹	安東權氏成化譜	1	41	b	
E902299	許綿	허면	Hŏ Myŏn			陽川 許	副正	安東權氏成化譜	1	41	b	
E902301	許連	허련	Hŏ Ryŏn			陽川 許	錄事	安東權氏成化譜	1	41	b	
E902303	閔愷	민개	Min Kae				司正	安東權氏成化譜	1	41	b	
E902305	崔和美	최화미	Ch'oe Hwami				別提	安東權氏成化譜	1	41	b	
E902307	李長孫	이장손	Yi Changson				僉知	安東權氏成化譜	1	41	b	
E902309	金日知	김일지	Kim Ilchi	金自知		慶州 金	郡守	安東權氏成化譜	1	41	b	
E902311	李叔生	이숙생	Yi Suksaeng	李淑生		星州 李	僉知	安東權氏成化譜	1	41	b	
E902312	金粹正	김수정	Kim Sujŏng			慶州 金	萬戶	安東權氏成化譜	1	41	b	
E902313	金粹礪	김수려	Kim Suryŏ			慶州 金	 	安東權氏成化譜	1	41	b	
E902314	金南景	김남경	Kim Namgyŏng			慶州 金	 	安東權氏成化譜	1	41	b	
E902317	許逕	허규	Hŏ Kyu			陽川 許	生員	安東權氏成化譜	1	41	b	
E902318	許迪	허적	Hŏ Chŏk			陽川 許	掌令	安東權氏成化譜	1	41	b	
E902321	李徵	이징	Yi Ching			羽溪 李		安東權氏成化譜	1	41	b	
E902323	李均	이균	Yi Kyun			韓山 李		安東權氏成化譜	1	41	b	
EB04102	黃沚	황지	Hwang Chi				 	安東權氏成化譜	1	41	b	
E000863	朴根孫	박근손	Pak Kŭnson			密陽 朴	奉事	安東權氏成化譜	1	42	a	
E100321	金澕	김화	Kim Hwa			永同 金		安東權氏成化譜	1	42	a	
E201215	黃友兄	황우형	Hwang Uhyŏng			長水 黃		安東權氏成化譜	1	42	a	
E402342	李次	이차점	Yi Ch'ajŏm	李次點		星州 李	暑令	安東權氏成化譜	1	42	a	
E502903	朴楨孫	박정손	Pak Chŏngson			密陽 朴	司直	安東權氏成化譜	1	42	a	
E502920	洪任	홍임	Hong Im			南陽 洪	僉知	安東權氏成化譜	1	42	a	
E902326	許遂			許達		陽川 許	司直	安東權氏成化譜	1	42	a	
E902327	許鉄柱					陽川 許		安東權氏成化譜	1	42	a	
E902329	朴訥生	박눌생	Pak Nulsaeng			密陽 朴	判事	安東權氏成化譜	1	42	a	
E902332	朴景愼	박경신	Pak Kyŏngsin			密陽 朴	護軍	安東權氏成化譜	1	42	a	
E902334	朴終末	박매손	Pak Maeson	朴枚孫		密陽 朴	 	安東權氏成化譜	1	42	a	
E902337	尹誠	윤성	Yun Sŏng			坡平 尹	 	安東權氏成化譜	1	42	a	
E902338	尹淑	윤숙	Yun Suk			坡平 尹	判官	安東權氏成化譜	1	42	a	
E902339	李次若	이차약	Yi Ch'ayak			星州 李	郡事	安東權氏成化譜	1	42	a	
E902340	李仙根	이선근	Yi Sŏn'gŭn			星州 李	郡事	安東權氏成化譜	1	42	a	
E902341	李繼	이계	Yi Kye				通贊	安東權氏成化譜	1	42	a	
E902343	李樹庭	이수정	Yi Sujŏng				護軍	安東權氏成化譜	1	42	a	
E902344	李技庭	이기정	Yi Kijŏng				通贊	安東權氏成化譜	1	42	a	
E902346	金渾	김혼	Kim Hon				通贊	安東權氏成化譜	1	42	a	
E902347	李壽山	이수산	Yi Susan			星州 李	通贊	安東權氏成化譜	1	42	a	
E902353	李仙幹	이선간	Yi Sŏn'gan			星州 李		安東權氏成化譜	1	42	a	
E902355	李末同	이말동	Yi Maldong			星州 李	護軍	安東權氏成化譜	1	42	a	
E902356	李次騫	이차건	Yi Ch'agŏn			星州 李		安東權氏成化譜	1	42	a	
E902357	李次參	이차삼	Yi Ch'asam			星州 李	殿直	安東權氏成化譜	1	42	a	
E902359	李思孝	이사효	Yi Sahyo			星州 李	 	安東權氏成化譜	1	42	a	
EA01517	洪淀	홍정	Hong Chŏng			南陽 洪		安東權氏成化譜	1	42	a	
EB00317	柳孝中	유효중	Yu Hyojung	柳孝仲		文化 柳	暑令	安東權氏成化譜	1	42	a	
E102329	蔡允恭	채윤공	Ch'ae Yun'gong			平康 蔡	別坐	安東權氏成化譜	1	42	b	
E102691	鄭允愼	정윤신	Chŏng Yunsin			草溪 鄭	牧使	安東權氏成化譜	1	42	b	
E104858	蔡疇	채주	Ch'ae Chu			平康 蔡	敎導	安東權氏成化譜	1	42	b	
E104859	蔡致仁	채치인	Ch'ae Ch'iin			平康 蔡	判官	安東權氏成化譜	1	42	b	
E104866	蔡允信	채윤신	Ch'ae Yunsin			平康 蔡	別提	安東權氏成化譜	1	42	b	
E104871	蔡允惠	채윤혜	Ch'ae Yunhye			平康 蔡		安東權氏成化譜	1	42	b	
E104872	蔡允文	채윤문	Ch'ae Yunmun			平康 蔡	 	安東權氏成化譜	1	42	b	
E104873	蔡碩卿					平康 蔡	正字	安東權氏成化譜	1	42	b	
E104880	兪卿老	유경로	Yu Kyŏngno				縣監	安東權氏成化譜	1	42	b	
E104881	金俊德	김준덕	Kim Chundŏk			善山 金	判事	安東權氏成化譜	1	42	b	
E104883	鄭謙	정겸	Chŏng Kyŏm			草溪 鄭	縣監	安東權氏成化譜	1	42	b	
E104884	鄭譚	정담	Chŏng Tam			草溪 鄭	直長	安東權氏成化譜	1	42	b	
E104891	金銓	김전	Kim Chŏn					安東權氏成化譜	1	42	b	
E104903	辛繼祖	신계조	Sin Kyejo			靈山 辛	檢參判	安東權氏成化譜	1	42	b	
E201020	楊子淳	양자순	Yang Chasun			淸州 楊		安東權氏成化譜	1	42	b	
E201264	黃守身	황수신	Hwang Susin			長水 黃		安東權氏成化譜	1	42	b	
E202065	柳霔	유주	Yu Chu			文化 柳	縣監	安東權氏成化譜	1	42	b	
E204096	鄭謜	정원	Chŏng Wŏn			草溪 鄭		安東權氏成化譜	1	42	b	
E301529	鄭詮	정전	Chŏng Chŏn			草溪 鄭	司直	安東權氏成化譜	1	42	b	
E402308	蔡安敬	채안경	Ch'ae An'gyŏng			平康 蔡	祗候	安東權氏成化譜	1	42	b	
E402310	鄭賡	정갱	Chŏng Kaeng			草溪 鄭	大將軍	安東權氏成化譜	1	42	b	
E402658	鄭發	정발	Chŏng Pal			草溪 鄭	中樞	安東權氏成化譜	1	42	b	
E802656	蔡允敏	채윤민	Ch'ae Yunmin			平康 蔡		安東權氏成化譜	1	42	b	
E904284	曺瑞	조서	Cho Sŏ			昌寧 曺	進士	安東權氏成化譜	1	42	b	
EA01886	蔡致義	채치의	Ch'ae Ch'iŭi			平康 蔡	 	安東權氏成化譜	1	42	b	
EB01503	辛厚聃	신후담	Sin Hudam			靈山 辛	彰信校尉	安東權氏成化譜	1	42	b	
EB01818	蔡允寬	채윤관	Ch'ae Yun'gwan			平康 蔡		安東權氏成化譜	1	42	b	
E101418	沈安信					靑松 沈	奉事	安東權氏成化譜	1	43	a	
E101630	辛從聃	신종담	Sin Chongdam			靈山 辛	進士	安東權氏成化譜	1	43	a	
E101906	沈安禮	심안례	Sim Allye			靑松 沈	直長	安東權氏成化譜	1	43	a	
E300199	沈安仁	심안인	Sim Anin			靑松 沈	僉正	安東權氏成化譜	1	43	a	
E303978	鄭誼	정의	Chŏng Ŭi			草溪 鄭		安東權氏成化譜	1	43	a	
E502870	芮忠年	예충년	Ye Ch'ungnyŏn			缶溪 芮	司正	安東權氏成化譜	1	43	a	
E600000	朴衡文	박형문	Pak Hyŏngmun			忠州 朴		安東權氏成化譜	1	43	a	
EA02184	李淳	이순	Yi Sun			韓山 李		安東權氏成化譜	1	43	a	
EA02869	鄭允愊	정윤핍	Chŏng Yunp'ip	鄭允福		草溪 鄭	僉知	安東權氏成化譜	1	43	a	
EB02824	吳山老	오산로	O Sallo				內直	安東權氏成化譜	1	43	a	
EB02826	李義亨	김의형	Kim Ŭihyŏng	金義亨		江陵 金	正郞	安東權氏成化譜	1	43	a	
EB02841	沈璿	심선	Sim Sŏn			靑松 沈	觀察使	安東權氏成化譜	1	43	a	
EB02844	沈安義	심안의	Sim Anŭi			靑松 沈	靑城尉	安東權氏成化譜	1	43	a	
EB02857	鄭訓	정훈	Chŏng Hun			草溪 鄭	宣傳官	安東權氏成化譜	1	43	a	
EB02871	鄭讚	정찬	Chŏng Ch'an			草溪 鄭	護軍	安東權氏成化譜	1	43	a	
EB02886	金恥	김치	Kim Ch'i				參奉	安東權氏成化譜	1	43	a	
D301274	洪彛	홍이	Hong I			南陽 洪	親從	安東權氏成化譜	1	43	b	
E000148	金乙辛	김을신	Kim Ŭlsin			原州 金		安東權氏成化譜	1	43	b	
E000416	吳召南	오소남	O Sonam				奉禮	安東權氏成化譜	1	43	b	
E000418	宋元年	송원년	Song Wŏnnyŏn			礪山 宋		安東權氏成化譜	1	43	b	
E000419	吳孝綿	오효면	O Hyomyŏn				 	安東權氏成化譜	1	43	b	
E000420	吳孝永	오효영	O Hyoyŏng				 	安東權氏成化譜	1	43	b	
E203589	李淑琦	이숙기	Yi Sukki			延安 李		安東權氏成化譜	1	43	b	
E301272	洪仁老	홍인로	Hong Illo			南陽 洪	少尹	安東權氏成化譜	1	43	b	
E401078	柳龍生	유용생	Yu Yongsaeng			晋州 柳	判書	安東權氏成化譜	1	43	b	
E402312	趙勉	조면	Cho Myŏn			白川 趙	宰臣	安東權氏成化譜	1	43	b	
EA03933	金仲衡	김중형	Kim Chunghyŏng			江陵 金	僉正	安東權氏成化譜	1	43	b	
EB02879	鄭訥	정호	Chŏng Ho	鄭護		草溪 鄭		安東權氏成化譜	1	43	b	
EB02899	鄭允惐						府使	安東權氏成化譜	1	43	b	
EB02900	趙偁						郡事	安東權氏成化譜	1	43	b	
EB02902	鄭讓	정양	Chŏng Yang			草溪 鄭		安東權氏成化譜	1	43	b	
EB02904	鄭譓	정혜	Chŏng Hye					安東權氏成化譜	1	43	b	
EB02912	鄭認	정인	Chŏng In			草溪 鄭		安東權氏成化譜	1	43	b	
EB02935	趙把生	조파생	Cho P'asaeng				正郞	安東權氏成化譜	1	43	b	
EB02937	許達	허달	Hŏ Tal				判書	安東權氏成化譜	1	43	b	
EB02938	洪福從	홍복종	Hong Pokchong			南陽 洪	主簿	安東權氏成化譜	1	43	b	
EB02939	洪九叙	홍구서	Hong Kusŏ			南陽 洪		安東權氏成化譜	1	43	b	
EB02943	宣孝老	선효노	Sŏn Hyono			寶城 宣	主簿	安東權氏成化譜	1	43	b	
EB02947	洪吉從	홍길종	Hong Kilchong			南陽 洪	司正	安東權氏成化譜	1	43	b	
EB02949	安續	안속	An Sok				護軍	安東權氏成化譜	1	43	b	
EB02956	洪演孫					南陽 洪		安東權氏成化譜	1	43	b	
E100734	宋萬達	송만달	Song Mandal			礪山 宋	府使	安東權氏成化譜	1	44	a	
E103730	宋軼					礪山 宋		安東權氏成化譜	1	44	a	
E304673	權守精	권수정	Kwŏn Sujŏng			安東 權	 	安東權氏成化譜	1	44	a	
E400874	宋恭孫	송공손	Song Kongson			礪山 宋	上護軍	安東權氏成化譜	1	44	a	
E903379	金孟勳	김맹훈	Kim Maenghun			慶州 金		安東權氏成化譜	1	44	a	
EA03541	柳連孫	유연손	Yu Yŏnson			文化 柳		安東權氏成化譜	1	44	a	
EA03559	柳末孫	유말손	Yu Malson			文化 柳	 	安東權氏成化譜	1	44	a	
EA04321	柳允昌	유윤창	Yu Yunch'ang			文化 柳	 	安東權氏成化譜	1	44	a	
EB00961	洪慶從	홍경종	Hong Kyŏngjong			南陽 洪	 	安東權氏成化譜	1	44	a	
EB02966	宋碩孫	송석손	Song Sŏkson			礪山 宋	府使	安東權氏成化譜	1	44	a	
EB02967	宋軸	송축	Song Ch'uk			礪山 宋		安東權氏成化譜	1	44	a	
EB02968	宋軾	송식	Song Sik			礪山 宋	生員	安東權氏成化譜	1	44	a	
EB02977	洪瑞從	홍서종	Hong Sŏjong			南陽 洪	郡事	安東權氏成化譜	1	44	a	
EB02978	洪性孫	홍성손	Hong Sŏngson			南陽 洪		安東權氏成化譜	1	44	a	
EB02986	曹亨孫	조형손	Cho Hyŏngson				判官	安東權氏成化譜	1	44	a	
EB02991	洪德從					南陽 洪		安東權氏成化譜	1	44	a	
EB02994	洪義老	홍의로	Hong Ŭiro			南陽 洪	上護軍	安東權氏成化譜	1	44	a	
EB02995	洪治	홍치	Hong Ch'i			南陽 洪	縣監	安東權氏成化譜	1	44	a	The source says □□ for reasons unknown. The name was filled using another genealogy.
EB02998	朴樞	박추	Pak Ch'u				主簿	安東權氏成化譜	1	44	a	
EB02999	洪忭	홍변	Hong Pyŏn			南陽 洪	上護軍	安東權氏成化譜	1	44	a	
EB03000	洪順孫	홍순손	Hong Sunson			南陽 洪	僉知中樞	安東權氏成化譜	1	44	a	
EB03001	洪慓					南陽 洪	僉知	安東權氏成化譜	1	44	a	
0197f399-6b5e-7917-8d4a-efa8dd36153b	朴栴					密陽 朴	僉正	安東權氏成化譜	1	44	b	
D402314	洪倫	홍륜	Hong Ryun			南陽 洪	 	安東權氏成化譜	1	44	b	
E100432	安㩘	안의	An Ŭi			順興 安		安東權氏成化譜	1	44	b	
E101484	安進	안진	An Chin			順興 安	同知敦寧府	安東權氏成化譜	1	44	b	
E200854	柳孝章	유효장	Yu Hyojang			文化 柳	佐郞	安東權氏成化譜	1	44	b	
E205395	洪孝達	홍효달	Hong Hyodal			南陽 洪	司直	安東權氏成化譜	1	44	b	
E401470	李衍基	이연기	Yi Yŏn'gi			韓山 李		安東權氏成化譜	1	44	b	
E401472	安從信	안종신	An Chongsin			順興 安	經歷	安東權氏成化譜	1	44	b	
E402315	洪恕	홍서	Hong Sŏ			南陽 洪	南陽君	安東權氏成化譜	1	44	b	
E706044	洪錫	홍석	Hong Sŏk			南陽 洪	南城君	安東權氏成化譜	1	44	b	
E904107	崔允庸	최윤용	Ch'oe Yunyong			全州 崔		安東權氏成化譜	1	44	b	
E904191	安扔	안잉	An Ing			順興 安	署令	安東權氏成化譜	1	44	b	
E904193	安拊	안부	An Pu			順興 安	 	安東權氏成化譜	1	44	b	
E904195	安瑾	안근	An Kŭn			順興 安	護軍	安東權氏成化譜	1	44	b	
E904198	安擢	안탁	An T'ak			順興 安	司勇	安東權氏成化譜	1	44	b	
EB01243	朴大孫	박대손	Pak Taeson			密陽 朴	節制使	安東權氏成化譜	1	44	b	
EB01245	朴仲孫	박중손	Pak Chungson			密陽 朴	參贊 密山君	安東權氏成化譜	1	44	b	
EB01248	李瓔					全州 李	和義君	安東權氏成化譜	1	44	b	
EB01259	朴楣	박미	Pak Mi			密陽 朴	監正	安東權氏成化譜	1	44	b	
EB01284	朴楗	박건	Pak Kŏn			密陽 朴	觀察使	安東權氏成化譜	1	44	b	
EB01297	柳塢	유오	Yu O			晋州 柳		安東權氏成化譜	1	44	b	
EB03006	南在	남재	Nam Chae				政丞	安東權氏成化譜	1	44	b	
EB03007	王鬲	왕격	Wang Kyŏk				永福君	安東權氏成化譜	1	44	b	
EB03021	洪涉	홍섭	Hong Sŏp			南陽 洪	都總制	安東權氏成化譜	1	44	b	
EB03022	洪復興	홍복흥	Hong Pokhŭng			南陽 洪	正郞	安東權氏成化譜	1	44	b	
EB03023	洪仁達	홍인달	Hong Indal			南陽 洪	司正	安東權氏成化譜	1	44	b	
EB03034	鄭有年	정유년	Chŏng Yunyŏn				 	安東權氏成化譜	1	44	b	
EB03061	李克堅	이극견	Yi Kŭkkyŏn			廣州 李	判官	安東權氏成化譜	1	44	b	
EC00365	朴切問	박절문	Pak Chŏlmun			密陽 朴	贈贊成	安東權氏成化譜	1	44	b	
E202306	文造	문조	Mun Cho			鷲城 文	少監	安東權氏成化譜	1	45	a	
E202308	文承質	문승질	Mun Sŭngjil			鷲城 文	司正	安東權氏成化譜	1	45	a	
E202309	金仲矩	김중구	Kim Chunggu			光州 金	佐事	安東權氏成化譜	1	45	a	
E202311	文俊	문준	Mun Chun			鷲城 文	判官	安東權氏成化譜	1	45	a	
E401820	黃得粹	황득수	Hwang Tŭksu			昌原 黃		安東權氏成化譜	1	45	a	
E401822	金汾	김분	Kim Pun			道康 金	府尹	安東權氏成化譜	1	45	a	
E401920	金暉	김운	Kim Un			道康 金		安東權氏成化譜	1	45	a	
E901266	金永年	김영년	Kim Yŏngnyŏn			彦陽 金	判官	安東權氏成化譜	1	45	a	
E901268	金剛	김강	Kim Kang			彦陽 金	司直	安東權氏成化譜	1	45	a	
E901272	金伯衡	김백형	Kim Paekhyŏng			江陵 金	縣監	安東權氏成化譜	1	45	a	
EA04326	洪渭	홍위	Hong Wi			豊山 洪	 	安東權氏成化譜	1	45	a	
EB01764	洪洋	홍양	Hong Yang			豊山 洪	 	安東權氏成化譜	1	45	a	
EB01767	洪湘	홍상	Hong Sang			豊山 洪	生員	安東權氏成化譜	1	45	a	
EB03064	金賑	김진	Kim Chin			道康 金	錄事	安東權氏成化譜	1	45	a	
EB03065	金益昌	김익창	Kim Ikch'ang			道康 金	 	安東權氏成化譜	1	45	a	
EB03066	金益達	김익달	Kim Iktal			道康 金	 	安東權氏成化譜	1	45	a	
EB03068	金懷慎	김회신	Kim Hoesin			道康 金	奉禮	安東權氏成化譜	1	45	a	
EB03070	趙季發	조계발	Cho Kyebal			漢陽 趙	司勇	安東權氏成化譜	1	45	a	
EB03077	朴興居	박흥거	Pak Hŭnggŏ			密陽 朴	監察	安東權氏成化譜	1	45	a	
EB03078	朴叔老	박숙로	Pak Sungno			密陽 朴	司直	安東權氏成化譜	1	45	a	
EB03091	姜安壽	강안수	Kang Ansu			晋州 姜		安東權氏成化譜	1	45	a	
EC00449	洪載	홍재	Hong Chae			豊山 洪	少尹	安東權氏成化譜	1	45	a	
EC00873	朴安性	박안성	Pak Ansŏng			竹山 朴		安東權氏成化譜	1	45	a	
E202337	李堯民	이요민	Yi Yomin			陜川 李	 	安東權氏成化譜	1	45	b	
E203103	李文煥	이문환	Yi Munhwan			慶州 李		安東權氏成化譜	1	45	b	
E204675	許容	허용	Hŏ Yong			陽川 許	護軍	安東權氏成化譜	1	45	b	
E301802	金灌					彦陽 金	彥陽君	安東權氏成化譜	1	45	b	
E301804	金叔甫	김숙보	Kim Sukpo			彦陽 金	暑令	安東權氏成化譜	1	45	b	
E302963	慶綿	경면	Kyŏng Myŏn			淸州 慶		安東權氏成化譜	1	45	b	
E401187	李淳	이순	Yi Sun			牛峯 李	典書	安東權氏成化譜	1	45	b	
E402317	徐愈	서유	Sŏ Yu			利川 徐	利城君	安東權氏成化譜	1	45	b	
E402319	許衡	허형	Hŏ Hyŏng			陽川 許	中郞將	安東權氏成化譜	1	45	b	
E402527	朴林	박조	Pak Cho	朴祚		竹山 朴		安東權氏成化譜	1	45	b	
E402534	徐師川	서사천	Sŏ Sach'ŏn			利川 徐	佐郞	安東權氏成化譜	1	45	b	
E901607	柳澗生	유간생	Yu Kansaeng			晋州 柳		安東權氏成化譜	1	45	b	
EA04327	徐眉壽	서미수	Sŏ Misu			利川 徐	 	安東權氏成化譜	1	45	b	
EA04328	徐萬壽	서만수	Sŏ Mansu			利川 徐	 	安東權氏成化譜	1	45	b	
EA04329	徐千壽	서천수	Sŏ Ch'ŏnsu			利川 徐	 	安東權氏成化譜	1	45	b	
EA04332	吳永	오영	O Yŏng				 	安東權氏成化譜	1	45	b	
EB01634	徐景興	서경흥	Sŏ Kyŏnghŭng			利川 徐	判事	安東權氏成化譜	1	45	b	
EB03112	徐億壽	서억수	Sŏ Ŏksu			利川 徐	 	安東權氏成化譜	1	45	b	
EB03122	張自仁	장자인	Chang Chain					安東權氏成化譜	1	45	b	
EB03141	金佐	김좌	Kim Chwa				 	安東權氏成化譜	1	45	b	
EB03145	金活	김활	Kim Hwal				僉知	安東權氏成化譜	1	45	b	
EB03151	許珪	허규	Hŏ Kyu			陽川 許	 	安東權氏成化譜	1	45	b	
EB03153	李銀生	이은생	Yi Ŭnsaeng			全州 李	嘉陰正	安東權氏成化譜	1	45	b	
EB03155	李根完	이근완	Yi Kŭnwan			牛峯 李	判官	安東權氏成化譜	1	45	b	
E200463	金僖	김희	Kim Hŭi			慶州 金	大護軍	安東權氏成化譜	1	46	a	
E200464	金永源	김영원	Kim Yŏngwŏn			慶州 金	佐郞	安東權氏成化譜	1	46	a	
E204159	金薰	김훈	Kim Hun			慶州 金	司評	安東權氏成化譜	1	46	a	
E205352	權摩	권마	Kwŏn Ma			安東 權		安東權氏成化譜	1	46	a	
E304534	金信	김신	Kim Sin			慶州 金	府使	安東權氏成化譜	1	46	a	
E401575	柳宗秀	유종수	Yu Chongsu			晋州 柳	縣監	安東權氏成化譜	1	46	a	
EA03135	尹顯孫					坡平 尹		安東權氏成化譜	1	46	a	
EA04726	金箕	김기	Kim Ki			慶州 金	 	安東權氏成化譜	1	46	a	
EB03157	金根	김근	Kim Kŭn			慶州 金	少尹	安東權氏成化譜	1	46	a	
EB03166	金永湔	김영전	Kim Yŏngjŏn			慶州 金	少尹	安東權氏成化譜	1	46	a	
EB03167	金萱	김훤	Kim Hwŏn			慶州 金	上護軍	安東權氏成化譜	1	46	a	
EB03168	金蓀	김진	Kim Chin			慶州 金		安東權氏成化譜	1	46	a	
EB03175	李根全	이근존	Yi Kŭnjon	李根尊		牛峯 李	判事	安東權氏成化譜	1	46	a	
EB03177	崔悌男	최제남	Ch'oe Chenam				牧使	安東權氏成化譜	1	46	a	
EB03178	崔敦臨	최돈임	Ch'oe Tonim				護軍	安東權氏成化譜	1	46	a	
EB03180	崔智臨	최지임	Ch'oe Chiim				 	安東權氏成化譜	1	46	a	
EB03190	崔壽臨	최수임	Ch'oe Suim				 	安東權氏成化譜	1	46	a	
EB03191	崔陽臨	최양임	Ch'oe Yangim				 	安東權氏成化譜	1	46	a	
E101545	趙克寬	조극관	Cho Kŭkkwan			楊州 趙		安東權氏成化譜	1	46	b	
E103018	閔悟	민오	Min O			驪興 閔	翰林	安東權氏成化譜	1	46	b	
E202895	閔悛	민전	Min Chŏn			驪興 閔	大護軍	安東權氏成化譜	1	46	b	
E204913	李緝	이집	Yi Chip			牛峯 李	進士	安東權氏成化譜	1	46	b	
E301287	李承孫	이승손	Yi Sŭngson			永川 李	府使	安東權氏成化譜	1	46	b	Following the information appearing on 3.47a (referenced), the name has been corrected to 李承孫.
E400976	吳明義	오명의	O Myŏngŭi			海州 吳		安東權氏成化譜	1	46	b	
E400978	奉寧僕	봉영복	Pong Yŏngbok	奉寧漢			 	安東權氏成化譜	1	46	b	
E401185	柳闉	유인	Yu In			晋州 柳	主簿	安東權氏成化譜	1	46	b	
E402322	閔由誼	민유의	Min Yuŭi			驪興 閔	判事	安東權氏成化譜	1	46	b	
EA00141	柳永澗	유영간	Yu Yŏnggan	柳榮磵		晋州 柳	 	安東權氏成化譜	1	46	b	
EA00182	趙繼宗	조계종	Cho Kyejong				僉知	安東權氏成化譜	1	46	b	
EA04341	閔繼祥	민계상	Min Kyesang			驪興 閔	 	安東權氏成化譜	1	46	b	
EB00169	閔伯和	민백화	Min Paekhwa			驪興 閔	忠順	安東權氏成化譜	1	46	b	
EB03197	李根繼	이근계	Yi Kŭn'gye			牛峯 李		安東權氏成化譜	1	46	b	
EB03198	李經	이경	Yi Kyŏng			牛峯 李	節度使	安東權氏成化譜	1	46	b	
EB03232	閔好德	민호덕	Min Hodŏk			驪興 閔	牧使	安東權氏成化譜	1	46	b	
EB03236	鄭忠敬	정충경	Chŏng Ch'unggyŏng			海州 鄭		安東權氏成化譜	1	46	b	
EB03246	閔好禮	민호례	Min Horye			驪興 閔	縣監	安東權氏成化譜	1	46	b	
EB03249	閔仲和	민중화	Min Chunghwa			驪興 閔	 	安東權氏成化譜	1	46	b	
EB03250	閔憺	민담	Min Tam			驪興 閔	監察	安東權氏成化譜	1	46	b	
EB03261	閔季和	민계화	Min Kyehwa			驪興 閔	 	安東權氏成化譜	1	46	b	
EB03262	閔孝鶱					驪興 閔	別侍	安東權氏成化譜	1	46	b	
EB03264	朴自崑	박자곤	Pak Chagon				判官	安東權氏成化譜	1	46	b	
EB03266	閔孝舜	민효순	Min Hyosun			驪興 閔	生員	安東權氏成化譜	1	46	b	
EB03267	閔孝曾	민효증	Min Hyojŭng			驪興 閔		安東權氏成化譜	1	46	b	
EB03276	李緝	이집	Yi Chip			全州 李	貞海都正	安東權氏成化譜	1	46	b	
EB03277	閔繼禎	민계정	Min Kyejŏng			驪興 閔	 	安東權氏成化譜	1	46	b	
E201352	楊悌達	양제달	Yang Chedal			淸州 楊		安東權氏成化譜	1	47	a	
E201401	閔友曾	민우증	Min Ujŭng			驪興 閔	縣監	安東權氏成化譜	1	47	a	
E203251	崔謚	최분	Ch'oe Pun	崔汾			縣監	安東權氏成化譜	1	47	a	
E400591	閔好問	민호문	Min Homun			驪興 閔	縣監	安東權氏成化譜	1	47	a	
E401623	閔釋	민석	Min Sŏk			驪興 閔	直長	安東權氏成化譜	1	47	a	
EB02022	閔叔生	민숙생	Min Suksaeng			驪興 閔	 	安東權氏成化譜	1	47	a	
EB03283	閔繼瑞	민계서	Min Kyesŏ			驪興 閔	 	安東權氏成化譜	1	47	a	
EB03290	閔友仲	민우중	Min Ujung			驪興 閔	參奉	安東權氏成化譜	1	47	a	
EB03293	閔友季	민우계	Min Ugye			驪興 閔	司正	安東權氏成化譜	1	47	a	
EB03295	郭吟	곽음	Kwak Ŭm				 	安東權氏成化譜	1	47	a	
EB03297	成甲孫	성갑손	Sŏng Kapson				 	安東權氏成化譜	1	47	a	
EB03299	具文靖	구문정	Ku Munjŏng					安東權氏成化譜	1	47	a	
EB03305	閔啓	민계	Min Kye			驪興 閔	上護軍	安東權氏成化譜	1	47	a	
EB03306	閔叔達	민숙달	Min Suktal			驪興 閔	萬戶	安東權氏成化譜	1	47	a	
EB03308	邊永淸	변영청	Pyŏn Yŏngch'ŏng			原州 邊	 	安東權氏成化譜	1	47	a	
EB03317	閔叔通	민숙통	Min Sukt'ong			驪興 閔	 	安東權氏成化譜	1	47	a	
EB03319	金强	김장	Kim Chang	金張			主簿	安東權氏成化譜	1	47	a	
EB03325	金禮貞	김예정	Kim Yejŏng				內禁衛	安東權氏成化譜	1	47	a	
EB03326	閔終生	민종생	Min Chongsaeng			驪興 閔	 	安東權氏成化譜	1	47	a	
EB03327	閔發生	민발생	Min Palsaeng			驪興 閔	 	安東權氏成化譜	1	47	a	
D401123	奉由仁	봉유인	Pong Yuin			河陰 奉	開城尹	安東權氏成化譜	1	47	b	
E000631	李伯撰	이백찬	Yi Paekch'an			龍仁 李	府尹	安東權氏成化譜	1	47	b	
E000633	趙育	조육	Cho Yuk			漢陽 趙	護軍	安東權氏成化譜	1	47	b	
E000634	趙衷孫	조충손	Cho Ch'ungson			漢陽 趙	都事	安東權氏成化譜	1	47	b	
E000635	趙元常	조원상	Cho Wŏnsang			漢陽 趙	正字	安東權氏成化譜	1	47	b	
E000637	黃承祖						上護軍	安東權氏成化譜	1	47	b	
E000642	文潤	문윤	Mun Yun				 	安東權氏成化譜	1	47	b	
E000644	庾碩輔	유석보	Yu Sŏkpo				副使	安東權氏成化譜	1	47	b	
E000646	洪泂	홍형	Hong Hyŏng			南陽 洪		安東權氏成化譜	1	47	b	
E000649	趙元綱	조원강	Cho Wŏn'gang			漢陽 趙		安東權氏成化譜	1	47	b	
E000653	趙元紀	조원기	Cho Wŏn'gi			漢陽 趙		安東權氏成化譜	1	47	b	
E000654	趙信孫	조신손	Cho Sinson	趙新孫		漢陽 趙	牧使	安東權氏成化譜	1	47	b	
E000655	趙叔廷	조승정	Cho Sŭngjŏng	趙升庭		漢陽 趙	進士	安東權氏成化譜	1	47	b	
E000658	李侃	이간	Yi Kan	李祝		全州 李	宰陽令	安東權氏成化譜	1	47	b	
E000660	崔漢卿	최한경	Ch'oe Han'gyŏng			慶州 崔	觀察使	安東權氏成化譜	1	47	b	
E000661	趙義孫	조의손	Cho Ŭison			漢陽 趙		安東權氏成化譜	1	47	b	
E100941	崔洙	최수	Ch'oe Su			慶州 崔	上將	安東權氏成化譜	1	47	b	
E100943	尹俊民	윤준민	Yun Chunmin			坡平 尹		安東權氏成化譜	1	47	b	
E100944	崔泗	최사	Ch'oe Sa			慶州 崔		安東權氏成化譜	1	47	b	
E100959	崔濂					慶州 崔		安東權氏成化譜	1	47	b	
E205314	閔師騫	민사건	Min Sagŏn			驪興 閔	參判	安東權氏成化譜	1	47	b	
E401593	柳宗潤	유종윤	Yu Chongyun			晋州 柳		安東權氏成化譜	1	47	b	
E401935	閔解	민해	Min Hae			驪興 閔	上護軍	安東權氏成化譜	1	47	b	
E903304	鄭憐	정련	Chŏng Ryŏn			海州 鄭		安東權氏成化譜	1	47	b	
EA04214	具熙	구희	Ku Hŭi			綾城 具		安東權氏成化譜	1	47	b	
EB03330	金繼智	김계지	Kim Kyeji				縣監	安東權氏成化譜	1	47	b	
E000397	李孝敦	이효돈	Yi Hyodon			龍仁 李		安東權氏成化譜	1	48	a	
E000665	金文卿	김문경	Kim Mun'gyŏng			慶州 金	進士	安東權氏成化譜	1	48	a	
E000666	李叔忠	이승충	Yi Sŭngch'ung	李升忠		龍仁 李	檢參判	安東權氏成化譜	1	48	a	
E000670	蔡徵	채징	Ch'ae Ching			仁川 蔡	郡事	安東權氏成化譜	1	48	a	
E000679	李長男	이장남	Yi Changnam	李塘			大護軍	安東權氏成化譜	1	48	a	
E000689	韓迹	한적	Han Chŏk			淸州 韓		安東權氏成化譜	1	48	a	
E000692	丁淑	정숙	Chŏng Suk			武靈 丁	縣監	安東權氏成化譜	1	48	a	
E000693	李孝篤	이효독	Yi Hyodok			龍仁 李		安東權氏成化譜	1	48	a	
E000707	房貴和	방귀화	Pang Kwihwa			南陽 房	進士	安東權氏成化譜	1	48	a	
E000728	李孝重	이효중	Yi Hyojung			龍仁 李		安東權氏成化譜	1	48	a	
E000758	朴蕃	박번	Pak Pŏn				司直	安東權氏成化譜	1	48	a	
E000759	朴命堅	박명견	Pak Myŏnggyŏn					安東權氏成化譜	1	48	a	
E000768	盧哲仝					交河 盧	及第	安東權氏成化譜	1	48	a	
E000770	李孝廷	이효정	Yi Hyojŏng	李孝楨		龍仁 李		安東權氏成化譜	1	48	a	
E200450	李延源	이연원	Yi Yŏnwŏn			原州 李		安東權氏成化譜	1	48	a	
E205029	楊守泗	양수사	Yang Susa			中和 楊	佐郞	安東權氏成化譜	1	48	a	
E703786	丁以梓	정석필	Chŏng Sŏkp'il	丁碩弼		武靈 丁		安東權氏成化譜	1	48	a	
EA03834	丁以桂	정이계	Chŏng Igye			武靈 丁	 	安東權氏成化譜	1	48	a	
EA04344	金循金	김미금	Kim Migŭm	金楣金		慶州 金	 	安東權氏成化譜	1	48	a	
EA04345	金忻金					慶州 金	 	安東權氏成化譜	1	48	a	
E000795	薛晳	설석	Sŏl Sŏk			淳昌 薛	判官	安東權氏成化譜	1	48	b	
E000796	薛成林	설성림	Sŏl Sŏngnim			淳昌 薛	少尹	安東權氏成化譜	1	48	b	
E000797	薛孟岡	설맹강	Sŏl Maenggang			淳昌 薛	 	安東權氏成化譜	1	48	b	
E000802	薛仲剛	설중강	Sŏl Chunggang			淳昌 薛		安東權氏成化譜	1	48	b	
E000806	薛季剛	설계한	Sŏl Kyehan	薛季閒		淳昌 薛	 	安東權氏成化譜	1	48	b	
E000815	洪性剛	홍성강	Hong Sŏnggang			南陽 洪		安東權氏成化譜	1	48	b	
E000817	金磾	김제	Kim Che			善山 金		安東權氏成化譜	1	48	b	
E102920	吳孟昌	오맹창	O Maengch'ang				 	安東權氏成化譜	1	48	b	
E102922	孫瑾	손근	Son Kŭn				 	安東權氏成化譜	1	48	b	
E102924	李聃	이담	Yi Tam				 	安東權氏成化譜	1	48	b	
E401150	李思俊	이사준	Yi Sajun				 	安東權氏成化譜	1	48	b	
E401152	鄭井	정정	Chŏng Chŏng			延日 鄭	及第	安東權氏成化譜	1	48	b	
EA00077	辛得濟	신득제	Sin Tŭkche			靈山 辛	 	安東權氏成化譜	1	48	b	
EA00078	李承祖	이승조	Yi Sŭngjo				上將	安東權氏成化譜	1	48	b	
EA04350	薛堅壽	설견수	Sŏl Kyŏnsu			淳昌 薛	 	安東權氏成化譜	1	48	b	
EA04351	薛億壽	설억수	Sŏl Ŏksu			淳昌 薛	 	安東權氏成化譜	1	48	b	
EA04354	薛岩壽	설암수	Sŏl Amsu			淳昌 薛	 	安東權氏成化譜	1	48	b	
D200000	具昂	구앙	Ku Ang			綾城 具	郡事	安東權氏成化譜	1	49	a	
E102553	柳義孫	유의손	Yu Ŭison			全州 柳	參判	安東權氏成化譜	1	49	a	
E102940	鄭淑精	정숙정	Chŏng Sukchŏng			草溪 鄭	暑令	安東權氏成化譜	1	49	a	
E103019	奉璋	봉장	Pong Chang			河陰 奉	僉知	安東權氏成化譜	1	49	a	
E103020	奉如山	봉여산	Pong Yŏsan			河陰 奉	別侍	安東權氏成化譜	1	49	a	
E103021	奉三山	봉삼산	Pong Samsan			河陰 奉	進士	安東權氏成化譜	1	49	a	
E103039	奉末山	봉말산	Pong Malsan			河陰 奉	忠贊衛	安東權氏成化譜	1	49	a	
E103043	李仲山	이중산	Yi Chungsan				郡守	安東權氏成化譜	1	49	a	
E103044	李金石	이금석	Yi Kŭmsŏk				 	安東權氏成化譜	1	49	a	
E103045	李玉石	이옥석	Yi Oksŏk				 	安東權氏成化譜	1	49	a	
E103049	李終石	이종석	Yi Chongsŏk				 	安東權氏成化譜	1	49	a	
E103054	李末石	이말석	Yi Malsŏk				 	安東權氏成化譜	1	49	a	
E200039	奉元邦	봉안방	Pong Anbang	奉安邦		河陰 奉	司正	安東權氏成化譜	1	49	a	
E200042	具仁直	구인직	Ku Injik			綾城 具	司直	安東權氏成化譜	1	49	a	Following KJB 5.1a, this entry is interpreted as 具昂(D200000)'s son.
E200043	具善	구선	Ku Sŏn			綾城 具	 	安東權氏成化譜	1	49	a	
E200044	具仁寬	구인관	Ku In'gwan			綾城 具	府使	安東權氏成化譜	1	49	a	Following KJB 5.1a, this entry is interpreted as 具昂(D200000)'s son.
E200047	具仁恭	구인공	Ku In'gong			綾城 具	司直	安東權氏成化譜	1	49	a	Following KJB 5.1a, this entry is interpreted as 具昂(D200000)'s son.
E200053	具仁孝	구인효	Ku Inhyo			綾城 具	護軍	安東權氏成化譜	1	49	a	Following KJB 5.1a, this entry is interpreted as 具昂(D200000)'s son.
E200055	劉恒	유항	Yu Hang			居昌 劉	別提	安東權氏成化譜	1	49	a	
E200059	柳孝根	유효근	Yu Hyogŭn			文化 柳	別侍	安東權氏成化譜	1	49	a	
E300111	奉忠孝	봉충효	Pong Ch'unghyo			河陰 奉		安東權氏成化譜	1	49	a	
E401003	奉珪	봉규	Pong Kyu			河陰 奉	郡事	安東權氏成化譜	1	49	a	
E401004	奉元良	봉원량	Pong Wŏllyang			河陰 奉		安東權氏成化譜	1	49	a	
D200004	洪仲康	홍중강	Hong Chunggang			南陽 洪	少監	安東權氏成化譜	1	49	b	
D200011	洪孝康	홍계강	Hong Kyegang	洪季康		南陽 洪	直長	安東權氏成化譜	1	49	b	
E200006	李伯溫	이백온	Yi Paegon			全州 李	都摠制	安東權氏成化譜	1	49	b	
E200062	洪澤	홍택	Hong T'aek			南陽 洪	司正	安東權氏成化譜	1	49	b	
E200067	李壽山	이수산	Yi Susan				萬戶	安東權氏成化譜	1	49	b	
E200069	李夏成	이하성	Yi Hasŏng			淸州 李	參議	安東權氏成化譜	1	49	b	
E200073	朴繼曾	박계증	Pak Kyejŭng			密陽 朴		安東權氏成化譜	1	49	b	
E200076	柳仲昌	유중창	Yu Chungch'ang			文化 柳	敦寧	安東權氏成化譜	1	49	b	
E200081	李右貞	이석정	Yi Sŏkchŏng	李石貞		全州 李	 	安東權氏成化譜	1	49	b	
E200083	李右長	이석장	Yi Sŏkchang	李石長		全州 李	 	安東權氏成化譜	1	49	b	
E200084	洪自溫	홍자온	Hong Chaon			南陽 洪	司直	安東權氏成化譜	1	49	b	
E200181	洪自良	홍자량	Hong Charyang			南陽 洪	別侍	安東權氏成化譜	1	49	b	
E200182	洪自恭	홍자공	Hong Chagong			南陽 洪	 	安東權氏成化譜	1	49	b	
E200185	洪自儉	홍자형	Hong Chahyŏng	洪自亨		南陽 洪		安東權氏成化譜	1	49	b	
E200245	洪自讓	홍자양	Hong Chayang			南陽 洪		安東權氏成化譜	1	49	b	
E200268	徐邇	서이	Sŏ I			利川 徐		安東權氏成化譜	1	49	b	
E200283	許認	허인	Hŏ In			河陽 許	大護軍	安東權氏成化譜	1	49	b	
E200285	許埰	허채	Hŏ Ch'ae			河陽 許	 	安東權氏成化譜	1	49	b	
E200286	許埴	허식	Hŏ Sik			河陽 許	 	安東權氏成化譜	1	49	b	
E200288	許塘					河陽 許		安東權氏成化譜	1	49	b	
E200293	李曾若	이증약	Yi Chŭngyak			驪興 李	直長	安東權氏成化譜	1	49	b	
E200297	許塾	허숙	Hŏ Suk			河陽 許		安東權氏成化譜	1	49	b	
E200304	許壎	허훈	Hŏ Hun			河陽 許		安東權氏成化譜	1	49	b	
E200305	李檂	이농	Yi Nong			全州 李	謹寧君	安東權氏成化譜	1	49	b	
E200322	李櫂	이탁	Yi T'ak			全州 李	始安君	安東權氏成化譜	1	49	b	
E200341	李楯	이순	Yi Sun			全州 李	寧仁君	安東權氏成化譜	1	49	b	
E200358	李桭	이진	Yi Chin	李振		全州 李	蓮城副正	安東權氏成化譜	1	49	b	
E200359	李楨	이정	Yi Chŏng			全州 李	彭城副正	安東權氏成化譜	1	50	a	
E200365	李櫕	이찬	Yi Ch'an	李攅		全州 李	鎭江副正	安東權氏成化譜	1	50	a	
E200374	李楫	이읍	Yi Ŭp	李揖		全州 李	劒城副正	安東權氏成化譜	1	50	a	
E200390	趙壽堅					楊州 趙		安東權氏成化譜	1	50	a	Name filled in using KJB 5.4a.
E200431	李世蕃	이세번	Yi Sebŏn				 	安東權氏成化譜	1	50	a	
E200433	金賢賚	김현뢰	Kim Hyŏlloe				主簿	安東權氏成化譜	1	50	a	
E200445	鄭仁厚	정인후	Chŏng Inhu			東萊 鄭		安東權氏成化譜	1	50	a	
E200466	鄭允功	정윤공	Chŏng Yun'gong	鄭允切		光州 鄭		安東權氏成化譜	1	50	a	
E200470	李踵	이종	Yi Chong			全州 李	牛山君	安東權氏成化譜	1	50	a	
E200552	申允甫	신윤보	Sin Yunbo			平山 申	僉知	安東權氏成化譜	1	50	a	
E300955	申承參	신승참	Sin Sŭngch'am			平山 申	宣敎	安東權氏成化譜	1	50	a	
E302936	慶禎	경정	Kyŏng Chŏng			淸州 慶	府使	安東權氏成化譜	1	50	a	
E304178	宋瑛	송영	Song Yŏng			礪山 宋	監察	安東權氏成化譜	1	50	a	
EA00509	閔寬	민관	Min Kwan			驪興 閔	將仕	安東權氏成化譜	1	50	a	
EB01495	申承顔	신승안	Sin Sŭngan			平山 申	護軍	安東權氏成化譜	1	50	a	
E101970	李庚	이경	Yi Kyŏng			鐵城 李	主簿	安東權氏成化譜	1	50	b	
E101972	李精	이정	Yi Chŏng			鐵城 李		安東權氏成化譜	1	50	b	
E101978	李遵	이준	Yi Chun			鐵城 李	進士	安東權氏成化譜	1	50	b	
E101980	李質	이질	Yi Chil			鐵城 李	進士	安東權氏成化譜	1	50	b	
E101981	李博	이박	Yi Pak			鐵城 李	檢閱	安東權氏成化譜	1	50	b	
E101983	李逵	이규	Yi Kyu			鐵城 李	進士	安東權氏成化譜	1	50	b	
E200017	愼幾	신기	Sin Ki			居昌 愼	觀察使	安東權氏成化譜	1	50	b	
E200560	成得識	성득식	Sŏng Tŭksik			昌寧 成	府尹	安東權氏成化譜	1	50	b	
E200563	愼先甲	신선갑	Sin Sŏn'gap			居昌 愼	郡事	安東權氏成化譜	1	50	b	
E200565	愼仲行	신중행	Sin Chunghaeng			居昌 愼		安東權氏成化譜	1	50	b	
E200576	庾止府	유지부	Yu Chibu				 	安東權氏成化譜	1	50	b	
E200578	崔有恒	최유항	Ch'oe Yuhang			水原 崔	縣監	安東權氏成化譜	1	50	b	
E200595	奉安恭							安東權氏成化譜	1	50	b	Name filled in using KJB 5.5b.
E501894	成世愼	성세신	Sŏng Sesin	成世臣		昌寧 成		安東權氏成化譜	1	50	b	
E900088	洪瀚	홍한	Hong Han			南陽 洪		安東權氏成化譜	1	50	b	
E901938	張友圭	장우규	Chang Ugyu	張友奎		海豊 張		安東權氏成化譜	1	50	b	
EC03992	成世傑	성세걸	Sŏng Segŏl			昌寧 成	 	安東權氏成化譜	1	50	b	
711c156f-327b-40a3-b8a6-178696946b59	朝鮮 德宗					全州 李		安東權氏成化譜	1	51	a	
E200599	愼後甲	신후갑	Sin Hugap			居昌 愼	參議	安東權氏成化譜	1	51	a	
E200606	權準	권준	Kwŏn Chun			安東 權		安東權氏成化譜	1	51	a	
E200609	愼自修	신자수	Sin Chasu			居昌 愼	縣監	安東權氏成化譜	1	51	a	
E200611	鄭亨耘	정형운	Chŏng Hyŏngun			東萊 鄭		安東權氏成化譜	1	51	a	
E200619	愼克昌	신극창	Sin Kŭkch'ang			居昌 愼	 	安東權氏成化譜	1	51	a	
E200635	愼自濟	신자제	Sin Chaje			居昌 愼		安東權氏成化譜	1	51	a	
E200668	姜利敬	강이경	Kang Igyŏng			晋州 姜		安東權氏成化譜	1	51	a	
E200673	愼自建	신자건	Sin Chagŏn			居昌 愼	進士	安東權氏成化譜	1	51	a	
E200714	愼自治	신자치	Sin Chach'i			居昌 愼	參奉	安東權氏成化譜	1	51	a	
E200729	鄭仁學	정인학	Chŏng Inhak			晋州 鄭		安東權氏成化譜	1	51	a	
E200733	崔涉	최섭	Ch'oe Sŏp			楊州 崔		安東權氏成化譜	1	51	a	
E200744	兪謹	유근	Yu Kŭn				 	安東權氏成化譜	1	51	a	
E200751	盧盼	노분	No Pun	盧昐		豊川 盧	正郞	安東權氏成化譜	1	51	a	
E200791	愼嗣源	신사원	Sin Sawŏn			居昌 愼	直長	安東權氏成化譜	1	51	a	
E200818	愼繼源	신계원	Sin Kyewŏn			居昌 愼	參奉	安東權氏成化譜	1	51	a	
E200853	柳仁濠					文化 柳		安東權氏成化譜	1	51	a	
E200869	沈決	심결	Sim Kyŏl			靑松 沈	領院事	安東權氏成化譜	1	51	a	
E200871	沈貞源	심정원	Sim Chŏngwŏn			靑松 沈	僉知	安東權氏成化譜	1	51	a	
D200021	洪允康	홍윤강	Hong Yun'gang			南陽 洪	 	安東權氏成化譜	1	51	b	
D200022	金自南	김자남	Kim Chanam			江陵 金	直長	安東權氏成化譜	1	51	b	
E200027	楊天植	양천식	Yang Ch'ŏnsik			淸州 楊	典書	安東權氏成化譜	1	51	b	
E200873	愼後庚	신후경	Sin Hugyŏng			居昌 愼	殿直	安東權氏成化譜	1	51	b	
E200875	愼榮壽	신영수	Sin Yŏngsu			居昌 愼		安東權氏成化譜	1	51	b	
E200899	愼榮命	신영명	Sin Yŏngmyŏng			居昌 愼	 	安東權氏成化譜	1	51	b	
E200916	朴叔善	박숙선	Pak Suksŏn			順天 朴	中樞	安東權氏成化譜	1	51	b	
E200941	閔敉	민미	Min Mi			驪興 閔	進士	安東權氏成化譜	1	51	b	
E200954	李處義	이처의	Yi Ch'ŏŭi				 	安東權氏成化譜	1	51	b	
E200961	柳閏	유윤	Yu Yun	柳潤			 	安東權氏成化譜	1	51	b	
E200968	金緇	김치	Kim Ch'i			江陵 金		安東權氏成化譜	1	51	b	
E200970	金龜石	김귀석	Kim Kwisŏk			江陵 金		安東權氏成化譜	1	51	b	
E200989	曹敏景	조민경	Cho Min'gyŏng				護軍	安東權氏成化譜	1	51	b	
E200991	曹壽	조수	Cho Su				主簿	安東權氏成化譜	1	51	b	
E200992	曹常	조상	Cho Sang				 	安東權氏成化譜	1	51	b	
E200993	李福林	이복림	Yi Pongnim				 	安東權氏成化譜	1	51	b	
E200995	楊雍	양옹	Yang Ong			淸州 楊	 	安東權氏成化譜	1	51	b	
E200997	楊孟赴	양맹두	Yang Maengdu			淸州 楊	 	安東權氏成化譜	1	51	b	
E200998	張自裕	장자유	Chang Chayu				 	安東權氏成化譜	1	51	b	
E201000	楊景	양경	Yang Kyŏng			淸州 楊	縣監	安東權氏成化譜	1	51	b	
E201018	楊厚	양후	Yang Hu			淸州 楊	參判	安東權氏成化譜	1	51	b	
E201023	楊沔	양면	Yang Myŏn			淸州 楊	進士	安東權氏成化譜	1	51	b	
E201033	楊澹	양담	Yang Tam			淸州 楊		安東權氏成化譜	1	51	b	
E300371	朝鮮 世宗					全州 李		安東權氏成化譜	1	51	b	
E402325	洪叔康	홍숙강	Hong Sukkang			南陽 洪	 	安東權氏成化譜	1	51	b	
E200030	楊震	양진	Yang Chin			淸州 楊	典書	安東權氏成化譜	1	52	a	
E201034	楊浚	양준	Yang Chun			淸州 楊	 	安東權氏成化譜	1	52	a	
E201035	楊漑	양개	Yang Kae			淸州 楊	 	安東權氏成化譜	1	52	a	
E201037	楊子濡	양자유	Yang Chayu			淸州 楊		安東權氏成化譜	1	52	a	
E201039	慶由亨	경유형	Kyŏng Yuhyŏng			淸州 慶		安東權氏成化譜	1	52	a	
E201044	李孟準	이맹준	Yi Maengjun			慶州 李	 	安東權氏成化譜	1	52	a	
E201048	楊和	양화	Yang Hwa			淸州 楊	大護軍	安東權氏成化譜	1	52	a	
E201049	楊孝仁	양효인	Yang Hyoin			淸州 楊	 	安東權氏成化譜	1	52	a	
E201050	楊孝義	양효의	Yang Hyoŭi			淸州 楊	參軍	安東權氏成化譜	1	52	a	
E201051	任彭孫	임팽손	Im P'aengson			豊川 任	縣監	安東權氏成化譜	1	52	a	
E201055	楊孝禮	양효례	Yang Hyorye			淸州 楊	參軍	安東權氏成化譜	1	52	a	
E201056	楊孝智	양효지	Yang Hyoji			淸州 楊	 	安東權氏成化譜	1	52	a	
E201057	楊培	양배	Yang Pae			淸州 楊	錄事	安東權氏成化譜	1	52	a	
E201058	全明道	전명도	Chŏn Myŏngdo			旌善 全		安東權氏成化譜	1	52	a	
E201060	全始孫	전시손	Chŏn Sison			旌善 全	司正	安東權氏成化譜	1	52	a	
E201061	全九成	전구성	Chŏn Kusŏng			旌善 全	提控	安東權氏成化譜	1	52	a	
E201062	姜善文	강선문	Kang Sŏnmun				司直	安東權氏成化譜	1	52	a	
E201064	全孟孫	전맹손	Chŏn Maengson			旌善 全	上將	安東權氏成化譜	1	52	a	
E201065	全潤屋	전윤옥	Chŏn Yunok			旌善 全	 	安東權氏成化譜	1	52	a	
E201066	全潤身	전윤신	Chŏn Yunsin			旌善 全	 	安東權氏成化譜	1	52	a	
E201067	全潤德	전윤덕	Chŏn Yundŏk			旌善 全	 	安東權氏成化譜	1	52	a	
E201068	全叔孫	전숙손	Chŏn Sukson			旌善 全	司正	安東權氏成化譜	1	52	a	
E201069	金延生	김연생	Kim Yŏnsaeng				參軍	安東權氏成化譜	1	52	a	
E201071	金鐵山						 	安東權氏成化譜	1	52	a	
E201072	全保孫	전보손	Chŏn Poson			旌善 全	參軍	安東權氏成化譜	1	52	a	
E201073	全化元	전화원	Chŏn Hwawŏn			旌善 全	 	安東權氏成化譜	1	52	a	
E201074	全引孫	전인손	Chŏn Inson			旌善 全	副使	安東權氏成化譜	1	52	a	
E201075	楊繼元	양계원	Yang Kyewŏn			淸州 楊	郡事	安東權氏成化譜	1	52	b	
E201076	楊克仁	양극인	Yang Kŭgin			淸州 楊	敎授	安東權氏成化譜	1	52	b	
E201077	楊克明	양극명	Yang Kŭngmyŏng			淸州 楊	 	安東權氏成化譜	1	52	b	
E201078	楊繼童	양계동	Yang Kyedong			淸州 楊	僉節制使	安東權氏成化譜	1	52	b	
E201079	楊繼宗	양계종	Yang Kyejong			淸州 楊		安東權氏成化譜	1	52	b	
E201080	楊處汀	양처정	Yang Ch'ŏjŏng			淸州 楊	 	安東權氏成化譜	1	52	b	
E201081	鄭潘經	정번경	Chŏng Pŏn'gyŏng				司正	安東權氏成化譜	1	52	b	
E201083	楊繼男	양계남	Yang Kyenam			淸州 楊	生員	安東權氏成化譜	1	52	b	
E201084	李宗禮	이종례	Yi Chongnye			驪興 李	 	安東權氏成化譜	1	52	b	
E201086	楊修	양수	Yang Su			淸州 楊	檢漢城	安東權氏成化譜	1	52	b	
E201087	李侯仁	이후인	Yi Huin			全義 李	司正	安東權氏成化譜	1	52	b	
E201090	張季叔	장계숙	Chang Kyesuk			興德 張	監察	安東權氏成化譜	1	52	b	
E201092	楊有宗	양유종	Yang Yujong			淸州 楊	虞侯	安東權氏成化譜	1	52	b	
E201094	黃喜	황희	Hwang Hŭi			長水 黃	領議政	安東權氏成化譜	1	52	b	
E201099	黃致身	황치신	Hwang Ch'isin			長水 黃	中樞	安東權氏成化譜	1	52	b	
E201102	禹孝新	우효신	U Hyosin			丹陽 禹	府使	安東權氏成化譜	1	52	b	
E201106	王宗義	왕종의	Wang Chongŭi			開城 王		安東權氏成化譜	1	52	b	
E201109	禹培	우배	U Pae			丹陽 禹	司直	安東權氏成化譜	1	52	b	
E201114	金塊	김괴	Kim Koe			靈光 金		安東權氏成化譜	1	52	b	
E201117	黃事親	황사친	Hwang Sach'in			長水 黃	上將	安東權氏成化譜	1	52	b	
E201120	崔湜						暑令	安東權氏成化譜	1	52	b	
E201129	黃事長	황사장	Hwang Sajang			長水 黃	僉知	安東權氏成化譜	1	52	b	
E201131	李崇文	이숭문	Yi Sungmun				司直	安東權氏成化譜	1	52	b	
E201133	黃蟾	황섬	Hwang Sŏm			長水 黃		安東權氏成化譜	1	52	b	
E201138	黃事賢	황사현	Hwang Sahyŏn			長水 黃		安東權氏成化譜	1	52	b	
E201212	崔閏玉					慶州 崔		安東權氏成化譜	1	52	b	
EC02063	李希哲	이희철	Yi Hŭich'ŏl				 	安東權氏成化譜	1	52	b	
EC02066	李稱孫	이칭손	Yi Ch'ingson			全義 李	司正	安東權氏成化譜	1	52	b	
EC03998	全禧	전희	Chŏn Hŭi				司猛	安東權氏成化譜	1	52	b	
E201146	蔡潭	채담	Ch'ae Tam			平康 蔡	縣監	安東權氏成化譜	1	53	a	
E201150	蔡自沉	채자침	Ch'ae Chach'im			平康 蔡		安東權氏成化譜	1	53	a	
E201152	崔伾	최비	Ch'oe Pi				 	安東權氏成化譜	1	53	a	
E201154	崔敬止	최경지	Ch'oe Kyŏngji	崔景祉		慶州 崔		安東權氏成化譜	1	53	a	
E201162	黃事兄	황사형	Hwang Sahyŏng			長水 黃	綠事	安東權氏成化譜	1	53	a	
E201170	安堯卿	안요경	An Yogyŏng			順興 安	監察	安東權氏成化譜	1	53	a	
E201174	李九經	이구경	Yi Kugyŏng			碧珍 李		安東權氏成化譜	1	53	a	
E201180	黃事恭	황사공	Hwang Sagong			長水 黃	 	安東權氏成化譜	1	53	a	
E201183	黃事尊	황사존	Hwang Sajon			長水 黃	 	安東權氏成化譜	1	53	a	
E201184	申叔檜	신숙회	Sin Sukhoe			平山 申	 	安東權氏成化譜	1	53	a	
E201200	黃事敬	황사경	Hwang Sagyŏng			長水 黃		安東權氏成化譜	1	53	a	
E201218	金國光	김국광	Kim Kukkwang			光州 金	花山府院君	安東權氏成化譜	1	53	a	
E201222	黃從兄	황종형	Hwang Chonghyŏng			長水 黃	郡事	安東權氏成化譜	1	53	a	
E201224	金孟錘	김맹추	Kim Maengch'u			安山 金		安東權氏成化譜	1	53	a	
E201228	柳約	유약	Yu Yak			文化 柳		安東權氏成化譜	1	53	a	
E203117	李譓	이혜	Yi Hye			慶州 李		安東權氏成化譜	1	53	a	
E205215	李垾	이한	Yi Han			韓山 李		安東權氏成化譜	1	53	a	
E300515	金克忸	김극뉴	Kim Kŭngnyu			光州 金	僉知	安東權氏成化譜	1	53	a	
E902675	金克怩	김극니	Kim Kŭngni			光州 金	判官	安東權氏成化譜	1	53	a	
E902679	金克羞	김극수	Kim Kŭksu			光州 金	監察	安東權氏成化譜	1	53	a	
E902680	金克愧	김극괴	Kim Kŭkkoe	金克瑰		光州 金	司果	安東權氏成化譜	1	53	a	
E200074	朴回	박회	Pak Hoe			密陽 朴	正郞	安東權氏成化譜	1	53	b	
E200844	黃謹昌	황근창	Hwang Kŭnch'ang			長水 黃		安東權氏成化譜	1	53	b	
E201233	黃瓚	황찬	Hwang Ch'an			長水 黃	 	安東權氏成化譜	1	53	b	
E201234	黃瑾	황근	Hwang Kŭn			長水 黃		安東權氏成化譜	1	53	b	
E201242	黃敬兄	황경형	Hwang Kyŏnghyŏng			長水 黃		安東權氏成化譜	1	53	b	
E201243	黃璲	황수	Hwang Su			長水 黃		安東權氏成化譜	1	53	b	
E201244	黃璡	황진	Hwang Chin			長水 黃		安東權氏成化譜	1	53	b	
E201245	崔文普	최문보	Ch'oe Munbo				 	安東權氏成化譜	1	53	b	
E201256	黃恭兄	황공형	Hwang Konghyŏng			長水 黃	宣敎	安東權氏成化譜	1	53	b	
E201257	黃頊	황욱	Hwang Uk			長水 黃		安東權氏成化譜	1	53	b	
E201259	黃琚					長水 黃		安東權氏成化譜	1	53	b	
E201262	趙祉	조지	Cho Chi					安東權氏成化譜	1	53	b	
E201266	李繼重	이계동	Yi Kyedong	李繼童		全義 李		安東權氏成化譜	1	53	b	
E201268	黃脊	황신	Hwang Sin	黃春		長水 黃		安東權氏成化譜	1	53	b	
E201271	黃誠昌	황성창	Hwang Sŏngch'ang			長水 黃		安東權氏成化譜	1	53	b	
E201285	崔漢良	최한량	Ch'oe Hallyang			和順 崔		安東權氏成化譜	1	53	b	
E201293	文迨	문태	Mun T'ae			鷲城 文	主簿	安東權氏成化譜	1	53	b	
E201299	楊處順	양처순	Yang Ch'ŏsun			淸州 楊	 	安東權氏成化譜	1	53	b	
E201300	楊處離	양자리	Yang Chari	楊子離		淸州 楊	 	安東權氏成化譜	1	53	b	
E201301	楊濟	양제	Yang Che			淸州 楊	司直	安東權氏成化譜	1	53	b	
E201302	金伯禧	김백희	Kim Paekhŭi	金伯熹		安東 金	別侍	安東權氏成化譜	1	53	b	
E201305	楊治	양치	Yang Ch'i			淸州 楊	僉節制使	安東權氏成化譜	1	53	b	
E201307	楊順達	양순달	Yang Sundal			淸州 楊	經歷	安東權氏成化譜	1	53	b	
E202313	文尙彬	문상빈	Mun Sangbin			鷲城 文	 	安東權氏成化譜	1	53	b	
E202314	文致中	문치중	Mun Ch'ijung			鷲城 文	 	安東權氏成化譜	1	53	b	
E202319	韓箕斗	한기두	Han Kidu				司正	安東權氏成化譜	1	53	b	
E202321	辛胤祖	신윤조	Sin Yunjo			靈山 辛		安東權氏成化譜	1	53	b	
E202323	韓崙	한륜	Han Ryun				 	安東權氏成化譜	1	53	b	
E904204	沈叔	심숙	Sim Suk	沈淑			綠事	安東權氏成化譜	1	53	b	
EC04001	黃諴昌					長水 黃	 	安東權氏成化譜	1	53	b	
E200032	楊天祿	양천록	Yang Ch'ŏllok			淸州 楊	檢漢城	安東權氏成化譜	1	54	a	
E201341	楊孝達	양효달	Yang Hyodal			淸州 楊	生員	安東權氏成化譜	1	54	a	
E201371	楊信達	양신달	Yang Sindal			淸州 楊	 	安東權氏成化譜	1	54	a	
E201381	楊赫	양혁	Yang Hyŏk			淸州 楊		安東權氏成化譜	1	54	a	
E201382	崔有良	최유량	Ch'oe Yuryang			慶州 崔	司正	安東權氏成化譜	1	54	a	
E201384	許謹	허근	Hŏ Kŭn				別坐	安東權氏成化譜	1	54	a	
E201404	羅孝順	나효순	Na Hyosun			羅州 羅	丞	安東權氏成化譜	1	54	a	
E201406	全念	전념	Chŏn Nyŏm			天安 全	上護軍	安東權氏成化譜	1	54	a	
E201408	朴圍孫	박윤손	Pak Yunson	朴潤孫			司直	安東權氏成化譜	1	54	a	
E201410	全復亨	전부형	Chŏn Puhyŏng			天安 全	司直	安東權氏成化譜	1	54	a	
E201411	全泰亨	전태형	Chŏn T'aehyŏng			天安 全	通贊	安東權氏成化譜	1	54	a	
E201412	全叔亨	전숙형	Chŏn Sukhyŏng			天安 全	司直	安東權氏成化譜	1	54	a	
E201413	全晉亨	전진형	Chŏn Chinhyŏng			天安 全	縣監	安東權氏成化譜	1	54	a	
E201423	羅經	나경	Na Kyŏng			羅州 羅	 	安東權氏成化譜	1	54	a	
E201426	李璣	이기	Yi Ki				別侍	安東權氏成化譜	1	54	a	
E201428	黃季叔	황계숙	Hwang Kyesuk				部令	安東權氏成化譜	1	54	a	
E201431	安壽希	안수희	An Suhŭi				縣監	安東權氏成化譜	1	54	a	
E201433	崔厦	최하	Ch'oe Ha				 	安東權氏成化譜	1	54	a	
E201438	安俊	안준	An Chun				監察	安東權氏成化譜	1	54	a	
E201449	李孝同	이효동	Yi Hyodong	李孝仝			縣監	安東權氏成化譜	1	54	a	
E201458	安倬	안탁	An T'ak				 	安東權氏成化譜	1	54	a	
E201460	安仍						 	安東權氏成化譜	1	54	a	
E201465	李倦					全義 李	司直	安東權氏成化譜	1	54	a	
E201469	安佇	안저	An Chŏ					安東權氏成化譜	1	54	a	
E300521	李春英	이춘영	Yi Ch'unyŏng			星州 李		安東權氏成化譜	1	54	a	
EC04002	安淑	안숙	An Suk				祝髮	安東權氏成化譜	1	54	a	
D200034	崔裕	최유	Ch'oe Yu				判事	安東權氏成化譜	1	54	b	
E102754	尹延齡	윤연령	Yun Yŏllyŏng			海平 尹	進義副尉	安東權氏成化譜	1	54	b	
E102756	尹遇丁	윤우정	Yun Ujŏng			海平 尹	綠事	安東權氏成化譜	1	54	b	
E102766	尹石丁	윤필정	Yun P'ilchŏng	尹弼丁		海平 尹	 	安東權氏成化譜	1	54	b	
E102777	尹延命	윤연명	Yun Yŏnmyŏng			海平 尹	海平尉尚翁主	安東權氏成化譜	1	54	b	
E201472	元德秀	원덕수	Wŏn Tŏksu			原州 元		安東權氏成化譜	1	54	b	
E201476	辛裕	신유	Sin Yu				司直	安東權氏成化譜	1	54	b	
E201478	辛孝源	신효원	Sin Hyowŏn				 	安東權氏成化譜	1	54	b	
E201479	李溥	이부	Yi Pu			全義 李		安東權氏成化譜	1	54	b	
E201482	辛孝男	신효남	Sin Hyonam				 	安東權氏成化譜	1	54	b	
E201483	朴林蕃	박임번	Pak Imbŏn			密陽 朴		安東權氏成化譜	1	54	b	
E201488	崔得濟	최득제	Ch'oe Tŭkche				 	安東權氏成化譜	1	54	b	
E201489	梁京	양경	Yang Kyŏng				正郞	安東權氏成化譜	1	54	b	
E201491	梁渚	양저	Yang Chŏ				萬戶	安東權氏成化譜	1	54	b	
E201492	梁自海							安東權氏成化譜	1	54	b	
E201493	梁自江							安東權氏成化譜	1	54	b	
E201494	鄭鄰	정린	Chŏng Rin	鄭郁			司藝	安東權氏成化譜	1	54	b	
E201496	鄭吉生	정길생	Chŏng Kilsaeng				縣監	安東權氏成化譜	1	54	b	
E201497	高志孫	고지손	Ko Chison				司直	安東權氏成化譜	1	54	b	
E201499	權厚	권후	Kwŏn Hu				郡事	安東權氏成化譜	1	54	b	
E201501	崔閏玉	최윤옥	Ch'oe Yunok	崔潤玉		通川 崔	府使	安東權氏成化譜	1	54	b	
E201503	南贄	남지	Nam Chi			宜寧 南		安東權氏成化譜	1	54	b	
E201505	權琳	권림	Kwŏn Rim				忠順	安東權氏成化譜	1	54	b	
E201533	崔泳	최영	Ch'oe Yŏng			慶州 崔	郡守	安東權氏成化譜	1	54	b	
E201534	崔融			崔瀜		慶州 崔	縣令	安東權氏成化譜	1	54	b	
E401410	尹達成	윤달성	Yun Talsŏng	尹達誠		海平 尹	縣監	安東權氏成化譜	1	54	b	
E401411	尹彰	윤창	Yun Ch'ang			海平 尹	執義	安東權氏成化譜	1	54	b	
E800001	尹繼丁	윤계정	Yun Kyejŏng			海平 尹	護軍	安東權氏成化譜	1	54	b	
E800021	尹末丁	윤말정	Yun Malchŏng			海平 尹	 	安東權氏成化譜	1	54	b	
E800091	尹贊丁	윤찬정	Yun Ch'anjŏng	尹纘丁		海平 尹	 	安東權氏成化譜	1	54	b	
E800111	尹數丁	윤은정	Yun Ŭnjŏng	尹殷丁		海平 尹	 	安東權氏成化譜	1	54	b	
E800131	尹渾	윤혼	Yun Hon			海平 尹	監察	安東權氏成化譜	1	54	b	
D201535	安處	안처	An Ch'ŏ			順興 安	茶房	安東權氏成化譜	1	55	a	
E102782	李堤	이제	Yi Che			延安 李		安東權氏成化譜	1	55	a	
E102783	尹湄	윤미	Yun Mi			海平 尹	司果	安東權氏成化譜	1	55	a	
E102787	尹延年	윤연년	Yun Yŏnnyŏn			海平 尹	府使	安東權氏成化譜	1	55	a	
E102788	尹緯	윤위	Yun Wi			海平 尹	生員	安東權氏成化譜	1	55	a	
E102791	奉石柱	봉석주	Pong Sŏkchu			河陰 奉		安東權氏成化譜	1	55	a	
E102793	李河	이하	Yi Ha	李瑕			暑令	安東權氏成化譜	1	55	a	
E102794	李長孫	이장손	Yi Changson				 	安東權氏成化譜	1	55	a	
E201445	康凝	강응	Kang Ŭng			載寧 康		安東權氏成化譜	1	55	a	
E201446	康元錫	강원석	Kang Wŏnsŏk			載寧 康	察訪	安東權氏成化譜	1	55	a	
E201677	安芬	안분	An Pun			竹山 安	縣監	安東權氏成化譜	1	55	a	
E201679	周叔時	주승시	Chu Sŭngsi	周升時			進士	安東權氏成化譜	1	55	a	
E201681	周鎬	주호	Chu Ho				 	安東權氏成化譜	1	55	a	
E201682	周鎭	주진	Chu Chin				錄事	安東權氏成化譜	1	55	a	
E201685	安仲善	안중선	An Chungsŏn			竹山 安	 	安東權氏成化譜	1	55	a	
E201686	安繼性	안계성	An Kyesŏng			竹山 安	綠事	安東權氏成化譜	1	55	a	
E201791	鄭昌	정창	Chŏng Ch'ang			草溪 鄭	郡守	安東權氏成化譜	1	55	a	
E302041	尹浩	윤호	Yun Ho			海平 尹		安東權氏成化譜	1	55	a	
E402344	安原君					開城 王	安原君	安東權氏成化譜	1	55	a	
E800181	尹洌	윤렬	Yun Ryŏl			海平 尹	司果	安東權氏成化譜	1	55	a	
E800211	尹緝	윤집	Yun Chip			海平 尹	進士	安東權氏成化譜	1	55	a	
EC00496	金抵	김저	Kim Chŏ				議郞	安東權氏成化譜	1	55	a	
E000241	崔璘	최린	Ch'oe Rin			大寧 崔	校理	安東權氏成化譜	1	55	b	
E201704	安得貴	안득귀	An Tŭkkwi			竹山 安	郎將	安東權氏成化譜	1	55	b	
E201737	崔滈	최호	Ch'oe Ho			大寧 崔	郡事	安東權氏成化譜	1	55	b	
E201741	崔尙淇	최상기	Ch'oe Sanggi			大寧 崔	司正	安東權氏成化譜	1	55	b	
E201743	崔㻁	최연	Ch'oe Yŏn			大寧 崔	司直	安東權氏成化譜	1	55	b	
E201744	崔璇	최선	Ch'oe Sŏn			大寧 崔	 	安東權氏成化譜	1	55	b	
E201745	崔尙河	최상하	Ch'oe Sangha			大寧 崔	散員	安東權氏成化譜	1	55	b	
E201747	崔瑀	최우	Ch'oe U			大寧 崔	別監	安東權氏成化譜	1	55	b	
E201748	李植根	이식근	Yi Sikkŭn			慶州 李		安東權氏成化譜	1	55	b	
E201750	具益壽	구익수	Ku Iksu			綾城 具	郡事	安東權氏成化譜	1	55	b	
E201754	具仲孫	구중손	Ku Chungson			綾城 具	司正	安東權氏成化譜	1	55	b	
E201755	具德孫	구덕손	Ku Tŏkson			綾城 具	武科	安東權氏成化譜	1	55	b	
E201763	南孝恭	남효공	Nam Hyogong				 	安東權氏成化譜	1	55	b	
E201765	安自立	안자립	An Charip			忠州 安	檢參議	安東權氏成化譜	1	55	b	
E201771	安夏生	안하생	An Hasaeng			忠州 安	通贊	安東權氏成化譜	1	55	b	
E201773	安晉生	안진생	An Chinsaeng			忠州 安	翰林	安東權氏成化譜	1	55	b	
E201775	鄭澮	정회	Chŏng Hoe			草溪 鄭		安東權氏成化譜	1	55	b	
E201777	陳成幹	진성간	Chin Sŏnggan				護軍	安東權氏成化譜	1	55	b	
E201779	鄭万有	정만유	Chŏng Manyu	鄭萬有			司正	安東權氏成化譜	1	55	b	
E201781	宋繼商	송계상	Song Kyesang				護軍	安東權氏成化譜	1	55	b	
E201783	石亨	석형	Sŏk Hyŏng				 	安東權氏成化譜	1	55	b	
E201785	任處禮	임처례	Im Ch'ŏrye				 	安東權氏成化譜	1	55	b	
E402346	韓穩	한온	Han On				判事	安東權氏成化譜	1	55	b	
E402348	宋龍興	송용흥	Song Yonghŭng				牧使	安東權氏成化譜	1	55	b	
E402349	安永貴	안영귀	An Yŏnggwi			竹山 安	 	安東權氏成化譜	1	55	b	
E201787	李熙	이희	Yi Hŭi				 	安東權氏成化譜	1	56	a	
E201789	鄭孝恂	정효순	Chŏng Hyosun	鄭孝順		草溪 鄭	郡事	安東權氏成化譜	1	56	a	
E201794	鄭伯元	정백원	Chŏng Paegwŏn			草溪 鄭		安東權氏成化譜	1	56	a	
E201799	鄭仲元	정중원	Chŏng Chungwŏn			草溪 鄭		安東權氏成化譜	1	56	a	
E201817	鄭孝安	정효안	Chŏng Hyoan			草溪 鄭	 	安東權氏成化譜	1	56	a	
E201818	黃淑中	황숙중	Hwang Sukchung				司勇	安東權氏成化譜	1	56	a	
E201820	黃承祖	황승조	Hwang Sŭngjo				護軍	安東權氏成化譜	1	56	a	
E201823	李仁溫	이인온	Yi Inon				 	安東權氏成化譜	1	56	a	
E201824	李仁恭	이인공	Yi In'gong				 	安東權氏成化譜	1	56	a	
E201825	李仁儉	이인검	Yi In'gŏm				 	安東權氏成化譜	1	56	a	
E201826	鄭河達	정하달	Chŏng Hadal	鄭夏達		草溪 鄭	錄事	安東權氏成化譜	1	56	a	
E201829	鄭灉	정옹	Chŏng Ong			草溪 鄭		安東權氏成化譜	1	56	a	
E201830	康勸老	강권로	Kang Kwŏllo				司直	安東權氏成化譜	1	56	a	
E201832	池自淡	지자담	Chi Chadam			丹陽 池	 	安東權氏成化譜	1	56	a	
E201834	康諝	강서	Kang Sŏ				 	安東權氏成化譜	1	56	a	
E201837	金敬安	김경안	Kim Kyŏngan				司正	安東權氏成化譜	1	56	a	
E201839	金三達	김삼달	Kim Samdal				 	安東權氏成化譜	1	56	a	
E201840	鄭孝明	정효명	Chŏng Hyomyŏng			草溪 鄭	 	安東權氏成化譜	1	56	a	
E201841	鄭晶	정정	Chŏng Chŏng			草溪 鄭	 	安東權氏成化譜	1	56	a	
E400767	康自敬	강자경	Kang Chagyŏng	康子敬			縣監	安東權氏成化譜	1	56	a	
E904929	薛義孫	설의손	Sŏl Ŭison				別侍	安東權氏成化譜	1	56	a	
EC04007	康瑞生	강서생	Kang Sŏsaeng				忠贊衛	安東權氏成化譜	1	56	a	
EC04009	崔繼宗	최계종	Ch'oe Kyejong				 	安東權氏成化譜	1	56	a	
E201843	林救	임구	Im Ku			臨河 林	副使	安東權氏成化譜	1	56	b	
E201848	鄭澍	정주	Chŏng Chu	鄭湊		草溪 鄭	郡事	安東權氏成化譜	1	56	b	
E201850	金淙	김종	Kim Chong				護軍	安東權氏成化譜	1	56	b	
E201852	鄭貴同	정귀동	Chŏng Kwidong			草溪 鄭	 	安東權氏成化譜	1	56	b	
E201855	柳坦	유탄	Yu T'an	柳垣			司勇	安東權氏成化譜	1	56	b	
E201862	金晙	김준	Kim Chun	金昉		延安 金	郡事	安東權氏成化譜	1	56	b	
E201865	金孝祖	김효조	Kim Hyojo			延安 金	上將	安東權氏成化譜	1	56	b	
E201867	金繼祖	김계조	Kim Kyejo			延安 金		安東權氏成化譜	1	56	b	
E201869	金順祖	김순조	Kim Sunjo			延安 金	 	安東權氏成化譜	1	56	b	
E201870	金敬祖	김경조	Kim Kyŏngjo			延安 金	 	安東權氏成化譜	1	56	b	
E201879	金有敦	김유돈	Kim Yudon			光州 金	丞	安東權氏成化譜	1	56	b	
E201881	金昫	김구	Kim Ku			延安 金	府使	安東權氏成化譜	1	56	b	
E201891	金昇	김승	Kim Sŭng			延安 金	直講	安東權氏成化譜	1	56	b	
E201893	金錫賢	김석현	Kim Sŏkhyŏn			延安 金	生員	安東權氏成化譜	1	56	b	
E201903	金錫哲	김석철	Kim Sŏkch'ŏl			延安 金		安東權氏成化譜	1	56	b	
E201914	金錫輔	김석보	Kim Sŏkpo			延安 金		安東權氏成化譜	1	56	b	
E201917	池叔林	지숙림	Chi Sungnim				 	安東權氏成化譜	1	56	b	
E201919	鄭濡	정서	Chŏng Sŏ			草溪 鄭	 	安東權氏成化譜	1	56	b	
E201920	鄭孝同	정효동	Chŏng Hyodong			草溪 鄭	 	安東權氏成化譜	1	56	b	
E201921	鄭遏同					草溪 鄭	 	安東權氏成化譜	1	56	b	
E201922	鄭淳	정순	Chŏng Sun			草溪 鄭	錄事	安東權氏成化譜	1	57	a	
E201923	鄭得寧	정득녕	Chŏng Tŭngnyŏng			草溪 鄭	生員	安東權氏成化譜	1	57	a	
E201930	安致方	안치방	An Ch'ibang				司正	安東權氏成化譜	1	57	a	
E201931	金成理	김성리	Kim Sŏngni	金成利		光州 金		安東權氏成化譜	1	57	a	
E201933	李天老	이천로	Yi Ch'ŏllo				 	安東權氏成化譜	1	57	a	
E201934	崔有江	최유강	Ch'oe Yugang			江華 崔	判事	安東權氏成化譜	1	57	a	
E201941	李熙	이희	Yi Hŭi				錄事	安東權氏成化譜	1	57	a	
E201942	洪眞敏	홍진민	Hong Chinmin				 	安東權氏成化譜	1	57	a	
E201944	徐孟達	서맹달	Sŏ Maengdal				部令	安東權氏成化譜	1	57	a	
E201947	郭頤正			郭熙正			 	安東權氏成化譜	1	57	a	
E201949	都繼良	도계량	To Kyeryang				 	安東權氏成化譜	1	57	a	
E201953	金銓	김전	Kim Chŏn				判官	安東權氏成化譜	1	57	a	
E201955	李庇	이비	Yi Pi				錄事	安東權氏成化譜	1	57	a	
E201957	宋寶林	송보림	Song Porim				 	安東權氏成化譜	1	57	a	
E201959	崔明進	최명진	Ch'oe Myŏngjin				 	安東權氏成化譜	1	57	a	
E402355	安信						僕郎將	安東權氏成化譜	1	57	a	
E402357	金自淸	김자청	Kim Chach'ŏng				護軍	安東權氏成化譜	1	57	a	
E402359	李培平	이배평	Yi Paep'yŏng				參軍	安東權氏成化譜	1	57	a	
E402361	朴成用	박성용	Pak Sŏngyong				萬戶	安東權氏成化譜	1	57	a	
E402363	李暈	이훈	Yi Hun				監務	安東權氏成化譜	1	57	a	
E402364	徐允貴	서윤귀	Sŏ Yun'gwi				 	安東權氏成化譜	1	57	a	
E402369	郭極	곽극	Kwak Kŭk	郭拯			判事	安東權氏成化譜	1	57	a	
E902174	金崇智	김숭지	Kim Sungji	金崇知		慶州 金		安東權氏成化譜	1	57	a	
EC04012	崔溫孫	최온손	Ch'oe Onson			江華 崔	 	安東權氏成化譜	1	57	a	
EC04013	崔恭孫	최공손	Ch'oe Kongson			江華 崔	 	安東權氏成化譜	1	57	a	
a7b12ced-f876-4447-a277-e5a0cb91d61d	金喻義							安東權氏成化譜	1	57	b	
E201961	李澍	이주	Yi Chu				郡事	安東權氏成化譜	1	57	b	
E201963	李義順	이의순	Yi Ŭisun				 	安東權氏成化譜	1	57	b	
E201966	金[羽+戈]					水原 金		安東權氏成化譜	1	57	b	
E201969	李永培	이영배	Yi Yŏngbae			禮安 李		安東權氏成化譜	1	57	b	
E201970	趙添壽	조첨수	Cho Ch'ŏmsu			白川 趙		安東權氏成化譜	1	57	b	
E201974	偰振					慶州 偰	主簿	安東權氏成化譜	1	57	b	
E201977	偰致禮					慶州 偰	 	安東權氏成化譜	1	57	b	
E201979	金余善	김여선	Kim Yŏsŏn	金餘善		彦陽 金		安東權氏成化譜	1	57	b	
E201981	金余慶	김여경	Kim Yŏgyŏng	金餘慶		彦陽 金	 	安東權氏成化譜	1	57	b	
E201982	陳耕	진경	Chin Kyŏng			驪陽 陳	縣監	安東權氏成化譜	1	57	b	
E201984	洪福昌	홍복창	Hong Pokch'ang				 	安東權氏成化譜	1	57	b	
E201986	韓自方	한자방	Han Chabang	韓自邦			 	安東權氏成化譜	1	57	b	
E201988	金致粹	김치수	Kim Ch'isu				 	安東權氏成化譜	1	57	b	
E201991	徐現	서현	Sŏ Hyŏn				別侍	安東權氏成化譜	1	57	b	
E201992	徐允德	서윤덕	Sŏ Yundŏk				 	安東權氏成化譜	1	57	b	
E201993	徐允福	서윤복	Sŏ Yunbok				 	安東權氏成化譜	1	57	b	
E201994	鄭表民	정표민	Chŏng P'yomin			西原 鄭	護軍	安東權氏成化譜	1	57	b	
E201996	朴秀邊	박수변	Pak Subyŏn			忠州 朴		安東權氏成化譜	1	57	b	
E202000	元至於	원지어	Wŏn Chiŏ	元止於		原州 元	中樞	安東權氏成化譜	1	57	b	
E401161	李德生	이덕생	Yi Tŏksaeng			禮安 李	節制使	安東權氏成化譜	1	57	b	
E401162	李密	이밀	Yi Mil			禮安 李	府使	安東權氏成化譜	1	57	b	
E402372	金遜	김손	Kim Son				 	安東權氏成化譜	1	57	b	
E402373	金永達	김승달	Kim Sŭngdal	金承達		彦陽 金		安東權氏成化譜	1	57	b	
E402376	徐仲夏	서중하	Sŏ Chungha				司直	安東權氏成化譜	1	57	b	
7afccf6e-5f4d-4e65-81c7-a9c47cb84003	朴終田					密陽 朴		安東權氏成化譜	2	1	a	
8de4005c-58e0-4204-9224-1a7a743d5bb5	朴末田					密陽 朴		安東權氏成化譜	2	1	a	
9e47bfa3-cc3e-46f6-8f1f-f6f4bea65592	徐下通							安東權氏成化譜	2	1	a	
beb03add-bd1a-4020-b3a6-db6ed7a3f59e	朴河田					密陽 朴		安東權氏成化譜	2	1	a	
E200459	張世璘	장세린	Chang Serin					安東權氏成化譜	2	1	a	
E200460	張全	장전	Chang Chŏn				判官	安東權氏成化譜	2	1	a	
E202103	朴維	박유	Pak Yu	朴維持		密陽 朴	縣監	安東權氏成化譜	2	1	a	
E202104	李崇徑	이숭경	Yi Sunggyŏng			延安 李		安東權氏成化譜	2	1	a	
E202107	朴思東	박사동	Pak Sadong			密陽 朴	佐郞	安東權氏成化譜	2	1	a	
E202109	朴訥	박눌	Pak Nul			密陽 朴	 	安東權氏成化譜	2	1	a	
E202131	朴惠東	박혜동	Pak Hyedong			密陽 朴	訓導	安東權氏成化譜	2	1	a	
E202132	朴認	박인	Pak In			密陽 朴		安東權氏成化譜	2	1	a	
E202152	朴慮東	박여동	Pak Yŏdong			密陽 朴	及第	安東權氏成化譜	2	1	a	
E202153	朴緻	박치	Pak Ch'i			密陽 朴	直長	安東權氏成化譜	2	1	a	
E202161	朴三山	박사장	Pak Sajang	朴思丈		密陽 朴	司直	安東權氏成化譜	2	1	a	
E202162	朴崑	박곤	Pak Kon			密陽 朴	 	安東權氏成化譜	2	1	a	
E202169	徐鈩	서환	Sŏ Hwan	徐歡			司正	安東權氏成化譜	2	1	a	
E202174	李吉培	이길배	Yi Kilbae			牛峯 李		安東權氏成化譜	2	1	a	
E202177	李圻	이기	Yi Ki			牛峯 李	縣監	安東權氏成化譜	2	1	a	
E202179	李承寧	이승녕	Yi Sŭngnyŏng			牛峯 李	典籍	安東權氏成化譜	2	1	a	
E202196	李垤	이질	Yi Chil			牛峯 李	府使	安東權氏成化譜	2	1	a	
E402386	朴義林	박의림	Pak Ŭirim			密陽 朴	監務	安東權氏成化譜	2	1	a	
E700450	李承騫	이승건	Yi Sŭnggŏn	李承健		牛峯 李		安東權氏成化譜	2	1	a	
E700464	李承張	이승장	Yi Sŭngjang			牛峯 李		安東權氏成化譜	2	1	a	
E202211	李埏	이연	Yi Yŏn	李堧		牛峯 李	司正	安東權氏成化譜	2	1	b	
E202222	蔡圖	채도	Ch'ae To			平康 蔡	敎導	安東權氏成化譜	2	1	b	
E202223	蔡河沉	채하침	Ch'ae Hach'im			平康 蔡	 	安東權氏成化譜	2	1	b	
E202224	曹錫文	조석문	Cho Sŏngmun			昌寧 曹	昌寧府院君	安東權氏成化譜	2	1	b	
E202229	蔡河生	채하생	Ch'ae Hasaeng			平康 蔡	 	安東權氏成化譜	2	1	b	
E300360	安桑鷄	안상계	An Sanggye			竹山 安		安東權氏成化譜	2	1	b	
E304440	金碔	김무	Kim Mu			安東 金	寺正	安東權氏成化譜	2	1	b	
E304442	金義童	김의동	Kim Ŭidong			安東 金	僉知	安東權氏成化譜	2	1	b	
E304444	洪湜	홍식	Hong Sik			南陽 洪	司直	安東權氏成化譜	2	1	b	
E304446	洪汀	홍정	Hong Chŏng			南陽 洪	 	安東權氏成化譜	2	1	b	
E400145	金赭	김자	Kim Cha			彦陽 金	代言	安東權氏成化譜	2	1	b	
E400630	金慶長	김경장	Kim Kyŏngjang			彦陽 金	府使	安東權氏成化譜	2	1	b	
E402031	蔡克敬	채극경	Ch'ae Kŭkkyŏng			平康 蔡	典書	安東權氏成化譜	2	1	b	
E901223	金慶鍾	김경종	Kim Kyŏngjong			彦陽 金	縣監	安東權氏成化譜	2	1	b	
E901226	洪恂	홍순	Hong Sun				署令	安東權氏成化譜	2	1	b	
E901228	鄭孝康	정효강	Chŏng Hyogang			延日 鄭		安東權氏成化譜	2	1	b	
E901232	金繼門	김계문	Kim Kyemun			彦陽 金	司直	安東權氏成化譜	2	1	b	
E901234	金繼孫	김계손	Kim Kyeson			彦陽 金	司直	安東權氏成化譜	2	1	b	
E901239	李元幹	이원간	Yi Wŏn'gan				內禁衛	安東權氏成化譜	2	1	b	
E901259	金繼祖	김계조	Kim Kyejo			彦陽 金		安東權氏成化譜	2	1	b	
E901261	洪義華	홍의화	Hong Ŭihwa			南陽 洪	司直	安東權氏成化譜	2	1	b	
E903942	金仁錫	김인석	Kim Insŏk			安東 金		安東權氏成化譜	2	1	b	
E903950	金義錫	김의석	Kim Ŭisŏk			安東 金		安東權氏成化譜	2	1	b	
48712bc1-6203-4bc9-9479-fcbfe9936ece	金纘					安東 金	 	安東權氏成化譜	2	2	a	
d184fe68-38e9-49dd-8bb9-28946c2130d5	金紳					安東 金	 	安東權氏成化譜	2	2	a	
D201294	文希魯	문희로	Mun Hŭiro			鷲城 文		安東權氏成化譜	2	2	a	
D202270	全經	전경	Chŏn Kyŏng	全卿		天安 全	府使	安東權氏成化譜	2	2	a	
E202204	朴叔楙	박숙무	Pak Sungmu			陰城 朴	郡守	安東權氏成化譜	2	2	a	
E202239	趙世安	조세영	Cho Seyŏng	趙世英		白川 趙	參判	安東權氏成化譜	2	2	a	
E202247	崔承流	최승류	Ch'oe Sŭngnyu			慶州 崔	縣監	安東權氏成化譜	2	2	a	
E202249	柳末孫	유말손	Yu Malson			文化 柳		安東權氏成化譜	2	2	a	
E202251	宋繼殷	송계은	Song Kyeŭn			礪山 宋	司直	安東權氏成化譜	2	2	a	
E202253	李伯規	이백규	Yi Paekkyu			全州 李	花林君	安東權氏成化譜	2	2	a	
E202259	趙荊					橫城 趙		安東權氏成化譜	2	2	a	Name filled in from KJB 5.23b.
E202263	趙哲守	조철수	Cho Ch'ŏlsu			橫城 趙		安東權氏成化譜	2	2	a	
E202272	金自麗	김자려	Kim Charyŏ			安東 金	 	安東權氏成化譜	2	2	a	
E202274	許禮	허례	Hŏ Rye			陽川 許	縣監	安東權氏成化譜	2	2	a	
E202276	朴昨	박흔	Pak Hŭn	朴昕		陰城 朴		安東權氏成化譜	2	2	a	
E202284	朴叔進	박숙달	Pak Suktal	朴叔達		陰城 朴	正郞	安東權氏成化譜	2	2	a	
E202289	朴叔帳	박숙양	Pak Sugyang	朴叔陽		陰城 朴		安東權氏成化譜	2	2	a	
E202292	朴之蕃	박지번	Pak Chibŏn	朴之著		竹山 朴	竹山君	安東權氏成化譜	2	2	a	
E202420	許誠	허성	Hŏ Sŏng			河陽 許	判書	安東權氏成化譜	2	2	a	
E202423	尹煥	윤환	Yun Hwan			坡平 尹	縣監	安東權氏成化譜	2	2	a	
E202426	尹謹德	윤근덕	Yun Kŭndŏk			坡平 尹	司果	安東權氏成化譜	2	2	a	
E202428	尹大德	윤대덕	Yun Taedŏk			坡平 尹	大護軍	安東權氏成化譜	2	2	a	
E202429	尹敬德	윤경덕	Yun Kyŏngdŏk			坡平 尹	司果	安東權氏成化譜	2	2	a	
E202432	睦哲成	목철성	Mok Ch'ŏlsŏng			泗川 睦		安東權氏成化譜	2	2	a	
E304447	李明弼	이명필	Yi Myŏngp'il				 	安東權氏成化譜	2	2	a	
E304449	洪沚	홍지	Hong Chi			南陽 洪	 	安東權氏成化譜	2	2	a	
E401018	崔石堅	최석견	Ch'oe Sŏkkyŏn	崔碩堅		慶州 崔	縣監	安東權氏成化譜	2	2	a	
E401019	崔原濟	최원준	Ch'oe Wŏnjun	崔源濬		慶州 崔		安東權氏成化譜	2	2	a	
E401227	權循	권순	Kwŏn Sun			安東 權		安東權氏成化譜	2	2	a	
E401606	韓致仁	한치인	Han Ch'iin			淸州 韓		安東權氏成化譜	2	2	a	
E402390	李隲	이척	Yi Ch'ŏk			延安 李		安東權氏成化譜	2	2	a	
E402400	許周	허주	Hŏ Chu			河陽 許	判漢城	安東權氏成化譜	2	2	a	
E402402	尹生			尹珪		坡平 尹	府尹	安東權氏成化譜	2	2	a	
E700524	崔處淵	최처연	Ch'oe Ch'ŏyŏn			慶州 崔	 	安東權氏成化譜	2	2	a	
E700531	朴叔紊	박숙진	Pak Sukchin	朴叔蓁		陰城 朴	通禮	安東權氏成化譜	2	2	a	
E700604	尹沆	윤항	Yun Hang			坡平 尹	司勇	安東權氏成化譜	2	2	a	
E700605	尹愼德	윤신덕	Yun Sindŏk				監察	安東權氏成化譜	2	2	a	
E700607	尹滂	윤방	Yun Pang			坡平 尹		安東權氏成化譜	2	2	a	
E700609	尹沱	윤타	Yun T'a			坡平 尹		安東權氏成化譜	2	2	a	
E901264	金永命	김영명	Kim Yŏngmyŏng			彦陽 金	 	安東權氏成化譜	2	2	a	
E901265	金永壽	김영수	Kim Yŏngsu			彦陽 金	 	安東權氏成化譜	2	2	a	
E901274	陽穋	양륙	Yang Ryuk				 	安東權氏成化譜	2	2	a	
EC04017	李一同	이일동	Yi Ildong				 	安東權氏成化譜	2	2	a	
E000027	李埤	이비	Yi Pi			鐵城 李	中樞	安東權氏成化譜	2	2	b	
E202435	金適	김적손	Kim Chŏkson	金適孫		彦陽 金	司勇	安東權氏成化譜	2	2	b	
E202437	金謙	김겸	Kim Kyŏm			彦陽 金		安東權氏成化譜	2	2	b	
E202438	柳壕	유호	Yu Ho	柳濠		文化 柳	生員	安東權氏成化譜	2	2	b	Appears as 朴壕. Corrected to according to KJB 5.25b.
E202440	尹暄	윤훤	Yun Hwŏn	尹昕		坡平 尹	縣監	安東權氏成化譜	2	2	b	
E202458	韓可堅	한가견	Han Kagyŏn			平山 韓	上護軍	安東權氏成化譜	2	2	b	
E202462	李景華	이경화	Yi Kyŏnghwa			羽溪 李		安東權氏成化譜	2	2	b	
E300082	金寶輕	김보경	Kim Pogyŏng	金實輕		光州 金	掌苑	安東權氏成化譜	2	2	b	
E700631	尹由德	윤유덕	Yun Yudŏk			坡平 尹	司正	安東權氏成化譜	2	2	b	
E700637	吳致仁	오치인	O Ch'iin			海州 吳	縣監	安東權氏成化譜	2	2	b	
E700662	韓順	한순	Han Sun			平山 韓	生員	安東權氏成化譜	2	2	b	
E700797	韓頊	한욱	Han Uk			平山 韓	司勇	安東權氏成化譜	2	2	b	
E000859	羅嗣宗	나사종	Na Sajong			安貞 羅		安東權氏成化譜	2	3	a	
E101852	閔忠達	민충달	Min Ch'ungdal			驪興 閔	主簿	安東權氏成化譜	2	3	a	
E101888	閔敬達	민경달	Min Kyŏngdal			驪興 閔	司正	安東權氏成化譜	2	3	a	
E101895	閔誠達	민성달	Min Sŏngdal			驪興 閔	司果	安東權氏成化譜	2	3	a	
E202484	尹炯	윤형	Yun Hyŏng			坡平 尹	左參贊	安東權氏成化譜	2	3	a	
E202486	尹贊	윤찬	Yun Ch'an			坡平 尹	坡城君	安東權氏成化譜	2	3	a	
E202509	宋遲	송지	Song Chi				司直	安東權氏成化譜	2	3	a	
E202511	柳子煥	유자환	Yu Chahwan			靈光 柳	箕城君	安東權氏成化譜	2	3	a	
E202513	羅裕善	나유선	Na Yusŏn			安貞 羅	郡事	安東權氏成化譜	2	3	a	
E202529	羅連宗	나연종	Na Yŏnjong			安貞 羅	 	安東權氏成化譜	2	3	a	
E301457	閔禮達	민예달	Min Yedal			驪興 閔	司果	安東權氏成化譜	2	3	a	
E301459	閔騫	민건	Min Kŏn			驪興 閔	觀察使	安東權氏成化譜	2	3	a	
E402535	權審	권심	Kwŏn Sim			安東 權		安東權氏成化譜	2	3	a	
E700815	韓顥	한호	Han Ho			平山 韓		安東權氏成化譜	2	3	a	
E700824	韓頲	한정	Han Chŏng			平山 韓	 	安東權氏成化譜	2	3	a	
E700840	尹墀	윤서	Yun Sŏ			坡平 尹	監察	安東權氏成化譜	2	3	a	
E700846	尹鉤	윤균	Yun Kyun	尹鈞		坡平 尹		安東權氏成化譜	2	3	a	
E700847	尹堡	윤보	Yun Po			坡平 尹	主簿	安東權氏成化譜	2	3	a	
E700883	吉仁種	길인종	Kil Injong			海平 吉	直長	安東權氏成化譜	2	3	a	
E202538	尹堤	윤제	Yun Che			坡平 尹	郡守	安東權氏成化譜	2	3	b	
E202539	尹鐔	윤심	Yun Sim			坡平 尹	護軍	安東權氏成化譜	2	3	b	
E202541	尹任	윤임	Yun Im			坡平 尹	署令	安東權氏成化譜	2	3	b	
E202543	尹壽生	윤수생	Yun Susaeng			坡平 尹	司正	安東權氏成化譜	2	3	b	
E202546	柳澤	유택	Yu T'aek			文化 柳		安東權氏成化譜	2	3	b	
E202548	韓㠖	한의	Han Ŭi			淸州 韓		安東權氏成化譜	2	3	b	
E202550	尹進	윤진	Yun Chin			坡平 尹	司直	安東權氏成化譜	2	3	b	
E202557	柳子亨	유자형	Yu Chahyŏng				 	安東權氏成化譜	2	3	b	
E202559	李吉從	이길종	Yi Kilchong				司正	安東權氏成化譜	2	3	b	
E202561	李龜孫	이귀손	Yi Kwison				 	安東權氏成化譜	2	3	b	
E202562	李龜碩	이귀석	Yi Kwisŏk				 	安東權氏成化譜	2	3	b	
E202563	尹起莘	윤기신	Yun Kisin			坡平 尹	 	安東權氏成化譜	2	3	b	
E202576	尹遇	윤우	Yun U			坡平 尹	署令	安東權氏成化譜	2	3	b	
E202603	朝鮮 文宗			李珦		全州 李	漢南君	安東權氏成化譜	2	3	b	
E202677	孟碩欽	맹석흠	Maeng Sŏkhŭm			新昌 孟		安東權氏成化譜	2	3	b	
E300713	尹瑗	윤근	Yun Kŭn	尹瑾		坡平 尹	郡守	安東權氏成化譜	2	3	b	
E700959	尹採	윤채	Yun Ch'ae	尹埰		坡平 尹	參奉	安東權氏成化譜	2	3	b	
E202621	盧允弼	노윤필	No Yunp'il				府使	安東權氏成化譜	2	4	a	
E202633	洪偁	홍칭	Hong Ch'ing			南陽 洪	僉正	安東權氏成化譜	2	4	a	
E202635	洪士淳	홍사순	Hong Sasun			南陽 洪		安東權氏成化譜	2	4	a	
E202669	洪垣	홍항	Hong Hang	洪恒		南陽 洪		安東權氏成化譜	2	4	a	
E202682	洪興	홍흥	Hong Hŭng			南陽 洪	判官	安東權氏成化譜	2	4	a	
E202717	尹熺	윤희	Yun Hŭi			坡平 尹	直長	安東權氏成化譜	2	4	a	
E202719	安訥	안눌	An Nul			順興 安		安東權氏成化譜	2	4	a	
E202722	尹龜山	윤귀산	Yun Kwisan			坡平 尹	牧使	安東權氏成化譜	2	4	a	
E202760	金運秋	김운추	Kim Unch'u			義城 金	監察	安東權氏成化譜	2	4	a	
E202770	尹龜壽	윤귀수	Yun Kwisu			坡平 尹	上護軍	安東權氏成化譜	2	4	a	
E202783	尹龜㱓	윤귀령	Yun Kwiryŏng			坡平 尹	都事	安東權氏成化譜	2	4	a	
E202813	尹龜年	윤귀년	Yun Kwinyŏn			坡平 尹	司直	安東權氏成化譜	2	4	a	
E202815	尹龜蒙	윤귀몽	Yun Kwimong			坡平 尹	侍直	安東權氏成化譜	2	4	a	
E300443	洪常	홍상	Hong Sang			南陽 洪	唐陽尉	安東權氏成化譜	2	4	a	
E300444	洪應	홍응	Hong Ŭng			南陽 洪	益城君	安東權氏成化譜	2	4	a	
E300627	奇允哲	기윤철	Ki Yunch'ŏl			幸州 奇	縣監	安東權氏成化譜	2	4	a	
E700977	盧佑賢	노우현	No Uhyŏn					安東權氏成化譜	2	4	a	
E701019	洪士浩	홍사호	Hong Saho			南陽 洪		安東權氏成化譜	2	4	a	
E701032	洪瓚	홍질	Hong Chil	洪侄		南陽 洪		安東權氏成化譜	2	4	a	
E701128	尹雲孫	윤운손	Yun Unson			坡平 尹		安東權氏成化譜	2	4	a	
EC04124	尹五福	윤직복	Yun Chikpok			坡平 尹	 	安東權氏成化譜	2	4	a	
EC04126	金彭孫	김팽손	Kim P'aengson			義城 金	 	安東權氏成化譜	2	4	a	
E201857	金汝知	김여지	Kim Yŏji			延安 金		安東權氏成化譜	2	4	b	
E201938	李孝柱	이효주	Yi Hyoju			陜川 李		安東權氏成化譜	2	4	b	
E202324	李孝根	이효근	Yi Hyogŭn			陜川 李	監察	安東權氏成化譜	2	4	b	
E202325	李堯臣	이요신	Yi Yosin			陜川 李		安東權氏成化譜	2	4	b	
E202335	李億年	이억년	Yi Ŏngnyŏn			陜川 李	 	安東權氏成化譜	2	4	b	
E202336	李萬年	이만년	Yi Mannyŏn			陜川 李	 	安東權氏成化譜	2	4	b	
E202339	李堯丁	이요정	Yi Yojŏng			陜川 李	 	安東權氏成化譜	2	4	b	
E202352	鄭崇義	정숭의	Chŏng Sungŭi			海州 鄭		安東權氏成化譜	2	4	b	
E202354	李孝權	이효권	Yi Hyogwŏn			陜川 李	生員	安東權氏成化譜	2	4	b	
E202355	梁注	양주	Yang Chu			濟州 梁	錄事	安東權氏成化譜	2	4	b	
E202362	李舜臣	이순신	Yi Sunsin			陜川 李	 	安東權氏成化譜	2	4	b	
E202364	李孝朴	이효박	Yi Hyobak			陜川 李	陵直	安東權氏成化譜	2	4	b	
E202370	李叔達	이숙달	Yi Suktal			陜川 李	 	安東權氏成化譜	2	4	b	
E202371	李忠達	이중달	Yi Chungdal	李仲達		陜川 李	 	安東權氏成化譜	2	4	b	
E202378	李孝稱	이효전	Yi Hyojŏn			陜川 李	 	安東權氏成化譜	2	4	b	
E202400	李孝栢	이효백	Yi Hyobaek	李孝柏		陜川 李	 	安東權氏成化譜	2	4	b	
E202847	禹得圭	우득규	U Tŭkkyu			丹陽 禹	直長	安東權氏成化譜	2	4	b	
E202851	鄭楫	정즙	Chŏng Chŭp			西原 鄭		安東權氏成化譜	2	4	b	
E202853	姜岱	강대	Kang Tae				 	安東權氏成化譜	2	4	b	
E400739	朴㱓	박령	Pak Ryŏng	朴齡		義昌 朴	都摠制	安東權氏成化譜	2	4	b	
E402398	李有喜	이유선	Yi Yusŏn	李有善		陜川 李	執義	安東權氏成化譜	2	4	b	
E402407	李承源	이승원	Yi Sŭngwŏn			淸州 李	密直	安東權氏成化譜	2	4	b	
E700566	李龜年	이귀년	Yi Kwinyŏn			陜川 李	 	安東權氏成化譜	2	4	b	
E700571	李承仝	이승동	Yi Sŭngdong				內禁衛	安東權氏成化譜	2	4	b	
E201441	閔叔倫	민숙륜	Min Sungnyun			驪興 閔	生員	安東權氏成化譜	2	5	a	
E201442	閔惶	민성	Min Sŏng			驪興 閔	司直	安東權氏成化譜	2	5	a	
E202858	李之蕃	이지번	Yi Chibŏn			慶州 李	參軍	安東權氏成化譜	2	5	a	
E202868	李在仁	이재인	Yi Chaein			慶州 李	直長	安東權氏成化譜	2	5	a	
E202869	李公準	이공준	Yi Kongjun			慶州 李	 	安東權氏成化譜	2	5	a	
E202870	李公孝					慶州 李	 	安東權氏成化譜	2	5	a	
E202875	李存仁	이존인	Yi Chonin			慶州 李		安東權氏成化譜	2	5	a	
E202881	李處仁	이처인	Yi Ch'ŏin			慶州 李	 	安東權氏成化譜	2	5	a	
E202882	李希蕃	이희번	Yi Hŭibŏn			慶州 李	直長	安東權氏成化譜	2	5	a	
E202883	柳思問	유사문	Yu Samun			文化 柳		安東權氏成化譜	2	5	a	
E202885	李葆	이보	Yi Po				司正	安東權氏成化譜	2	5	a	
E202887	李繼楨	이계정	Yi Kyejŏng				 	安東權氏成化譜	2	5	a	
E202890	田珪	전규	Chŏn Kyu	田畦		南陽 田	司直	安東權氏成化譜	2	5	a	
E202893	金仲孫	김중손	Kim Chungson				司正	安東權氏成化譜	2	5	a	
E202897	田仲霖	전중림	Chŏn Chungnim			南陽 田	 	安東權氏成化譜	2	5	a	
E401429	李繼蕃	이계번	Yi Kyebŏn			慶州 李	郡事	安東權氏成化譜	2	5	a	
E402408	李伸	이신	Yi Sin			慶州 李	安撫使	安東權氏成化譜	2	5	a	
E701239	李公麟	이공린	Yi Kongnin			慶州 李		安東權氏成化譜	2	5	a	
EC00225	田盖霖	전맹림	Chŏn Maengnim	田孟霖		南陽 田	縣監	安東權氏成化譜	2	5	a	
E100439	柳轂	유곡	Yu Kok			文化 柳	牧使	安東權氏成化譜	2	5	b	
E100476	金塢	김오	Kim O			光州 金		安東權氏成化譜	2	5	b	
E101619	安孝康	안효강	An Hyogang				 	安東權氏成化譜	2	5	b	
E101628	趙益永	조익영	Cho Igyŏng			豊壤 趙		安東權氏成化譜	2	5	b	
E101640	朴永蓁	박영진	Pak Yŏngjin				忠贊衛	安東權氏成化譜	2	5	b	
E101685	趙益修	조익수	Cho Iksu			豊壤 趙	 	安東權氏成化譜	2	5	b	
E202375	李揆	이규	Yi Kyu	李珪		慶州 李	護軍	安東權氏成化譜	2	5	b	
E202899	盧信禮	노신례	No Sillye			交河 盧	府使	安東權氏成化譜	2	5	b	
E202918	趙謙之	조겸지	Cho Kyŏmji			豊壤 趙	郡事	安東權氏成化譜	2	5	b	
E202920	李安仁	이안인	Yi Anin	李天安		慶州 李	護軍	安東權氏成化譜	2	5	b	
E202926	李掄	이륜	Yi Ryun			慶州 李	護軍	安東權氏成化譜	2	5	b	
E402018	李侃	이간	Yi Kan			慶州 李	府使	安東權氏成化譜	2	5	b	
EB01925	金敬舜	김경무	Kim Kyŏngmu				護軍	安東權氏成化譜	2	5	b	
EB01926	盧俊	노준	No Chun			交河 盧	司正	安東權氏成化譜	2	5	b	
EB01927	盧休	노휴	No Hyu			交河 盧	司正	安東權氏成化譜	2	5	b	
EC04138	柳龜壽	유귀수	Yu Kwisu			文化 柳	 	安東權氏成化譜	2	5	b	
EC04139	柳龜瑞	유귀서	Yu Kwisŏ			文化 柳	 	安東權氏成化譜	2	5	b	
EC04142	李興同	이흥동	Yi Hŭngdong			慶州 李	 	安東權氏成化譜	2	5	b	
EC04143	李千同	이천동	Yi Ch'ŏndong			慶州 李	 	安東權氏成化譜	2	5	b	
EC04144	李玉同	이옥동	Yi Oktong			慶州 李	 	安東權氏成化譜	2	5	b	
E101752	韓繼程	한계정	Han Kyejŏng				 	安東權氏成化譜	2	6	a	
E101756	韓壽龍	한수룡	Han Suryong				 	安東權氏成化譜	2	6	a	
E201188	李汾陽	이분양	Yi Punyang			全義 李	 	安東權氏成化譜	2	6	a	
E202941	辛鐵山	신철산	Sin Ch'ŏlsan			靈山 辛	別侍	安東權氏成化譜	2	6	a	
E202945	辛孟磷	신맹린	Sin Maengnin			靈山 辛	上護軍	安東權氏成化譜	2	6	a	
E202947	李原植					全義 李	內禁	安東權氏成化譜	2	6	a	
E202951	朴經	박경	Pak Kyŏng			密陽 朴		安東權氏成化譜	2	6	a	
E202958	辛仲磷	신중린	Sin Chungnin			靈山 辛	判官	安東權氏成化譜	2	6	a	
E202961	辛季磷	신계린	Sin Kyerin			靈山 辛	判官	安東權氏成化譜	2	6	a	
E202963	金渰	김엄	Kim Ŏm			光州 金		安東權氏成化譜	2	6	a	
E202979	朴義至	박의지	Pak Ŭiji			竹山 朴	 	安東權氏成化譜	2	6	a	
E202981	朴粹信	박수신	Pak Susin			竹山 朴	 	安東權氏成化譜	2	6	a	
E701356	李閏徽					原州 李	司直	安東權氏成化譜	2	6	a	
EC00241	柳孝庸	유효용	Yu Hyoyong			文化 柳	郡守	安東權氏成化譜	2	6	a	
EC02476	李承重	이승중	Yi Sŭngjung			全義 李	別侍	安東權氏成化譜	2	6	a	
EC02478	李末重	이말중	Yi Malchung			全義 李	 	安東權氏成化譜	2	6	a	
EC02481	黃允利	황윤리	Hwang Yulli			平海 黃	上將	安東權氏成化譜	2	6	a	
EC04146	李益長	이익장	Yi Ikchang			慶州 李	縣監	安東權氏成化譜	2	6	a	
EC04147	李石柱	이석주	Yi Sŏkchu			慶州 李	 	安東權氏成化譜	2	6	a	
EC04149	兪長孫	유장손	Yu Changson				 	安東權氏成化譜	2	6	a	
EC04150	李漢柱	이한주	Yi Hanju			慶州 李	 	安東權氏成化譜	2	6	a	
EC04155	辛銀宗							安東權氏成化譜	2	6	a	
EC04156	辛銀孫							安東權氏成化譜	2	6	a	
D400517	李擔	이담	Yi Tam			慶州 李	代言	安東權氏成化譜	2	6	b	
E000954	李謙	이겸	Yi Kyŏm			慶州 李	進士	安東權氏成化譜	2	6	b	
E102133	李泙	이평	Yi P'yŏng			鐵城 李	縣監	安東權氏成化譜	2	6	b	
E102191	趙洞虎	조동호	Cho Tongho	趙銅虎		咸安 趙	進士	安東權氏成化譜	2	6	b	
E200536	李蓀	이손	Yi Son			廣州 李		安東權氏成化譜	2	6	b	
E202983	崔季孫	최계손	Ch'oe Kyeson				散員	安東權氏成化譜	2	6	b	
E202984	嚴尙仁	엄상인	Ŏm Sangin			寧越 嚴	司正	安東權氏成化譜	2	6	b	
E202985	李益根	이맹근	Yi Maenggŭn	李孟根			 	安東權氏成化譜	2	6	b	
E202987	李孟孫	이맹손	Yi Maengson				司直	安東權氏成化譜	2	6	b	
E202989	許均	허균	Hŏ Kyun					安東權氏成化譜	2	6	b	
E202991	許海	허해	Hŏ Hae				 	安東權氏成化譜	2	6	b	
E202992	金允德	김윤덕	Kim Yundŏk				縣監	安東權氏成化譜	2	6	b	
E202994	李完圭	이완규	Yi Wan'gyu				 	安東權氏成化譜	2	6	b	
E203044	李暿	이희	Yi Hŭi	李安卿		慶州 李	觀察使	安東權氏成化譜	2	6	b	
E203046	李𡩁			李親		全州 李	瑞原君	安東權氏成化譜	2	6	b	
E203096	李文炯	이문형	Yi Munhyŏng			慶州 李	參判	安東權氏成化譜	2	6	b	
E203097	李繼藩	이계번	Yi Kyebŏn			慶州 李	部將	安東權氏成化譜	2	6	b	
E203106	姜和纘	강이찬	Kang Ich'an	姜利贊		晋州 姜		安東權氏成化譜	2	6	b	
E203133	李增	이증	Yi Chŭng			鐵城 李	縣監	安東權氏成化譜	2	6	b	
E300560	李詮	이전	Yi Chŏn			慶州 李	縣監	安東權氏成化譜	2	6	b	
E402414	崔尙溫	최상온	Ch'oe Sangon				摠郞	安東權氏成化譜	2	6	b	
E402416	嚴敏	엄민	Ŏm Min			寧越 嚴	少監	安東權氏成化譜	2	6	b	
E701637	李訢	이흔	Yi Hŭn			慶州 李	進士	安東權氏成化譜	2	6	b	
EC04158	李沉	이침	Yi Ch'im	李沈		鐵城 李	進士	安東權氏成化譜	2	6	b	
EC04160	李石僧	이석승	Yi Sŏksŭng			慶州 李	 	安東權氏成化譜	2	6	b	
E102444	金碬	김가	Kim Ka				 	安東權氏成化譜	2	7	a	
E202860	李叔僖	이숙희	Yi Sukhŭi	李叔橲		全州 李	僉知	安東權氏成化譜	2	7	a	
E202996	金自怡	김자이	Kim Chai	金自貽		義興 金	郡守	安東權氏成化譜	2	7	a	
E202997	鄭孝完	정효완	Chŏng Hyowan	鄭孝寬		延日 鄭		安東權氏成化譜	2	7	a	
E202999	鄭守弘	정수홍	Chŏng Suhong				牧使	安東權氏成化譜	2	7	a	
E203001	李粟	이속	Yi Sok			全州 李	郡守	安東權氏成化譜	2	7	a	
E203003	權吉甫	권길보	Kwŏn Kilbo				護軍	安東權氏成化譜	2	7	a	
E203005	權僖	권희	Kwŏn Hŭi				 	安東權氏成化譜	2	7	a	
E203006	權傅	권부	Kwŏn Pu				 	安東權氏成化譜	2	7	a	
E203135	尹洪	윤홍	Yun Hong			坡平 尹		安東權氏成化譜	2	7	a	
E203152	權晧	권호	Kwŏn Ho			安東 權		安東權氏成化譜	2	7	a	
E203175	李文炳	이문병	Yi Munbyŏng			慶州 李	僉正	安東權氏成化譜	2	7	a	
E203184	李証	이정	Yi Chŏng			慶州 李	生員	安東權氏成化譜	2	7	a	
E301202	金盖銓	김맹전	Kim Maengjŏn	金孟銓		安山 金		安東權氏成化譜	2	7	a	
E402418	金萬具	김만구	Kim Man'gu	金萬貴		義興 金	典書	安東權氏成化譜	2	7	a	
E701400	李仁從	이인종	Yi Injong			洪州 李	司正	安東權氏成化譜	2	7	a	
E701402	李漬	이지	Yi Chi			全州 李	上護軍	安東權氏成化譜	2	7	a	
E701703	李諫	이간	Yi Kan			慶州 李	別侍衛	安東權氏成化譜	2	7	a	
EC04161	李乾壽	이건수	Yi Kŏnsu			慶州 李	 	安東權氏成化譜	2	7	a	
EC04162	李坤壽	이곤수	Yi Konsu			慶州 李	 	安東權氏成化譜	2	7	a	
E203013	李浚	이준	Yi Chun			全州 李	錄事	安東權氏成化譜	2	7	b	
E203015	李支點	이우점	Yi Ujŏm	李友點		全州 李	 	安東權氏成化譜	2	7	b	
E203016	李渙	이환	Yi Hwan			全州 李	郡守	安東權氏成化譜	2	7	b	
E203017	趙映	조영	Cho Yŏng				司直	安東權氏成化譜	2	7	b	
E203022	權璉	권련	Kwŏn Ryŏn			安東 權		安東權氏成化譜	2	7	b	
E203024	李孫若					全州 李	郡事	安東權氏成化譜	2	7	b	
E203026	李佑甫	이우보	Yi Ubo	李祐甫		龍仁 李		安東權氏成化譜	2	7	b	
E203035	朴悌根						署令	安東權氏成化譜	2	7	b	
E203037	裵纘	배찬	Pae Ch'an				司猛	安東權氏成化譜	2	7	b	
E203191	李鏘	이장	Yi Chang			慶州 李	縣監	安東權氏成化譜	2	7	b	
E203195	李悌忠	이제충	Yi Chech'ung				直長	安東權氏成化譜	2	7	b	
E203204	李孝祖	이효조	Yi Hyojo			慶州 李	 	安東權氏成化譜	2	7	b	
E203205	李昌源	이창원	Yi Ch'angwŏn			原州 李	司正	安東權氏成化譜	2	7	b	
E203211	金益鏻	김맹린	Kim Maengnin	金孟鏻		安山 金		安東權氏成化譜	2	7	b	
E203213	李承祖	이승조	Yi Sŭngjo			慶州 李		安東權氏成化譜	2	7	b	
E203217	李榮祖	이영조	Yi Yŏngjo			慶州 李		安東權氏成化譜	2	7	b	
E402420	權幹	권간	Kwŏn Kan			安東 權	寺丞	安東權氏成化譜	2	7	b	
E402422	李績	이적	Yi Chŏk			慶州 李	進士	安東權氏成化譜	2	7	b	
E402423	李崇道	이숭도	Yi Sungdo			慶州 李	司僕卿	安東權氏成化譜	2	7	b	
E701414	金江之	김강지	Kim Kangji				司正	安東權氏成化譜	2	7	b	
E701423	李閏生	이윤생	Yi Yunsaeng			全州 李	司直	安東權氏成化譜	2	7	b	
EA00450	朴林禎	박임정	Pak Imjŏng			羅州 朴	郡事	安東權氏成化譜	2	7	b	
D401780	高安勝	고안승	Ko Ansŭng			濟州 高	正言	安東權氏成化譜	2	8	a	
E203218	趙肅之	조숙지	Cho Sukchi			平壤 趙	錄事	安東權氏成化譜	2	8	a	
E203220	趙克諴	조극함	Cho Kŭkham			平壤 趙	別監	安東權氏成化譜	2	8	a	
E203222	趙克亨	조극형	Cho Kŭkhyŏng			平壤 趙	 	安東權氏成化譜	2	8	a	
E203225	趙克恭	조극공	Cho Kŭkkong			平壤 趙	 	安東權氏成化譜	2	8	a	
E203229	趙克昌	조극창	Cho Kŭkch'ang			平壤 趙	 	安東權氏成化譜	2	8	a	
E203230	趙克弘	조극홍	Cho Kŭkhong			平壤 趙	 	安東權氏成化譜	2	8	a	
E203231	奇來	기채	Ki Ch'ae	奇採		幸州 奇	 	安東權氏成化譜	2	8	a	
E203233	鄭孝常	정효상	Chŏng Hyosang			慶州 鄭	鷄林君	安東權氏成化譜	2	8	a	
E203237	崔永灝	최영호	Ch'oe Yŏngho			朔寧 崔		安東權氏成化譜	2	8	a	
E203239	柳綸	유륜	Yu Ryun			文化 柳		安東權氏成化譜	2	8	a	
E301431	奇碩孫	기석손	Ki Sŏkson			幸州 奇	 	安東權氏成化譜	2	8	a	
E402427	奇愼	기신	Ki Sin			幸州 奇	郎將	安東權氏成化譜	2	8	a	
E603194	申叔𤱈	신숙모	Sin Sungmo	申叔模		平山 申	 	安東權氏成化譜	2	8	a	
EA03214	許倜	허척	Hŏ Ch'ŏk			河陽 許	中樞	安東權氏成化譜	2	8	a	
EA03216	權翊	권익	Kwŏn Ik			安東 權		安東權氏成化譜	2	8	a	
EA03217	許諴	허함	Hŏ Ham			河陽 許	署令	安東權氏成化譜	2	8	a	
EA03220	南勇智	남용지	Nam Yongji	南用智		宜寧 南	 	安東權氏成化譜	2	8	a	
EA03221	許敬	허경	Hŏ Kyŏng			河陽 許	護軍	安東權氏成化譜	2	8	a	
EA03223	許揆					河陽 許		安東權氏成化譜	2	8	a	
EA03225	姜利順	강이순	Kang Isun			晋州 姜		安東權氏成化譜	2	8	a	
EC04165	趙克昇	조극승	Cho Kŭksŭng			平壤 趙	 	安東權氏成化譜	2	8	a	
EC04166	許振	허진	Hŏ Chin			河陽 許	 	安東權氏成化譜	2	8	a	
EC04167	鄭千石	정천석	Chŏng Ch'ŏnsŏk			慶州 鄭	 	安東權氏成化譜	2	8	a	
EC04168	鄭萬石	정만석	Chŏng Mansŏk			慶州 鄭	 	安東權氏成化譜	2	8	a	
E102704	李運忠	이운충	Yi Unch'ung			龍仁 李	僉節制使	安東權氏成化譜	2	8	b	
E203624	申瀞	신정	Sin Chŏng			高靈 申		安東權氏成化譜	2	8	b	
E301144	申錫禧	신석희	Sin Sŏkhŭi			平山 申	判官	安東權氏成化譜	2	8	b	
E301145	申守祉	신수지	Sin Suji	申守良		平山 申	都事	安東權氏成化譜	2	8	b	
E302181	朴居仁	박거인	Pak Kŏin			密陽 朴	忠贊衛	安東權氏成化譜	2	8	b	
E401811	申浩	신호	Sin Ho	申灝		平山 申	判書	安東權氏成化譜	2	8	b	
E401812	申敬源	신경원	Sin Kyŏngwŏn			平山 申	判官	安東權氏成化譜	2	8	b	
E401813	申敬宗	신경종	Sin Kyŏngjong			平山 申	護軍	安東權氏成化譜	2	8	b	
E401816	朴耆	박지	Pak Chi			密陽 朴	判事	安東權氏成化譜	2	8	b	
E902493	李承蕃	이승번	Yi Sŭngbŏn			陽城 李	上護軍	安東權氏成化譜	2	8	b	
E902601	申永錫	신영석	Sin Yŏngsŏk			平山 申	司直	安東權氏成化譜	2	8	b	
EA00527	朴大生	박대생	Pak Taesaeng			密陽 朴	中樞	安東權氏成化譜	2	8	b	
EA03265	申繼重	신계동	Sin Kyedong	申繼童		朝宗 申		安東權氏成化譜	2	8	b	
EA03267	申錫寧	신석녕	Sin Sŏngnyŏng			平山 申	洗馬	安東權氏成化譜	2	8	b	
EA03314	申守福	신수복	Sin Subok			平山 申	正郞	安東權氏成化譜	2	8	b	
EA03316	申永禎	신영정	Sin Yŏngjŏng			平山 申		安東權氏成化譜	2	8	b	
EA03333	韓倧	한종	Han Chong			淸州 韓		安東權氏成化譜	2	8	b	
EA03373	申守命	신수명	Sin Sumyŏng			平山 申		安東權氏成化譜	2	8	b	
EA03376	申守仁	신수인	Sin Suin			平山 申	司正	安東權氏成化譜	2	8	b	
EA03379	李培	이배	Yi Pae				 	安東權氏成化譜	2	8	b	
EA03383	李符					全州 李	厚寧君	安東權氏成化譜	2	8	b	
EA03390	南仲	남중	Nam Chung			宜寧 南	部將	安東權氏成化譜	2	8	b	
EA03401	李承宗	이승종	Yi Sŭngjong			仁川 李	大護軍	安東權氏成化譜	2	8	b	
E300021	尹士昫	윤사윤	Yun Sayun			坡平 尹		安東權氏成化譜	2	9	a	
E301236	崔水山	최수산	Ch'oe Susan			水原 崔	僉知	安東權氏成化譜	2	9	a	
E301238	崔義	최의검	Ch'oe Ŭigŏm	崔義檢	崔義儉	水原 崔	檢參議	安東權氏成化譜	2	9	a	
E303324	朴离	박리	Pak Ri			務安 朴	府使	安東權氏成化譜	2	9	a	
E401818	黃允奇	황윤기	Hwang Yun'gi			昌原 黃	典書	安東權氏成化譜	2	9	a	
E705686	朴崇仁	박숭인	Pak Sungin			務安 朴	護軍	安東權氏成化譜	2	9	a	
E705687	朴崇智	박숭지	Pak Sungji			務安 朴		安東權氏成化譜	2	9	a	
E901399	朴崇禮	박숭례	Pak Sungnye			務安 朴		安東權氏成化譜	2	9	a	
EA00445	朴秉文	박병문	Pak Pyŏngmun	朴康文		羅州 朴		安東權氏成化譜	2	9	a	
EA03431	閔沖	민충	Min Ch'ung			驪興 閔		安東權氏成化譜	2	9	a	
EA03433	金孝元	김효원	Kim Hyowŏn				 	安東權氏成化譜	2	9	a	
EA03436	黃溍	황진	Hwang Chin			昌原 黃	殿直	安東權氏成化譜	2	9	a	
EA03438	李繼幹	이계간	Yi Kyegan				縣監	安東權氏成化譜	2	9	a	
EA03439	黃孝善	황효선	Hwang Hyosŏn			昌原 黃	護軍	安東權氏成化譜	2	9	a	
EA03440	黃孝良	황효량	Hwang Hyoryang			昌原 黃	 	安東權氏成化譜	2	9	a	
EA03441	黃潤	황윤	Hwang Yun			昌原 黃	虞侯	安東權氏成化譜	2	9	a	
EA03443	高守禮	고수례	Ko Surye	高宗禮		開城 高	 	安東權氏成化譜	2	9	a	
EA03445	張孟禧	장맹희	Chang Maenghŭi			海豊 張	參軍	安東權氏成化譜	2	9	a	
EA03449	李順孫	이순손	Yi Sunson				都事	安東權氏成化譜	2	9	a	
EA03450	崔末山	최말산	Ch'oe Malsan			水原 崔	司直	安東權氏成化譜	2	9	a	
E204193	黃淑	황숙	Hwang Suk			昌原 黃	僉正	安東權氏成化譜	2	9	b	
E400657	柳自披	유자피	Yu Chap'i	柳自坡		文化 柳		安東權氏成化譜	2	9	b	
E400674	朴永亨	박영형	Pak Yŏnghyŏng	朴承亨		固城 朴	郡事	安東權氏成化譜	2	9	b	
E401819	黃得純	황득순	Hwang Tŭksun			昌原 黃	府使	安東權氏成化譜	2	9	b	
E401823	黃淵	황연	Hwang Yŏn			昌原 黃	郡事	安東權氏成化譜	2	9	b	
E401825	朴喜明	박희명	Pak Hŭimyŏng			固城 朴	司直	安東權氏成化譜	2	9	b	
E904714	柳坰	유경	Yu Kyŏng	柳堈		文化 柳		安東權氏成化譜	2	9	b	
EA03435	尹之行	윤지행	Yun Chihaeng			南原 尹	縣監	安東權氏成化譜	2	9	b	
EA03463	金有慶	김유경	Kim Yugyŏng			英陽 金	 	安東權氏成化譜	2	9	b	
EC00506	金學禮	김학례	Kim Hangnye			光州 金	 	安東權氏成化譜	2	9	b	
EC00508	金瑗	김원	Kim Wŏn			光州 金	監察	安東權氏成化譜	2	9	b	
EC00567	黃孝禮	황효례	Hwang Hyorye			江華 黃	主簿	安東權氏成化譜	2	9	b	
EC00591	黃孝智	황효지	Hwang Hyoji			江華 黃	 	安東權氏成化譜	2	9	b	
EC00608	金模	김모	Kim Mo					安東權氏成化譜	2	9	b	
EC00616	林秀卿	임수경	Im Sugyŏng			鎭川 林	郡守	安東權氏成化譜	2	9	b	
EC00622	林幹	임간	Im Kan			鎭川 林		安東權氏成化譜	2	9	b	
EC00627	兪造	유조	Yu Cho			昌原 兪	佐郞	安東權氏成化譜	2	9	b	
EC00688	李瓚	이찬	Yi Ch'an				府使	安東權氏成化譜	2	9	b	
EC00689	李承敬	이승경	Yi Sŭnggyŏng				 	安東權氏成化譜	2	9	b	
56c1b4df-67c9-4744-9122-3d4081318d8c	朴譓					竹山 朴	司正	安東權氏成化譜	2	10	a	
dcfd9a47-603f-4ca2-8f2e-9804f18d7463	朴護					竹山 朴	司勇	安東權氏成化譜	2	10	a	
E203387	朴謙	박겸	Pak Kyŏm			竹山 朴	副正	安東權氏成化譜	2	10	a	
E401492	朴汝洵	박여순	Pak Yŏsun			竹山 朴	 	安東權氏成化譜	2	10	a	
E401828	朴珝	박후	Pak Hu			竹山 朴	護軍	安東權氏成化譜	2	10	a	
E401829	朴汝淸	박여청	Pak Yŏch'ŏng			竹山 朴	司直	安東權氏成化譜	2	10	a	
E401830	朴汝濂					竹山 朴	 	安東權氏成化譜	2	10	a	
E401832	任孟卿	임맹경	Im Maenggyŏng			長興 任	護軍	安東權氏成化譜	2	10	a	
EC00692	趙汝弼	조여필	Cho Yŏp'il				 	安東權氏成化譜	2	10	a	
EC00693	趙仲孫	조중손	Cho Chungson				 	安東權氏成化譜	2	10	a	
EC00697	申可湛	신가담	Sin Kadam				 	安東權氏成化譜	2	10	a	
EC00699	李孟文	이맹문	Yi Maengmun			全義 李		安東權氏成化譜	2	10	a	
EC00704	任元浩						參奉	安東權氏成化譜	2	10	a	
EC00709	權奇	권기	Kwŏn Ki				司正	安東權氏成化譜	2	10	a	
EC00712	朴桴	박부	Pak Pu			竹山 朴	監察	安東權氏成化譜	2	10	a	
EC00715	朴檠	박경	Pak Kyŏng			竹山 朴	司果	安東權氏成化譜	2	10	a	
EC00716	金珩	김형	Kim Hyŏng				司果	安東權氏成化譜	2	10	a	
EC00719	元隆	원융	Wŏn Yung			原州 元	司直	安東權氏成化譜	2	10	a	
EC00721	崔隆	최호	Ch'oe Ho	崔浩			進士	安東權氏成化譜	2	10	a	
f3442605-41d5-4655-8cb1-f2fba0e05901	朴譜					竹山 朴		安東權氏成化譜	2	10	a	
E401488	朴翱	박고	Pak Ko			竹山 朴	參議	安東權氏成化譜	2	10	b	
E401833	朴子茂	박자무	Pak Chamu			竹山 朴	 	安東權氏成化譜	2	10	b	
E401834	朴孫茂	박손무	Pak Sonmu			竹山 朴	 	安東權氏成化譜	2	10	b	
E401836	成念祖	성염조	Sŏng Yŏmjo			昌寧 成		安東權氏成化譜	2	10	b	
E401839	朴元亨	박원형	Pak Wŏnhyŏng			竹山 朴	領議政 延城府院君	安東權氏成化譜	2	10	b	
E900051	朴安命	박안명	Pak Anmyŏng			竹山 朴	副正	安東權氏成化譜	2	10	b	
EC00722	任揀	임간	Im Kan			長興 任	內直	安東權氏成化譜	2	10	b	
EC00724	尹顯行	윤현행	Yun Hyŏnhaeng			坡平 尹	通贊	安東權氏成化譜	2	10	b	
EC00731	尹起	윤기	Yun Ki				 	安東權氏成化譜	2	10	b	
EC00766	任擇	임택	Im T'aek			長興 任	佐郞	安東權氏成化譜	2	10	b	
EC00767	任採	임채	Im Ch'ae			長興 任	護軍	安東權氏成化譜	2	10	b	
EC00780	朴安老	박안로	Pak Allo			竹山 朴	司直	安東權氏成化譜	2	10	b	
EC00781	朴兼仁	박겸인	Pak Kyŏmin			竹山 朴	縣監	安東權氏成化譜	2	10	b	
EC00782	朴兼義	박겸의	Pak Kyŏmŭi			竹山 朴	參軍	安東權氏成化譜	2	10	b	
EC00783	朴兼禮	박겸례	Pak Kyŏmnye			竹山 朴	 	安東權氏成化譜	2	10	b	
EC00784	朴兼智	박겸지	Pak Kyŏmji			竹山 朴	 	安東權氏成化譜	2	10	b	
EC00785	朴守幹	박수간	Pak Sugan			竹山 朴		安東權氏成化譜	2	10	b	
EC00787	李成孫	이성손	Yi Sŏngson			牛峯 李		安東權氏成化譜	2	10	b	
EC00788	朴守根	박수근	Pak Sugŭn			竹山 朴	 	安東權氏成化譜	2	10	b	
EB00085	朴守同	박수경	Pak Sugyŏng	朴守經		竹山 朴		安東權氏成化譜	2	11	a	
EC00813	崔閏玉	최윤옥	Ch'oe Yunok	崔玉潤			主簿	安東權氏成化譜	2	11	a	
EC00815	尹孝孫	윤효손	Yun Hyoson			南原 尹	府尹	安東權氏成化譜	2	11	a	
EC00816	尹繼衡	윤계형	Yun Kyehyŏng			南原 尹		安東權氏成化譜	2	11	a	
EC00831	許顒	허형	Hŏ Hyŏng	許衡		陽川 許		安東權氏成化譜	2	11	a	
EC00832	尹承衡	윤승형	Yun Sŭnghyŏng			南原 尹		安東權氏成化譜	2	11	a	
EC00919	權恩榮	권은영	Kwŏn Ŭnyŏng	權榮恩		安東 權		安東權氏成化譜	2	11	a	
EC00921	朴安壽	박안수	Pak Ansu			竹山 朴		安東權氏成化譜	2	11	a	
EC00939	李從孫	이종손	Yi Chongson				司勇	安東權氏成化譜	2	11	a	
EC00941	朴安福	박안복	Pak Anbok			竹山 朴	 	安東權氏成化譜	2	11	a	
E200290	沈膺	심응	Sim Ŭng			豊山 沈	僉知	安東權氏成化譜	2	11	b	
E401844	金崇孝	김숭효	Kim Sunghyo			慶州 金	郡守	安東權氏成化譜	2	11	b	
E401849	朴華	박화	Pak Hwa			義昌 朴	縣令	安東權氏成化譜	2	11	b	
E401850	朴承陽	박승양	Pak Sŭngyang			竹山 朴	縣監	安東權氏成化譜	2	11	b	
E401852	沈寊	심치	Sim Ch'i			豊山 沈	中樞	安東權氏成化譜	2	11	b	
E501390	金繼祖	김계조	Kim Kyejo			慶州 金	司直	安東權氏成化譜	2	11	b	
E700991	沈元	심원	Sim Wŏn			豊山 沈	司直	安東權氏成化譜	2	11	b	
E701506	李彭老	이팽로	Yi P'aengno			陜川 李		安東權氏成化譜	2	11	b	
E900269	尹思涵	윤사함	Yun Saham			南原 尹	 	安東權氏成化譜	2	11	b	
E902163	金彭祖	김팽조	Kim P'aengjo			慶州 金	 	安東權氏成化譜	2	11	b	
EC00944	朴漢山	박한산	Pak Hansan			竹山 朴	判官	安東權氏成化譜	2	11	b	
EC00946	趙績	조적	Cho Chŏk				生員	安東權氏成化譜	2	11	b	
EC00948	朴漢崑	박한곤	Pak Han'gon			竹山 朴	司勇	安東權氏成化譜	2	11	b	
EC00975	沈肩	심견	Sim Kyŏn			豊山 沈	上將	安東權氏成化譜	2	11	b	
EC00977	朴彦成	박언성	Pak Ŏnsŏng				生員	安東權氏成化譜	2	11	b	
EC00978	沈孝子	심극효	Sim Kŭkhyo	沈克孝		豊山 沈	司勇	安東權氏成化譜	2	11	b	
EC00979	沈忠臣	심극충	Sim Kŭkch'ung	沈克忠		豊山 沈		安東權氏成化譜	2	11	b	
EC00997	趙智山	조지산	Cho Chisan				僉知	安東權氏成化譜	2	11	b	
EC01001	沈亨	심형	Sim Hyŏng			豊山 沈	司正	安東權氏成化譜	2	11	b	
EC01020	李澤					陜川 李	判官	安東權氏成化譜	2	11	b	
EC01039	李崇老	이숭로	Yi Sungno			陜川 李		安東權氏成化譜	2	11	b	
EC01108	沈臀	심전	Sim Chŏn			豊山 沈	護軍	安東權氏成化譜	2	11	b	
EC01112	金萬束	김만속	Kim Mansok	金萬粟			通仕	安東權氏成化譜	2	11	b	
E101306	吳秀	오수	O Su				司果	安東權氏成化譜	2	12	a	
E401854	河徵	하징	Ha Ching			晉州 河	主簿	安東權氏成化譜	2	12	a	
E401855	河壽宗	하수종	Ha Sujong			晉州 河	陵直	安東權氏成化譜	2	12	a	
E401856	河壽昌	하수창	Ha Such'ang			晉州 河	司正	安東權氏成化譜	2	12	a	
E401858	鄭守誠	정수성	Chŏng Susŏng				署令	安東權氏成化譜	2	12	a	
E401860	閔普喜	민보희	Min Pohŭi				直長	安東權氏成化譜	2	12	a	
E401862	尹思修	윤사수	Yun Sasu			海平 尹	參知議政府事	安東權氏成化譜	2	12	a	
E402469	李具商	이구상	Yi Kusang			慶州 李	正郞	安東權氏成化譜	2	12	a	
E605620	辛無作	신무작	Sin Mujak			靈山 辛	 	安東權氏成化譜	2	12	a	
E605622	柳坋	유분	Yu Pun				 	安東權氏成化譜	2	12	a	
E605623	辛鈄賣					靈山 辛	 	安東權氏成化譜	2	12	a	
E605624	辛大允	신대윤	Sin Taeyun			靈山 辛	 	安東權氏成化譜	2	12	a	
EC01124	沈胥	심서	Sim Sŏ			豊山 沈	司果	安東權氏成化譜	2	12	a	
EC01151	河浩	하호	Ha Ho			晉州 河	 	安東權氏成化譜	2	12	a	
EC01154	尹可宣	윤가선	Yun Kasŏn			海平 尹	倉丞	安東權氏成化譜	2	12	a	
EC01156	尹瑞	윤서	Yun Sŏ			海平 尹	上護軍	安東權氏成化譜	2	12	a	
EC01158	南芷	남지	Nam Chi				縣監	安東權氏成化譜	2	12	a	
EC01159	尹琓	윤완	Yun Wan			海平 尹	 	安東權氏成化譜	2	12	a	
EC01161	趙仲叔	조중숙	Cho Chungsuk				上護軍	安東權氏成化譜	2	12	a	
EC01162	尹渭					海平 尹	 	安東權氏成化譜	2	12	a	
EC01165	辛閏祖	신윤조	Sin Yunjo			靈山 辛	僉正	安東權氏成化譜	2	12	a	
EC01167	辛禮聃	신예담	Sin Yedam			靈山 辛		安東權氏成化譜	2	12	a	
E401867	尹處信	윤처신	Yun Ch'ŏsin			海平 尹		安東權氏成化譜	2	12	b	
EC01185	洪守謙	홍수겸	Hong Sugyŏm				別侍	安東權氏成化譜	2	12	b	
EC01186	洪麟蹤						 	安東權氏成化譜	2	12	b	
EC01193	金季演	김계연	Kim Kyeyŏn			安東 金		安東權氏成化譜	2	12	b	
EC01195	韓起同	한기동	Han Kidong				 	安東權氏成化譜	2	12	b	
EC01197	趙季宗	조계종	Cho Kyejong				訓導	安東權氏成化譜	2	12	b	
EC01203	尹濁	윤탁	Yun T'ak			海平 尹	 	安東權氏成化譜	2	12	b	
EC01204	尹湜	윤식	Yun Sik			海平 尹	 	安東權氏成化譜	2	12	b	
EC01206	元孝然	원효연	Wŏn Hyoyŏn			原州 元	原城君	安東權氏成化譜	2	12	b	
EC01207	元壽命	원맹수	Wŏn Maengsu	元孟遂		原州 元		安東權氏成化譜	2	12	b	
EC01222	元壽山	원수산	Wŏn Susan			原州 元	 	安東權氏成化譜	2	12	b	
EC01224	洪致敬	홍치경	Hong Ch'igyŏng				 	安東權氏成化譜	2	12	b	
EC01226	尹惠	윤혜	Yun Hye			坡平 尹		安東權氏成化譜	2	12	b	
EC01227	尹濟	윤제	Yun Che			海平 尹	 	安東權氏成化譜	2	12	b	
EC01239	尹汀	윤정	Yun Chŏng			海平 尹	 	安東權氏成化譜	2	12	b	
E401042	具信忠	구신충	Ku Sinch'ung			綾城 具	參議	安東權氏成化譜	2	13	a	
E401044	尹麃	윤표	Yun P'yo			坡平 尹	殿直	安東權氏成化譜	2	13	a	
E401871	李恭全	이공전	Yi Kongjŏn			全義 李	判事	安東權氏成化譜	2	13	a	
E401874	張愼止	장신지	Chang Sinji				別侍	安東權氏成化譜	2	13	a	
E401880	柳昶	유창	Yu Ch'ang			文化 柳	縣監	安東權氏成化譜	2	13	a	
E401888	黃修	황수	Hwang Su			懷德 黃	郎將	安東權氏成化譜	2	13	a	
E401890	禹宗夏	우종하	U Chongha				司直	安東權氏成化譜	2	13	a	
E401892	朴仲實	박중실	Pak Chungsil				司直	安東權氏成化譜	2	13	a	
E401893	黃淑	황숙	Hwang Suk			懷德 黃	散員	安東權氏成化譜	2	13	a	
E401895	黃天老	황천로	Hwang Ch'ŏllo			懷德 黃	驛丞	安東權氏成化譜	2	13	a	
EA00364	李曇	이담	Yi Tam				司果	安東權氏成化譜	2	13	a	
EC01241	李梓	이재	Yi Chae	李榟		全義 李	處置使	安東權氏成化譜	2	13	a	
EC01243	鄭有仁	정유인	Chŏng Yuin	鄭由仁			縣監	安東權氏成化譜	2	13	a	
EC01244	李孟欽	이맹흠	Yi Maenghŭm			全義 李	別提	安東權氏成化譜	2	13	a	
EC01246	李孟明	이맹명	Yi Maengmyŏng			全義 李	內禁衛	安東權氏成化譜	2	13	a	
EC01286	尹師甫	윤사보	Yun Sabo			坡平 尹	 	安東權氏成化譜	2	13	a	
EC01288	尹子濚	윤자영	Yun Chayŏng			茂松 尹		安東權氏成化譜	2	13	a	
EC01335	崔灝元	최순원	Ch'oe Sunwŏn	崔順元		全州 崔		安東權氏成化譜	2	13	a	
EC01429	張孟紀	장맹기	Chang Maenggi				 	安東權氏成化譜	2	13	a	
EC01432	張孟經	장맹경	Chang Maenggyŏng				 	安東權氏成化譜	2	13	a	
EC01434	朴道	박도	Pak To				 	安東權氏成化譜	2	13	a	
EC02599	柳子禎						 	安東權氏成化譜	2	13	a	
EC02601	朴如圭	박여규	Pak Yŏgyu				 	安東權氏成化譜	2	13	a	
EC02604	李伯民	이백민	Yi Paengmin				敎導	安東權氏成化譜	2	13	a	
EC02605	李暹	이섬	Yi Sŏm				司正	安東權氏成化譜	2	13	a	
D401753	鄭南鎭			鄭南晉		醴泉 鄭		安東權氏成化譜	2	13	b	
E401354	崔涓汀	최연정	Ch'oe Yŏnjŏng				司直	安東權氏成化譜	2	13	b	
E401355	崔河	최하	Ch'oe Ha				典書	安東權氏成化譜	2	13	b	
E401898	黃希老	황희로	Hwang Hŭiro			懷德 黃	 	安東權氏成化譜	2	13	b	
E401900	金鈞	김균	Kim Kyun			尙州 金	僉節制使	安東權氏成化譜	2	13	b	
E401902	河逈	하형	Ha Hyŏng	河泂		晉州 河	郡事	安東權氏成化譜	2	13	b	
E401904	李若生	이약생	Yi Yaksaeng				 	安東權氏成化譜	2	13	b	
E401906	鄭孝伯	정효백	Chŏng Hyobaek				內禁衛	安東權氏成化譜	2	13	b	
E401908	崔英潾	최영린	Ch'oe Yŏngnin			江陵 崔	司直	安東權氏成化譜	2	13	b	
E401910	元胤	원윤	Wŏn Yun			原州 元		安東權氏成化譜	2	13	b	
E401913	孫臨	손림	Son Rim				縣監	安東權氏成化譜	2	13	b	
E401917	鄭繼興	정계흥	Chŏng Kyehŭng			醴泉 鄭	上將	安東權氏成化譜	2	13	b	
E401922	任滋	임자	Im Cha			豊川 任	及第	安東權氏成化譜	2	13	b	
E401923	任福海	임복해	Im Pokhae			豊川 任	 	安東權氏成化譜	2	13	b	
EC01484	鄭庇	정비	Chŏng Pi			醴泉 鄭	司直	安東權氏成化譜	2	13	b	
EC01488	金義恭	김의공	Kim Ŭigong	金義溫		江陵 金		安東權氏成化譜	2	13	b	
EC01489	金珩	김형	Kim Hyŏng			江陵 金	司果	安東權氏成化譜	2	13	b	
EC01491	柳軒	유헌	Yu Hŏn			文化 柳	司果	安東權氏成化譜	2	13	b	
EC01492	崔浚	최준	Ch'oe Chun				僉知	安東權氏成化譜	2	13	b	
EC01494	趙瑜	조유	Cho Yu				郡事	安東權氏成化譜	2	13	b	
EC01504	金孝祖	김효조	Kim Hyojo				僉知	安東權氏成化譜	2	13	b	
EC01506	安良生	안양생	An Yangsaeng				監察	安東權氏成化譜	2	13	b	
E203241	李禎	이정	Yi Chŏng			延安 李	 	安東權氏成化譜	2	14	a	
E203242	李陽茂	이양무	Yi Yangmu			延安 李	 	安東權氏成化譜	2	14	a	
E203243	李咸臨	이함림	Yi Hamnim			延安 李	郡事	安東權氏成化譜	2	14	a	
E203244	金强	김강	Kim Kang			彦陽 金	縣監	安東權氏成化譜	2	14	a	
E203246	金謹獨	김근독	Kim Kŭndok			彦陽 金	忠贊衛	安東權氏成化譜	2	14	a	
E203249	崔承溫	최승온	Ch'oe Sŭngon				 	安東權氏成化譜	2	14	a	
E203255	崔濱	최빈	Ch'oe Pin				 	安東權氏成化譜	2	14	a	
E203257	崔愼全	최신전	Ch'oe Sinjŏn			水原 崔	倉丞	安東權氏成化譜	2	14	a	
E203259	崔松達	최송달	Ch'oe Songdal			水原 崔	進士	安東權氏成化譜	2	14	a	
E203260	申禧	신희	Sin Hŭi				 	安東權氏成化譜	2	14	a	
E203262	崔松連	최송련	Ch'oe Songnyŏn			水原 崔	 	安東權氏成化譜	2	14	a	
E203263	崔松謙	최송겸	Ch'oe Songgyŏm			水原 崔	 	安東權氏成化譜	2	14	a	
E203264	崔礩	최석전	Ch'oe Sŏkchŏn	崔碩全		水原 崔	司正	安東權氏成化譜	2	14	a	
E203270	崔寬海	최관해	Ch'oe Kwanhae			水原 崔	 	安東權氏成化譜	2	14	a	
E203272	尹禮卿	윤예경	Yun Yegyŏng			海平 尹	察訪	安東權氏成化譜	2	14	a	
E203274	尹蓋孫	윤맹손	Yun Maengson	尹孟孫		海平 尹	 	安東權氏成化譜	2	14	a	
E205677	崔涵	최함	Ch'oe Ham			水原 崔	郡事	安東權氏成化譜	2	14	a	
E302303	李惓	이권	Yi Kwŏn			碧珍 李		安東權氏成化譜	2	14	a	
E401869	崔揆	최규	Ch'oe Kyu			水原 崔	監正	安東權氏成化譜	2	14	a	
E402428	李英發	이영발	Yi Yŏngbal			延安 李	郎將	安東權氏成化譜	2	14	a	
E402617	李寧	이녕	Yi Nyŏng			延安 李	郡事	安東權氏成化譜	2	14	a	
EA00495	朴秉德	박병덕	Pak Pyŏngdŏk			羅州 朴		安東權氏成化譜	2	14	a	
E001128	金良臣	김양신	Kim Yangsin			延安 金	縣監	安東權氏成化譜	2	14	b	
E203277	崔承祖	최승조	Ch'oe Sŭngjo			水原 崔	司直	安東權氏成化譜	2	14	b	
E203281	崔榮祖	최영조	Ch'oe Yŏngjo			水原 崔	進士	安東權氏成化譜	2	14	b	
E203286	薛貞新	설정신	Sŏl Chŏngsin			淳昌 薛	嘉善牧使遇害	安東權氏成化譜	2	14	b	
E203288	金元直	김원직	Kim Wŏnjik				司直	安東權氏成化譜	2	14	b	
E203290	金用礪	김용려	Kim Yongnyŏ					安東權氏成化譜	2	14	b	
E203293	金用砥	김용지	Kim Yongji				 	安東權氏成化譜	2	14	b	
E203294	朴保生	박보생	Pak Posaeng				節制使	安東權氏成化譜	2	14	b	
E203296	田樟	전장	Chŏn Chang				 	安東權氏成化譜	2	14	b	
E203298	丘世隣	구세린	Ku Serin	丘進明		平海 丘	郎將	安東權氏成化譜	2	14	b	
E203301	田甫明	전보명	Chŏn Pomyŏng				司正	安東權氏成化譜	2	14	b	
E203303	金孟宜	김맹의	Kim Maengŭi			咸昌 金	司正	安東權氏成化譜	2	14	b	
E203340	丘自源	구자원	Ku Chawŏn			平海 丘	護軍	安東權氏成化譜	2	14	b	
E203344	金俓	김경	Kim Kyŏng			延安 金	寺尹	安東權氏成化譜	2	14	b	
E203352	成文猷	성문유	Sŏng Munyu			昌寧 成	 	安東權氏成化譜	2	14	b	
E303026	閔輕	민경	Min Kyŏng				 	安東權氏成化譜	2	14	b	
E303028	薛墀	설지	Sŏl Chi			淳昌 薛	護軍	安東權氏成化譜	2	14	b	
E303029	薛坪	설평	Sŏl P'yŏng			淳昌 薛	 	安東權氏成化譜	2	14	b	
E402432	金乙富	김을부	Kim Ŭlbu				少尹	安東權氏成化譜	2	14	b	
E402433	朴思齊	박사제	Pak Saje			密陽 朴	 	安東權氏成化譜	2	14	b	
E402435	成載	성재	Sŏng Chae	成代		昌寧 成	牧使	安東權氏成化譜	2	14	b	
E701825	崔仲淹	최중엄	Ch'oe Chungŏm			水原 崔		安東權氏成化譜	2	14	b	
310ab88d-3718-43e5-be38-98068bc40b7a	宋仲孫					延安 宋		安東權氏成化譜	2	15	a	
9c5cd712-659d-44d5-8d0c-3c7ad8462ccb	李鐵同					延安 李	 	安東權氏成化譜	2	15	a	
E203353	成文治	성문치	Sŏng Munch'i			昌寧 成	 	安東權氏成化譜	2	15	a	
E203355	朴益昌	박익창	Pak Ikch'ang				上護軍	安東權氏成化譜	2	15	a	
E203361	姜利誠	강이성	Kang Isŏng			晋州 姜		安東權氏成化譜	2	15	a	
E203383	李邊					德水 李	判院事	安東權氏成化譜	2	15	a	
E203389	許曾						內直	安東權氏成化譜	2	15	a	
E203391	李孝祖					德水 李	直長	安東權氏成化譜	2	15	a	
E203402	李有直					陽城 李		安東權氏成化譜	2	15	a	
E203404	李孝宗					德水 李	察訪	安東權氏成化譜	2	15	a	
E203411	李孟					德水 李	生員	安東權氏成化譜	2	15	a	
E203412	李仲					德水 李		安東權氏成化譜	2	15	a	
E203413	李季					德水 李		安東權氏成化譜	2	15	a	
E203416	李壽民					延安 李	司直	安東權氏成化譜	2	15	a	
E203417	李仁文					延安 李	司正	安東權氏成化譜	2	15	a	
E203423	李義文					延安 李		安東權氏成化譜	2	15	a	
E203441	李福民					延安 李	司正	安東權氏成化譜	2	15	a	
E203442	李孟禧					延安 李	 	安東權氏成化譜	2	15	a	
E203447	李仲禧					延安 李	 	安東權氏成化譜	2	15	a	
E203450	李季禧					延安 李	 	安東權氏成化譜	2	15	a	
E203451	李德民					延安 李	 	安東權氏成化譜	2	15	a	
E301311	宋思瓊	송사경	Song Sagyŏng	宋思璟		延安 宋	司直	安東權氏成化譜	2	15	a	
E301332	盧石堅	노석견	No Sŏkkyŏn			交河 盧		安東權氏成化譜	2	15	a	
E401176	李伯恭					延安 李	正郞	安東權氏成化譜	2	15	a	
e958a14e-a633-4300-bb53-36584c8e9f82	宋臨孫					延安 宋		安東權氏成化譜	2	15	a	
20e4f633-868b-4c81-abc0-3509ea7dc103	金泗							安東權氏成化譜	2	15	b	
b1b414bb-e936-4496-beb3-51431a866b9f	黃仮					平海 黃		安東權氏成化譜	2	15	b	
E203468	黃允元					平海 黃	寺正	安東權氏成化譜	2	15	b	
E203475	姜鐵堅							安東權氏成化譜	2	15	b	
E203484	李補民					延安 李		安東權氏成化譜	2	15	b	
E203486	李義臨					延安 李	司勇	安東權氏成化譜	2	15	b	
E203487	李孟緖					延安 李	司直	安東權氏成化譜	2	15	b	
E203494	李舜㱓					延安 李	別提	安東權氏成化譜	2	15	b	
E203498	李彭㱓					延安 李	參奉	安東權氏成化譜	2	15	b	
E203506	李崇元	이숭원	Yi Sungwŏn			延安 李	判書 延原君	安東權氏成化譜	2	15	b	
E203508	李萬㱓	이만령	Yi Mallyŏng			延安 李	司勇	安東權氏成化譜	2	15	b	
E301370	李補丁	이보정	Yi Pojŏng	李輔		延安 李	參判	安東權氏成化譜	2	15	b	
E301372	李伯謙					延安 李	知甫州事	安東權氏成化譜	2	15	b	
E401174	柳升漑					晋州 柳	司正	安東權氏成化譜	2	15	b	
E900296	閔孝根	민효근	Min Hyogŭn			驪興 閔	僉知	安東權氏成化譜	2	15	b	
8b5a7ae1-6b42-4c79-9d64-538fb8ae5feb	李億壽					延安 李		安東權氏成化譜	2	16	a	
E101130	李世則					延安 李		安東權氏成化譜	2	16	a	
E101871	李世範					延安 李	進士	安東權氏成化譜	2	16	a	
E200215	李亨禮					延安 李		安東權氏成化譜	2	16	a	
E200216	李叔璜					延安 李	縣監	安東權氏成化譜	2	16	a	
E203519	李崇允	이숭윤	Yi Sungyun			延安 李	奉事	安東權氏成化譜	2	16	a	
E203521	李仁㱓					延安 李	 	安東權氏成化譜	2	16	a	
E203548	李末丁					延安 李	少尹	安東權氏成化譜	2	16	a	
E203549	李元禮					延安 李	司勇	安東權氏成化譜	2	16	a	
E203575	金愼終						縣監	安東權氏成化譜	2	16	a	
E203579	李叔珩					延安 李	生員	安東權氏成化譜	2	16	a	
E203588	李叔珪					延安 李	縣監	安東權氏成化譜	2	16	a	
E700800	鄭而儉					瑞山 鄭	護軍	安東權氏成化譜	2	16	a	
E701927	李九㱓					延安 李		安東權氏成化譜	2	16	a	
E702002	金瑄							安東權氏成化譜	2	16	a	
E000527	慶絍					淸州 慶	主簿	安東權氏成化譜	2	16	b	
E201040	慶餘					淸州 慶	郡事	安東權氏成化譜	2	16	b	
E203592	李叔瑊					延安 李	司成	安東權氏成化譜	2	16	b	
E203594	李世文					延安 李		安東權氏成化譜	2	16	b	
E203649	鄭賜					東萊 鄭	牧使	安東權氏成化譜	2	16	b	
E203671	鄭蘭秀					東萊 鄭	縣監	安東權氏成化譜	2	16	b	
E203684	鄭蘭宗					東萊 鄭	東萊君	安東權氏成化譜	2	16	b	
E203728	金善擧						司直	安東權氏成化譜	2	16	b	
E203730	李希俊						護軍	安東權氏成化譜	2	16	b	
E203732	朴林敬						部將	安東權氏成化譜	2	16	b	
E203736	黃芷						萬戶	安東權氏成化譜	2	16	b	
E203738	李蕟孫					延安 李	 	安東權氏成化譜	2	16	b	
E301197	尹景淵	윤경연	Yun Kyŏngyŏn			茂松 尹		安東權氏成化譜	2	16	b	
E302982	慶緝	경집	Kyŏng Chip			淸州 慶	生員	安東權氏成化譜	2	16	b	
E401605	金貞用	김정용	Kim Chŏngyong			尙州 金		安東權氏成化譜	2	16	b	
E402441	李伯仁					延安 李	上護軍	安東權氏成化譜	2	16	b	
E402442	李伯文					延安 李	司直	安東權氏成化譜	2	16	b	
E802584	鄭蘭孫					東萊 鄭	郡守	安東權氏成化譜	2	16	b	
E802636	鄭蘭茂					東萊 鄭	縣監	安東權氏成化譜	2	16	b	
E901093	鄭蘭元	정난원	Chŏng Nanwŏn			東萊 鄭	縣監	安東權氏成化譜	2	16	b	
bf35d905-3a77-474c-a2d4-3cc6fb9fa925	安玉丁					公山 安		安東權氏成化譜	2	17	a	
E203745	趙季平						 	安東權氏成化譜	2	17	a	
E203746	高台弼					濟州 高	觀察使	安東權氏成化譜	2	17	a	
E203749	李命敏	이명민	Yi Myŏngmin			慶州 李	 	安東權氏成化譜	2	17	a	
E203751	閔甫啓						 	安東權氏成化譜	2	17	a	
E203753	李興祖					慶州 李		安東權氏成化譜	2	17	a	
E203760	李榮祖					慶州 李	 	安東權氏成化譜	2	17	a	
E203789	李承祖					慶州 李		安東權氏成化譜	2	17	a	
E203790	李末敏					慶州 李	 	安東權氏成化譜	2	17	a	
E203791	李仁準					慶州 李		安東權氏成化譜	2	17	a	
E203792	李智準					慶州 李		安東權氏成化譜	2	17	a	
E203796	安貴孫					公山 安	郡事	安東權氏成化譜	2	17	a	
E203797	安德孫					公山 安	郡事	安東權氏成化譜	2	17	a	
E203799	薛柱					淳昌 薛	護軍	安東權氏成化譜	2	17	a	
E203801	安重					公山 安	 	安東權氏成化譜	2	17	a	
E203802	安敬孫					公山 安	公山君	安東權氏成化譜	2	17	a	
E203806	禹治江					禮安 禹	司直	安東權氏成化譜	2	17	a	
E302499	洪係江					南陽 洪		安東權氏成化譜	2	17	a	
E402444	安習					公山 安	兵馬使	安東權氏成化譜	2	17	a	
E900584	李繩直	이승직	Yi Sŭngjik			慶州 李	大司憲	安東權氏成化譜	2	17	a	
E900589	金巖					安山 金	縣監	安東權氏成化譜	2	17	a	
E900590	李勿敏	이물민	Yi Mulmin			慶州 李	主簿	安東權氏成化譜	2	17	a	
E900735	洪允成	홍윤성	Hong Yunsŏng	洪禹成		南陽 洪	政丞	安東權氏成化譜	2	17	a	
EB00956	金子謀					高靈 金	生員	安東權氏成化譜	2	17	a	
E000280	閔興霖					驪興 閔		安東權氏成化譜	2	17	b	
E000537	閔雨霖			閔遇霖		驪興 閔		安東權氏成化譜	2	17	b	
E101847	閔伸	민신	Min Sin			驪興 閔	 	安東權氏成化譜	2	17	b	
E202433	睦寶男					泗川 睦	郡事	安東權氏成化譜	2	17	b	
E203808	李石巘	이석헌	Yi Sŏkhŏn			全州 李		安東權氏成化譜	2	17	b	
E203810	李植	이식	Yi Sik			全州 李		安東權氏成化譜	2	17	b	
E203812	張孟昌	장맹창	Chang Maengch'ang	張益昌		海豊 張		安東權氏成化譜	2	17	b	
E203814	閔孝男					驪興 閔	府使	安東權氏成化譜	2	17	b	
E203816	睦進恭					泗川 睦	參判	安東權氏成化譜	2	17	b	
E203829	睦繼男					泗川 睦	別侍衛	安東權氏成化譜	2	17	b	
E203836	柳永貞					晋州 柳		安東權氏成化譜	2	17	b	
E203838	柳彭壽	유팽수	Yu P'aengsu			晋州 柳	別提	安東權氏成化譜	2	17	b	
E203851	金光晬					慶州 金	大司憲	安東權氏成化譜	2	17	b	
E203853	金崇					慶州 金	縣監	安東權氏成化譜	2	17	b	
E203854	金萬壽					慶州 金	 	安東權氏成化譜	2	17	b	
E203855	金億壽					慶州 金	 	安東權氏成化譜	2	17	b	
E203856	河礪					晉州 河	僉知	安東權氏成化譜	2	17	b	
E203860	金岱					慶州 金	承仕	安東權氏成化譜	2	17	b	
E203861	朴忠達	박충달	Pak Ch'ungdal			竹山 朴		安東權氏成化譜	2	17	b	
E203863	劉寬						司正	安東權氏成化譜	2	17	b	
E203865	鄭從老						護軍	安東權氏成化譜	2	17	b	
E203868	李濟民					延安 李	直長	安東權氏成化譜	2	17	b	
E203869	李仁民					延安 李	司勇	安東權氏成化譜	2	17	b	
E204444	睦哲卿					泗川 睦		安東權氏成化譜	2	17	b	
E302364	柳眉壽					晋州 柳	護軍	安東權氏成化譜	2	17	b	
E402445	李伯忠					延安 李		安東權氏成化譜	2	17	b	李伯忠(E402445) does not appear in SHB but his sons and sons-in-law are listed. This is probably an error. Filled in by confirming with KJB 1.32b.
EA00490	禹晟					禮安 禹	郡事	安東權氏成化譜	2	17	b	
E100358	李守義	이수의	Yi Suŭi			龍仁 李	司直	安東權氏成化譜	2	18	a	
E203873	朴守昌						司正	安東權氏成化譜	2	18	a	
E203875	李德溫						司正	安東權氏成化譜	2	18	a	
E203877	李命賢						司正	安東權氏成化譜	2	18	a	
E203878	洪敏孫	홍민손	Hong Minson	洪寅孫		南陽 洪	 	安東權氏成化譜	2	18	a	
E203880	權宣	권선	Kwŏn Sŏn			安東 權	 	安東權氏成化譜	2	18	a	
E203917	權完	권완	Kwŏn Wan			安東 權	 	安東權氏成化譜	2	18	a	
E203918	姜非龍	강비룡	Kang Piryong	姜飛龍		衿川 姜		安東權氏成化譜	2	18	a	
E203922	權綱	권강	Kwŏn Kang			安東 權	護軍	安東權氏成化譜	2	18	a	
E203923	權紀	권기	Kwŏn Ki			安東 權	司直	安東權氏成化譜	2	18	a	
E203925	柳文孫	유문손	Yu Munson			文化 柳	內直	安東權氏成化譜	2	18	a	
E203928	李允儉	이윤검	Yi Yun'gŏm			龍仁 李	內禁衛	安東權氏成化譜	2	18	a	
E203946	盧孝恭	노효공	No Hyogong			長淵 盧	縣監	安東權氏成化譜	2	18	a	
E203951	金良琬	김양완	Kim Yangwan	金良琓		光州 金		安東權氏成化譜	2	18	a	
E203953	秦有經	진유경	Chin Yugyŏng			豊基 秦	少尹	安東權氏成化譜	2	18	a	
E203992	李宗讓	이종양	Yi Chongyang			永川 李	縣監	安東權氏成化譜	2	18	a	
E203995	尹孟枝	윤맹지	Yun Maengji				上護軍	安東權氏成化譜	2	18	a	
E203997	李悌孫	이제손	Yi Cheson			永川 李		安東權氏成化譜	2	18	a	
E301341	李伯持	이백지	Yi Paekchi			龍仁 李	觀察使	安東權氏成化譜	2	18	a	
E401434	李守禮	이수례	Yi Surye			龍仁 李	縣監	安東權氏成化譜	2	18	a	
E401983	權緖	권서	Kwŏn Sŏ			安東 權	郎將	安東權氏成化譜	2	18	a	
E402448	權紵	권저	Kwŏn Chŏ			安東 權	驛丞	安東權氏成化譜	2	18	a	
E204010	郭承振	곽승진	Kwak Sŭngjin			淸州 郭	生員	安東權氏成化譜	2	18	b	
E204016	郭承義	곽승의	Kwak Sŭngŭi			淸州 郭	進士	安東權氏成化譜	2	18	b	
E204021	郭承倚	곽승기	Kwak Sŭnggi	郭承綺		淸州 郭	忠贊衛	安東權氏成化譜	2	18	b	
E204025	郭承丘	곽승구	Kwak Sŭnggu	郭承近		淸州 郭	 	安東權氏成化譜	2	18	b	
E204028	郭庇	곽비	Kwak Pi			淸州 郭	萬戶	安東權氏成化譜	2	18	b	
E204029	郭僖	곽희	Kwak Hŭi			淸州 郭	內禁衛	安東權氏成化譜	2	18	b	
E204039	郭偲	곽시	Kwak Si			淸州 郭	 	安東權氏成化譜	2	18	b	
E204042	郭庥	곽휴	Kwak Hyu			淸州 郭	司直	安東權氏成化譜	2	18	b	
E204050	郭庸	곽용	Kwak Yong			淸州 郭	司直	安東權氏成化譜	2	18	b	
E401588	柳諧	유해	Yu Hae			晋州 柳	上護軍	安東權氏成化譜	2	18	b	
E401594	柳宗淳	유종순	Yu Chongsun			晋州 柳	 	安東權氏成化譜	2	18	b	
E401996	郭珣	곽순	Kwak Sun	郭恂		淸州 郭	少卿	安東權氏成化譜	2	18	b	
EB00867	郭泰	곽태	Kwak T'ae			淸州 郭	忠贊衛	安東權氏成化譜	2	18	b	
EB01594	洪直	홍직	Hong Chik			南陽 洪		安東權氏成化譜	2	18	b	
EB01613	洪剛	홍강	Hong Kang			南陽 洪	 	安東權氏成化譜	2	18	b	
EB01614	洪柔	홍유	Hong Yu			南陽 洪	 	安東權氏成化譜	2	18	b	
EB01615	洪咸	홍함	Hong Ham			南陽 洪	 	安東權氏成化譜	2	18	b	
EC00233	郭廕	곽음	Kwak Ŭm			淸州 郭	郡事	安東權氏成化譜	2	18	b	
EC00426	洪疇	홍주	Hong Chu			南陽 洪	府使	安東權氏成化譜	2	18	b	
8e0d18bb-d73c-4440-beb3-00e10f9e173b	權祥					安東 權	司直	安東權氏成化譜	2	19	a	
E400096	許柴	허시	Hŏ Si			陽川 許		安東權氏成化譜	2	19	a	
E605643	金塊	김괴	Kim Koe			光州 金	 	安東權氏成化譜	2	19	a	
E605644	金堆	김퇴	Kim T'oe			光州 金	 	安東權氏成化譜	2	19	a	
E605649	崔悰	최종	Ch'oe Chong				 	安東權氏成化譜	2	19	a	
EB01635	洪燕山	홍연산	Hong Yŏnsan			南陽 洪	縣監	安東權氏成化譜	2	19	a	
EB01636	洪悰	홍종	Hong Chong	洪琮		南陽 洪		安東權氏成化譜	2	19	a	
EB01649	崔潭	최담	Ch'oe Tam				 	安東權氏成化譜	2	19	a	
EB01650	洪燕水	홍연수	Hong Yŏnsu			南陽 洪	錄事	安東權氏成化譜	2	19	a	
EB01660	李榮商	이영상	Yi Yŏngsang				司正	安東權氏成化譜	2	19	a	
EB01662	權孝良					安東 權	舍人	安東權氏成化譜	2	19	a	
EB01667	洪燕雨	홍연우	Hong Yŏnu			南陽 洪	護軍	安東權氏成化譜	2	19	a	
EB01681	洪孝赤	홍효적	Hong Hyojŏk	洪孝跡		南陽 洪	 	安東權氏成化譜	2	19	a	
EB01690	金孝敏	김효민	Kim Hyomin			光州 金	縣令	安東權氏成化譜	2	19	a	
EB01691	金良璥	김양경	Kim Yanggyŏng			光州 金	觀察使	安東權氏成化譜	2	19	a	
EB01695	權仍	권잉	Kwŏn Ing			安東 權		安東權氏成化譜	2	19	a	
EB01696	金雍	김옹	Kim Ong			光州 金	忠順衛	安東權氏成化譜	2	19	a	
EB01697	金良琠	김양전	Kim Yangjŏn			光州 金	佐郞	安東權氏成化譜	2	19	a	
EB01701	張有良			崔有良			縣監	安東權氏成化譜	2	19	a	
EB01704	洪桂	홍계	Hong Kye				郡守	安東權氏成化譜	2	19	a	
EB01706	金義良	김의량	Kim Ŭiryang				別監	安東權氏成化譜	2	19	a	
EB01708	崔傳善	최전선	Ch'oe Chŏnsŏn				僉知	安東權氏成化譜	2	19	a	
EB01709	崔龜壽	최귀수	Ch'oe Kwisu					安東權氏成化譜	2	19	a	
EC00427	洪度	홍도	Hong To			南陽 洪	寺尹	安東權氏成化譜	2	19	a	
EC00428	洪曾	홍증	Hong Chŭng			南陽 洪		安東權氏成化譜	2	19	a	
EC00430	朴仲游	박중유	Pak Chungyu			竹山 朴	郡事	安東權氏成化譜	2	19	a	
E302085	鄭俊	정준	Chŏng Chun				草溪君	安東權氏成化譜	2	19	b	
E402077	蔡潭	채담	Ch'ae Tam			平康 蔡	 	安東權氏成化譜	2	19	b	
E402455	申槩	신개	Sin Kae			平山 申	右議政	安東權氏成化譜	2	19	b	
E402456	蔡浦	채포	Ch'ae P'o			平康 蔡		安東權氏成化譜	2	19	b	
E402459	蔡沼	채소	Ch'ae So	蔡紹		平康 蔡		安東權氏成化譜	2	19	b	
EB01713	鄭承積	정승적	Chŏng Sŭngjŏk				司正	安東權氏成化譜	2	19	b	
EB01714	鄭龜年	정귀년	Chŏng Kwinyŏn					安東權氏成化譜	2	19	b	
EB01715	鄭鱉年	정별년	Chŏng Pyŏllyŏn					安東權氏成化譜	2	19	b	
EB01716	鄭作	정작	Chŏng Chak				 	安東權氏成化譜	2	19	b	
EB01718	郭致楨	곽치정	Kwak Ch'ijŏng	郭致禎		玄風 郭	 	安東權氏成化譜	2	19	b	
EB01719	朴蘇義	박소의	Pak Soŭi			竹山 朴	 	安東權氏成化譜	2	19	b	
EB01722	朴蘇貞	박소정	Pak Sojŏng			竹山 朴	生員	安東權氏成化譜	2	19	b	
EB01723	朴繼孫	박숭효	Pak Sunghyo	朴崇孝		竹山 朴		安東權氏成化譜	2	19	b	
EB01724	朴冲孫	박숭제	Pak Sungje	朴崇悌		竹山 朴		安東權氏成化譜	2	19	b	
EB01728	朴蘇信	박소신	Pak Sosin			竹山 朴	 	安東權氏成化譜	2	19	b	
EB01730	朴以安	박이안	Pak Ian				進士	安東權氏成化譜	2	19	b	
EB01732	南昕	남흔	Nam Hŭn				評事	安東權氏成化譜	2	19	b	
EB01734	鄭而虞	정이우	Chŏng Iu			東萊 鄭	執義	安東權氏成化譜	2	19	b	
EB01735	鄭義山	정의산	Chŏng Ŭisan				 	安東權氏成化譜	2	19	b	
EB01737	金瑨	김진	Kim Chin				 	安東權氏成化譜	2	19	b	
EB01738	鄭義忠	정의충	Chŏng Ŭich'ung	鄭義蟲			 	安東權氏成化譜	2	19	b	
EC00432	吳千貴	오천귀	O Ch'ŏn'gwi			寶城 吳	護軍	安東權氏成化譜	2	19	b	
EC00434	朴皎	박교	Pak Kyo			竹山 朴	郡事	安東權氏成化譜	2	19	b	
EC00436	鄭信知	정신지	Chŏng Sinji				縣監	安東權氏成化譜	2	19	b	
E201124	李永祥	이영상	Yi Yŏngsang			平昌 李		安東權氏成化譜	2	20	a	
E204085	王循禮	왕순례	Wang Sullye			開城 王	崇義殿使	安東權氏成化譜	2	20	a	
E204086	柳敬孫	유경손	Yu Kyŏngson			全州 柳	副令	安東權氏成化譜	2	20	a	
E204094	權彌	권미	Kwŏn Mi			安東 權	錄事	安東權氏成化譜	2	20	a	
E204134	崔景淵	최경연	Ch'oe Kyŏngyŏn	崔景潤			 	安東權氏成化譜	2	20	a	
E204137	宋翯 	송학	Song Hak			鎭川 宋	縣監	安東權氏成化譜	2	20	a	
E204142	池季江	지계강	Chi Kyegang	池繼江		忠州 池	上護軍	安東權氏成化譜	2	20	a	
E204176	權履	권리	Kwŏn Ri			安東 權	直長	安東權氏成化譜	2	20	a	
E204177	權述	권술	Kwŏn Sul			安東 權	生員	安東權氏成化譜	2	20	a	
E204181	尹遘	윤구	Yun Ku			咸安 尹		安東權氏成化譜	2	20	a	
E204189	李吉安	이길안	Yi Kiran			慶州 李	司直	安東權氏成化譜	2	20	a	
E204195	朴溫	박온	Pak On			忠州 朴		安東權氏成化譜	2	20	a	
E204203	李堪	이감	Yi Kam			慶州 李	正言	安東權氏成化譜	2	20	a	
E204230	李堤	이제	Yi Che			慶州 李	上護軍	安東權氏成化譜	2	20	a	
E400083	權紹	권소	Kwŏn So			安東 權	判事	安東權氏成化譜	2	20	a	
E401569	權繼	권계	Kwŏn Kye			安東 權	上護軍	安東權氏成化譜	2	20	a	
E402463	李韻	이운	Yi Un			平昌 李	縣監	安東權氏成化譜	2	20	a	
E402465	李伯黎	이백려	Yi Paengnyŏ			慶州 李	主簿	安東權氏成化譜	2	20	a	
E402466	王居吾未	왕거오미	Wang Kŏomi			開城 王	 	安東權氏成化譜	2	20	a	
E402467	權繕	권선	Kwŏn Sŏn			安東 權	參議	安東權氏成化譜	2	20	a	
0197f969-c933-7c39-8b37-00ad18fe5bed	李靖					慶州 李		安東權氏成化譜	2	20	b	
E102530	宋鐵山	송철산	Song Ch'ŏlsan			礪山 宋	監正	安東權氏成化譜	2	20	b	
E204234	李淸新	이청신	Yi Ch'ŏngsin			全義 李	參軍	安東權氏成化譜	2	20	b	
E204237	鄭溫	정온	Chŏng On				護軍	安東權氏成化譜	2	20	b	
E204239	金浩	김호	Kim Ho			光州 金	正字	安東權氏成化譜	2	20	b	
E204244	李𥩲	이해	Yi Hae			慶州 李	 	安東權氏成化譜	2	20	b	
E204245	李參	이참	Yi Ch'am			慶州 李	縣監	安東權氏成化譜	2	20	b	
E204248	李孟靖	이맹정	Yi Maengjŏng			慶州 李	司直	安東權氏成化譜	2	20	b	
E204249	李仲靖	이중정	Yi Chungjŏng			慶州 李	司正	安東權氏成化譜	2	20	b	
E204250	金連壽	김연수	Kim Yŏnsu				進士	安東權氏成化譜	2	20	b	
E204252	李季靖	이계정	Yi Kyejŏng			慶州 李	 	安東權氏成化譜	2	20	b	
E204253	李益靖	이익정	Yi Ikchŏng			慶州 李	 	安東權氏成化譜	2	20	b	
E204255	趙廷瑞	조정서	Cho Chŏngsŏ			楊州 趙	及第	安東權氏成化譜	2	20	b	
E204260	金復命	김복명	Kim Pongmyŏng				內直	安東權氏成化譜	2	20	b	
E204278	李知言	이지언	Yi Chiŏn			全州 李	直長	安東權氏成化譜	2	20	b	
E204287	鄭復周	정복주	Chŏng Pokchu			東萊 鄭		安東權氏成化譜	2	20	b	
E400776	宋虎生	송호생	Song Hosaeng			礪山 宋	僉節制使	安東權氏成化譜	2	20	b	
E400779	李訥	이눌	Yi Nul			順天 李		安東權氏成化譜	2	20	b	
E401035	宋石山	송석산	Song Sŏksan			礪山 宋	 	安東權氏成化譜	2	20	b	
E402473	權遂良	권수량	Kwŏn Suryang			安東 權	判事	安東權氏成化譜	2	20	b	
E702662	鄭孝文	정진	Chŏng Chin	鄭溱		東萊 鄭		安東權氏成化譜	2	20	b	
E702670	鄭秀文	정류	Chŏng Ryu	鄭瀏		東萊 鄭		安東權氏成化譜	2	20	b	
E900700	鄭禹文	정환	Chŏng Hwan	鄭渙		東萊 鄭		安東權氏成化譜	2	20	b	
E100365	柳常	유상	Yu Sang			文化 柳		安東權氏成化譜	2	21	a	
E204282	李孝南	이효남	Yi Hyonam			全州 李	 	安東權氏成化譜	2	21	a	
E204283	李孝昌	이효창	Yi Hyoch'ang			全州 李	 	安東權氏成化譜	2	21	a	
E204284	李孝從	이효종	Yi Hyojong	李孝終		全州 李	 	安東權氏成化譜	2	21	a	
E204294	周懿孫	주의손	Chu Ŭison	朱懿孫				安東權氏成化譜	2	21	a	
E204296	權擬	권의	Kwŏn Ŭi			安東 權	 	安東權氏成化譜	2	21	a	
E204297	權環	권환	Kwŏn Hwan			安東 權	 	安東權氏成化譜	2	21	a	
E204303	權瑞					安東 權	 	安東權氏成化譜	2	21	a	
E204305	權琸					安東 權	 	安東權氏成化譜	2	21	a	
E204312	權琛	권침	Kwŏn Ch'im			安東 權	 	安東權氏成化譜	2	21	a	
E204313	吳信恭	오신공	O Sin'gong					安東權氏成化譜	2	21	a	
E204316	權撰	권찬	Kwŏn Ch'an			安東 權	 	安東權氏成化譜	2	21	a	
E204317	權偁	권칭	Kwŏn Ch'ing			安東 權	通贊	安東權氏成化譜	2	21	a	
E204320	權佑	권우	Kwŏn U			安東 權	 	安東權氏成化譜	2	21	a	
E204326	權佐	권좌	Kwŏn Chwa			安東 權	 	安東權氏成化譜	2	21	a	
E204342	權揣	권췌	Kwŏn Ch'we			安東 權	 	安東權氏成化譜	2	21	a	
E204343	權誠善	권성선	Kwŏn Sŏngsŏn			安東 權	 	安東權氏成化譜	2	21	a	
E204344	權明善	권명선	Kwŏn Myŏngsŏn			安東 權	 	安東權氏成化譜	2	21	a	
E204346	田孟游	전맹어	Chŏn Maengŏ					安東權氏成化譜	2	21	a	
E204348	田貴同	전휴	Chŏn Hyu	田畦			 	安東權氏成化譜	2	21	a	
E204359	權携	권휴	Kwŏn Hyu			安東 權		安東權氏成化譜	2	21	a	
E204360	權枰	권평	Kwŏn P'yŏng			安東 權	武舉	安東權氏成化譜	2	21	a	
EA01803	李育	이육	Yi Yuk			全州 李	 	安東權氏成化譜	2	21	a	
E204365	金裕孫	김유손	Kim Yuson			淸道 金	護軍	安東權氏成化譜	2	21	b	
E204379	金好雨	김호우	Kim Hou			淸道 金	 	安東權氏成化譜	2	21	b	
E204380	金慶雨	김희우	Kim Hŭiu	金喜雨		淸道 金	 	安東權氏成化譜	2	21	b	
E204381	金靈雨	김영우	Kim Yŏngu			淸道 金	縣監	安東權氏成化譜	2	21	b	
E204399	金義孫	김의손	Kim Ŭison			淸道 金	護軍	安東權氏成化譜	2	21	b	
E204400	金淑安	김숙안	Kim Sugan			淸道 金	 	安東權氏成化譜	2	21	b	
E204401	金敬孫	김경손	Kim Kyŏngson			淸道 金	護軍	安東權氏成化譜	2	21	b	
E204402	金渾	김혼	Kim Hon			淸道 金	 	安東權氏成化譜	2	21	b	
E204403	金滋	김자	Kim Cha			淸道 金	 	安東權氏成化譜	2	21	b	
E204404	林秀茂	임수무	Im Sumu			臨河 林	司正	安東權氏成化譜	2	21	b	
E204407	張忠	장충	Chang Ch'ung				上將	安東權氏成化譜	2	21	b	
E204409	朴賢生	박현생	Pak Hyŏnsaeng			密陽 朴		安東權氏成化譜	2	21	b	
E204412	明義	명의	Myŏng Ŭi			西蜀 明	 	安東權氏成化譜	2	21	b	
E204416	尹叔命	윤숙명	Yun Sungmyŏng				司正	安東權氏成化譜	2	21	b	
E204418	尹三童	윤삼동	Yun Samdong	尹三同			 	安東權氏成化譜	2	21	b	
E204419	朴鐵山						 	安東權氏成化譜	2	21	b	
E300973	趙云恭	조운공	Cho Un'gong			漢陽 趙		安東權氏成化譜	2	21	b	
E401377	柳澄	유징	Yu Ching			晋州 柳	少監	安東權氏成化譜	2	21	b	
E401379	明昇	명승	Myŏng Sŭng			西蜀 明	大夏國公	安東權氏成化譜	2	21	b	
E401380	柳溪	유계	Yu Kye			晋州 柳		安東權氏成化譜	2	21	b	
E401381	柳蕃	유번	Yu Pŏn			晋州 柳	 	安東權氏成化譜	2	21	b	
E401387	尹孟謙	윤맹겸	Yun Maenggyŏm			坡平 尹	直藝文	安東權氏成化譜	2	21	b	
E402475	金漸					淸道 金	監司	安東權氏成化譜	2	21	b	金漸(E402475) is missing in SHB. Filled in using KJB 1.33a.
E402594	明美	명미	Myŏng Mi			西蜀 明	司直	安東權氏成化譜	2	21	b	
EA01860	柳嫡長	유지연	Yu Chiyŏn	柳之淵		晋州 柳		安東權氏成化譜	2	21	b	
EA01870	柳嫡孫	유적손	Yu Chŏkson			晋州 柳	 	安東權氏成化譜	2	21	b	
EA01873	申子杠	신자강	Sin Chagang			高靈 申	都事	安東權氏成化譜	2	21	b	
EA02994	權實	권실	Kwŏn Sil			安東 權		安東權氏成化譜	2	21	b	
E204421	權滓	권재	Kwŏn Chae	權宰		安東 權	署令	安東權氏成化譜	2	22	a	
E204422	柳湘	유상	Yu Sang				 	安東權氏成化譜	2	22	a	
E204427	權漢	권한	Kwŏn Han			安東 權	署令	安東權氏成化譜	2	22	a	
E204428	權塘	권당	Kwŏn Tang			安東 權	 	安東權氏成化譜	2	22	a	
E204429	李吉長	이길장	Yi Kilchang				司勇	安東權氏成化譜	2	22	a	
E204431	權寧	권녕	Kwŏn Nyŏng			安東 權	縣監	安東權氏成化譜	2	22	a	
E204432	田貴孫	전귀손	Chŏn Kwison				進士	安東權氏成化譜	2	22	a	
E204434	權任	권임	Kwŏn Im			安東 權	忠贊衛	安東權氏成化譜	2	22	a	
E204848	李種生	이종생	Yi Chongsaeng				司直	安東權氏成化譜	2	22	a	
E402481	權蕰	권온	Kwŏn On	權蘊		安東 權	縣監	安東權氏成化譜	2	22	a	
E605650	尹崇信	윤숭신	Yun Sungsin			坡平 尹	 	安東權氏成化譜	2	22	a	
EA02991	尹崇智	윤숭지	Yun Sungji			坡平 尹	 	安東權氏成化譜	2	22	a	
EA02996	郭得康	곽득강	Kwak Tŭkkang	郭得綱		玄風 郭	中直	安東權氏成化譜	2	22	a	
EA02997	郭仁堅	곽인견	Kwak In'gyŏn			玄風 郭	進士	安東權氏成化譜	2	22	a	
EA03000	郭仁完	곽인완	Kwak Inwan			玄風 郭	萬戶	安東權氏成化譜	2	22	a	
EA03006	郭仁童	곽인수	Kwak Insu	郭仁守		玄風 郭	進士	安東權氏成化譜	2	22	a	
EA03016	權僖	권희	Kwŏn Hŭi	權禧	權祐		 	安東權氏成化譜	2	22	a	
EB00962	金自玄	김자무	Kim Chamu	金子武		高靈 金	武舉	安東權氏成化譜	2	22	a	
EB00964	林效儉	임효검	Im Hyogŏm				經歷	安東權氏成化譜	2	22	a	
EB00984	林彬	임빈	Im Pin				 	安東權氏成化譜	2	22	a	
EC00300	金思忠	김사충	Kim Sach'ung	金士忠		高靈 金	教導	安東權氏成化譜	2	22	a	
E204436	權完	권완	Kwŏn Wan			安東 權	別侍衛	安東權氏成化譜	2	22	b	
E204438	權志	권지	Kwŏn Chi			安東 權	錄事	安東權氏成化譜	2	22	b	
E204440	慶俊	정준	Chŏng Chun	鄭俊			別坐	安東權氏成化譜	2	22	b	
E204442	權思	권사	Kwŏn Sa			安東 權	 	安東權氏成化譜	2	22	b	
E204447	趙孟發	조맹발	Cho Maengbal			漢陽 趙	司直	安東權氏成化譜	2	22	b	
E204449	趙承源	조승원	Cho Sŭngwŏn			漢陽 趙	 	安東權氏成化譜	2	22	b	
E204450	趙淑			趙琡		漢陽 趙	通贊	安東權氏成化譜	2	22	b	
E204472	權裕	권유	Kwŏn Yu			安東 權	殿直	安東權氏成化譜	2	22	b	
E204480	權綽	권작	Kwŏn Chak			安東 權	進士	安東權氏成化譜	2	22	b	
E204481	申肅文	신숙문	Sin Sungmun				生員	安東權氏成化譜	2	22	b	
E204488	柳紹	유소	Yu So			豊山 柳	護軍	安東權氏成化譜	2	22	b	
E204527	宋扶	송부	Song Pu			鎭川 宋	司直	安東權氏成化譜	2	22	b	
E204530	朴仁蕃	박인번	Pak Inbŏn				察訪	安東權氏成化譜	2	22	b	
E204537	金有完	김유완	Kim Yuwan				僉知	安東權氏成化譜	2	22	b	
E204538	申繼良	신계량	Sin Kyeryang				司勇	安東權氏成化譜	2	22	b	
E204543	權章	권장	Kwŏn Chang			安東 權	府丞	安東權氏成化譜	2	22	b	
E204544	權宜	권의	Kwŏn Ŭi			安東 權	驛丞	安東權氏成化譜	2	22	b	
E204545	兪信	유신	Yu Sin			康津 兪	府使	安東權氏成化譜	2	22	b	
E204547	兪石蕃	유석번	Yu Sŏkpŏn	兪碩蕃		康津 兪	倉丞	安東權氏成化譜	2	22	b	
E204563	李櫓	이로	Yi Ro				檢中樞	安東權氏成化譜	2	22	b	
E204565	張友仁	장우인	Chang Uin			丹陽 張	判事	安東權氏成化譜	2	22	b	
E204567	閔貞	민정	Min Chŏng			驪興 閔	司成	安東權氏成化譜	2	22	b	
E204574	鄭賓	정빈	Chŏng Pin			海州 鄭	都事	安東權氏成化譜	2	22	b	
E204580	尹勞謙	윤노겸	Yun Nogyŏm			海平 尹	 	安東權氏成化譜	2	22	b	
E300919	趙之周	조지주	Cho Chiju			漢陽 趙		安東權氏成化譜	2	22	b	
E402488	盧尙智	노상지	No Sangji			光州 盧	經歷	安東權氏成化譜	2	22	b	
E402489	權雍	권옹	Kwŏn Ong			安東 權	郡事	安東權氏成化譜	2	22	b	
E402491	權質	권질	Kwŏn Chil			安東 權	彰信校衛	安東權氏成化譜	2	22	b	
E402493	權存禮	권존례	Kwŏn Chollye			安東 權	上護軍	安東權氏成化譜	2	22	b	
E000405	李末孫	이말손	Yi Malson					安東權氏成化譜	2	23	a	
E204582	李繼南	이계남	Yi Kyenam					安東權氏成化譜	2	23	a	
E204587	林九剛	임구강	Im Kugang	朴九剛			司直	安東權氏成化譜	2	23	a	
E204589	鄭穆	정목	Chŏng Mok				護軍	安東權氏成化譜	2	23	a	
E204593	權靜	권정	Kwŏn Chŏng			安東 權		安東權氏成化譜	2	23	a	
E204597	朴自強	박자강	Pak Chagang				 	安東權氏成化譜	2	23	a	
E204605	李連孫	이연손	Yi Yŏnson				 	安東權氏成化譜	2	23	a	
E204614	李給孫	이종손	Yi Chongson	李終孫				安東權氏成化譜	2	23	a	
E204621	權誠	권성	Kwŏn Sŏng	權緘		安東 權	 	安東權氏成化譜	2	23	a	
E204622	權繼祖	권계조	Kwŏn Kyejo			安東 權	司勇	安東權氏成化譜	2	23	a	
E204623	權緝	권집	Kwŏn Chip			安東 權	生員	安東權氏成化譜	2	23	a	
E204624	權好仁	권호인	Kwŏn Hoin			安東 權	上護軍	安東權氏成化譜	2	23	a	
E204635	權好義	권호의	Kwŏn Hoŭi			安東 權	 	安東權氏成化譜	2	23	a	
E204640	權綸	권륜	Kwŏn Ryun			安東 權	僉知	安東權氏成化譜	2	23	a	
E204642	權懼	권구	Kwŏn Ku			安東 權	監察	安東權氏成化譜	2	23	a	
E204653	權悚	권송	Kwŏn Song	權權慄		安東 權		安東權氏成化譜	2	23	a	
E204673	李兆壽	이조수	Yi Chosu			仁川 李		安東權氏成化譜	2	23	a	
E401546	李克潭	이극담	Yi Kŭktam				郡事	安東權氏成化譜	2	23	a	
E402494	權崇禮	권숭례	Kwŏn Sungnye			安東 權	判事	安東權氏成化譜	2	23	a	
138ef0ef-9a16-453a-b0ed-b6e38e57e1d2	禹貴榮					丹陽 禹	 	安東權氏成化譜	2	23	b	
E200958	禹從殷	우종은	U Chongŭn	禹李胤賢		丹陽 禹		安東權氏成化譜	2	23	b	
E200959	禹元老	우원로	U Wŏllo			丹陽 禹	郡事	安東權氏成化譜	2	23	b	
E204678	禹從夏	우종하	U Chongha			丹陽 禹		安東權氏成化譜	2	23	b	
E204699	趙光門	조강문	Cho Kangmun	趙康門		平壤 趙		安東權氏成化譜	2	23	b	
E204728	禹從周	우종주	U Chongju					安東權氏成化譜	2	23	b	
E204730	禹守老	우수로	U Suro			丹陽 禹	縣監	安東權氏成化譜	2	23	b	
E204731	禹孝誠					丹陽 禹		安東權氏成化譜	2	23	b	
E204734	金羽	김우	Kim U				生員	安東權氏成化譜	2	23	b	
E204736	禹孝安	우효안	U Hyoan			丹陽 禹	 	安東權氏成化譜	2	23	b	
E204737	禹誠老	우성로	U Sŏngno			丹陽 禹	 	安東權氏成化譜	2	23	b	
E204742	禹恭老	우공로	U Kongno			丹陽 禹	縣監	安東權氏成化譜	2	23	b	
E204743	禹賢孫	우현손	U Hyŏnson			丹陽 禹	虞候	安東權氏成化譜	2	23	b	
E204751	禹碩孫	우석손	U Sŏkson			丹陽 禹	內禁衛	安東權氏成化譜	2	23	b	
E204764	任績	임적	Im Chŏk				 	安東權氏成化譜	2	23	b	
E204788	禹舜老	우순로	U Sullo			丹陽 禹	奉事	安東權氏成化譜	2	23	b	
E401841	禹承瓊	우승경	U Sŭnggyŏng	禹承慶		丹陽 禹	直長	安東權氏成化譜	2	23	b	
E605652	禹貞老	우정로	U Chŏngno			丹陽 禹	奉事	安東權氏成化譜	2	23	b	
EA00210	禹孝謹	우효근	U Hyogŭn			丹陽 禹		安東權氏成化譜	2	23	b	
f137d7bd-99db-4aad-becb-dd590bd83d6f	禹貴山					丹陽 禹	 	安東權氏成化譜	2	23	b	
E102409	李順蒙	이순몽	Yi Sunmong			永川 李	領樞事	安東權氏成化譜	2	24	a	
E102412	李檜					全義 李	進士	安東權氏成化譜	2	24	a	
E204800	禹信老	우신로	U Sillo			丹陽 禹	通贊	安東權氏成化譜	2	24	a	
E204801	朴有蕃	박유번	Pak Yubŏn				 	安東權氏成化譜	2	24	a	
E204805	禹繼老	우계로	U Kyero	禹季老		丹陽 禹	直長	安東權氏成化譜	2	24	a	
E204806	禹謙					丹陽 禹		安東權氏成化譜	2	24	a	
E204815	禹讓					丹陽 禹		安東權氏成化譜	2	24	a	
E204825	權彌					安東 權		安東權氏成化譜	2	24	a	
E204826	權強	권강	Kwŏn Kang			安東 權	司直	安東權氏成化譜	2	24	a	
E204828	權淳	권순	Kwŏn Sun			安東 權		安東權氏成化譜	2	24	a	
E204846	李孝誠	이효성	Yi Hyosŏng				處置使	安東權氏成化譜	2	24	a	
E204850	李賢童	이현동	Yi Hyŏndong				 	安東權氏成化譜	2	24	a	
E204853	張希顔	장희안	Chang Hŭian			海豊 張		安東權氏成化譜	2	24	a	
E204860	高愼彥	고신언	Ko Sinŏn	高愼言			殿直	安東權氏成化譜	2	24	a	
E204875	李慶錫	이경석	Yi Kyŏngsŏk				 	安東權氏成化譜	2	24	a	
E204877	全順祖	전순조	Chŏn Sunjo				忠順衛	安東權氏成化譜	2	24	a	
E204890	權誠	권성	Kwŏn Sŏng			安東 權	司直	安東權氏成化譜	2	24	a	
E204909	李敷	이부	Yi Pu			全義 李	大護軍	安東權氏成化譜	2	24	a	
E402496	權護	권호	Kwŏn Ho			安東 權	判事	安東權氏成化譜	2	24	a	
E402498	權訥					安東 權	府使	安東權氏成化譜	2	24	a	
1ac56422-676d-403b-bafc-1321296aeea6	權佚					安東 權		安東權氏成化譜	2	24	b	
9587d1d1-8d8c-4d7d-812a-24d690e1d573	權伻					安東 權		安東權氏成化譜	2	24	b	
E204916	權睫	권첩	Kwŏn Ch'ŏp			安東 權	僉知中樞	安東權氏成化譜	2	24	b	
E204917	權懽	권환	Kwŏn Hwan			安東 權	吉川君	安東權氏成化譜	2	24	b	
E204918	權悞	권오	Kwŏn O			安東 權	將軍	安東權氏成化譜	2	24	b	
E204919	朴孝誠	박효함	Pak Hyoham			忠州 朴		安東權氏成化譜	2	24	b	
E204967	鄭衡	정형	Chŏng Hyŏng			延日 鄭	副正	安東權氏成化譜	2	24	b	
E204969	鄭錘	정추	Chŏng Ch'u	鄭鍾		延日 鄭	別監	安東權氏成化譜	2	24	b	
E204975	鄭長孫	정규	Chŏng Kyu	鄭規		延日 鄭	忠順	安東權氏成化譜	2	24	b	
E204976	鄭孝孫	정구	Chŏng Ku	鄭矩		延日 鄭	忠順	安東權氏成化譜	2	24	b	
E204980	鄭準	정준	Chŏng Chun			延日 鄭	主簿	安東權氏成化譜	2	24	b	
E204983	鄭淑孫	정세규	Chŏng Segyu	鄭世規		延日 鄭	忠順	安東權氏成化譜	2	24	b	
E204984	鄭末孫	정세구	Chŏng Segu	鄭世矩		延日 鄭	忠順	安東權氏成化譜	2	24	b	
E204996	李著	이저	Yi Chŏ			陽城 李		安東權氏成化譜	2	24	b	
E204998	河福生	하복생	Ha Poksaeng			晉州 河	僉知	安東權氏成化譜	2	24	b	
E205002	鄭鐵	정철	Chŏng Ch'ŏl			延日 鄭	 	安東權氏成化譜	2	24	b	
E205003	鄭鉤	정균	Chŏng Kyun			延日 鄭	 	安東權氏成化譜	2	24	b	
E205025	權瞻	권첨	Kwŏn Ch'ŏm			安東 權	參判 吉昌君	安東權氏成化譜	2	24	b	
E205027	權躽	권언	Kwŏn Ŏn			安東 權	福城君	安東權氏成化譜	2	24	b	
E205028	權軆	권체	Kwŏn Ch'e			安東 權	僉知	安東權氏成化譜	2	24	b	
E205032	楊世英	양세영	Yang Seyŏng			中和 楊	 	安東權氏成化譜	2	24	b	
E205033	權眉	권미	Kwŏn Mi			安東 權	府使	安東權氏成化譜	2	24	b	
E205035	權慱	권박	Kwŏn Pak			安東 權	護軍	安東權氏成化譜	2	24	b	
E301502	崔主孫	최주손	Ch'oe Chuson			慶州 崔		安東權氏成化譜	2	24	b	
E401118	權踐	권천	Kwŏn Ch'ŏn			安東 權	同知摠制	安東權氏成化譜	2	24	b	
E205056	權愓	권탕	Kwŏn T'ang			安東 權	司正	安東權氏成化譜	2	25	a	
E205061	權忭	권변	Kwŏn Pyŏn			安東 權	進武副尉	安東權氏成化譜	2	25	a	
E205076	權悃	권곤	Kwŏn Kon			安東 權		安東權氏成化譜	2	25	a	
E205085	權睦	권목	Kwŏn Mok			安東 權	護軍	安東權氏成化譜	2	25	a	
E205092	金忠孫	김충손	Kim Ch'ungson				 	安東權氏成化譜	2	25	a	
E400244	徐彌性	서미성	Sŏ Misŏng			達城 徐	牧使	安東權氏成化譜	2	25	a	
E503072	李演	이연	Yi Yŏn			全州 李	縣監	安東權氏成化譜	2	25	a	
E503087	李濬	이준	Yi Chun			全州 李	司直	安東權氏成化譜	2	25	a	
E503092	李洺	이명	Yi Myŏng			全州 李	別提	安東權氏成化譜	2	25	a	
E503095	李滓	이행	Yi Haeng			全州 李		安東權氏成化譜	2	25	a	
E901694	李培倫	이배륜	Yi Paeryun			仁川 李		安東權氏成化譜	2	25	a	
E901695	徐居廣	서거광	Sŏ Kŏgwang			達城 徐	縣監	安東權氏成化譜	2	25	a	
E901697	徐彭召	서팽소	Sŏ P'aengso			達城 徐	從仕郎	安東權氏成化譜	2	25	a	
E901730	徐彭呂	서팽려	Sŏ P'aengnyŏ			達城 徐	參奉	安東權氏成化譜	2	25	a	
E901734	崔四海	최사해	Ch'oe Sahae					安東權氏成化譜	2	25	a	
E901745	李紹生	이소생	Yi Sosaeng			全州 李	副正	安東權氏成化譜	2	25	a	
EA00244	李嗣宗	이사종	Yi Sajong			全州 李	烏川副正	安東權氏成化譜	2	25	a	
E102628	權摯	권지	Kwŏn Chi			安東 權	中樞	安東權氏成化譜	2	25	b	
E200049	金懷寶	김회보	Kim Hoebo			延安 金	司正	安東權氏成化譜	2	25	b	
E200050	金模	김모	Kim Mo			延安 金	縣監	安東權氏成化譜	2	25	b	
E204907	金珪	김규	Kim Kyu			延安 金		安東權氏成化譜	2	25	b	
E205270	金琓	김완	Kim Wan	金玩		延安 金		安東權氏成化譜	2	25	b	
E205271	金瑊	김감	Kim Kam			延安 金		安東權氏成化譜	2	25	b	
E205272	權僩	권한	Kwŏn Han			安東 權	府使	安東權氏成化譜	2	25	b	
E205273	權承業	권승업	Kwŏn Sŭngŏp			安東 權	宣敎郎	安東權氏成化譜	2	25	b	
E301027	金用寶	김용보	Kim Yongbo			延安 金	縣監	安東權氏成化譜	2	25	b	
E401580	權踶	권제	Kwŏn Che	權蹈		安東 權	左贊成	安東權氏成化譜	2	25	b	
E401621	金成寶	김성보	Kim Sŏngbo			延安 金	察訪	安東權氏成化譜	2	25	b	
E901747	崔恒	최항	Ch'oe Hang			朔寧 崔	領議政 寧城府院君	安東權氏成化譜	2	25	b	
E901769	郭宗恂	정종순	Chŏng Chongsun	鄭宗恂				安東權氏成化譜	2	25	b	
E901773	文簡	문간	Mun Kan			南平 文		安東權氏成化譜	2	25	b	
E901775	申銖	신수	Sin Su	申洙		平山 申	參奉	安東權氏成化譜	2	25	b	
E901783	金寬安	김관안	Kim Kwanan			善山 金	知印	安東權氏成化譜	2	25	b	
E901785	李禮堅	이예견	Yi Yegyŏn			韓山 李		安東權氏成化譜	2	25	b	
E901806	權子善	권자선	Kwŏn Chasŏn			安東 權	司直	安東權氏成化譜	2	25	b	
E901807	徐居正	서거정	Sŏ Kŏjŏng			達城 徐	左參贊 達城君	安東權氏成化譜	2	25	b	
E901810	徐福慶	서복경	Sŏ Pokkyŏng			達城 徐	宣敎郎	安東權氏成化譜	2	25	b	
E101149	南怡	남이	Nam I			宜寧 南	判書	安東權氏成化譜	2	26	a	
E205279	權佖	권필	Kwŏn P'il			安東 權	副正	安東權氏成化譜	2	26	a	
E205281	韓瑞龜	한서귀	Han Sŏgwi			淸州 韓	淸原君	安東權氏成化譜	2	26	a	
E205283	申億年	신억년	Sin Ŏngnyŏn			平山 申	監察	安東權氏成化譜	2	26	a	
E205290	權傑	권걸	Kwŏn Kŏl			安東 權	吉昌君	安東權氏成化譜	2	26	a	
E205318	趙忍	조인	Cho In			平壤 趙	別坐	安東權氏成化譜	2	26	a	
E205350	權偁	권칭	Kwŏn Ch'ing			安東 權	護軍	安東權氏成化譜	2	26	a	
E302953	慶祚	경조	Kyŏng Cho			淸州 慶	司正	安東權氏成化譜	2	26	a	
E303638	申末平	신말평	Sin Malp'yŏng			平山 申		安東權氏成化譜	2	26	a	
E401579	權攀	권반	Kwŏn Pan			安東 權	花山君	安東權氏成化譜	2	26	a	
E600147	愼守勤	신수근	Sin Sugŭn			居昌 愼		安東權氏成化譜	2	26	a	
E900144	金壽亨	김수형	Kim Suhyŏng			安東 金		安東權氏成化譜	2	26	a	
E900146	權擥	권람	Kwŏn Ram			安東 權	左議政 吉昌府院君	安東權氏成化譜	2	26	a	
E900175	朴士華	박사화	Pak Sahwa			尙州 朴		安東權氏成化譜	2	26	a	
EC02230	權健	권건	Kwŏn Kŏn			安東 權	上護軍	安東權氏成化譜	2	26	a	
E102498	權顥	권호	Kwŏn Ho			安東 權	生員	安東權氏成化譜	2	26	b	
E205358	權壽男			權勵		安東 權		安東權氏成化譜	2	26	b	
E205368	權僑	권교	Kwŏn Kyo	權倫		安東 權	生員	安東權氏成化譜	2	26	b	
E205392	權挈	권설	Kwŏn Sŏl			安東 權	庫使	安東權氏成化譜	2	26	b	
E205393	崔融	최융	Ch'oe Yung	崔瀜		全州 崔		安東權氏成化譜	2	26	b	
E205399	韓明溍	한명진	Han Myŏngjin			淸州 韓	典署丞	安東權氏成化譜	2	26	b	
E205402	權倬	권탁	Kwŏn T'ak			安東 權	護軍	安東權氏成化譜	2	26	b	
E205411	權倜	권척	Kwŏn Ch'ŏk			安東 權	司直	安東權氏成化譜	2	26	b	
E205416	金玄錫	김석현	Kim Sŏkhyŏn	金錫玄		金海 金	 	安東權氏成化譜	2	26	b	
E205418	宋希獻						佐郞	安東權氏成化譜	2	26	b	
E205425	權訔	권은	Kwŏn Ŭn			安東 權	護軍	安東權氏成化譜	2	26	b	
E205427	權順	권순	Kwŏn Sun			安東 權	司果	安東權氏成化譜	2	26	b	
E205441	權譼	권감	Kwŏn Kam			安東 權	直長	安東權氏成化譜	2	26	b	
E301511	權擎	권경	Kwŏn Kyŏng			安東 權	永嘉君	安東權氏成化譜	2	26	b	
E400819	柳睠	유권	Yu Kwŏn			文化 柳	承旨	安東權氏成化譜	2	26	b	
E402501	權跬	권규	Kwŏn Kyu			安東 權	吉昌君	安東權氏成化譜	2	26	b	
E703368	權肩	권견	Kwŏn Kyŏn			安東 權	縣監	安東權氏成化譜	2	26	b	
E902222	李立	이립	Yi Rip			淸州 李		安東權氏成化譜	2	26	b	
EA02059	李唐	이당	Yi Tang			全義 李		安東權氏成化譜	2	26	b	
E101383	權聰	권총	Kwŏn Ch'ong			安東 權	府尹	安東權氏成化譜	2	27	a	
E200654	權憶	권억	Kwŏn Ŏk			安東 權		安東權氏成化譜	2	27	a	
E200655	權念	권념	Kwŏn Nyŏm	權權應		安東 權	郡守	安東權氏成化譜	2	27	a	
E205448	權緝	권집	Kwŏn Chip	權輯		安東 權	司直	安東權氏成化譜	2	27	a	
E205450	李蕙	이혜	Yi Hye					安東權氏成化譜	2	27	a	
E205455	崔漢老	최한로	Ch'oe Hallo			忠州 崔	主簿	安東權氏成化譜	2	27	a	
E205464	崔秦	최무	Ch'oe Mu	崔武		忠州 崔		安東權氏成化譜	2	27	a	
E205478	崔拳	최권	Ch'oe Kwŏn			忠州 崔	 	安東權氏成化譜	2	27	a	
E205481	權惠	권혜	Kwŏn Hye			安東 權	僉知	安東權氏成化譜	2	27	a	
E205482	權悍	권한	Kwŏn Han			安東 權		安東權氏成化譜	2	27	a	
E205484	權𢘽	권예	Kwŏn Ye			安東 權		安東權氏成化譜	2	27	a	
E205487	權憐	권련	Kwŏn Ryŏn			安東 權		安東權氏成化譜	2	27	a	
E205488	李暠	이호	Yi Ho				 	安東權氏成化譜	2	27	a	
E205526	權恰	권흡	Kwŏn Hŭp			安東 權		安東權氏成化譜	2	27	a	
E300922	趙欣孫	조흔손	Cho Hŭnson			漢陽 趙		安東權氏成化譜	2	27	a	
E301171	權蹲	권준	Kwŏn Chun			安東 權	判書 安川君	安東權氏成化譜	2	27	a	
E301268	許蔘	허삼	Hŏ Sam			陽川 許		安東權氏成化譜	2	27	a	
E402503	崔宙	최주	Ch'oe Chu			慶州 崔	護軍	安東權氏成化譜	2	27	a	
E703465	權惇	권돈	Kwŏn Ton			安東 權	參奉	安東權氏成化譜	2	27	a	
E901904	權忱	권침	Kwŏn Ch'im			安東 權	參奉	安東權氏成化譜	2	27	a	
EA01624	權恢	권회	Kwŏn Hoe			安東 權		安東權氏成化譜	2	27	a	
EB01476	權憭	권료	Kwŏn Ryo			安東 權		安東權氏成化譜	2	27	a	
E100114	蔡申保	채신보	Ch'ae Sinbo			仁川 蔡	郡守	安東權氏成化譜	2	27	b	
E205142	蔡碩年	채석년	Ch'ae Sŏngnyŏn	蔡石年		仁川 蔡	進士	安東權氏成化譜	2	27	b	
E205535	辛尙調	신상조	Sin Sangjo	辛尙周		靈山 辛		安東權氏成化譜	2	27	b	
E205539	閔自亨	민자형	Min Chahyŏng			驪興 閔	 	安東權氏成化譜	2	27	b	
E205541	蔡任紹	채임소	Ch'ae Imso			仁川 蔡	文科	安東權氏成化譜	2	27	b	
E205542	蔡任檢	채인검	Ch'ae In'gŏm	蔡仁檢		仁川 蔡	 	安東權氏成化譜	2	27	b	
E205545	蔡忠檢	채충검	Ch'ae Ch'unggŏm			仁川 蔡	 	安東權氏成化譜	2	27	b	
E205546	李思孝	이사효	Yi Sahyo				 	安東權氏成化譜	2	27	b	
E205558	蔡申命	채신명	Ch'ae Sinmyŏng			仁川 蔡	縣監	安東權氏成化譜	2	27	b	
E205565	蔡申錫	채신석	Ch'ae Sinsŏk			仁川 蔡	郡守	安東權氏成化譜	2	27	b	
E205570	蔡正孫	채정손	Ch'ae Chŏngson			仁川 蔡	參軍	安東權氏成化譜	2	27	b	
E205573	蔡貞孫	채말손	Ch'ae Malson	蔡末孫		仁川 蔡		安東權氏成化譜	2	27	b	
E205574	蔡申福	채신복	Ch'ae Sinbok			仁川 蔡	虞侯	安東權氏成化譜	2	27	b	
E205577	蔡順從	채순종	Ch'ae Sunjong	蔡宗壽		仁川 蔡	 	安東權氏成化譜	2	27	b	
E205579	李徫	이위	Yi Wi			全州 李	枰城都	安東權氏成化譜	2	27	b	
E402507	蔡倫	채륜	Ch'ae Ryun	蔡綸		仁川 蔡	司藝	安東權氏成化譜	2	27	b	
E902220	李靖	이정	Yi Chŏng			淸州 李	 	安東權氏成化譜	2	27	b	
EA00310	李頥	이이	Yi I			全州 李	鶴林令	安東權氏成化譜	2	27	b	
E205625	蔡載	채재	Ch'ae Chae			仁川 蔡		安東權氏成化譜	2	28	a	
E205640	金孝仁	김효인	Kim Hyoin			瑞興 金	參軍	安東權氏成化譜	2	28	a	
E205644	許長民	허장민	Hŏ Changmin				通贊	安東權氏成化譜	2	28	a	
E205646	徐涉	서섭	Sŏ Sŏp			利川 徐	大護軍	安東權氏成化譜	2	28	a	
E205651	徐震元	서진원	Sŏ Chinwŏn			利川 徐	進士	安東權氏成化譜	2	28	a	
E205652	徐坎元	권	Kwŏn			利川 徐		安東權氏成化譜	2	28	a	
E205659	徐艮元	서양원	Sŏ Yangwŏn			利川 徐		安東權氏成化譜	2	28	a	
E205674	金因祉	김인지	Kim Inji	金仁祉	金彛	慶州 金	 	安東權氏成化譜	2	28	a	
E205679	權𢡿					安東 權	護軍	安東權氏成化譜	2	28	a	
E205703	權晟	권성	Kwŏn Sŏng			安東 權	 	安東權氏成化譜	2	28	a	
E205708	鄭昭	정소	Chŏng So				 	安東權氏成化譜	2	28	a	
E301501	崔思淸					慶州 崔	司正	安東權氏成化譜	2	28	a	
E302914	權怡	권이	Kwŏn I	權頤		安東 權	生員	安東權氏成化譜	2	28	a	
E303311	陳錫公	진석공	Chin Sŏkkong			驪陽 陳	 	安東權氏成化譜	2	28	a	
E303313	陳錫卿	진석경	Chin Sŏkkyŏng			驪陽 陳	 	安東權氏成化譜	2	28	a	
E303317	陳錫臣	진석신	Chin Sŏksin			驪陽 陳	 	安東權氏成化譜	2	28	a	
E401255	權措	권조	Kwŏn Cho			安東 權	檢漢城尹	安東權氏成化譜	2	28	a	
E402508	權採	권채	Kwŏn Ch'ae			安東 權	承旨	安東權氏成化譜	2	28	a	
E402510	陳有蕃	진유번	Chin Yubŏn			驪陽 陳	上護軍	安東權氏成化譜	2	28	a	
EC01238	蔡年	채년	Ch'ae Nyŏn			仁川 蔡	進士	安東權氏成化譜	2	28	a	
E102422	權慄	권율	Kwŏn Yul			安東 權	正郞	安東權氏成化譜	2	28	b	
E205728	金仲雅	김중권	Kim Chunggwŏn	金仲權			 	安東權氏成化譜	2	28	b	
E205735	許憺	허담	Hŏ Tam			河陽 許		安東權氏成化譜	2	28	b	
E205737	權忱	권침	Kwŏn Ch'im			安東 權	進士	安東權氏成化譜	2	28	b	
E205745	李元亨	이원형	Yi Wŏnhyŏng			甕津 李		安東權氏成化譜	2	28	b	
E205748	鄭而元	정이원	Chŏng Iwŏn			東萊 鄭	判官	安東權氏成化譜	2	28	b	
E205750	延井渫	연정설	Yŏn Chŏngsŏl			谷山 延	上護軍	安東權氏成化譜	2	28	b	
E301475	李義坤	이의구	Yi Ŭigu	李義坵		全州 李	司直	安東權氏成化譜	2	28	b	
E402511	權技					安東 權	僉知	安東權氏成化譜	2	28	b	
E402513	柳宗植	유종식	Yu Chongsik			晋州 柳	檢參判	安東權氏成化譜	2	28	b	
E000029	權期	권기	Kwŏn Ki			安東 權	僉知	安東權氏成化譜	2	29	a	
E201008	李𤥽	이어	Yi Ŏ			全州 李	漢南君	安東權氏成化譜	2	29	a	
E205768	柳文通	유문통	Yu Munt'ong			晋州 柳	獻納	安東權氏成化譜	2	29	a	
E205787	李含靖	이함정	Yi Hamjŏng	李咸靖				安東權氏成化譜	2	29	a	
E205807	柳文達	유문달	Yu Mundal			晋州 柳		安東權氏成化譜	2	29	a	
E205829	宋胡年	송호년	Song Honyŏn			市津 宋	 	安東權氏成化譜	2	29	a	
E205836	鄭忭	정변	Chŏng Pyŏn			海州 鄭		安東權氏成化譜	2	29	a	
E205841	宋眉年	송미년	Song Minyŏn			市津 宋	參奉	安東權氏成化譜	2	29	a	
E205879	權裕	권격	Kwŏn Kyŏk	權格		安東 權	大護軍	安東權氏成化譜	2	29	a	
E205882	權壽	권수	Kwŏn Su			安東 權	縣監	安東權氏成化譜	2	29	a	
E205891	權耄					安東 權	司正	安東權氏成化譜	2	29	a	
E301075	趙云聰	조운총	Cho Unch'ong			漢陽 趙		安東權氏成化譜	2	29	a	
E400095	權按	권안	Kwŏn An			安東 權	縣令	安東權氏成化譜	2	29	a	
E402515	宋繼中	송계중	Song Kyejung			市津 宋	司正	安東權氏成化譜	2	29	a	
2c7d2618-0577-42be-8822-03db4d3844e1	崔孝宗					和順 崔		安東權氏成化譜	2	29	b	
3d9f2f57-92a3-4ae0-b2a4-669cc384f3d8	崔忠宗					和順 崔		安東權氏成化譜	2	29	b	
E000172	李光佐	이광좌	Yi Kwangjwa			仁川 李		安東權氏成化譜	2	29	b	
E201286	崔士老	최사로	Ch'oe Saro	崔元老		和順 崔	大司成	安東權氏成化譜	2	29	b	
E205910	權永聃	권영담	Kwŏn Yŏngdam			安東 權	參奉	安東權氏成化譜	2	29	b	
E205939	權㱓	권령	Kwŏn Ryŏng	權昤	權聆	安東 權		安東權氏成化譜	2	29	b	
E205953	權老	권로	Kwŏn Ro			安東 權	 	安東權氏成化譜	2	29	b	
E205961	權聃	권담	Kwŏn Tam			安東 權		安東權氏成化譜	2	29	b	
E205966	權眉	권미	Kwŏn Mi			安東 權	 	安東權氏成化譜	2	29	b	
E205984	李萬壽					仁川 李	監察	安東權氏成化譜	2	29	b	
E205987	李延壽	이연수	Yi Yŏnsu			仁川 李	引儀	安東權氏成化譜	2	29	b	
E205998	李益壽	이익수	Yi Iksu			仁川 李	縣監	安東權氏成化譜	2	29	b	
E206004	李眉壽	이미수	Yi Misu			仁川 李	司果	安東權氏成化譜	2	29	b	
E206005	李繼宗	이광세	Yi Kwangse	李光世		仁川 李		安東權氏成化譜	2	29	b	
E302751	李克墩	이극돈	Yi Kŭkton			廣州 李		安東權氏成化譜	2	29	b	
E401225	權至	권지	Kwŏn Chi			安東 權	僉知	安東權氏成化譜	2	29	b	
E402518	李孝禮	이효례	Yi Hyorye			仁川 李	僉知	安東權氏成化譜	2	29	b	
E501121	金禮生	김여생	Kim Yŏsaeng	金麗生		安東 金		安東權氏成化譜	2	29	b	
E501123	金胤宗	김윤종	Kim Yunjong			安東 金	君守	安東權氏成化譜	2	29	b	
E501132	金胤先	김윤선	Kim Yunsŏn	金胤		安東 金	生員	安東權氏成化譜	2	29	b	
E503140	安懽	안환	An Hwan			竹山 安	生員	安東權氏成化譜	2	29	b	
E503147	安忭	안변	An Pyŏn			竹山 安		安東權氏成化譜	2	29	b	
E503154	安恂	안순	An Sun			竹山 安		安東權氏成化譜	2	29	b	
E901681	崔漢忠	최한충	Ch'oe Hanch'ung			和順 崔	通仕郞	安東權氏成化譜	2	29	b	
E901701	崔漢輔	최한보	Ch'oe Hanbo	崔漢補		和順 崔	左郎	安東權氏成化譜	2	29	b	
E902455	安自諴	안자함	An Chaham			竹山 安		安東權氏成化譜	2	29	b	
E902458	柳應祥	유응상	Yu Ŭngsang			文化 柳	縣令	安東權氏成化譜	2	29	b	
E101572	趙確	조익확	Cho Ikhwak	趙益確		豊壤 趙	主簿	安東權氏成化譜	2	30	a	
E101577	李子番	이자번	Yi Chabŏn	李自蕃			 	安東權氏成化譜	2	30	a	
E101583	趙烟					豊壤 趙	生員	安東權氏成化譜	2	30	a	
E101597	趙煥					豊壤 趙	 	安東權氏成化譜	2	30	a	
E206016	李億壽	이억수	Yi Ŏksu			仁川 李	參奉	安東權氏成化譜	2	30	a	
E206021	宋繼後	송계후	Song Kyehu	宋啓後		鎭川 宋	錄事	安東權氏成化譜	2	30	a	
E206024	李明孫	이명손	Yi Myŏngson				縣監	安東權氏成化譜	2	30	a	
E206033	李希年	이희년	Yi Hŭinyŏn				武科	安東權氏成化譜	2	30	a	
E206035	宋宰					鎭川 宋	司直	安東權氏成化譜	2	30	a	
E206037	趙致中	조치중	Cho Ch'ijung			漢陽 趙		安東權氏成化譜	2	30	a	
E300069	具壽永	구수영	Ku Suyŏng			綾城 具	中樞	安東權氏成化譜	2	30	a	
E501292	李友林			李文林		慶州 李	 	安東權氏成化譜	2	30	a	
E705159	李光興	이광흥	Yi Kwanghŭng			仁川 李		安東權氏成化譜	2	30	a	
E706046	李昀	이윤	Yi Yun				護軍	安東權氏成化譜	2	30	a	
E706048	李孝琳	이효림	Yi Hyorim				忠順	安東權氏成化譜	2	30	a	
E901208	宋胤宗	송윤종	Song Yunjong	宋允宗		鎭川 宋	生員	安東權氏成化譜	2	30	a	
E901353	具致洪	구치홍	Ku Ch'ihong	具致弘		綾城 具	知事	安東權氏成化譜	2	30	a	
E901355	具壽城	구수성	Ku Susŏng			綾城 具	 	安東權氏成化譜	2	30	a	
EA02092	宋宣	송선	Song Sŏn			鎭川 宋	察訪	安東權氏成化譜	2	30	a	
EC00509	宋連宗	송연종	Song Yŏnjong			鎭川 宋	生員	安東權氏成化譜	2	30	a	
EC01368	尹沔	윤면	Yun Myŏn			海平 尹	司藝	安東權氏成化譜	2	30	a	
EC01383	沈胄	심주	Sim Chu			豊山 沈	上護軍	安東權氏成化譜	2	30	a	
EC01388	沈匡弼	심광필	Sim Kwangp'il	沈光弼		豊山 沈		安東權氏成化譜	2	30	a	
5cac33fa-adc2-4725-af0f-6f91defa535d	姜萱					晋州 姜	殿力副尉	安東權氏成化譜	2	30	b	
d6e1cca0-5682-4870-aadb-d83e9a9a7332	姜蓁					晋州 姜	忠贊衛	安東權氏成化譜	2	30	b	
E102048	李則	이칙	Yi Ch'ik			鐵城 李	舍人	安東權氏成化譜	2	30	b	
E102340	權儉	권검	Kwŏn Kŏm			安東 權	主簿	安東權氏成化譜	2	30	b	
E102504	李㙲					龍仁 李	內禁衛	安東權氏成化譜	2	30	b	
E102727	李愓若					龍仁 李		安東權氏成化譜	2	30	b	
E200670	姜安福	강안복	Kang Anbok			晋州 姜		安東權氏成化譜	2	30	b	
E206122	李徠	이래	Yi Rae			全州 李	春陽君	安東權氏成化譜	2	30	b	
E206131	權昶	권창	Kwŏn Ch'ang			安東 權	判官	安東權氏成化譜	2	30	b	
E206136	權良	권량	Kwŏn Ryang			安東 權	僉知	安東權氏成化譜	2	30	b	
E206140	權九㱓	권구령	Kwŏn Kuryŏng			安東 權		安東權氏成化譜	2	30	b	
E206144	權恭	권공	Kwŏn Kong			安東 權	花川君	安東權氏成化譜	2	30	b	
E206157	權讓	권양	Kwŏn Yang			安東 權	司勇	安東權氏成化譜	2	30	b	
E206159	權畏	권외	Kwŏn Oe			安東 權	司勇	安東權氏成化譜	2	30	b	
E206160	權愼	권신	Kwŏn Sin			安東 權	僉知	安東權氏成化譜	2	30	b	
E300518	李孝恭	이효공	Yi Hyogong	李孝儉		龍仁 李		安東權氏成化譜	2	30	b	
E302961	權旭	권욱	Kwŏn Uk			安東 權	司議	安東權氏成化譜	2	30	b	
E402519	權復	권복	Kwŏn Pok			安東 權	都節制使	安東權氏成化譜	2	30	b	
E501072	趙雲龍			趙仲瑾		白川 趙	 	安東權氏成化譜	2	30	b	
EA02924	權溫	권온	Kwŏn On			安東 權	佐郞	安東權氏成化譜	2	30	b	
EA03493	權玄㱓	권현령	Kwŏn Hyŏllyŏng			安東 權		安東權氏成化譜	2	30	b	
EC01384	沈匡輔			沈光輔		豊山 沈	進士	安東權氏成化譜	2	30	b	
EC01401	沈匡佐			沈光佐		豊山 沈		安東權氏成化譜	2	30	b	
EC02308	柳季燔	유계번	Yu Kyebŏn	柳季潘		全州 柳		安東權氏成化譜	2	30	b	
E102027	朴堠	박후	Pak Hu			竹山 朴	郡事	安東權氏成化譜	2	31	a	
E204091	柳之盛					全州 柳	署令	安東權氏成化譜	2	31	a	
E205225	李季町	이계정	Yi Kyejŏng			韓山 李		安東權氏成化譜	2	31	a	
E206167	權瑭	권당	Kwŏn Tang			安東 權	主簿	安東權氏成化譜	2	31	a	
E206169	權璋	권장	Kwŏn Chang			安東 權	主簿	安東權氏成化譜	2	31	a	
E206170	權瑚	권호	Kwŏn Ho			安東 權	正郞	安東權氏成化譜	2	31	a	
E206171	權璘	권린	Kwŏn Rin			安東 權	 	安東權氏成化譜	2	31	a	
E206172	申從年	신종년	Sin Chongnyŏn			平山 申		安東權氏成化譜	2	31	a	
E206174	朴順達	박순달	Pak Sundal			竹山 朴	吉州判官	安東權氏成化譜	2	31	a	
E206189	朴孝達	박효달	Pak Hyodal			竹山 朴	察訪	安東權氏成化譜	2	31	a	
E206197	金季衡	김계형	Kim Kyehyŏng			江陵 金	正言	安東權氏成化譜	2	31	a	
E206214	成勝					昌寧 成		安東權氏成化譜	2	31	a	
E206222	成聘	성삼빙	Sŏng Sambing	成三聘		昌寧 成		安東權氏成化譜	2	31	a	
E206229	成三省	성삼성	Sŏng Samsŏng			昌寧 成		安東權氏成化譜	2	31	a	
E400974	朴成良	박성량	Pak Sŏngnyang			竹山 朴	大護軍	安東權氏成化譜	2	31	a	
E400975	朴禋	박인	Pak In			竹山 朴	判官	安東權氏成化譜	2	31	a	
E402039	朴遂良	박수량	Pak Suryang			竹山 朴	司正	安東權氏成化譜	2	31	a	
E402520	權得	권득	Kwŏn Tŭk			安東 權	直長	安東權氏成化譜	2	31	a	
E402522	尹太山	윤태산	Yun T'aesan	尹大山		坡平 尹	生員	安東權氏成化譜	2	31	a	
E402524	朴䄡					竹山 朴	縣監	安東權氏成化譜	2	31	a	
EB00106	柳正孫	유정손	Yu Chŏngson			文化 柳	縣令	安東權氏成化譜	2	31	a	
E101298	李墨禾	이사화	Yi Sahwa	李墨和	李思和	慶州 李	府使	安東權氏成化譜	2	31	b	
E101300	李益址	이익지	Yi Ikchi			慶州 李	僉知	安東權氏成化譜	2	31	b	
E103093	朴軒	박헌	Pak Hŏn			竹山 朴	司直	安東權氏成化譜	2	31	b	
E206230	朴弘文	박홍문	Pak Hongmun			竹山 朴	郡事	安東權氏成化譜	2	31	b	
E206232	朴元仁	박원인	Pak Wŏnin			竹山 朴	 	安東權氏成化譜	2	31	b	
E206244	朴元義	박원의	Pak Wŏnŭi			竹山 朴	 	安東權氏成化譜	2	31	b	
E206251	朴元禮	박원례	Pak Wŏllye			竹山 朴	 	安東權氏成化譜	2	31	b	
E206256	朴元智	박원지	Pak Wŏnji			竹山 朴	府使	安東權氏成化譜	2	31	b	
E206261	趙哲山						別侍	安東權氏成化譜	2	31	b	
E206282	朴元信	박원신	Pak Wŏnsin			竹山 朴		安東權氏成化譜	2	31	b	
E206290	朴張文	박장문	Pak Changmun			竹山 朴	 	安東權氏成化譜	2	31	b	
E206291	朴順山	박순산	Pak Sunsan			竹山 朴	 	安東權氏成化譜	2	31	b	
E206292	鄭安問	정안문	Chŏng Anmun			東萊 鄭		安東權氏成化譜	2	31	b	
E206294	兪觧	유해	Yu Hae	兪解		杞溪 兪	護軍	安東權氏成化譜	2	31	b	
E206296	兪益昌	유익창	Yu Ikch'ang			杞溪 兪	判官	安東權氏成化譜	2	31	b	
E206317	朴粹智	박수지	Pak Suji			竹山 朴	縣監	安東權氏成化譜	2	31	b	
E206318	李愼	이신	Yi Sin				部將	安東權氏成化譜	2	31	b	
E206320	朴粹敬	박수경	Pak Sugyŏng			竹山 朴	 	安東權氏成化譜	2	31	b	
E206321	朴粹忠	박수충	Pak Such'ung			竹山 朴	 	安東權氏成化譜	2	31	b	
E206322	朴粹儉	박수검	Pak Sugŏm			竹山 朴	萬戶	安東權氏成化譜	2	31	b	
E206332	朴粹禮	박수례	Pak Surye			竹山 朴	 	安東權氏成化譜	2	31	b	
E206333	朴粹恭	박수공	Pak Sugong			竹山 朴	 	安東權氏成化譜	2	31	b	
E402171	朴禂	박도	Pak To			竹山 朴	司正	安東權氏成化譜	2	31	b	
E902423	卜承亨	복승형	Pok Sŭnghyŏng			沔川 卜	司直	安東權氏成化譜	2	31	b	
E902529	朴石山	박석산	Pak Sŏksan			竹山 朴		安東權氏成化譜	2	31	b	
E000380	崔虎山	최호산	Ch'oe Hosan			東州 崔		安東權氏成化譜	2	32	a	
E100703	朴從幹	박종간	Pak Chonggan			竹山 朴		安東權氏成化譜	2	32	a	
E101169	朴復卿	박복경	Pak Pokkyŏng			竹山 朴	護軍	安東權氏成化譜	2	32	a	
E206334	尹瑗	윤징	Yun Ching	尹徵		茂松 尹	郡守	安東權氏成化譜	2	32	a	
E206337	鄭仁忠	정인충	Chŏng Inch'ung			延日 鄭	縣監	安東權氏成化譜	2	32	a	
E206339	鄭澄	정징	Chŏng Ching			延日 鄭		安東權氏成化譜	2	32	a	
E206341	朴忠至	박충지	Pak Ch'ungji			竹山 朴	郡事	安東權氏成化譜	2	32	a	
E206347	朴孝至	박효지	Pak Hyoji			竹山 朴	司正	安東權氏成化譜	2	32	a	
E206348	禹自淮	우자회	U Chahoe			丹陽 禹	 	安東權氏成化譜	2	32	a	
E206350	朴信至	박신지	Pak Sinji			竹山 朴	 	安東權氏成化譜	2	32	a	
E206351	朴誠至	박성지	Pak Sŏngji			竹山 朴	 	安東權氏成化譜	2	32	a	
E206352	宋勉	송면	Song Myŏn			鎭川 宋	 	安東權氏成化譜	2	32	a	
E206354	朴恭至	박공지	Pak Kongji			竹山 朴	 	安東權氏成化譜	2	32	a	
E206355	朴智	박지	Pak Chi			竹山 朴	別侍	安東權氏成化譜	2	32	a	
E206356	朴晢	박절	Pak Chŏl			竹山 朴	內禁	安東權氏成化譜	2	32	a	
E206360	朴景祉	박경지	Pak Kyŏngji			竹山 朴	司正	安東權氏成化譜	2	32	a	
E206375	元瑾	원근	Wŏn Kŭn			原州 元	 	安東權氏成化譜	2	32	a	
E206377	李孟孫	이맹손	Yi Maengson				護軍	安東權氏成化譜	2	32	a	
E206379	李鱗	이린	Yi Rin	李磷		全義 李	宣務	安東權氏成化譜	2	32	a	
E206382	郭守直	곽수직	Kwak Sujik				 	安東權氏成化譜	2	32	a	
E206396	辛璲	신수	Sin Su				 	安東權氏成化譜	2	32	a	
E303544	李知非	이지비	Yi Chibi			全義 李	 	安東權氏成化譜	2	32	a	
E402525	朴禱	박도	Pak To			竹山 朴	縣監	安東權氏成化譜	2	32	a	
E706050	金孫	김손	Kim Son				錄事	安東權氏成化譜	2	32	a	
E706051	金善根	김선근	Kim Sŏn'gŭn				 	安東權氏成化譜	2	32	a	
E706052	金貞根	김정근	Kim Chŏnggŭn				 	安東權氏成化譜	2	32	a	
E901344	具致中					綾城 具	副正	安東權氏成化譜	2	32	a	
E902045	朴曾	박증	Pak Chŭng	朴增		竹山 朴		安東權氏成化譜	2	32	a	
E100115	柳孝源	유효원	Yu Hyowŏn			文化 柳	別侍	安東權氏成化譜	2	32	b	
E100116	柳銀	유근	Yu Kŭn			文化 柳	 	安東權氏成化譜	2	32	b	
E100121	金恞	김이	Kim I			江陵 金	訓導	安東權氏成化譜	2	32	b	
E102307	尹仲涓	윤중연	Yun Chungyŏn			茂松 尹		安東權氏成化譜	2	32	b	
E102664	李崇儉	이숭검	Yi Sunggŏm			龍仁 李		安東權氏成化譜	2	32	b	
E300802	趙慈	조자	Cho Cha			漢陽 趙		安東權氏成化譜	2	32	b	
E400487	尹自堅	윤자견	Yun Chagyŏn			茂松 尹	主簿	安東權氏成化譜	2	32	b	
E401333	柳瑞生	유서생	Yu Sŏsaeng			晋州 柳	錄事	安東權氏成化譜	2	32	b	
E402532	任孝敦	임효돈	Im Hyodon			豊川 任		安東權氏成化譜	2	32	b	
E903452	尹沈	윤침	Yun Ch'im			茂松 尹	 	安東權氏成化譜	2	32	b	
E903454	趙得林	조득림	Cho Tŭngnim	趙得琳		白川 趙	巴山君	安東權氏成化譜	2	32	b	
E903455	尹伯涓	윤백연	Yun Paegyŏn			茂松 尹		安東權氏成化譜	2	32	b	
E903464	愼承福	신승복	Sin Sŭngbok			居昌 愼		安東權氏成化譜	2	32	b	
E903473	尹漸	윤점	Yun Chŏm			茂松 尹	 	安東權氏成化譜	2	32	b	
EB01148	吳繼宗	오계종	O Kyejong			海州 吳		安東權氏成化譜	2	32	b	
EB01299	朴宗孫	박종손	Pak Chongson			密陽 朴	 	安東權氏成化譜	2	32	b	
EB01334	吳仲老	오중로	O Chungno			海州 吳	進士	安東權氏成化譜	2	32	b	
EB01335	吳繼善	오계선	O Kyesŏn			海州 吳	奉事	安東權氏成化譜	2	32	b	
EC00366	朴疑問	박의문	Pak Ŭimun			密陽 朴	護軍	安東權氏成化譜	2	32	b	
EC02322	尹深	윤심	Yun Sim			茂松 尹	敎授	安東權氏成化譜	2	32	b	
E100053	金璉	김련	Kim Ryŏn			義城 金		安東權氏成化譜	2	33	a	
E102806	許珚	허연	Hŏ Yŏn			陽川 許	直長	安東權氏成化譜	2	33	a	
E200277	姜利行	강이행	Kang Ihaeng			晋州 姜		安東權氏成化譜	2	33	a	
E200522	許璘	허곤	Hŏ Kon	許琨		陽川 許		安東權氏成化譜	2	33	a	
E201886	許確	허확	Hŏ Hwak			陽川 許		安東權氏成化譜	2	33	a	
E800246	金城	김성	Kim Sŏng			安東 金		安東權氏成化譜	2	33	a	
E902596	許扉	허비	Hŏ Pi			陽川 許	府使	安東權氏成化譜	2	33	a	
E902598	許蓀	허손	Hŏ Son			陽川 許	郡事	安東權氏成化譜	2	33	a	
E902603	申永和	신영화	Sin Yŏnghwa			平山 申		安東權氏成化譜	2	33	a	
E902607	許薰	허훈	Hŏ Hun			陽川 許	司議	安東權氏成化譜	2	33	a	
E902615	許芝	허지	Hŏ Chi			陽川 許	郡守	安東權氏成化譜	2	33	a	
E902617	許琡	허숙	Hŏ Suk			陽川 許		安東權氏成化譜	2	33	a	
EA00123	許琛	허침	Hŏ Ch'im			陽川 許	進士	安東權氏成化譜	2	33	a	
EA00447	朴林宗	박임종	Pak Imjong			羅州 朴		安東權氏成化譜	2	33	a	
EA00614	許珉	허민	Hŏ Min			陽川 許	司勇	安東權氏成化譜	2	33	a	
E000226	許輯	허집	Hŏ Chip			陽川 許		安東權氏成化譜	2	33	b	
E200381	許聃壽			許聃		陽川 許		安東權氏成化譜	2	33	b	
E300482	許菖	허창	Hŏ Ch'ang			陽川 許	縣監	安東權氏成化譜	2	33	b	
E301266	許羚	허령	Hŏ Ryŏng			陽川 許		安東權氏成化譜	2	33	b	
E301307	金崙	김륜	Kim Ryun			延安 金	左郎	安東權氏成化譜	2	33	b	
E301309	金舜臣					延安 金	中樞	安東權氏成化譜	2	33	b	
E302926	慶侃	경간	Kyŏng Kan			淸州 慶		安東權氏成化譜	2	33	b	
E900110	許瑞	허서	Hŏ Sŏ			陽川 許		安東權氏成化譜	2	33	b	
E900111	許蘅	허형	Hŏ Hyŏng			陽川 許	典簿	安東權氏成化譜	2	33	b	
E902632	許瑊	허감	Hŏ Kam			陽川 許		安東權氏成化譜	2	33	b	
E902642	李繼貞	이계정	Yi Kyejŏng	李季貞		全義 李	縣監	安東權氏成化譜	2	33	b	
E902643	許樞	허추	Hŏ Ch'u			陽川 許	經歷	安東權氏成化譜	2	33	b	
E902646	鄭智孫	정지손	Chŏng Chison				 	安東權氏成化譜	2	33	b	
E902647	許羝	허저	Hŏ Chŏ			陽川 許	司勇	安東權氏成化譜	2	33	b	
E902649	郭自安	곽자안	Kwak Chaan			玄風 郭	 	安東權氏成化譜	2	33	b	
E902651	許羶	허전	Hŏ Chŏn			陽川 許	 	安東權氏成化譜	2	33	b	
E902653	金㠇					延安 金	進士	安東權氏成化譜	2	33	b	
E902659	韓晤					淸州 韓	司直	安東權氏成化譜	2	33	b	
E902663	許葟	허황	Hŏ Hwang			陽川 許	正郞	安東權氏成化譜	2	33	b	
EA01137	李承重	이승중	Yi Sŭngjung			全義 李		安東權氏成化譜	2	33	b	
EA01489	邊保	변보	Pyŏn Po			原州 邊	縣監	安東權氏成化譜	2	33	b	
EA03910	許璠	허번	Hŏ Pŏn			陽川 許		安東權氏成化譜	2	33	b	
EB00456	金崶	김봉	Kim Pong			延安 金	進士	安東權氏成化譜	2	33	b	
E101755	權欽	권흠	Kwŏn Hŭm			安東 權		安東權氏成化譜	2	34	a	
E103077	權晏	권안	Kwŏn An			安東 權	追武副尉	安東權氏成化譜	2	34	a	
E206398	金宗智	김종지	Kim Chongji				司直	安東權氏成化譜	2	34	a	
E206408	權智	권지	Kwŏn Chi			安東 權	 	安東權氏成化譜	2	34	a	
E206409	曺承重	조승중	Cho Sŭngjung			昌寧 曺	司直	安東權氏成化譜	2	34	a	
E206411	崔漢伯	최한백	Ch'oe Hanbaek			和順 崔	縣監	安東權氏成化譜	2	34	a	
E206414	曺倜	조척	Cho Ch'ŏk			昌寧 曺		安東權氏成化譜	2	34	a	
E206420	曺保	조보	Cho Po			昌寧 曺	 	安東權氏成化譜	2	34	a	
E206421	池繼海	지계해	Chi Kyehae			忠州 池		安東權氏成化譜	2	34	a	
E400593	文敏	문민	Mun Min			南平 文	僉知	安東權氏成化譜	2	34	a	
E706056	文諶	문심	Mun Sim			南平 文	主簿	安東權氏成化譜	2	34	a	
E706057	文譿					南平 文	司正	安東權氏成化譜	2	34	a	
E706058	文諗					南平 文		安東權氏成化譜	2	34	a	
E901138	鄭以僑	정이교	Chŏng Igyo			延日 鄭	翰林	安東權氏成化譜	2	34	a	
EA01079	南輳					宜寧 南		安東權氏成化譜	2	34	a	
EB01934	柳承緖	유승서	Yu Sŭngsŏ			文化 柳	萬戶	安東權氏成化譜	2	34	a	
EC01845	池允源	지윤원	Chi Yunwŏn			忠州 池	司勇	安東權氏成化譜	2	34	a	
E000415	南宮順	남궁순	Namgung Sun			咸恍 南宮		安東權氏成化譜	2	34	b	
E300682	南宮粲	남궁찬	Namgung Ch'an			咸恍 南宮		安東權氏成化譜	2	34	b	
E302511	洪允清	홍윤청	Hong Yunch'ŏng			南陽 洪	僉知	安東權氏成化譜	2	34	b	
E304548	權節	권절	Kwŏn Chŏl			安東 權	僉知	安東權氏成化譜	2	34	b	
E304550	權自平	권자평	Kwŏn Chap'yŏng			安東 權		安東權氏成化譜	2	34	b	
E304557	權自中	권자중	Kwŏn Chajung			安東 權	司直	安東權氏成化譜	2	34	b	
E304558	權自剛	권자강	Kwŏn Chagang			安東 權	 	安東權氏成化譜	2	34	b	
E304560	南宮肩	남궁견	Namgung Kyŏn			咸恍 南宮	縣監	安東權氏成化譜	2	34	b	
E304575	鄭叔善	정숙선	Chŏng Suksŏn				參奉	安東權氏成化譜	2	34	b	
E304577	南宮顯	남궁현	Namgung Hyŏn			咸恍 南宮	司直	安東權氏成化譜	2	34	b	
E402539	權琠	권전	Kwŏn Chŏn			安東 權	 	安東權氏成化譜	2	34	b	
E402541	陳謹	진근	Chin Kŭn			臨陂 陳	別侍	安東權氏成化譜	2	34	b	
E402544	南宮致	남궁치	Namgung Ch'i			咸恍 南宮	上將	安東權氏成化譜	2	34	b	
E402545	南宮效	남궁효	Namgung Hyo	南宮敬		咸恍 南宮	司直	安東權氏成化譜	2	34	b	
EA02893	辛得涵	신득함	Sin Tŭkham	申得涵		靈山 辛	參奉	安東權氏成化譜	2	34	b	Surname corrected using KJB 5.89b.
EA04074	權自均	권자균	Kwŏn Chagyun			安東 權		安東權氏成化譜	2	34	b	
0197fd35-6fec-75ff-987e-b7f6378f7006	李哲長					加平 李		安東權氏成化譜	2	35	a	
E304578	李深	이침	Yi Ch'im			加平 李	中樞	安東權氏成化譜	2	35	a	
E304580	李多林	이다림	Yi Tarim	李大林		加平 李	中樞	安東權氏成化譜	2	35	a	
E304581	李允孫	이윤손	Yi Yunson			加平 李	都節制使	安東權氏成化譜	2	35	a	
E304582	李哲巖	이광안	Yi Kwangan	李鐵巖		加平 李	將仕郞	安東權氏成化譜	2	35	a	
E304583	李亨孫	이형손	Yi Hyŏngson			加平 李	牧使君	安東權氏成化譜	2	35	a	
E304585	崔懽輔			崔希輔		全州 崔	通仕郎	安東權氏成化譜	2	35	a	
E304587	申希廉					平山 申	洗馬	安東權氏成化譜	2	35	a	
E304589	鄭仁烱	정인형	Chŏng Inhyŏng	鄭仁炯		奉化 鄭	佐郎	安東權氏成化譜	2	35	a	
E304592	裵亨	배형	Pae Hyŏng				部將	安東權氏成化譜	2	35	a	
E304594	權守紀	권수기	Kwŏn Sugi			安東 權	僉節制使	安東權氏成化譜	2	35	a	
E304595	權允仁	권윤인	Kwŏn Yunin			安東 權	上將	安東權氏成化譜	2	35	a	
E304596	權宗孫	권종손	Kwŏn Chongson			安東 權	僉知	安東權氏成化譜	2	35	a	
E304601	權季元	권계원	Kwŏn Kyewŏn			安東 權	 	安東權氏成化譜	2	35	a	
E304602	權從元	권종원	Kwŏn Chongwŏn	權終元		安東 權	 	安東權氏成化譜	2	35	a	
E304603	權允義	권윤의	Kwŏn Yunŭi			安東 權	司正	安東權氏成化譜	2	35	a	
E400631	閔發	민발	Min Pal			驪興 閔		安東權氏成化譜	2	35	a	
E402549	鄭嚴	정엄	Chŏng Ŏm	鄭儼		瑞山 鄭	府使	安東權氏成化譜	2	35	a	
E402551	權補	권보	Kwŏn Po			安東 權	監正	安東權氏成化譜	2	35	a	
E703867	李鐵石	이윤명	Yi Yunmyŏng			加平 李	錄事	安東權氏成化譜	2	35	a	
E703950	崔叔男					全州 崔		安東權氏成化譜	2	35	a	
E703953	唐孝良	당효량	Tang Hyoryang					安東權氏成化譜	2	35	a	
E301984	金順理	김순리	Kim Sulli			淸風 金		安東權氏成化譜	2	35	b	
E304604	權允禮	권윤례	Kwŏn Yullye			安東 權	錄事	安東權氏成化譜	2	35	b	
E304605	崔熊	최웅	Ch'oe Ung			全州 崔	司勇	安東權氏成化譜	2	35	b	
E304607	蘇孝誠	소효성	So Hyosŏng				 	安東權氏成化譜	2	35	b	
E304609	金商	김상	Kim Sang				萬戶	安東權氏成化譜	2	35	b	
E304611	權守經	권수경	Kwŏn Sugyŏng			安東 權	宣務	安東權氏成化譜	2	35	b	
E304612	權孝達	권효달	Kwŏn Hyodal			安東 權	 	安東權氏成化譜	2	35	b	
E304615	權守綜					安東 權	監察	安東權氏成化譜	2	35	b	
E304616	權偉	권위	Kwŏn Wi			安東 權	訓導	安東權氏成化譜	2	35	b	
E304625	李紈			李桓			司直	安東權氏成化譜	2	35	b	
E304627	宋逶			宋逵			判官	安東權氏成化譜	2	35	b	
E304629	趙賫					漢陽 趙	參議	安東權氏成化譜	2	35	b	
E304631	趙旭主					漢陽 趙	護軍	安東權氏成化譜	2	35	b	
E304637	金孟得						 	安東權氏成化譜	2	35	b	Filled the name using KJB 5.91a.
E304639	鄭居宗	정거종	Chŏng Kŏjong			瑞山 鄭	錄事	安東權氏成化譜	2	35	b	
E304641	鄭以偕	정이해	Chŏng Ihae	鄭以諧		瑞山 鄭	 	安東權氏成化譜	2	35	b	
E304642	鄭以雅	정이아	Chŏng Ia			瑞山 鄭	 	安東權氏成化譜	2	35	b	
E304646	康彦中	강언중	Kang Ŏnjung				僉節制使	安東權氏成化譜	2	35	b	
E304648	康孟嚴	강맹엄	Kang Maengŏm				 	安東權氏成化譜	2	35	b	
E402552	權禆	권비	Kwŏn Pi			安東 權	經歷	安東權氏成化譜	2	35	b	
E402553	權祛	권거	Kwŏn Kŏ			安東 權	中郞將	安東權氏成化譜	2	35	b	
EC01596	權依	권의	Kwŏn Ŭi			安東 權		安東權氏成化譜	2	35	b	
E304649	康仲嚴	강중엄	Kang Chungŏm				 	安東權氏成化譜	2	36	a	
E304650	康禮嚴	강예엄	Kang Yeŏm				司直	安東權氏成化譜	2	36	a	
E304651	康季嚴	강계엄	Kang Kyeŏm				司直	安東權氏成化譜	2	36	a	
E304652	權守綱	권수강	Kwŏn Sugang			安東 權	司正	安東權氏成化譜	2	36	a	
E304653	梁達	양달	Yang Tal				司直	安東權氏成化譜	2	36	a	
E304656	權孝孫	권효손	Kwŏn Hyoson			安東 權	 	安東權氏成化譜	2	36	a	
E304657	權處中	권처중	Kwŏn Ch'ŏjung			安東 權	 	安東權氏成化譜	2	36	a	
E304658	權致均	권치균	Kwŏn Ch'igyun			安東 權	 	安東權氏成化譜	2	36	a	
E304659	權致平	권치평	Kwŏn Ch'ip'yŏng			安東 權	 	安東權氏成化譜	2	36	a	
E304660	權用中	권용중	Kwŏn Yongjung			安東 權	 	安東權氏成化譜	2	36	a	
E304661	柳敬元	유경원	Yu Kyŏngwŏn				 	安東權氏成化譜	2	36	a	
E304664	金致文	김치문	Kim Ch'imun				 	安東權氏成化譜	2	36	a	
E304667	李禮敬	이예경	Yi Yegyŏng				 	安東權氏成化譜	2	36	a	
E304669	李稔	이임	Yi Im				郡事	安東權氏成化譜	2	36	a	
E304671	金淳	김순	Kim Sun				判書	安東權氏成化譜	2	36	a	
E402554	權𧝂					安東 權	舍人	安東權氏成化譜	2	36	a	
E502759	朴允儉	박윤검	Pak Yun'gŏm	朴允倫		咸陽 朴	司藝	安東權氏成化譜	2	36	a	
E502762	鄭權	정권	Chŏng Kwŏn			河東 鄭	生員	安東權氏成化譜	2	36	a	
E902164	金崇道	김숭도	Kim Sungdo			慶州 金	護軍	安東權氏成化譜	2	36	a	
E101124	李孝植	이효식	Yi Hyosik			全州 李	竺山君	安東權氏成化譜	2	36	b	
E201473	元訓	원훈	Wŏn Hun			原州 元	上護軍	安東權氏成化譜	2	36	b	
E304691	鄭深					河東 鄭	縣監	安東權氏成化譜	2	36	b	
E304713	元德崇	원덕숭	Wŏn Tŏksung			原州 元	司正	安東權氏成化譜	2	36	b	
E304715	元德仁	원덕인	Wŏn Tŏgin			原州 元		安東權氏成化譜	2	36	b	
E304718	鄭裨	정비	Chŏng Pi				司直	安東權氏成化譜	2	36	b	
E304722	朴致和	박치화	Pak Ch'ihwa					安東權氏成化譜	2	36	b	
E304725	元益壽	원익수	Wŏn Iksu			原州 元		安東權氏成化譜	2	36	b	
E304726	元規	원규	Wŏn Kyu			原州 元		安東權氏成化譜	2	36	b	
E304737	元矩	원구	Wŏn Ku			原州 元	 	安東權氏成化譜	2	36	b	
E304738	元益達	원익달	Wŏn Iktal			原州 元		安東權氏成化譜	2	36	b	
E304739	李石同	이석동	Yi Sŏktong				司直	安東權氏成化譜	2	36	b	
E304741	奇賁	기분	Ki Pun			幸州 奇	府使	安東權氏成化譜	2	36	b	
E304743	鄭棄	정기	Chŏng Ki			東萊 鄭		安東權氏成化譜	2	36	b	
E304748	奇子炯	기자형	Ki Chahyŏng	奇子烱		幸州 奇		安東權氏成化譜	2	36	b	
E304769	林壽昌	박수창	Pak Such'ang	朴壽昌			府使	安東權氏成化譜	2	36	b	
E304771	元自正	원자정	Wŏn Chajŏng			原州 元	司正	安東權氏成化譜	2	36	b	
E304772	元全	원전	Wŏn Chŏn	元澶		原州 元	縣監	安東權氏成化譜	2	36	b	
E304774	李仁行	이인행	Yi Inhaeng				 	安東權氏成化譜	2	36	b	
E304776	李洙	이수	Yi Su			全州 李	醴泉君	安東權氏成化譜	2	36	b	
E402559	元恂	원순	Wŏn Sun			原州 元	郡事	安東權氏成化譜	2	36	b	
E900368	元自直	원자직	Wŏn Chajik			原州 元	正郞	安東權氏成化譜	2	36	b	
EA02699	奇子煥	기자환	Ki Chahwan			幸州 奇	進士	安東權氏成化譜	2	36	b	
E100529	李孝老	이효로	Yi Hyoro			禮安 李		安東權氏成化譜	2	37	a	
E101113	南景祐	남경우	Nam Kyŏngu			宜寧 南	宜城君	安東權氏成化譜	2	37	a	
E101115	沈湄	심미	Sim Mi			靑松 沈		安東權氏成化譜	2	37	a	
E301374	孫繼溫	손계온	Son Kyeon			密陽 孫		安東權氏成化譜	2	37	a	
E301563	劉用平	유용평	Yu Yongp'yŏng			羽溪 劉	上護軍	安東權氏成化譜	2	37	a	
E301564	劉智問	유지주	Yu Chiju	劉智周		羽溪 劉	護軍	安東權氏成化譜	2	37	a	
E304788	金益祥	김익상	Kim Iksang				郡事	安東權氏成化譜	2	37	a	
E304790	金承幹	김승간	Kim Sŭnggan				縣監	安東權氏成化譜	2	37	a	
E304793	柳孝綱					文化 柳	 	安東權氏成化譜	2	37	a	
E304797	元自貞	원자정	Wŏn Chajŏng			原州 元	判官	安東權氏成化譜	2	37	a	
E304800	元自恭	원자공	Wŏn Chagong			原州 元	司正	安東權氏成化譜	2	37	a	
E304802	元自敬	원자경	Wŏn Chagyŏng			原州 元	司正	安東權氏成化譜	2	37	a	
E304813	孫繼良	손계량	Son Kyeryang			密陽 孫	僉知	安東權氏成化譜	2	37	a	
E304826	元自讓	원자양	Wŏn Chayang			原州 元		安東權氏成化譜	2	37	a	
E304883	崔九淵	최구연	Ch'oe Kuyŏn					安東權氏成化譜	2	37	a	
E304884	盧孝忠	노효충	No Hyoch'ung				署令	安東權氏成化譜	2	37	a	
E304886	崔在淵	최재연	Ch'oe Chaeyŏn					安東權氏成化譜	2	37	a	
E401027	鄭吉祥	정길상	Chŏng Kilsang			慶州 鄭		安東權氏成化譜	2	37	a	
E401846	崔沮	최저	Ch'oe Chŏ				上護軍	安東權氏成化譜	2	37	a	
E402560	元恢					原州 元	司正	安東權氏成化譜	2	37	a	
E402561	元忱	원침	Wŏn Ch'im			原州 元	中郞將	安東權氏成化譜	2	37	a	
E402562	元閔生	원민생	Wŏn Minsaeng			原州 元	判書	安東權氏成化譜	2	37	a	
E504595	劉用良					羽溪 劉	上護軍	安東權氏成化譜	2	37	a	
E504607	劉用何	유용하	Yu Yongha			羽溪 劉	護軍	安東權氏成化譜	2	37	a	
E504611	劉用純	유용순	Yu Yongsun	劉用恂		羽溪 劉	司勇	安東權氏成化譜	2	37	a	
E302911	慶嗣昌	경사창	Kyŏng Sach'ang			淸州 慶		安東權氏成化譜	2	37	b	
E302918	慶俊	경준	Kyŏng Chun			淸州 慶	僉正	安東權氏成化譜	2	37	b	
E302928	鄭延慶	정연경	Chŏng Yŏn'gyŏng			海州 鄭		安東權氏成化譜	2	37	b	
E304887	李誠孫	이성손	Yi Sŏngson				縣監	安東權氏成化譜	2	37	b	
E304889	洪寬					南陽 洪	 	安東權氏成化譜	2	37	b	
E304890	柳軸	유축	Yu Ch'uk				 	安東權氏成化譜	2	37	b	
E304893	洪三山	홍삼산	Hong Samsan			南陽 洪	 	安東權氏成化譜	2	37	b	
E402568	安叔慶						判官	安東權氏成化譜	2	37	b	
E402570	洪福邦	홍복방	Hong Pokpang			南陽 洪	署令	安東權氏成化譜	2	37	b	
E502713	金繼男	김계남	Kim Kyenam			慶州 金	護軍	安東權氏成化譜	2	37	b	
E502716	金繼宗	김계종	Kim Kyejong			慶州 金	僉知	安東權氏成化譜	2	37	b	
E502717	金賢孫	김현손	Kim Hyŏnson			慶州 金		安東權氏成化譜	2	37	b	
E502732	金放生	김난손	Kim Nanson	金蘭孫		慶州 金	 	安東權氏成化譜	2	37	b	
E900035	慶修	경수	Kyŏng Su	慶脩		淸州 慶	別侍	安東權氏成化譜	2	37	b	
E902241	辛均	신균	Sin Kyun			靈山 辛	知中樞	安東權氏成化譜	2	37	b	
E902245	辛叔生	신숙생	Sin Suksaeng	辛淑		靈山 辛		安東權氏成化譜	2	37	b	
E902258	辛武鼎	신무정	Sin Mujŏng			靈山 辛		安東權氏成化譜	2	37	b	
E304898	趙順生	조순생	Cho Sunsaeng			漢陽 趙		安東權氏成化譜	2	38	a	
E304900	元龜	원귀	Wŏn Kwi			原州 元		安東權氏成化譜	2	38	a	
E304916	元蒙	원몽	Wŏn Mong			原州 元	 	安東權氏成化譜	2	38	a	
E304927	元崇	원숭	Wŏn Sung			原州 元	 	安東權氏成化譜	2	38	a	
E304928	元和	원화	Wŏn Hwa	元華		原州 元		安東權氏成化譜	2	38	a	
E304967	陳畤	진시	Chin Si				司正	安東權氏成化譜	2	38	a	
E304978	趙瑊	조함	Cho Ham					安東權氏成化譜	2	38	a	
E304980	元亨	원형	Wŏn Hyŏng			原州 元		安東權氏成化譜	2	38	a	
E305004	李耉	이구	Yi Ku					安東權氏成化譜	2	38	a	
E305005	李老	이로	Yi Ro				 	安東權氏成化譜	2	38	a	
E305007	趙孝生	조효생	Cho Hyosaeng			豊壤 趙		安東權氏成化譜	2	38	a	
E400085	元有文	원유문	Wŏn Yumun			原州 元	縣監	安東權氏成化譜	2	38	a	
E402574	元有容	원유용	Wŏn Yuyong			原州 元	司正	安東權氏成化譜	2	38	a	
E402575	元有生	원유생	Wŏn Yusaeng			原州 元	 	安東權氏成化譜	2	38	a	
E402577	李安國	이안국	Yi An'guk				署令	安東權氏成化譜	2	38	a	
E402579	趙旅	조려	Cho Ryŏ			豊壤 趙	司直	安東權氏成化譜	2	38	a	
EC01796	終南正			李智		全州 李		安東權氏成化譜	2	38	a	
EC02609	柳彌性	유미성	Yu Misŏng			文化 柳	司正	安東權氏成化譜	2	38	a	
E100767	柳孝根	유효근	Yu Hyogŭn			文化 柳		安東權氏成化譜	2	38	b	
E304087	柳季孫	유계손	Yu Kyeson			文化 柳		安東權氏成化譜	2	38	b	
E305008	張仲昌	장중창	Chang Chungch'ang			海豊 張		安東權氏成化譜	2	38	b	
E305028	崔有謙	최유겸	Ch'oe Yugyŏm	崔從謙		全州 崔		安東權氏成化譜	2	38	b	
E305030	曺閈	조한	Cho Han				 	安東權氏成化譜	2	38	b	
E305039	曺闓	조개	Cho Kae				 	安東權氏成化譜	2	38	b	
E305040	李偵	이정	Yi Chŏng			全州 李	岐山守	安東權氏成化譜	2	38	b	
E305043	許從恒	허종항	Hŏ Chonghang				牧使	安東權氏成化譜	2	38	b	
E305045	朴均						 	安東權氏成化譜	2	38	b	
E305057	許稠	허조	Hŏ Cho			河陽 許	右議政	安東權氏成化譜	2	38	b	
E305059	鄭箴	정잠	Chŏng Cham			草溪 鄭	府使	安東權氏成化譜	2	38	b	
E305061	許詡	허후	Hŏ Hu			河陽 許	左贊成	安東權氏成化譜	2	38	b	
E400489	尹彌堅	윤미견	Yun Migyŏn			茂松 尹	佐郞	安東權氏成化譜	2	38	b	
E400672	張季昌	장계창	Chang Kyech'ang			海豊 張		安東權氏成化譜	2	38	b	
E402581	張誠之	장성지	Chang Sŏngji			海豊 張	護軍	安東權氏成化譜	2	38	b	
E402583	曺致	조치	Cho Ch'i				都摠制	安東權氏成化譜	2	38	b	
E402585	李剛之	이강지	Yi Kangji			全義 李	郡事	安東權氏成化譜	2	38	b	
E402589	朴經	박경	Pak Kyŏng			寧海 朴	大司憲	安東權氏成化譜	2	38	b	
E903483	尹涵	윤함	Yun Ham			茂松 尹	縣監	安東權氏成化譜	2	38	b	
E903511	禹克孝	우극효	U Kŭkhyo			丹陽 禹		安東權氏成化譜	2	38	b	
E103873	許慥	허조	Hŏ Cho			河陽 許	修撰	安東權氏成化譜	2	39	a	
E201155	崔有宗	최유종	Ch'oe Yujong	崔有悰		慶州 崔	監察	安東權氏成化譜	2	39	a	
E201280	李克培	이극배	Yi Kŭkpae			廣州 李		安東權氏成化譜	2	39	a	
E300000	尹蕃	윤번	Yun Pŏn			坡平 尹	判中樞	安東權氏成化譜	2	39	a	
E300004	洪元用	홍원용	Hong Wŏnyong			南陽 洪	江寧君	安東權氏成化譜	2	39	a	
E300085	李繼明	이계명	Yi Kyemyŏng	李啟明		全義 李		安東權氏成化譜	2	39	a	
E302212	洪道常	홍도상	Hong Tosang			南陽 洪	江寧君	安東權氏成化譜	2	39	a	
E304399	李桂林	이계림	Yi Kyerim			咸平 李		安東權氏成化譜	2	39	a	
E304401	洪若衷	홍약충	Hong Yakch'ung			南陽 洪	監察	安東權氏成化譜	2	39	a	
E304411	洪若彛	홍약이	Hong Yagi			南陽 洪		安東權氏成化譜	2	39	a	
E304418	洪若輶	홍약유	Hong Yagyu	洪若猷		南陽 洪		安東權氏成化譜	2	39	a	
E304428	洪若忱	홍약침	Hong Yakch'im			南陽 洪		安東權氏成化譜	2	39	a	
E304429	李徹	이철	Yi Ch'ŏl			全州 李	勿巨尹	安東權氏成化譜	2	39	a	
E305064	許訥					河陽 許	正郎	安東權氏成化譜	2	39	a	
E305086	安哲孫	안철손	An Ch'ŏlson	安孝孫		廣州 安	參判	安東權氏成化譜	2	39	a	
E305091	金何	김하	Kim Ha	金河		延安 金	判院事	安東權氏成化譜	2	39	a	
E305093	金後生	김후생	Kim Husaeng				郡事	安東權氏成化譜	2	39	a	
E305095	金可觀	김가관	Kim Kagwan				別提	安東權氏成化譜	2	39	a	
E305096	朴晏	박안	Pak An				 	安東權氏成化譜	2	39	a	
E305098	吳致和	오치화	O Ch'ihwa				 	安東權氏成化譜	2	39	a	
E305100	柳漢	유한	Yu Han			瑞寧 柳	 	安東權氏成化譜	2	39	a	
E305102	金陸	김륙	Kim Ryuk			安東 金	僉知	安東權氏成化譜	2	39	a	
E100023	李鳳孫					永川 李		安東權氏成化譜	2	39	b	
E102967	洪循性	홍순성	Hong Sunsŏng			南陽 洪	司直	安東權氏成化譜	2	39	b	
E200651	崔玉浩					全州 崔	參奉	安東權氏成化譜	2	39	b	
E300008	尹士昐	윤사분	Yun Sabun			坡平 尹	左議政	安東權氏成化譜	2	39	b	
E300010	尹欽	윤흠	Yun Hŭm			坡平 尹	觀察使	安東權氏成化譜	2	39	b	
E300016	成奉祖					昌寧 成	右議政	安東權氏成化譜	2	39	b	
E300023	尹甫	윤보	Yun Po			坡平 尹	坡陵君	安東權氏成化譜	2	39	b	
E300087	李季男	이계남	Yi Kyenam			平昌 李		安東權氏成化譜	2	39	b	
E302099	成慄	성률	Sŏng Ryul	成栗		昌寧 成	參議	安東權氏成化譜	2	39	b	
E401585	崔玉筍	최옥순	Ch'oe Oksun			全州 崔	都事	安東權氏成化譜	2	39	b	
E401586	崔善敏	최선민	Ch'oe Sŏnmin			全州 崔	佐郞	安東權氏成化譜	2	39	b	
E501816	任會	임회	Im Hoe			長興 任	 	安東權氏成化譜	2	39	b	
E501836	成玉貞	성옥정	Sŏng Okchŏng			昌寧 成		安東權氏成化譜	2	39	b	
E802626	盧善卿	노선경	No Sŏn'gyŏng				正郞	安東權氏成化譜	2	39	b	
E901895	成懼	성구	Sŏng Ku			昌寧 成	直長	安東權氏成化譜	2	39	b	
E901897	安璿	안선	An Sŏn			順興 安		安東權氏成化譜	2	39	b	
E901899	金守千	김수천	Kim Such'ŏn				左洗馬	安東權氏成化譜	2	39	b	
EC02422	金啟卿					淸風 金	司勇	安東權氏成化譜	2	39	b	
EC02579	朴峻山	박준산	Pak Chunsan			竹山 朴	主簿	安東權氏成化譜	2	39	b	
E200370	沈濱	심빈	Sim Pin			靑松 沈		安東權氏成化譜	2	40	a	
E300091	李延孫					慶州 李	判書	安東權氏成化譜	2	40	a	
E300095	閔惲	민운	Min Un			驪興 閔		安東權氏成化譜	2	40	a	
E300099	李崇壽	이숭수	Yi Sungsu	李玉堅		慶州 李	僉正	安東權氏成化譜	2	40	a	
E300101	李成茂	이성무	Yi Sŏngmu			慶州 李	佐郞	安東權氏成化譜	2	40	a	
E300117	李成樑	이성량	Yi Sŏngnyang			慶州 李	參奉	安東權氏成化譜	2	40	a	
E300123	金珝	김후	Kim Hu			善山 金		安東權氏成化譜	2	40	a	
E300127	申宗幹	신종간	Sin Chonggan			平山 申		安東權氏成化譜	2	40	a	
E300147	吳千孫	오암	O Am	吳巖			司直	安東權氏成化譜	2	40	a	
E300170	邊孝同	변효동	Pyŏn Hyodong			原州 邊		安東權氏成化譜	2	40	a	
E300174	李暿	이희	Yi Hŭi				司正	安東權氏成化譜	2	40	a	
E300176	李繼仁	이계인	Yi Kyein				 	安東權氏成化譜	2	40	a	
E300182	李賢輔	이현보	Yi Hyŏnbo				直長	安東權氏成化譜	2	40	a	
E300184	李繼義	이계의	Yi Kyeŭi					安東權氏成化譜	2	40	a	
E300193	徐岡					利川 徐	大司成	安東權氏成化譜	2	40	a	
E300197	康碩卿	강석경	Kang Sŏkkyŏng				司直	安東權氏成化譜	2	40	a	
E300201	徐山甫					利川 徐	司勇	安東權氏成化譜	2	40	a	
E300202	趙紀	조기	Cho Ki			平壤 趙		安東權氏成化譜	2	40	a	
E300206	李鐵堅					慶州 李	判書	安東權氏成化譜	2	40	a	
E300209	柳自潭	유자담	Yu Chadam			晋州 柳	直長	安東權氏成化譜	2	40	a	
E300211	許孝舜	허효순	Hŏ Hyosun	許孝順		陽川 許		安東權氏成化譜	2	40	a	
E300215	李成楨	이성정	Yi Sŏngjŏng	李成禎		慶州 李		安東權氏成化譜	2	40	a	
E300225	禹晨	우신	U Sin			禮安 禹	僉正	安東權氏成化譜	2	40	b	
E300246	玄俊	현준	Hyŏn Chun			昌原 玄	奉事	安東權氏成化譜	2	40	b	
E300274	李孝貞	이효장	Yi Hyojang	李孝長		慶州 李		安東權氏成化譜	2	40	b	
E300286	李禮貞	이예장	Yi Yejang	李禮長		慶州 李		安東權氏成化譜	2	40	b	
E300297	李克基	이극기	Yi Kŭkki			廣州 李	副提學	安東權氏成化譜	2	40	b	
E300301	李琛						參奉	安東權氏成化譜	2	40	b	
E300303	邊崙	변륜	Pyŏn Ryun			長淵 邊	 	安東權氏成化譜	2	40	b	
E300324	李貴男	이귀남	Yi Kwinam			牙州 李	郡事	安東權氏成化譜	2	40	b	
E300342	李善男					牙州 李	縣監	安東權氏成化譜	2	40	b	
E300370	朝鮮 世祖			李瑈		全州 李		安東權氏成化譜	2	40	b	
E700024	禹允功	우윤공	U Yun'gong			禮安 禹	參奉	安東權氏成化譜	2	40	b	
E300032	朝鮮 月山大君	이정	Yi Chŏng	李婷		全州 李		安東權氏成化譜	2	41	a	
E300049	朝鮮 成宗			李娎		全州 李		安東權氏成化譜	2	41	a	Name is masked with ◯◯◯ as a show of respect.
E300374	朝鮮 德宗			李暲		全州 李		安東權氏成化譜	2	41	a	Name is masked with ◯◯◯ as a show of respect.
E300454	朝鮮 齊安大君	이현	Yi Hyŏn	李琄		全州 李		安東權氏成化譜	2	41	a	Name does not appear in the source as a show of respect.
E300459	尹士昕	윤사흔	Yun Sahŭn			坡平 尹	領敦寧	安東權氏成化譜	2	41	a	
E300478	尹頊					坡平 尹		安東權氏成化譜	2	41	a	
E300517	李吉甫	이길보	Yi Kilbo			龍仁 李		安東權氏成化譜	2	41	a	
E104065	韓繼善	한계선	Han Kyesŏn			淸州 韓		安東權氏成化譜	2	41	b	
E300525	李石文	이석문	Yi Sŏngmun			星州 李	生員	安東權氏成化譜	2	41	b	
E300532	李玉文	이옥문	Yi Ongmun			星州 李		安東權氏成化譜	2	41	b	
E300535	李順文	이순문	Yi Sunmun			星州 李	護軍	安東權氏成化譜	2	41	b	
E300537	李遇文	이우문	Yi Umun			星州 李		安東權氏成化譜	2	41	b	
E300544	趙慕	조모	Cho Mo			漢陽 趙	摠制	安東權氏成化譜	2	41	b	
E300548	趙宗孝	조종효	Cho Chonghyo			漢陽 趙	護軍	安東權氏成化譜	2	41	b	
E300549	趙勛	조훈	Cho Hun			漢陽 趙	判官	安東權氏成化譜	2	41	b	
E300576	朴壔							安東權氏成化譜	2	41	b	
E300638	趙宗智	조종지	Cho Chongji			漢陽 趙	僉知	安東權氏成化譜	2	41	b	
E400597	文敍	문서	Mun Sŏ			南平 文	僉知	安東權氏成化譜	2	41	b	
E401191	柳開					晋州 柳	縣監	安東權氏成化譜	2	41	b	
E904369	文孟敦	문맹돈	Mun Maengdon			南平 文	內直	安東權氏成化譜	2	41	b	
E904379	文孟衷	문맹충	Mun Maengch'ung			南平 文	生員	安東權氏成化譜	2	41	b	
EA00189	權允仁	권윤인	Kwŏn Yunin				郡守	安東權氏成化譜	2	41	b	
EA00190	柳埏					晋州 柳	內禁衛	安東權氏成化譜	2	41	b	
EA00192	金重良	김중량	Kim Chungnyang				縣監	安東權氏成化譜	2	41	b	
EA00193	金自銀	김자은	Kim Chaŭn				 	安東權氏成化譜	2	41	b	
EA00195	張俌	장보	Chang Po			仁同 張	倉丞	安東權氏成化譜	2	41	b	
EA00196	張孟儲	장맹저	Chang Maengjŏ			仁同 張	通贊	安東權氏成化譜	2	41	b	
EA00222	趙璜	조황	Cho Hwang				君事	安東權氏成化譜	2	41	b	
EA00224	李鐵柱						大護軍	安東權氏成化譜	2	41	b	
EC01875	李常	이상	Yi Sang			全州 李	白波正	安東權氏成化譜	2	41	b	
835ef098-d990-40fc-90de-7ca1c5eeece8	柳塘					高興 柳	內直	安東權氏成化譜	2	42	a	
96469a69-e671-431c-bac0-e7cbae6561ba	柳墰					高興 柳		安東權氏成化譜	2	42	a	
E300336	鄭胤曾	정윤증	Chŏng Yunjŭng	鄭允曾		西原 鄭	司直	安東權氏成化譜	2	42	a	
E300639	金崇禮	김숭례	Kim Sungnye			海平 金		安東權氏成化譜	2	42	a	
E300643	金孟暘	김맹양	Kim Maengyang					安東權氏成化譜	2	42	a	
E300648	柳敀淵			柳歸淵		高興 柳	內直	安東權氏成化譜	2	42	a	
E300791	李孝溫	이효온	Yi Hyoon				僉知	安東權氏成化譜	2	42	a	
E300793	李薈長			李檜長				安東權氏成化譜	2	42	a	
E300795	金滓					光州 金	判事	安東權氏成化譜	2	42	a	
E300799	金孝元	김효원	Kim Hyowŏn			光州 金	 	安東權氏成化譜	2	42	a	
E300800	金順元	김순원	Kim Sunwŏn			光州 金	 	安東權氏成化譜	2	42	a	
E300801	金忠元	김충원	Kim Ch'ungwŏn			光州 金	 	安東權氏成化譜	2	42	a	
E300804	李孝忠	이효충	Yi Hyoch'ung			延安 李		安東權氏成化譜	2	42	a	
E300806	鄭沃卿	정옥경	Chŏng Okkyŏng			西原 鄭	經歷	安東權氏成化譜	2	42	a	
E300810	金益昌	김익창	Kim Ikch'ang				錄事	安東權氏成化譜	2	42	a	
E300816	趙之商	조지상	Cho Chisang			漢陽 趙	郡守	安東權氏成化譜	2	42	a	
E300818	趙珣	조순	Cho Sun			漢陽 趙		安東權氏成化譜	2	42	a	
E904396	文孟彰	문맹창	Mun Maengch'ang			南平 文		安東權氏成化譜	2	42	a	
6f1a3de8-b371-47a4-bf46-a01d9d9c4ebe	趙彌羅					白川 趙		安東權氏成化譜	2	42	b	
E300835	趙之魯	조지로	Cho Chiro			漢陽 趙	司直	安東權氏成化譜	2	42	b	
E300836	趙惠	조혜	Cho Hye			漢陽 趙	判中樞	安東權氏成化譜	2	42	b	
E300838	趙之唐					漢陽 趙	牧使	安東權氏成化譜	2	42	b	
E300840	趙孝孫					漢陽 趙	察訪	安東權氏成化譜	2	42	b	
E300842	趙之殷					漢陽 趙	司直	安東權氏成化譜	2	42	b	
E300843	韓健						別侍	安東權氏成化譜	2	42	b	
E300847	李承仁					遂安 李		安東權氏成化譜	2	42	b	
E300850	裵景輔					星州 裵		安東權氏成化譜	2	42	b	
E300875	趙興孫					漢陽 趙		安東權氏成化譜	2	42	b	
E300882	趙之夏					漢陽 趙	牧使	安東權氏成化譜	2	42	b	
E300883	梁順文						護軍	安東權氏成化譜	2	42	b	
E300888	李夢石						判官	安東權氏成化譜	2	42	b	
E300895	趙孝蕃					白川 趙	殿直	安東權氏成化譜	2	42	b	
E300898	趙鐵堅					白川 趙	司直	安東權氏成化譜	2	42	b	
E300905	李義丁					全州 李	珍城令	安東權氏成化譜	2	42	b	Name does not appear in the source presumbly as a show of respect.
E300908	趙石堅					白川 趙	判官	安東權氏成化譜	2	42	b	
E300909	李貴丁					全州 李	完城君	安東權氏成化譜	2	42	b	Name does not appear in the source presumbly as a show of respect.
E300912	趙末堅					白川 趙	別侍	安東權氏成化譜	2	42	b	
E300913	禹繼忠					丹陽 禹	縣令	安東權氏成化譜	2	42	b	
E300916	趙之漢					漢陽 趙	上將	安東權氏成化譜	2	42	b	
E300917	李楨					全州 李	娥林君	安東權氏成化譜	2	42	b	
E300921	趙貴孫					漢陽 趙	司直	安東權氏成化譜	2	42	b	
E300950	趙新孫					漢陽 趙		安東權氏成化譜	2	42	b	
EA03864	閔質					驪興 閔	 	安東權氏成化譜	2	42	b	
EA03898	李榮							安東權氏成化譜	2	42	b	
E200663	趙崇仁					漢陽 趙		安東權氏成化譜	2	43	a	
E200664	趙云哲					漢陽 趙	縣監	安東權氏成化譜	2	43	a	
E300957	趙之元	조지원	Cho Chiwŏn			漢陽 趙	護軍	安東權氏成化譜	2	43	a	
E300959	趙賢孫					漢陽 趙	 	安東權氏成化譜	2	43	a	
E300960	趙明孫					漢陽 趙	 	安東權氏成化譜	2	43	a	
E300975	趙嗣元					漢陽 趙		安東權氏成化譜	2	43	a	
E300983	趙云從	조운종	Cho Unjong			漢陽 趙	護軍	安東權氏成化譜	2	43	a	
E301025	崔性老						郡事	安東權氏成化譜	2	43	a	
E301034	崔子康	최자강	Ch'oe Chagang				進士	安東權氏成化譜	2	43	a	
E301036	趙云明					漢陽 趙	縣監	安東權氏成化譜	2	43	a	
E301088	具仁信					綾城 具	進士	安東權氏成化譜	2	43	a	
E301101	盧哲堅			盧鐵堅		交河 韓		安東權氏成化譜	2	43	a	
D301156	王諟	왕시	Wang Si			開城 王	福寧君	安東權氏成化譜	2	43	b	
E300171	邊尙覲	변상근	Pyŏn Sanggŭn			原州 邊	護軍	安東權氏成化譜	2	43	b	
E301104	朴子柔					咸陽 朴	宰臣	安東權氏成化譜	2	43	b	
E301108	趙觀生					漢陽 趙	奉禮	安東權氏成化譜	2	43	b	
E301152	朴敷	박부	Pak Pu			咸陽 朴	別侍	安東權氏成化譜	2	43	b	
E301153	朴崇文	박숭문	Pak Sungmun			咸陽 朴	 	安東權氏成化譜	2	43	b	
E301158	姜完	강완	Kang Wan				郡事	安東權氏成化譜	2	43	b	
E301160	姜致中	강치중	Kang Ch'ijung				 	安東權氏成化譜	2	43	b	
E301161	姜繼祖	강계조	Kang Kyejo				 	安東權氏成化譜	2	43	b	
E301162	姜孝祖	강효조	Kang Hyojo				 	安東權氏成化譜	2	43	b	
E301163	尹莘起	윤신기	Yun Sin'gi				 	安東權氏成化譜	2	43	b	
E301468	李諧	이해	Yi Hae			全州 李		安東權氏成化譜	2	43	b	
E402601	李寬	이관	Yi Kwan				 	安東權氏成化譜	2	43	b	
EA01303	申仁壽	신인수	Sin Insu				監察	安東權氏成化譜	2	43	b	
EA01304	申甲之	신갑지	Sin Kapchi				 	安東權氏成化譜	2	43	b	
10999e38-a8b4-4af4-b34c-df68edb51721	金仁同					善山 金		安東權氏成化譜	2	44	a	
E100005	李蘭孫			李鸞孫		永川 李		安東權氏成化譜	2	44	a	
E200592	金承尊					善山 金	監察	安東權氏成化譜	2	44	a	
E301165	金長孫	김장손	Kim Changson				縣監	安東權氏成化譜	2	44	a	
E301168	崔渚	최저	Ch'oe Chŏ			江華 崔	縣監	安東權氏成化譜	2	44	a	
E301169	崔漢文	최한문	Ch'oe Hanmun			江華 崔	 	安東權氏成化譜	2	44	a	
E301173	崔自閏	최자윤	Ch'oe Chayun			江華 崔		安東權氏成化譜	2	44	a	
E301179	金四知	김사지	Kim Saji			善山 金	少監	安東權氏成化譜	2	44	a	
E301184	金承孫	김승손	Kim Sŭngson			善山 金	縣監	安東權氏成化譜	2	44	a	
E301185	金湖	김호	Kim Ho			善山 金	奉事	安東權氏成化譜	2	44	a	
E301186	李施元	이시원	Yi Siwŏn			光州 李		安東權氏成化譜	2	44	a	
E301188	李山甫	이산보	Yi Sanbo			龍仁 李		安東權氏成化譜	2	44	a	
E301190	金淙	김종	Kim Chong			善山 金		安東權氏成化譜	2	44	a	
E301191	李嗣宗					淸州 李		安東權氏成化譜	2	44	a	
E301193	金澗					善山 金		安東權氏成化譜	2	44	a	
E301195	尹子雲	윤자운	Yun Chaun			茂松 尹		安東權氏成化譜	2	44	a	
E301199	金承重					善山 金	縣監	安東權氏成化譜	2	44	a	
E301200	李敷榮						縣監	安東權氏成化譜	2	44	a	
E301204	金壽福					善山 金	 	安東權氏成化譜	2	44	a	
D301243	王譜	왕보	Wang Po			開城 王	福昌君	安東權氏成化譜	2	44	b	
D301245	王璇	왕선	Wang Sŏn			開城 王	福原君	安東權氏成化譜	2	44	b	
E301210	金承慶	김승경	Kim Sŭnggyŏng			善山 金	判官	安東權氏成化譜	2	44	b	
E301212	姜𧨝					晋州 姜		安東權氏成化譜	2	44	b	
E301216	金國樑					善山 金	生員	安東權氏成化譜	2	44	b	
E301226	金承順	김승순	Kim Sŭngsun			善山 金	縣監	安東權氏成化譜	2	44	b	
E301240	李碩孫	이석손	Yi Sŏkson			慶州 李		安東權氏成化譜	2	44	b	
E400584	文承祚	문승조	Mun Sŭngjo			南平 文	正郞	安東權氏成化譜	2	44	b	
E904326	文松壽	문송수	Mun Songsu	文松子		南平 文	正郞	安東權氏成化譜	2	44	b	
E904329	文修德					南平 文	僉知	安東權氏成化譜	2	44	b	
E904333	鄭貫	정관	Chŏng Kwan	鄭貫		延日 鄭		安東權氏成化譜	2	44	b	
EA01097	李復	이복	Yi Pok			全州 李	居平君	安東權氏成化譜	2	44	b	
D301248	王珍	왕진	Wang Chin			開城 王	元尹	安東權氏成化譜	2	45	a	
D301249	盧𧨝	노형	No Hyŏng	盧泂		交河 盧	司尹	安東權氏成化譜	2	45	a	
D301253	盧允卿	노윤경	No Yun'gyŏng			交河 盧	大卿	安東權氏成化譜	2	45	a	
D301276	宋九斌	송구빈	Song Kubin	宋九贇		延安 宋		安東權氏成化譜	2	45	a	
E102374	李長源	이장원	Yi Changwŏn			龍仁 李		安東權氏成化譜	2	45	a	
E102681	李元亮	이원량	Yi Wŏllyang			龍仁 李	 	安東權氏成化譜	2	45	a	
E301254	孟孝曾	맹효증	Maeng Hyojŭng			新昌 孟	中樞	安東權氏成化譜	2	45	a	
E301339	李守領	이수령	Yi Suryŏng			龍仁 李	主簿	安東權氏成化譜	2	45	a	
E301558	李長根	이장근	Yi Changgŭn			咸平 李	 	安東權氏成化譜	2	45	a	
E301560	李伯約	이백약	Yi Paegyak			咸平 李	 	安東權氏成化譜	2	45	a	
E400481	金孟誠	김맹성	Kim Maengsŏng			慶州 金	宰臣	安東權氏成化譜	2	45	a	
E401028	閔子溫	민자온	Min Chaon			驪興 閔		安東權氏成化譜	2	45	a	
E401030	盧証	노정	No Chŏng			交河 盧	護軍	安東權氏成化譜	2	45	a	
E402564	盧琠	노전	No Chŏn			交河 盧	典書	安東權氏成化譜	2	45	a	
E903279	李介甫	이개보	Yi Kaebo			龍仁 李	判官	安東權氏成化譜	2	45	a	
E903985	李亨甫	이형보	Yi Hyŏngbo			龍仁 李	生員	安東權氏成化譜	2	45	a	
EB02770	宋洗光	송세광	Song Segwang			礪山 宋		安東權氏成化譜	2	45	a	
D706153	朴景武					密陽 朴	 	安東權氏成化譜	2	45	b	
E103615	明 宣德帝			朱瞻基		宣宗	皇帝	安東權氏成化譜	2	45	b	
E301590	趙默	조묵	Cho Muk				 	安東權氏成化譜	2	45	b	
E301613	盧從德	노종덕	No Chongdŏk			交河 盧	僉節制使	安東權氏成化譜	2	45	b	
E301615	盧孝孫	노효손	No Hyoson			交河 盧	司正	安東權氏成化譜	2	45	b	
E301616	盧悌孫	노제손	No Cheson			交河 盧	 	安東權氏成化譜	2	45	b	
E301619	洪貴湖	홍귀호	Hong Kwiho			南陽 洪	監察	安東權氏成化譜	2	45	b	
E301625	盧敬孫	노경손	No Kyŏngson			交河 盧	 	安東權氏成化譜	2	45	b	
E301626	盧從智	노종지	No Chongji			交河 盧	司直	安東權氏成化譜	2	45	b	
E301628	郭弘	곽홍	Kwak Hong				 	安東權氏成化譜	2	45	b	
E301632	李崇禮	이숭례	Yi Sungnye				僉知	安東權氏成化譜	2	45	b	
E400162	金潚	김숙	Kim Suk			彦陽 金	縣令	安東權氏成化譜	2	45	b	
E401357	盧湜	노식	No Sik			交河 盧	護軍	安東權氏成化譜	2	45	b	
E401358	盧承德	노승덕	No Sŭngdŏk			交河 盧	判官	安東權氏成化譜	2	45	b	
E901419	金和					彦陽 金	司正	安東權氏成化譜	2	45	b	
E901420	金克墩	김극돈	Kim Kŭkton			彦陽 金	 	安東權氏成化譜	2	45	b	
E901424	金自中	김자중	Kim Chajung			義城 金		安東權氏成化譜	2	45	b	
E901426	金克均	김극균	Kim Kŭkkyun			彦陽 金	 	安東權氏成化譜	2	45	b	
E901428	崔敬本	최경본	Ch'oe Kyŏngbon				察訪	安東權氏成化譜	2	45	b	
E901430	尹達蒙	윤달몽	Yun Talmong			坡平 尹		安東權氏成化譜	2	45	b	
EA03137	崔炳	최병	Ch'oe Pyŏng				護軍	安東權氏成化譜	2	45	b	
E201803	安琮	안종	An Chong			順興 安		安東權氏成化譜	2	46	a	
E300910	李伯新	이효백	Yi Hyobaek	李孝伯		全州 李	新宗君	安東權氏成化譜	2	46	a	
E301230	金壽億	김수억	Kim Suŏk			尙州 金	大護軍	安東權氏成化譜	2	46	a	
E301345	李和	이화	Yi Hwa			全州 李	領敦寧	安東權氏成化譜	2	46	a	
E301349	李淑	이숙	Yi Suk			全州 李	完川君	安東權氏成化譜	2	46	a	
E301351	安玫	안구	An Ku	安玖		順興 安	判事	安東權氏成化譜	2	46	a	
E301354	李穰	이양	Yi Yang			全州 李	贊成	安東權氏成化譜	2	46	a	
E301356	李承胤	이승윤	Yi Sŭngyun			全州 李	獻納	安東權氏成化譜	2	46	a	
E301358	李穫	이확	Yi Hwak			全州 李	知敦寧	安東權氏成化譜	2	46	a	
E301360	李升老	이승로	Yi Sŭngno	李承老		全州 李		安東權氏成化譜	2	46	a	
E301361	李仲老			李守老		全州 李		安東權氏成化譜	2	46	a	
E301362	李季老	이계로	Yi Kyero			全州 李	 	安東權氏成化譜	2	46	a	
E301376	沈寶	심보	Sim Po			豊山 沈	總制	安東權氏成化譜	2	46	a	
E301380	崔景禮	최경례	Ch'oe Kyŏngnye			江陵 崔	僉知	安東權氏成化譜	2	46	a	
E301383	全吉昌	전길창	Chŏn Kilch'ang				 	安東權氏成化譜	2	46	a	SHB omits the surname. Corrected using KJB 6.15a.
E505911	安瑚	안호	An Ho			順興 安	持平	安東權氏成化譜	2	46	a	
E505965	楊子贍	양자첨	Yang Chach'ŏm	楊子瞻		南原 楊	司紙	安東權氏成化譜	2	46	a	
E506098	安琛	안침	An Ch'im			順興 安	修撰	安東權氏成化譜	2	46	a	
E506116	安璣	안기	An Ki			順興 安	生員	安東權氏成化譜	2	46	a	
E802351	李順亨	이순형	Yi Sunhyŏng			全義 李		安東權氏成化譜	2	46	a	
E900156	李景昌	이경창	Yi Kyŏngch'ang			羽溪 李		安東權氏成化譜	2	46	a	
E904028	安知歸	안지귀	An Chigwi			順興 安	大司成	安東權氏成化譜	2	46	a	
EA03156	安汝止	안여지	An Yŏji				司直	安東權氏成化譜	2	46	a	
EA03161	朴林茂	박임무	Pak Immu			密陽 朴		安東權氏成化譜	2	46	a	
E300088	李永瑞	이영서	Yi Yŏngsŏ			平昌 李	正郞	安東權氏成化譜	2	46	b	
E301387	趙崇	조숭	Cho Sung			漢陽 趙	司正	安東權氏成化譜	2	46	b	
E301396	安修道	안수도	An Sudo			順興 安	丞	安東權氏成化譜	2	46	b	
E301400	安貴孫	안귀손	An Kwison			順興 安	別侍	安東權氏成化譜	2	46	b	
E301407	李皎					全州 李	知敦寧	安東權氏成化譜	2	46	b	
E301409	李宗美	이종미	Yi Chongmi			平昌 李	主簿	安東權氏成化譜	2	46	b	
E301414	盧公著	노공저	No Kongjŏ			交河 盧	司評	安東權氏成化譜	2	46	b	
E301418	柳輊	유지	Yu Chi			文化 柳		安東權氏成化譜	2	46	b	
E301420	李季童	이계동	Yi Kyedong	李季仝		平昌 李	判官	安東權氏成化譜	2	46	b	
E301421	李義敬	이의경	Yi Ŭigyŏng			全州 李		安東權氏成化譜	2	46	b	
E301426	李孝敬	이효경	Yi Hyogyŏng			全州 李		安東權氏成化譜	2	46	b	
E301433	李湛	이담	Yi Tam			全州 李	摠制	安東權氏成化譜	2	46	b	
E301463	李洄	이회	Yi Hoe			全州 李	僉摠制	安東權氏成化譜	2	46	b	
E301466	卞範	변범	Pyŏn Pŏm				 	安東權氏成化譜	2	46	b	
E301470	李謀	이심	Yi Sim			全州 李		安東權氏成化譜	2	46	b	
E301471	黃義軒	황의헌	Hwang Ŭihŏn			昌原 黃		安東權氏成化譜	2	46	b	
E401275	李漸	이점	Yi Chŏm			全州 李	留後	安東權氏成化譜	2	46	b	
E401656	李澄	이징	Yi Ching			全州 李	判府事	安東權氏成化譜	2	46	b	
E201175	李宗仁	이종인	Yi Chongin			碧珍 李	生員	安東權氏成化譜	2	47	a	
E301513	李敷						上將	安東權氏成化譜	2	47	a	
E301521	邊希哲					原州 邊		安東權氏成化譜	2	47	a	
E301534	崔思厚					慶州 崔	郡事	安東權氏成化譜	2	47	a	
E301535	崔自濱					慶州 崔	工正	安東權氏成化譜	2	47	a	
E301537	崔長孫					慶州 崔		安東權氏成化譜	2	47	a	
E301540	崔自泳	최자영	Ch'oe Chayŏng			慶州 崔	 	安東權氏成化譜	2	47	a	
E301542	安克祥						通贊	安東權氏成化譜	2	47	a	
E301544	崔自澴					慶州 崔	司直	安東權氏成化譜	2	47	a	
E301551	盧信達					長淵 盧	別侍	安東權氏成化譜	2	47	a	
E301634	李厚	이후	Yi Hu			碧珍 李	縣監	安東權氏成化譜	2	47	a	
E301640	李宗禮	이종례	Yi Chongnye			碧珍 李	上將	安東權氏成化譜	2	47	a	
E301641	李宗信	이종신	Yi Chongsin			碧珍 李	僉知	安東權氏成化譜	2	47	a	
E301645	李宗幹	이종간	Yi Chonggan			碧珍 李	司直	安東權氏成化譜	2	47	a	
E401193	李天達	이천달	Yi Ch'ŏndal	李建之		碧珍 李	別將	安東權氏成化譜	2	47	a	
E301646	李末貞	이말정	Yi Malchŏng	李末丁		碧珍 李	僉知	安東權氏成化譜	2	47	b	
E301648	李鐵鈞					碧珍 禹	進士	安東權氏成化譜	2	47	b	
E301656	權孝良	권효량	Kwŏn Hyoryang			安東 權	舍人	安東權氏成化譜	2	47	b	
E301674	李渫	이설	Yi Sŏl			星州 李	生員	安東權氏成化譜	2	47	b	
E301676	朴猷	박추	Pak Ch'u			密陽 朴	判事	安東權氏成化譜	2	47	b	
E301678	羅洪䋨	나홍부	Na Hongbu			壽城 羅	主簿	安東權氏成化譜	2	47	b	
E301681	羅緟					壽城 羅	 	安東權氏成化譜	2	47	b	
E301682	羅絟	나전	Na Chŏn			壽城 羅	 	安東權氏成化譜	2	47	b	
E301683	羅繻	나수	Na Su			壽城 羅	 	安東權氏成化譜	2	47	b	
E301685	羅紳	나신	Na Sin			壽城 羅	 	安東權氏成化譜	2	47	b	
E301686	朴炯	박형	Pak Hyŏng			高靈 朴	都節制使	安東權氏成化譜	2	47	b	
E301690	鄭吉恒	정길항	Chŏng Kirhang				別侍	安東權氏成化譜	2	47	b	
E301698	李忠剛	이충강	Yi Ch'unggang					安東權氏成化譜	2	47	b	
E301700	柳伯根	유백근	Yu Paekkŭn				監察	安東權氏成化譜	2	47	b	
E301701	柳龍門	유용문	Yu Yongmun					安東權氏成化譜	2	47	b	
E301712	柳保門	유보문	Yu Pomun					安東權氏成化譜	2	47	b	
E301718	朴陽孫	박양손	Pak Yangson			密陽 朴	縣監	安東權氏成化譜	2	47	b	
E402610	柳夏	유하	Yu Ha				壇直	安東權氏成化譜	2	47	b	
E301725	康居禮	강거례	Kang Kŏrye			信川 康	郡事	安東權氏成化譜	2	48	a	
E301729	金之慶	김지경	Kim Chigyŏng			善山 金	監司	安東權氏成化譜	2	48	a	
E301731	康愓	강척	Kang Ch'ŏk			信川 康	司直	安東權氏成化譜	2	48	a	
E301740	康伯珍	강중진	Kang Chungjin			信川 康	生員	安東權氏成化譜	2	48	a	
E301748	柳溟	유명	Yu Myŏng			文化 柳	郡事	安東權氏成化譜	2	48	a	
E301750	柳仲根	유중근	Yu Chunggŭn					安東權氏成化譜	2	48	a	
E301751	柳承茂	유승무	Yu Sŭngmu				司正	安東權氏成化譜	2	48	a	
E301755	朴榮根	박영근	Pak Yŏnggŭn				錄事	安東權氏成化譜	2	48	a	
E301760	柳叔根	유숙근	Yu Sukkŭn				 	安東權氏成化譜	2	48	a	
E301761	柳絮	유서	Yu Sŏ				僉正	安東權氏成化譜	2	48	a	
E301770	柳浮	유부	Yu Pu	柳敷			 	安東權氏成化譜	2	48	a	
E301841	河閏	하윤	Ha Yun	河潤		晉州 河		安東權氏成化譜	2	48	a	
E302228	金應棋	김응기	Kim Ŭnggi	金應箕		善山 金		安東權氏成化譜	2	48	a	
EB00754	柳從源	유종원	Yu Chongwŏn			文化 柳	護軍	安東權氏成化譜	2	48	a	
EB00793	周郁	주욱	Chu Uk				護軍	安東權氏成化譜	2	48	a	
EB00795	金義輔	김의보	Kim Ŭibo				護軍	安東權氏成化譜	2	48	a	
EB00797	卞丞袒	변승단	Pyŏn Sŭngdan				別侍	安東權氏成化譜	2	48	a	
fc3d0119-c487-40b2-badc-51b14c396ff8	柳鐵柱					文化 柳		安東權氏成化譜	2	48	a	
56411132-b48f-46ae-8dd5-e425086a36fa	李宗堯					碧珍 李	錄事	安東權氏成化譜	2	48	b	
E301776	南珣					宜寧 南	 	安東權氏成化譜	2	48	b	
E301792	南迪			南琦		宜寧 南	別侍	安東權氏成化譜	2	48	b	
E301794	南環					宜寧 南	進士	安東權氏成化譜	2	48	b	
E301797	南叔文	남숙문	Nam Sungmun			宜寧 南		安東權氏成化譜	2	48	b	
E301798	李景行	이경연	Yi Kyŏngyŏn	李景衍		羽溪 李	別侍	安東權氏成化譜	2	48	b	
E301807	李孟專	이맹전	Yi Maengjŏn			碧珍 李	署令	安東權氏成化譜	2	48	b	
E301809	李恂	이순	Yi Sun			碧珍 李	敎授	安東權氏成化譜	2	48	b	
E301830	朴斯悌	박사제	Pak Saje				殿直	安東權氏成化譜	2	48	b	
E301845	李惇	이돈	Yi Ton			碧珍 李		安東權氏成化譜	2	48	b	
E301862	李瑞					碧珍 李		安東權氏成化譜	2	48	b	
E301890	李怡	이이	Yi I			碧珍 李		安東權氏成化譜	2	48	b	
E301898	李仲專	이중전	Yi Chungjŏn			碧珍 李	敎導	安東權氏成化譜	2	48	b	
E301899	李處衡	이처형	Yi Ch'ŏhyŏng			碧珍 李	縣監	安東權氏成化譜	2	48	b	
E301902	李守衡	이수형	Yi Suhyŏng			碧珍 李	生員	安東權氏成化譜	2	48	b	
E301903	李次衡	이차형	Yi Ch'ahyŏng			碧珍 李	通贊	安東權氏成化譜	2	48	b	
E301905	柳孝潭	유효담	Yu Hyodam			全州 柳		安東權氏成化譜	2	48	b	
E400947	南仲文	남중문	Nam Chungmun			宜寧 南	護軍	安東權氏成化譜	2	48	b	
E402612	南瑾	남근	Nam Kŭn			宜寧 南	佐郞	安東權氏成化譜	2	48	b	
E402613	李審之	이심지	Yi Simji			碧珍 李	判事	安東權氏成化譜	2	48	b	
E100784	金順生	김순생	Kim Sunsaeng			淸風 金	相禮	安東權氏成化譜	2	49	a	
E301909	李叔專	이숙전	Yi Sukchŏn			碧珍 李	護軍	安東權氏成化譜	2	49	a	
E301910	李玗	이간	Yi Kan			碧珍 李	監察	安東權氏成化譜	2	49	a	
E301945	白仲信	백중신	Paek Chungsin				護軍	安東權氏成化譜	2	49	a	
E301947	柳孝智	유효지	Yu Hyoji	柳孝池		全州 柳		安東權氏成化譜	2	49	a	
E301959	宋乙開	송을개	Song Ŭlgae			礪山 宋	正郞	安東權氏成化譜	2	49	a	
E301961	楊道	양도	Yang To			中和 楊	郡事	安東權氏成化譜	2	49	a	
E301964	楊石堅	양석견	Yang Sŏkkyŏn			中和 楊	郡守	安東權氏成化譜	2	49	a	
E301969	楊有沚	양유지	Yang Yuji			中和 楊	忠贊衛	安東權氏成化譜	2	49	a	
E301971	楊有汀	양유정	Yang Yujŏng			中和 楊	忠贊衛	安東權氏成化譜	2	49	a	
E301974	金吉通	김길통	Kim Kilt'ong			淸風 金	判書	安東權氏成化譜	2	49	a	
E301978	金順敬	김순경	Kim Sun'gyŏng			淸風 金		安東權氏成化譜	2	49	a	
E301979	金唐	김당	Kim Tang			淸風 金		安東權氏成化譜	2	49	a	
E301986	金虞	김우	Kim U			淸風 金		安東權氏成化譜	2	49	a	
E302006	金順命	김순명	Kim Sunmyŏng			淸風 金	參判	安東權氏成化譜	2	49	a	
E302008	金世英	김세영	Kim Seyŏng			淸風 金		安東權氏成化譜	2	49	a	
E302019	金順中	김순중	Kim Sunjung			淸風 金	司猛	安東權氏成化譜	2	49	a	
E302020	李末專	이말전	Yi Malchŏn			碧珍 李	司正	安東權氏成化譜	2	49	a	
E302021	李頼	이뢰	Yi Roe			碧珍 李	 	安東權氏成化譜	2	49	a	
E302022	李輔	이보	Yi Po			碧珍 李	 	安東權氏成化譜	2	49	a	
E302024	李季專	이계전	Yi Kyejŏn			碧珍 李	留守	安東權氏成化譜	2	49	a	
E302026	宋纘	송찬	Song Ch'an	宋贊		礪山 宋	直長	安東權氏成化譜	2	49	a	
E302028	宋忱	송침	Song Ch'im			礪山 宋		安東權氏成化譜	2	49	a	
E302034	宋誠	송성	Song Sŏng			礪山 宋		安東權氏成化譜	2	49	a	
0197fe12-2257-7177-b22a-f6cc8a13bd4f	崔春坊					和順 崔		安東權氏成化譜	2	49	b	
0197fe12-2257-764b-9a02-e5b5896594a3	崔漢苑					和順 崔		安東權氏成化譜	2	49	b	
5b2d649d-2d7a-44be-999c-e11332e55bc2	崔春坊					和順 崔		安東權氏成化譜	2	49	b	
70af8016-614b-42ca-a523-e3e8950b721d	崔漢苑					和順 崔		安東權氏成化譜	2	49	b	
E302056	李宗幹	이종간	Yi Chonggan				通贊	安東權氏成化譜	2	49	b	
E302062	李撝謙	이	Yi			碧珍 李	 	安東權氏成化譜	2	49	b	
E302063	金悅	김이	Kim I	金怡			護軍	安東權氏成化譜	2	49	b	
E302065	金承重	김승중	Kim Sŭngjung				 	安東權氏成化譜	2	49	b	
E302066	金承宗	김승종	Kim Sŭngjong				 	安東權氏成化譜	2	49	b	
E302067	李鳴謙	이명겸	Yi Myŏnggyŏm			碧珍 李	府尹	安東權氏成化譜	2	49	b	
E302069	郭得常	곽득상	Kwak Tŭksang			玄風 郭	司正	安東權氏成化譜	2	49	b	
E302081	李承溫	이승온	Yi Sŭngon			碧珍 李	殿直	安東權氏成化譜	2	49	b	
E302082	李永年	이영년	Yi Yŏngnyŏn			碧珍 李	 	安東權氏成化譜	2	49	b	
E302083	全粹	전수	Chŏn Su				 	安東權氏成化譜	2	49	b	
E302087	李承順	이승순	Yi Sŭngsun			碧珍 李	別侍	安東權氏成化譜	2	49	b	
E302088	李澄玉	이징옥	Yi Chingok			梁山 李	都節制使	安東權氏成化譜	2	49	b	
E302090	李至	이지	Yi Chi				錄事	安東權氏成化譜	2	49	b	
E302092	李伯堅	이백견	Yi Paekkyŏn			驪興 李	縣監	安東權氏成化譜	2	49	b	
E302094	盧抃文					長淵 盧	護軍	安東權氏成化譜	2	49	b	
E302096	盧漢臣	노한신	No Hansin			長淵 盧	 	安東權氏成化譜	2	49	b	
E302097	李好謙	이호겸	Yi Hogyŏm			碧珍 李	郡事	安東權氏成化譜	2	49	b	
E302105	李承彦	이승언	Yi Sŭngŏn			碧珍 李	生員	安東權氏成化譜	2	49	b	
E402614	李愼之	이신지	Yi Sinji			碧珍 李	司直	安東權氏成化譜	2	49	b	
E501513	崔仲淸	최중청	Ch'oe Chungch'ŏng	崔重淸		和順 崔		安東權氏成化譜	2	49	b	
E900771	高台翼	고태익	Ko T'aeik			濟州 高	僉正	安東權氏成化譜	2	49	b	
683cf895-24f4-4302-a55a-4d232f2ade5c	李秀英					碧珍 李		安東權氏成化譜	2	50	a	
8fa62ca4-5680-486e-bd59-846187a12dd9	李秀岡					碧珍 李		安東權氏成化譜	2	50	a	
a3c732a7-b861-49f1-bf4d-1b81fb409e03	李秀珍					碧珍 李		安東權氏成化譜	2	50	a	
E302123	李仲行	이중행	Yi Chunghaeng			碧珍 李	生員	安東權氏成化譜	2	50	a	
E302124	琴貴同	금귀동	Kŭm Kwidong				司直	安東權氏成化譜	2	50	a	
E302143	金致常	김치상	Kim Ch'isang				忠贊衛	安東權氏成化譜	2	50	a	
E302145	柳仲孫	유중손	Yu Chungson			文化 柳		安東權氏成化譜	2	50	a	
E302148	李彭㱓	이팽령	Yi P'aengnyŏng			碧珍 李	 	安東權氏成化譜	2	50	a	
E302149	柳宙	유연	Yu Yŏn	柳淵			 	安東權氏成化譜	2	50	a	
E302152	李仲權	이중권	Yi Chunggwŏn			碧珍 李	 	安東權氏成化譜	2	50	a	
E302153	朴成枝	박성지	Pak Sŏngji				別侍	安東權氏成化譜	2	50	a	
E302163	李宗明	이종명	Yi Chongmyŏng				司直	安東權氏成化譜	2	50	a	
E302165	李仲林	이중림	Yi Chungnim			碧珍 李	司正	安東權氏成化譜	2	50	a	
E302166	呂諫	여간	Yŏ Kan			星州 呂		安東權氏成化譜	2	50	a	
E302176	權孝憲	권효헌	Kwŏn Hyohŏn				護軍	安東權氏成化譜	2	50	a	
E302178	權繼孫	권계손	Kwŏn Kyeson				 	安東權氏成化譜	2	50	a	
E302179	權繼平	권계평	Kwŏn Kyep'yŏng				 	安東權氏成化譜	2	50	a	
E302180	權繼錘	권계삽	Kwŏn Kyesap				 	安東權氏成化譜	2	50	a	
E302183	任慶	임경	Im Kyŏng				萬戶	安東權氏成化譜	2	50	a	
E302185	任繼宗	임계종	Im Kyejong				司直	安東權氏成化譜	2	50	a	
E302186	曺漢忠	조한충	Cho Hanch'ung				司直	安東權氏成化譜	2	50	a	
E302188	任繼元	임계원	Im Kyewŏn				司正	安東權氏成化譜	2	50	a	
E302189	曺匡輔	조광보	Cho Kwangbo				 	安東權氏成化譜	2	50	a	
E402615	李思之	이사지	Yi Saji			碧珍 李	司直	安東權氏成化譜	2	50	a	
E105013	金季溫	김계온	Kim Kyeon			海平 金	 	安東權氏成化譜	2	50	b	
E300640	金文尙	김문상	Kim Munsang			海平 金	郡事	安東權氏成化譜	2	50	b	
E300948	金孟廉					海平 金	 	安東權氏成化譜	2	50	b	
E302191	李文通	이문통	Yi Munt'ong			星山 李		安東權氏成化譜	2	50	b	
E302193	李孟達	이맹달	Yi Maengdal			星山 李	 	安東權氏成化譜	2	50	b	
E302198	崔淨	최정	Ch'oe Chŏng			江陵 崔	司勇	安東權氏成化譜	2	50	b	
E302209	李孟强	이맹강	Yi Maenggang			星山 李	 	安東權氏成化譜	2	50	b	
E302210	金遵禮	김준례	Kim Chullye			海平 金	郡事	安東權氏成化譜	2	50	b	
E302216	金孟義	김맹의	Kim Maengŭi			海平 金	 	安東權氏成化譜	2	50	b	
E302226	金孟恥	김맹치	Kim Maengch'i			海平 金	內直	安東權氏成化譜	2	50	b	
E302234	金孟性	김맹성	Kim Maengsŏng			海平 金	進士	安東權氏成化譜	2	50	b	
E302235	李世英	이세영	Yi Seyŏng			星山 李		安東權氏成化譜	2	50	b	
E302237	河孟湜	하맹식	Ha Maengsik				 	安東權氏成化譜	2	50	b	
E302243	金孟溫	김맹온	Kim Maengon			海平 金	內直	安東權氏成化譜	2	50	b	
E302244	金仲溫	김중온	Kim Chungon			海平 金	 	安東權氏成化譜	2	50	b	
E302251	崔滋	최자	Ch'oe Cha			永川 崔	僉知	安東權氏成化譜	2	50	b	
E302253	金先	김선	Kim Sŏn	金瑄		咸昌 金	進士 	安東權氏成化譜	2	50	b	
E302259	李從法	이종법	Yi Chongbŏp			碧珍 李	 	安東權氏成化譜	2	50	b	
E302260	李遇良	이우량	Yi Uryang			碧珍 李	護軍	安東權氏成化譜	2	50	b	
E402618	李粹之					碧珍 李	監務	安東權氏成化譜	2	50	b	
E000925	李壽明	이수붕	Yi Subung	李壽朋		興陽 李	郡守	安東權氏成化譜	2	51	a	
E000993	李惟康	이유강	Yi Yugang			碧珍 李		安東權氏成化譜	2	51	a	
E100984	姜應謙	강응겸	Kang Ŭnggyŏm				縣監	安東權氏成化譜	2	51	a	
E101014	李壽川	이수천	Yi Such'ŏn	李壽千		興陽 李	判官	安東權氏成化譜	2	51	a	
E101049	鄭懷雅	정회아	Chŏng Hoea				判官	安東權氏成化譜	2	51	a	
E101052	李壽蒙	이수몽	Yi Sumong			興陽 李	萬戶	安東權氏成化譜	2	51	a	
E101102	李壽昌	이수창	Yi Such'ang			興陽 李	 	安東權氏成化譜	2	51	a	
E302263	朴紹祖	박소조	Pak Sojo			咸陽 朴	縣監	安東權氏成化譜	2	51	a	
E302265	朴貴孫	박귀손	Pak Kwison			咸陽 朴	護軍	安東權氏成化譜	2	51	a	
E302286	金仲訥	김중눌	Kim Chungnul			善山 金		安東權氏成化譜	2	51	a	
E302305	李惟孝					碧珍 李	將仕郎	安東權氏成化譜	2	51	a	
E302331	李惟精	이유정	Yi Yujŏng			碧珍 李	 	安東權氏成化譜	2	51	a	
E302336	金輪	김륜	Kim Ryun				別坐	安東權氏成化譜	2	51	a	
E302348	李亨元	이형원	Yi Hyŏngwŏn			光州 李	經歷	安東權氏成化譜	2	51	a	
E302366	尹孜善	윤자선	Yun Chasŏn			坡平 尹		安東權氏成化譜	2	51	a	
E302370	李健	이건	Yi Kŏn			碧珍 李	護軍	安東權氏成化譜	2	51	a	
E302371	李坤元	이곤원	Yi Konwŏn			碧珍 李	別侍	安東權氏成化譜	2	51	a	
E302372	李坤亨	이곤형	Yi Konhyŏng			碧珍 李	 	安東權氏成化譜	2	51	a	
E302373	李永鐵	이영철	Yi Yŏngch'ŏl			碧珍 李	 	安東權氏成化譜	2	51	a	
E402091	李堰	이언	Yi Ŏn			興陽 李	府尹	安東權氏成化譜	2	51	a	
E302374	李係	이계	Yi Kye			碧珍 李	司直	安東權氏成化譜	2	51	b	
E302375	李蒙同	이의동	Yi Ŭidong	李義仝		碧珍 李	 	安東權氏成化譜	2	51	b	SHB's entries for 李蒙同(E302375) and 李介同(E302408) are different from KJB 6.26a.
E302384	李敬同	이경동	Yi Kyŏngdong	李敬仝		碧珍 李	 	安東權氏成化譜	2	51	b	
E302408	李介同	이순동	Yi Sundong	李順仝	李蒙同	碧珍 李	 	安東權氏成化譜	2	51	b	SHB's entries for 李蒙同(E302375) and 李介同(E302408) are different from KJB 6.26a.
E302414	李宗孝	이종효	Yi Chonghyo			新平 李	處置使	安東權氏成化譜	2	51	b	
E302417	李欽碩	이흠석	Yi Hŭmsŏk			新平 李	中樞	安東權氏成化譜	2	51	b	
E302447	金懷愼	김회신	Kim Hoesin			扶寧 金	錄事	安東權氏成化譜	2	51	b	
E302448	金懷允	김회윤	Kim Hoeyun			扶寧 金	別監	安東權氏成化譜	2	51	b	
E302450	申孝良	신효량	Sin Hyoryang				司直	安東權氏成化譜	2	51	b	
E302452	趙孝恭	조효공	Cho Hyogong				 	安東權氏成化譜	2	51	b	
E302454	崔生明	최생명	Ch'oe Saengmyŏng			全州 崔	署令	安東權氏成化譜	2	51	b	
E302462	閔宗誾	민종은	Min Chongŭn			驪興 閔	 	安東權氏成化譜	2	51	b	
E402620	邊靜	변정	Pyŏn Chŏng			黃州 邊	司直	安東權氏成化譜	2	51	b	
E402623	李公紙	이공지	Yi Kongji				 	安東權氏成化譜	2	51	b	
E402630	金璫	김당	Kim Tang			扶寧 金	護軍	安東權氏成化譜	2	51	b	
E402632	金生禹	김생우	Kim Saengu			錦山 金	敎導	安東權氏成化譜	2	51	b	
E402636	閔機	민기	Min Ki			驪興 閔	郡事	安東權氏成化譜	2	51	b	
ff110929-ea6c-4923-ad02-8961f266215c	李雅					新平 李		安東權氏成化譜	2	51	b	
bb2249f5-7bd6-43a4-8385-a621b0b8ad35	洪吉昌					南陽 洪		安東權氏成化譜	2	52	a	
E000159	洪量	홍량	Hong Ryang			南陽 洪	 	安東權氏成化譜	2	52	a	
E000553	洪敬昌	홍경창	Hong Kyŏngch'ang	洪慶昌		南陽 洪		安東權氏成化譜	2	52	a	
E302463	崔敬明	최경명	Ch'oe Kyŏngmyŏng				府使	安東權氏成化譜	2	52	a	
E302465	崔自汾	최자분	Ch'oe Chabun				 	安東權氏成化譜	2	52	a	
E302466	崔澍	최주	Ch'oe Chu				 	安東權氏成化譜	2	52	a	
E302469	柳汾	유분	Yu Pun				 	安東權氏成化譜	2	52	a	
E302471	洪繼宗	홍계종	Hong Kyejong				 	安東權氏成化譜	2	52	a	
E302473	元俊	원준	Wŏn Chun				 	安東權氏成化譜	2	52	a	
E302475	崔自淮	최자회	Ch'oe Chahoe				 	安東權氏成化譜	2	52	a	
E302476	洪師錫					南陽 洪	中樞	安東權氏成化譜	2	52	a	
E302478	金順孫						 	安東權氏成化譜	2	52	a	
E302480	金孟堅						 	安東權氏成化譜	2	52	a	
E302481	金仲堅						 	安東權氏成化譜	2	52	a	
E302482	洪伯涓	홍백연	Hong Paegyŏn			南陽 洪	僉知	安東權氏成化譜	2	52	a	
E302483	洪季涓					南陽 洪		安東權氏成化譜	2	52	a	
E302484	洪孝孫	홍효손	Hong Hyoson			南陽 洪	直長	安東權氏成化譜	2	52	a	
E302486	洪順孫			洪貴孫		南陽 洪	上護軍	安東權氏成化譜	2	52	a	
E302496	洪禹江					南陽 洪	 	安東權氏成化譜	2	52	a	
E302497	洪克治					南陽 洪	 	安東權氏成化譜	2	52	a	
E302498	洪克理					南陽 洪	 	安東權氏成化譜	2	52	a	
E302513	洪器	홍기	Hong Ki			南陽 洪	 	安東權氏成化譜	2	52	a	
E302517	洪度	홍도	Hong To			南陽 洪		安東權氏成化譜	2	52	a	
E302519	洪允淑	홍윤숙	Hong Yunsuk			南陽 洪	護軍	安東權氏成化譜	2	52	a	
E402643	洪溟	홍명	Hong Myŏng			南陽 洪	判漢城	安東權氏成化譜	2	52	a	
E900741	安彭命	안팽명	An P'aengmyŏng			廣州 安		安東權氏成化譜	2	52	a	
EC00223	洪有江	홍유강	Hong Yugang			南陽 洪	府使	安東權氏成化譜	2	52	a	
E302524	洪尙江	홍상강	Hong Sanggang			南陽 洪	司正	安東權氏成化譜	2	52	b	
E302525	張孝孫	장계손	Chang Kyeson				判官	安東權氏成化譜	2	52	b	
E302527	魚繼良	어계량	Ŏ Kyeryang				 	安東權氏成化譜	2	52	b	
E302529	朴恭之	박공지	Pak Kongji				 	安東權氏成化譜	2	52	b	
E302531	裵繼宗	배계종	Pae Kyejong					安東權氏成化譜	2	52	b	
E302533	趙傅	조부	Cho Pu			漢陽 趙	敦寧	安東權氏成化譜	2	52	b	
E302536	盧鐵剛					交河 盧	署令	安東權氏成化譜	2	52	b	
E302538	盧彦弼	노언필	No Ŏnp'il			交河 盧		安東權氏成化譜	2	52	b	
E302540	盧彦邦	노언방	No Ŏnbang			交河 盧		安東權氏成化譜	2	52	b	
E302553	李堧	이연	Yi Yŏn			韓山 李		安東權氏成化譜	2	52	b	
E302563	金崇漢	김숭한	Kim Sunghan			淸風 金	僉知	安東權氏成化譜	2	52	b	
E302566	林壤	임양	Im Yang			利安 林	判官	安東權氏成化譜	2	52	b	
E302581	金永敷	김영부	Kim Yŏngbu				上將	安東權氏成化譜	2	52	b	
E302583	盧石崇	노석숭	No Sŏksung			交河 盧	 	安東權氏成化譜	2	52	b	
E302599	盧次山	노차산	No Ch'asan			交河 盧	司直	安東權氏成化譜	2	52	b	
E400304	盧警	노경	No Kyŏng	盧敬		交河 盧	議郞	安東權氏成化譜	2	52	b	
E401465	李保基	이보기	Yi Pogi			韓山 李		安東權氏成化譜	2	52	b	
E102508	安克思	안극사	An Kŭksa			廣州 安	僉知	安東權氏成化譜	2	53	a	
E102510	安湜	안식	An Sik			廣州 安	奉事	安東權氏成化譜	2	53	a	
E102513	金智童	김지동	Kim Chidong			安東 金	上護軍	安東權氏成化譜	2	53	a	
E102515	崔閏身	최윤신	Ch'oe Yunsin			水原 崔	司直	安東權氏成化譜	2	53	a	
E105018	閔敍	민서	Min Sŏ			驪興 閔	 	安東權氏成化譜	2	53	a	
E302602	李義山	이의산	Yi Ŭisan				縣監	安東權氏成化譜	2	53	a	
E302603	李順碩	이순석	Yi Sunsŏk				別侍	安東權氏成化譜	2	53	a	
E302604	李秀林	이수림	Yi Surim				萬戶	安東權氏成化譜	2	53	a	
E400450	鄭拯	정증	Chŏng Chŭng			西原 鄭	總制	安東權氏成化譜	2	53	a	
E400628	閔壽山	민수산	Min Susan			驪興 閔	縣監	安東權氏成化譜	2	53	a	
E402645	李琚	이거	Yi Kŏ				護軍	安東權氏成化譜	2	53	a	
E804084	韓禹昌	한우창	Han Uch'ang			淸州 韓		安東權氏成化譜	2	53	a	
E901233	金承烈	김승렬	Kim Sŭngnyŏl			彦陽 金	 	安東權氏成化譜	2	53	a	
E903194	鄭浩然	정호연	Chŏng Hoyŏn			西原 鄭	參判	安東權氏成化譜	2	53	a	
E903197	李叔謙	이숙겸	Yi Sukkyŏm				 	安東權氏成化譜	2	53	a	
E903199	韓洽	한흡	Han Hŭp				司直	安東權氏成化譜	2	53	a	
E903200	韓孝孫	한효손	Han Hyoson				進士	安東權氏成化譜	2	53	a	
E903202	文惠	문혜	Mun Hye				內禁衛	安東權氏成化譜	2	53	a	
E903204	辛奉祖	신봉조	Sin Pongjo				 	安東權氏成化譜	2	53	a	
E903205	辛賀聃	신하담	Sin Hadam				將士郎	安東權氏成化譜	2	53	a	
E904656	許從孫	허종손	Hŏ Chongson			陽川 許		安東權氏成化譜	2	53	a	
E904660	閔乙同	민을동	Min Ŭldong	閔乙仝		驪興 閔		安東權氏成化譜	2	53	a	
EA01147	鳳城君			李桋		全州 李		安東權氏成化譜	2	53	a	
EA01477	鄭永通	정영통	Chŏng Yŏngt'ong			西原 鄭	寺正	安東權氏成化譜	2	53	a	
EA02700	柳讓	유양	Yu Yang	柳壤		晋州 柳	寺正	安東權氏成化譜	2	53	a	
EC00228	鄭枻	정설	Chŏng Sŏl			西原 鄭	都事	安東權氏成化譜	2	53	a	
E101344	李世忠	이세충	Yi Sech'ung			廣州 李	郡事	安東權氏成化譜	2	53	b	
E302605	朴蔚	박울	Pak Ul			密陽 朴	縣監	安東權氏成化譜	2	53	b	
E302608	朴繼祖	박계조	Pak Kyejo			密陽 朴	縣監	安東權氏成化譜	2	53	b	
E302609	朴震孫	박진손	Pak Chinson			密陽 朴	護軍	安東權氏成化譜	2	53	b	
E302610	徐濟	서제	Sŏ Che				縣監	安東權氏成化譜	2	53	b	
E302612	徐孟元	서맹원	Sŏ Maengwŏn				 	安東權氏成化譜	2	53	b	
E302613	成漢	성한	Sŏng Han	成翰		昌寧 成		安東權氏成化譜	2	53	b	
E302616	朴亨孫	박형손	Pak Hyŏngson			密陽 朴	參奉	安東權氏成化譜	2	53	b	
E302617	朴利孫	박이손	Pak Ison			密陽 朴	別侍	安東權氏成化譜	2	53	b	
E302618	朴貞孫	박정손	Pak Chŏngson			密陽 朴	 	安東權氏成化譜	2	53	b	
E302619	朴承祖	박승조	Pak Sŭngjo			密陽 朴	 	安東權氏成化譜	2	53	b	
E302620	朴嗣祖	박사조	Pak Sajo			密陽 朴	護軍	安東權氏成化譜	2	53	b	
E302637	朴纘祖	박찬조	Pak Ch'anjo			密陽 朴	郡守	安東權氏成化譜	2	53	b	
E302638	朴弘祖	박홍조	Pak Hongjo			密陽 朴	縣監	安東權氏成化譜	2	53	b	
E302641	朴順祖	박순조	Pak Sunjo			密陽 朴	別侍	安東權氏成化譜	2	53	b	
E302642	朴貴孫	박귀손	Pak Kwison			密陽 朴	 	安東權氏成化譜	2	53	b	
E302643	鄭孝恭						司直	安東權氏成化譜	2	53	b	
E302646	李仁孫	이인손	Yi Inson			廣州 李	左議政	安東權氏成化譜	2	53	b	
E302650	李元植	이윤식	Yi Yunsik	李允植		全義 李	錄事	安東權氏成化譜	2	53	b	
E302652	李淑文	이숙문	Yi Sungmun			全義 李	掌令	安東權氏成化譜	2	53	b	
E302657	金思禹	김사우	Kim Sau	金師禹		尙州 金	判書	安東權氏成化譜	2	53	b	
E402646	盧信	노신	No Sin			交河 盧	別將	安東權氏成化譜	2	53	b	
E900299	李世弼	이세필	Yi Sep'il			廣州 李		安東權氏成化譜	2	53	b	
50957099-e875-4dec-b9e5-3d225a1a0f32	金光瑞						縣令	安東權氏成化譜	2	54	a	
6ee72c7a-0a88-4f4e-9821-e7dcb6d09320	金沆						縣監	安東權氏成化譜	2	54	a	
E100765	李克堪	이극감	Yi Kŭkkam			廣州 李	判書 廣城君	安東權氏成化譜	2	54	a	
E201279	李世柱	이세주	Yi Seju			廣州 李		安東權氏成化譜	2	54	a	
E203058	李世匡	이세광	Yi Segwang			廣州 李	司猛	安東權氏成化譜	2	54	a	
E300251	李克均					廣州 李	參判	安東權氏成化譜	2	54	a	
E302682	李世佐	이세좌	Yi Sejwa			廣州 李	都事	安東權氏成化譜	2	54	a	
E302695	李世佑	이세우	Yi Seu			廣州 李	司	安東權氏成化譜	2	54	a	
E302697	玄賁	현분	Hyŏn Pun			星州 玄		安東權氏成化譜	2	54	a	Name filled in using KJB 6.30a.
E302710	李舜	이순응	Yi Sunŭng	李舜膺			 	安東權氏成化譜	2	54	a	
E302721	李世傑	이세걸	Yi Segŏl			廣州 李		安東權氏成化譜	2	54	a	
E302727	李克增	이극증	Yi Kŭkchŭng			廣州 李	判書 廣川君	安東權氏成化譜	2	54	a	
E302762	李世卿					廣州 李		安東權氏成化譜	2	54	a	
E501997	朴垠	박은	Pak Ŭn			羅州 朴		安東權氏成化譜	2	54	a	
E502881	許復亨					陽川 許		安東權氏成化譜	2	54	a	
E701541	李世銓					廣州 李		安東權氏成化譜	2	54	a	
E302799	金永轍	김영철	Kim Yŏngch'ŏl			延安 金		安東權氏成化譜	2	54	b	
E302803	韓𥑇	한부	Han Pu			淸州 韓		安東權氏成化譜	2	54	b	
E302805	洪若治						 	安東權氏成化譜	2	54	b	
E402650	尹膺	윤응	Yun Ŭng				大卿	安東權氏成化譜	2	54	b	
E402656	趙叙					漢陽 趙	提學	安東權氏成化譜	2	54	b	
0ce64884-cbc1-4c1e-81ad-956304afecb6	郭惲						上護軍	安東權氏成化譜	3	1	a	
211a1baa-fe99-4f5c-9870-5685b43c2cb1	尹龜還					坡平 尹		安東權氏成化譜	3	1	a	
28e12918-7104-431b-8e29-89292267a679	金偉						縣監	安東權氏成化譜	3	1	a	
39159ac6-34db-46f1-924b-8ff6d145c6d9	金模						宮直	安東權氏成化譜	3	1	a	
393ada6b-1035-42a2-aba5-2b3ff88d7a91	尹銀同					坡平 尹		安東權氏成化譜	3	1	a	
51b4e6d5-42eb-4d70-ae5b-46cf0d330e8d	慮源善							安東權氏成化譜	3	1	a	
6d1c1623-5a6c-4f5f-8ed7-368eedce7062	尹敝					坡平 尹	參議	安東權氏成化譜	3	1	a	
860c1eda-0155-48d6-a891-fa1cb62111ac	尹杠					坡平 尹		安東權氏成化譜	3	1	a	
baaa8958-d163-4831-a791-baf1ecef7c75	尹松壽					坡平 尹		安東權氏成化譜	3	1	a	
bcc7fa93-b36a-4bc0-9dd0-871f7e6723c5	郭永							安東權氏成化譜	3	1	a	
cfc44bb0-a259-457b-8f5b-b2dbed20a0b8	尹枌					坡平 尹		安東權氏成化譜	3	1	a	
D105021	尹輔	윤보	Yun Po			坡平 尹	宗簿令	安東權氏成化譜	3	1	a	
DB04620	尹就					坡平 尹	知密直	安東權氏成化譜	3	1	a	
E105024	尹泙					坡平 尹	坡原君	安東權氏成化譜	3	1	a	
E105026	尹救					坡平 尹	府使	安東權氏成化譜	3	1	a	
E105037	朴云檢						檢漢城	安東權氏成化譜	3	1	a	
E201225	金漑					安山 金	判中樞	安東權氏成化譜	3	1	a	
E203140	金自均					安東 金		安東權氏成化譜	3	1	a	
fa89663e-b1ed-4e31-9498-b56d58ba15b6	李浣							安東權氏成化譜	3	1	a	
0197fef1-ab47-790d-b99b-9219164ad72f	尹𤨢					坡平 尹	縣監	安東權氏成化譜	3	1	b	
99b7a214-e19d-4bf1-9377-90c2808e2f1b	李義錫						進士	安東權氏成化譜	3	1	b	
D105038	尹將					坡平 尹	司宰監	安東權氏成化譜	3	1	b	
E401218	尹瑀					坡平 尹	上護軍	安東權氏成化譜	3	1	b	
E501114	尹壽千					坡平 尹	參奉	安東權氏成化譜	3	1	b	
E901440	宋淇	송심	Song Sim	宋諶		鎭川 宋		安東權氏成化譜	3	1	b	
E901442	申永綏					平山 申		安東權氏成化譜	3	1	b	
E904218	金孝信						司直	安東權氏成化譜	3	1	b	
E904227	安迪					順興 安	司直	安東權氏成化譜	3	1	b	
EA00744	尹垠					坡平 尹	通贊	安東權氏成化譜	3	1	b	
EA03133	安從儉					順興 安	檢參議	安東權氏成化譜	3	1	b	
09548905-b891-4399-88ec-fb09848e772f	郭雄							安東權氏成化譜	3	2	a	
82f46e58-7236-406d-b43e-b0d2f68f3662	郭澄						忠贊衛	安東權氏成化譜	3	2	a	
881a1db6-9564-4bd3-acb0-ac1b0c57faae	李樹艇						大卿	安東權氏成化譜	3	2	a	
a30f3649-54a8-4f49-8930-1c93e824b376	尹玭					坡平 尹	副護軍	安東權氏成化譜	3	2	a	
df1313d1-6439-4123-9099-c9ae0c894e4d	尹珠					坡平 尹		安東權氏成化譜	3	2	a	
E105045	尹孝順							安東權氏成化譜	3	2	a	
E105049	孫潤生						縣監	安東權氏成化譜	3	2	a	
E105051	尹璜					坡平 尹	護軍	安東權氏成化譜	3	2	a	
E105052	尹處元					坡平 尹	進士	安東權氏成化譜	3	2	a	
E105055	尹處亨					坡平 尹	忠贊衛	安東權氏成化譜	3	2	a	
E105056	尹處貞					坡平 尹		安東權氏成化譜	3	2	a	
E201135	李孟孫						護軍	安東權氏成化譜	3	2	a	
EA00287	李終岩					全州 李	波澄守	安東權氏成化譜	3	2	a	
E200294	李孜					驪興 李	敦寧	安東權氏成化譜	3	2	b	
E203823	金老至			金孝至		淸風 金	佐郞	安東權氏成化譜	3	2	b	
E401198	全五倫					旌善 全		安東權氏成化譜	3	2	b	
E401200	金漢老					光州 金	光山君	安東權氏成化譜	3	2	b	
EA00226	李禔					全州 李	讓寧大君	安東權氏成化譜	3	2	b	
EA00228	鄭稗						司直	安東權氏成化譜	3	2	b	
EA00229	李曾碩					驪興 李	郡守	安東權氏成化譜	3	2	b	
EA00262	尹汀	윤보남	Yun Ponam	尹寶男			 	安東權氏成化譜	3	2	b	
EA00265	李玉石	이옥석	Yi Oksŏk			全州 李	伊川守	安東權氏成化譜	3	2	b	
EA00266	李[言+帀]					全州 李	咸陽君	安東權氏成化譜	3	2	b	
EA00268	李鎭					全州 李	富原君	安東權氏成化譜	3	2	b	
EA00308	李譓					全州 李	瑞山君	安東權氏成化譜	3	2	b	
EA00314	李顆					全州 李	鷲城君	安東權氏成化譜	3	2	b	
EA00317	李蕃					慶州 李	中樞	安東權氏成化譜	3	2	b	
E201562	李焜					全州 李	岳陽令	安東權氏成化譜	3	3	a	
E401202	朴習					咸陽 朴		安東權氏成化譜	3	3	a	
EA00330	金善哉					光州 金	監正	安東權氏成化譜	3	3	a	
EA00331	金孟德					光州 金	 	安東權氏成化譜	3	3	a	
EA00333	李堪					全州 李	花城君	安東權氏成化譜	3	3	a	
EA00335	趙仁壁						 	安東權氏成化譜	3	3	a	
EA00337	王孝坤					開城 王	主簿	安東權氏成化譜	3	3	a	
EA00339	王宗仁					開城 王	上護軍	安東權氏成化譜	3	3	a	
EA00344	王宗禮					開城 王	護軍	安東權氏成化譜	3	3	a	
EA00352	朴孟揆			朴孟檢		咸陽 朴	進勇副尉	安東權氏成化譜	3	3	a	
EA00357	張玉相						縣監	安東權氏成化譜	3	3	a	
EA00358	張崇理						護軍	安東權氏成化譜	3	3	a	
EA00360	金敬哉					光州 金	監察	安東權氏成化譜	3	3	a	
EA00362	金承俊					光州 金	 	安東權氏成化譜	3	3	a	
EA00366	朴孝安						 	安東權氏成化譜	3	3	a	
EA00367	朴義孫					咸陽 朴	及第	安東權氏成化譜	3	3	a	
EA00371	孫孝徹			孫孝胤		密陽 孫	僉知	安東權氏成化譜	3	3	a	
EA00382	朴仲揆			朴仲檢		咸陽 朴		安東權氏成化譜	3	3	a	
E300848	李伯林					遂安 李	郡事	安東權氏成化譜	3	3	b	
E401204	李洽					遂安 李	判典農事	安東權氏成化譜	3	3	b	
EA00385	陳致中	진치중	Chin Ch'ijung			驪陽 陳	縣監	安東權氏成化譜	3	3	b	
EA00391	李之秀					德山 李	生員	安東權氏成化譜	3	3	b	
EA00393	文長壽					南平 文	護軍	安東權氏成化譜	3	3	b	
EA00394	文有弼					南平 文	通贊	安東權氏成化譜	3	3	b	
EA00395	文有義					南平 文	司直	安東權氏成化譜	3	3	b	
EA00397	許宕					陽川 許		安東權氏成化譜	3	3	b	
EA00398	文有禮					南平 文	司直	安東權氏成化譜	3	3	b	
EA00399	文有智					南平 文		安東權氏成化譜	3	3	b	
EA00401	崔湘						 	安東權氏成化譜	3	3	b	
EA00402	崔淑恭						 	安東權氏成化譜	3	3	b	
EA00404	蘇寶元						 	安東權氏成化譜	3	3	b	
EA00405	崔淑敬						 	安東權氏成化譜	3	3	b	
EA00406	崔終同						 	安東權氏成化譜	3	3	b	
EA00407	崔弼同						 	安東權氏成化譜	3	3	b	
EA00412	李季林					遂安 李	縣令	安東權氏成化譜	3	3	b	
EA00413	李宗敬					遂安 李	縣監	安東權氏成化譜	3	3	b	
EA00415	趙龜筭						 	安東權氏成化譜	3	3	b	
E401206	邊顯					原州 邊	判事	安東權氏成化譜	3	4	a	
EA00416	李培					遂安 李	 	安東權氏成化譜	3	4	a	
EA00417	李宗孝					遂安 李	 	安東權氏成化譜	3	4	a	
EA00418	李宗忠					遂安 李	護軍	安東權氏成化譜	3	4	a	
EA00421	朴郁文			朴文郁			部將	安東權氏成化譜	3	4	a	
EA00444	朴葵					羅州 朴	觀察事	安東權氏成化譜	3	4	a	
EA00454	閔磊						主簿	安東權氏成化譜	3	4	a	
EA00455	朴秉鈞					羅州 朴	判官	安東權氏成化譜	3	4	a	
EA00457	金塢						別坐	安東權氏成化譜	3	4	a	
EA00458	朴䃞					羅州 朴	司直	安東權氏成化譜	3	4	a	
EA00463	金進孝						進士	安東權氏成化譜	3	4	a	
EA00466	吳益師						司直	安東權氏成化譜	3	4	a	
EA00477	朴輳					羅州 朴	司直	安東權氏成化譜	3	4	a	
EA00478	朴輔					羅州 朴	副司直	安東權氏成化譜	3	4	a	
EA00484	朴軫					羅州 朴	司勇	安東權氏成化譜	3	4	a	
EA00487	朴輊					羅州 朴	司勇	安東權氏成化譜	3	4	a	
EA01031	金澗					光州 金	生員	安東權氏成化譜	3	4	a	
E100609	朴礫					羅州 朴	進士	安東權氏成化譜	3	4	b	
EA00492	林自蕃					醴泉 林	襄陽君	安東權氏成化譜	3	4	b	
EA00530	金祚						縣監	安東權氏成化譜	3	4	b	
EA00531	邊處寬					原州 邊	咸興少尹	安東權氏成化譜	3	4	b	
d11fbbcd-dc16-483a-b14c-fe9c71bdf0a0	邊處安					原州 邊		安東權氏成化譜	3	5	a	
E102285	崔自靖					全州 崔	錄事	安東權氏成化譜	3	5	a	
E102286	崔千春					全州 崔	縣監	安東權氏成化譜	3	5	a	
E401207	全孟謙					旌善 全	上護軍	安東權氏成化譜	3	5	a	
E401208	全叔謙					旌善 全	縣監	安東權氏成化譜	3	5	a	
E401209	全季謙					旌善 全	司正	安東權氏成化譜	3	5	a	
E401210	全有謙					旌善 全	郡事	安東權氏成化譜	3	5	a	
E401212	崔仲溫					全州 崔	判官	安東權氏成化譜	3	5	a	
EA00568	邊處寧					原州 邊	僉正	安東權氏成化譜	3	5	a	
EA00582	全自恩					旌善 全	 	安東權氏成化譜	3	5	a	
EA00583	全晟					旌善 全	 	安東權氏成化譜	3	5	a	
EA00584	全由道					旌善 全	司直	安東權氏成化譜	3	5	a	
EA00585	全繼元					旌善 全	護軍	安東權氏成化譜	3	5	a	
EA00586	全由義					旌善 全	縣監	安東權氏成化譜	3	5	a	
EA00602	全守溫					旌善 全	司正	安東權氏成化譜	3	5	a	
EA00603	全守良					旌善 全	縣監	安東權氏成化譜	3	5	a	
EA00604	全守恭					旌善 全		安東權氏成化譜	3	5	a	
EA00606	邊煥					原州 邊	 	安東權氏成化譜	3	5	a	
EA00608	權通						生員	安東權氏成化譜	3	5	a	
EA00609	全孝宇					旌善 全	監察	安東權氏成化譜	3	5	a	
EA00611	崔湛						 	安東權氏成化譜	3	5	a	
EA00612	全瓚					旌善 全	忠贊衛	安東權氏成化譜	3	5	a	
EA00615	全孝宙					旌善 全	司正	安東權氏成化譜	3	5	a	
EA00616	全瑗					旌善 全	 	安東權氏成化譜	3	5	a	
EA00620	姜處孝						司正	安東權氏成化譜	3	5	a	
EA00621	姜命壽						 	安東權氏成化譜	3	5	a	
D401632	辛云吉	신운길	Sin Un'gil			寧越 辛	判事	安東權氏成化譜	3	5	b	
D401641	柳玽	유구	Yu Ku			晋州 柳	宰臣	安東權氏成化譜	3	5	b	
D904947	全五敦	전오돈	Chŏn Odon			旌善 全	 	安東權氏成化譜	3	5	b	
E101477	崔安信	최안신	Ch'oe Ansin			全州 崔	別侍	安東權氏成化譜	3	5	b	
E301447	具誠	구성	Ku Sŏng			綾城 具		安東權氏成化譜	3	5	b	
E401012	柳謙	유겸	Yu Kyŏm			晋州 柳	參議	安東權氏成化譜	3	5	b	
E401634	辛保安	신보안	Sin Poan			寧越 辛	判事	安東權氏成化譜	3	5	b	
E401642	柳怡	유이	Yu I			晋州 柳	錄事	安東權氏成化譜	3	5	b	
E901039	權瑊	권감	Kwŏn Kam			安東 權	花川君	安東權氏成化譜	3	5	b	
E904949	具緖	구서	Ku Sŏ			綾城 具	檢漢城	安東權氏成化譜	3	5	b	
E904956	具文老	구문로	Ku Mullo			綾城 具	僉知	安東權氏成化譜	3	5	b	
E904959	丁曜	정요	Chŏng Yo				生員	安東權氏成化譜	3	5	b	
E904960	具蘭童	구난동	Ku Nandong			綾城 具	 	安東權氏成化譜	3	5	b	
E904961	具莫同	구막동	Ku Maktong			綾城 具	 	安東權氏成化譜	3	5	b	
EA02686	柳子偕	유자해	Yu Chahae			晋州 柳	副知敦寧	安東權氏成化譜	3	5	b	
EA02714	柳塾	유숙	Yu Suk			晋州 柳	僉知	安東權氏成化譜	3	5	b	
EA02737	成孝源	성효원	Sŏng Hyowŏn			昌寧 成	主簿	安東權氏成化譜	3	5	b	
EA02744	河澍	하주	Ha Chu			晉州 河		安東權氏成化譜	3	5	b	
EB00276	柳守昌	유수창	Yu Such'ang	柳順孫		文化 柳	判官	安東權氏成化譜	3	5	b	
EB03301	崔宗泳	최종영	Ch'oe Chongyŏng				內直	安東權氏成化譜	3	5	b	
EB03302	具謹	구근	Ku Kŭn				 	安東權氏成化譜	3	5	b	
EB03303	具仲孫	구중손	Ku Chungson				上護軍	安東權氏成化譜	3	5	b	
EB03304	具末山	구말손	Ku Malson	具末孫			別侍	安東權氏成化譜	3	5	b	
E200730	鄭垠	정은	Chŏng Ŭn			晋州 鄭	參議	安東權氏成化譜	3	6	a	
E205179	柳漢長	유한장	Yu Hanjang			晋州 柳	生員	安東權氏成化譜	3	6	a	
E401011	柳悅	유열	Yu Yŏl			晋州 柳	部令	安東權氏成化譜	3	6	a	
E401646	李墩	이돈	Yi Ton	李孝敦		延安 李	少尹	安東權氏成化譜	3	6	a	
E401652	辛孟和	신맹화	Sin Maenghwa			靈山 辛		安東權氏成化譜	3	6	a	
E900099	柳漢平	유한평	Yu Hanp'yŏng			晋州 柳		安東權氏成化譜	3	6	a	
E901626	崔曦	최희	Ch'oe Hŭi			全州 崔	署令	安東權氏成化譜	3	6	a	
E904964	李熙文	이희문	Yi Hŭimun			延安 李	 	安東權氏成化譜	3	6	a	
E904966	李匡晋	이광진	Yi Kwangjin				生員	安東權氏成化譜	3	6	a	
EA02032	金玲	김령	Kim Ryŏng			延安 金	司正	安東權氏成化譜	3	6	a	
EA02758	鄭齊	정제	Chŏng Che				監察	安東權氏成化譜	3	6	a	
EA02761	楊守道	양수도	Yang Sudo			安岳 楊		安東權氏成化譜	3	6	a	
EA02771	趙忠山	조충산	Cho Ch'ungsan					安東權氏成化譜	3	6	a	
EA02793	李英明	이영명	Yi Yŏngmyŏng	李永明		延安 李		安東權氏成化譜	3	6	a	
EA02814	柳子忠	유자충	Yu Chach'ung			晋州 柳	主簿	安東權氏成化譜	3	6	a	
EA02818	金泞	김저	Kim Chŏ			延安 金	縣監	安東權氏成化譜	3	6	a	
EA02833	柳子孝	유자효	Yu Chahyo			晋州 柳	敎導	安東權氏成化譜	3	6	a	
EA02834	柳玄孫	유현손	Yu Hyŏnson			晋州 柳		安東權氏成化譜	3	6	a	
EA02840	柳子文	유자문	Yu Chamun			晋州 柳	郡守	安東權氏成化譜	3	6	a	
EA02857	柳子信	유자신	Yu Chasin			晋州 柳	 	安東權氏成化譜	3	6	a	
EA02858	柳子炯	유자형	Yu Chahyŏng			晋州 柳	參軍	安東權氏成化譜	3	6	a	
EC00187	李光明	이광명	Yi Kwangmyŏng			延安 李	護軍	安東權氏成化譜	3	6	a	
D401657	柳瑚	유호	Yu Ho			晋州 柳	中樞	安東權氏成化譜	3	6	b	
D401659	柳義瑚	유의호	Yu Ŭiho			晋州 柳	僧統	安東權氏成化譜	3	6	b	
D401661	尹仁傑	윤인걸	Yun In'gŏl				判事	安東權氏成化譜	3	6	b	
D401663	李伯升	이백승	Yi Paeksŭng				三司左尹	安東權氏成化譜	3	6	b	
E401653	柳愓	유척	Yu Ch'ŏk			晋州 柳	郡守	安東權氏成化譜	3	6	b	
E401654	柳恮	유전	Yu Chŏn			晋州 柳	判事	安東權氏成化譜	3	6	b	
E401664	李善長	이선장	Yi Sŏnjang				司直	安東權氏成化譜	3	6	b	
E401665	李由長	이유장	Yi Yujang	李由善			司直	安東權氏成化譜	3	6	b	
E401667	洪奇	홍기	Hong Ki				典書	安東權氏成化譜	3	6	b	
E401671	李榮	이책	Yi Ch'aek	李策		延安 李	司正	安東權氏成化譜	3	6	b	
EA02859	柳子行	유자행	Yu Chahaeng			晋州 柳		安東權氏成化譜	3	6	b	
EA02860	柳長孫	유장손	Yu Changson			晋州 柳	 	安東權氏成化譜	3	6	b	
EA02863	柳仲孫	유중손	Yu Chungson			晋州 柳	 	安東權氏成化譜	3	6	b	
EA02867	金繕	김선	Kim Sŏn				 	安東權氏成化譜	3	6	b	
EA02870	柳子溫	유자온	Yu Chaon			晋州 柳	 	安東權氏成化譜	3	6	b	
EA02871	柳子良	유자량	Yu Charyang			晋州 柳	 	安東權氏成化譜	3	6	b	
EA02872	柳子恭	유자공	Yu Chagong			晋州 柳	進士	安東權氏成化譜	3	6	b	
EA02874	柳子儉	유자검	Yu Chagŏm			晋州 柳	司正	安東權氏成化譜	3	6	b	
45a43d6b-c2b6-4bc5-b32f-063bcfae75bf	宋介金					延安 宋		安東權氏成化譜	3	7	a	
a0590bde-c602-43a2-9b2e-6ec5bc3daa8e	柳命山					文化 柳		安東權氏成化譜	3	7	a	
E301313	宋珍	송진	Song Chin			延安 宋	護軍	安東權氏成化譜	3	7	a	
E400736	安得壽	안득수	An Tŭksu			竹山 安	三司 副使	安東權氏成化譜	3	7	a	
E703675	朴茂	박무	Pak Mu			義昌 朴	部將	安東權氏成化譜	3	7	a	
E904812	朴弘幹	박홍간	Pak Honggan			義昌 朴	郡事	安東權氏成化譜	3	7	a	
E904815	李禮全	이예전	Yi Yejŏn				郡事	安東權氏成化譜	3	7	a	
E904818	朴仁元	박인원	Pak Inwŏn			義昌 朴	司直	安東權氏成化譜	3	7	a	
E904819	朴仁亨	박인형	Pak Inhyŏng			義昌 朴	司正	安東權氏成化譜	3	7	a	
E904832	金孝孫	김효손	Kim Hyoson				僉知	安東權氏成化譜	3	7	a	
E904837	李稛	이균	Yi Kyun			全州 李	僉知	安東權氏成化譜	3	7	a	
E904839	全符	전부	Chŏn Pu				監察	安東權氏成化譜	3	7	a	
E904840	全景文	전경문	Chŏn Kyŏngmun				司勇	安東權氏成化譜	3	7	a	
EC02611	柳依	유의	Yu Ŭi			文化 柳	主簿	安東權氏成化譜	3	7	a	
E600026	尹商老	윤상로	Yun Sangno			坡平 尹		安東權氏成化譜	3	7	b	
E901622	鄭益	정익	Chŏng Ik			東萊 鄭	生員	安東權氏成化譜	3	7	b	
E904209	李石崑	이석곤	Yi Sŏkkon			全州 李	司直	安東權氏成化譜	3	7	b	
E904844	李石崙	이석륜	Yi Sŏngnyun			全州 李	上護軍	安東權氏成化譜	3	7	b	
E904845	李一陽	이일양	Yi Iryang			全州 李	 	安東權氏成化譜	3	7	b	
E904846	李繼宗	이계종	Yi Kyejong			全州 李	 	安東權氏成化譜	3	7	b	
E904849	柳依享						別侍	安東權氏成化譜	3	7	b	
E904850	柳佛山	유불산	Yu Pulsan				 	安東權氏成化譜	3	7	b	
E904851	李石峻	이석준	Yi Sŏkchun			全州 李	上將	安東權氏成化譜	3	7	b	
E904852	李貴玉	이귀옥	Yi Kwiok			全州 李	 	安東權氏成化譜	3	7	b	
E904853	李良玉	이양옥	Yi Yangok			全州 李	 	安東權氏成化譜	3	7	b	
E904854	李善玉	이선옥	Yi Sŏnok			全州 李	 	安東權氏成化譜	3	7	b	
E904856	鄭而漢	정이한	Chŏng Ihan			東萊 鄭	觀察使	安東權氏成化譜	3	7	b	
E904864	鄭摯	정지	Chŏng Chi			東萊 鄭	修撰	安東權氏成化譜	3	7	b	
0197ff4d-3227-7a77-9870-a0001e6f1961	閔芝孫					驪興 閔	 	安東權氏成化譜	3	8	a	
e0687c61-8404-4cd4-84aa-65cc5f940180	趙玉貞					豊壤 趙	 	安東權氏成化譜	3	8	a	
E103058	朴弘智					義昌 朴	司正	安東權氏成化譜	3	8	a	
E103495	趙琮	조종	Cho Chong			淳昌 趙	僉知	安東權氏成化譜	3	8	a	
E103497	趙永守	조환	Cho Hwan	趙渙		淳昌 趙		安東權氏成化譜	3	8	a	
E300096	閔孝懽	민효환	Min Hyohwan			驪興 閔	掌令	安東權氏成化譜	3	8	a	
E400087	閔仲立	민중립	Min Chungnip			驪興 閔		安東權氏成化譜	3	8	a	
E400104	李季拱	이계공	Yi Kyegong				司諫	安東權氏成化譜	3	8	a	
E400105	閔大生					驪興 閔	中樞	安東權氏成化譜	3	8	a	
E400741	安貴孫	안귀손	An Kwison			竹山 安	司直	安東權氏成化譜	3	8	a	
E900001	閔永慕	민영모	Min Yŏngmo			驪興 閔	郡守	安東權氏成化譜	3	8	a	
E900018	閔憪	민한	Min Han			驪興 閔	僉知	安東權氏成化譜	3	8	a	
E900019	閔蘭孫	민난손	Min Nanson			驪興 閔	 	安東權氏成化譜	3	8	a	
E900036	閔憓	민혜	Min Hye	閔穗		驪興 閔	郡事	安東權氏成化譜	3	8	a	
E900038	閔碩亨	민석형	Min Sŏkhyŏng			驪興 閔	 	安東權氏成化譜	3	8	a	
E900039	閔世亨	민세형	Min Sehyŏng			驪興 閔		安東權氏成化譜	3	8	a	
E904865	鄭奭	정석	Chŏng Sŏk			東萊 鄭		安東權氏成化譜	3	8	a	
E904866	鄭良	정량	Chŏng Ryang			東萊 鄭	正字	安東權氏成化譜	3	8	a	
E904869	趙之縜	조지진	Cho Chijin			豊壤 趙	 	安東權氏成化譜	3	8	a	
E904878	朴弘直	박홍직	Pak Hongjik			義昌 朴	 	安東權氏成化譜	3	8	a	
E904879	朴恭信	박홍신	Pak Hongsin	朴弘信		義昌 朴	郡事	安東權氏成化譜	3	8	a	
E904881	朴陽昌	박양창	Pak Yangch'ang			義昌 朴	生員	安東權氏成化譜	3	8	a	
E904883	朴璟	박경	Pak Kyŏng			義昌 朴	生員	安東權氏成化譜	3	8	a	
E904886	河砺	하려	Ha Ryŏ	河礪		晉州 河	僉知	安東權氏成化譜	3	8	a	
E904888	姜允寶	강윤보	Kang Yunbo				縣監	安東權氏成化譜	3	8	a	
E904908	安哲石	안철석	An Ch'ŏlsŏk			竹山 安	牧使	安東權氏成化譜	3	8	a	
EB02674	李芮	이예	Yi Ye			陽城 李	參判	安東權氏成化譜	3	8	a	
E500075	南慄	남률	Nam Ryul			宜寧 南		安東權氏成化譜	3	8	b	
E900046	閔悃	민곤	Min Kon			驪興 閔	副使	安東權氏成化譜	3	8	b	
E900048	金致運	김치운	Kim Ch'iun			慶州 金	院正	安東權氏成化譜	3	8	b	
E900069	閔利孫	민이손	Min Ison			驪興 閔	 	安東權氏成化譜	3	8	b	
E900070	閔孝悅	민효열	Min Hyoyŏl			驪興 閔	中樞	安東權氏成化譜	3	8	b	
E900072	洪貴海	홍귀해	Hong Kwihae			南陽 洪	水軍節度使	安東權氏成化譜	3	8	b	
E900073	洪浩	홍호	Hong Ho			南陽 洪	宣傳官	安東權氏成化譜	3	8	b	
E900100	徐貞壽	서정수	Sŏ Chŏngsu				縣監	安東權氏成化譜	3	8	b	
E900102	徐熙	서희	Sŏ Hŭi				 	安東權氏成化譜	3	8	b	
E201107	王地德	왕지덕	Wang Chidŏk			開城 王		安東權氏成化譜	3	9	a	
E400106	閔紹生	민소생	Min Sosaeng			驪興 閔	縣監	安東權氏成化譜	3	9	a	
E900107	金徽孫	김휘손	Kim Hwison			豊山 金	縣監	安東權氏成化譜	3	9	a	
E900128	閔泮	민반	Min Pan			驪興 閔	佐郎	安東權氏成化譜	3	9	a	
E900140	朴弘昌	박미창	Pak Mich'ang	朴彌昌		尙州 朴	司正	安東權氏成化譜	3	9	a	
E900141	朴士英	박사영	Pak Sayŏng			尙州 朴	監察	安東權氏成化譜	3	9	a	
E900217	尹擧莘	윤거신	Yun Kŏsin				 	安東權氏成化譜	3	9	a	
E900226	尹譓	윤혜	Yun Hye			南原 尹	郡守	安東權氏成化譜	3	9	a	
E900227	尹思沈	윤사침	Yun Sach'im			南原 尹	護軍	安東權氏成化譜	3	9	a	
E900234	尹思深	윤사심	Yun Sasim			南原 尹		安東權氏成化譜	3	9	a	
E900259	文賮					南平 文	司正	安東權氏成化譜	3	9	a	
E900301	宋玹壽	송현수	Song Hyŏnsu			礪山 宋		安東權氏成化譜	3	9	a	
E900303	辛肅	신숙	Sin Suk			靈山 辛	判事	安東權氏成化譜	3	9	a	
E900306	宋据	송거	Song Kŏ			礪山 宋	內禁衛	安東權氏成化譜	3	9	a	
E900324	閔孝源	민효원	Min Hyowŏn			驪興 閔	中樞	安東權氏成化譜	3	9	a	
E900326	閔懷曾	민회증	Min Hoejŭng			驪興 閔	僉知	安東權氏成化譜	3	9	a	
E904981	柳撛童						參奉	安東權氏成化譜	3	9	a	
04f75497-8bc7-4950-89b4-068a441da7e7	宋終童					礪山 宋	 	安東權氏成化譜	3	9	b	
D400997	閔仲理	민중리	Min Chungni			驪興 閔		安東權氏成化譜	3	9	b	
E401001	閔讓	민양	Min Yang			驪興 閔	 	安東權氏成化譜	3	9	b	
E401006	邊尙轉	변상빙	Pyŏn Sangbing			原州 邊	兵馬使	安東權氏成化譜	3	9	b	
E401009	金淇	김기	Kim Ki			尙州 金	判事	安東權氏成化譜	3	9	b	
E401013	金守智	김수지	Kim Suji			尙州 金	縣監	安東權氏成化譜	3	9	b	
E401015	宋季揚	송계양	Song Kyeyang	宋繼楊		礪山 宋	郡事	安東權氏成化譜	3	9	b	
E401016	宋璟	송경	Song Kyŏng			礪山 宋	郡事	安東權氏成化譜	3	9	b	
E803688	韓澗	한한	Han Han			淸州 韓		安東權氏成化譜	3	9	b	
E900327	閔懷參	민회참	Min Hoech'am			驪興 閔	縣監	安東權氏成化譜	3	9	b	
E900328	閔懷騫	민회건	Min Hoegŏn			驪興 閔	僉正	安東權氏成化譜	3	9	b	
E900332	李致美	이치미	Yi Ch'imi				 	安東權氏成化譜	3	9	b	
E900333	李悌順	이제순	Yi Chesun				司直	安東權氏成化譜	3	9	b	
E900334	閔孝幹	민효여	Min Hyoyŏ	閔孝餘		驪興 閔	節度使	安東權氏成化譜	3	9	b	
E900336	吳湘	오상	O Sang			海州 吳	僉知	安東權氏成化譜	3	9	b	
E900338	姜惟信	강유신	Kang Yusin			晋州 姜	 	安東權氏成化譜	3	9	b	
E900339	吳永昌	오영창	O Yŏngch'ang			海州 吳		安東權氏成化譜	3	9	b	
EA04129	宋益孫	송익손	Song Ikson			礪山 宋	礪山君	安東權氏成化譜	3	9	b	
EA04131	黃自中	황자중	Hwang Chajung			平海 黃	護軍	安東權氏成化譜	3	9	b	
EA04150	宋璉	송련	Song Ryŏn			礪山 宋		安東權氏成化譜	3	9	b	
EB00738	宋瑚	송호	Song Ho			礪山 宋	別坐	安東權氏成化譜	3	9	b	
E103534	廉縡	염재	Yŏm Chae			瑞原 廉		安東權氏成化譜	3	10	a	
E401020	閔義生	민의생	Min Ŭisaeng			驪興 閔	判書	安東權氏成化譜	3	10	a	
E401022	朴煥	박환	Pak Hwan				判事	安東權氏成化譜	3	10	a	
E401024	金德方	김덕방	Kim Tŏkpang				護軍	安東權氏成化譜	3	10	a	
E401026	鄭之禮	정지례	Chŏng Chirye			慶州 鄭		安東權氏成化譜	3	10	a	
E401037	具綱	구강	Ku Kang	具剛		綾城 具	執義	安東權氏成化譜	3	10	a	
E401038	具顯忠	구현충	Ku Hyŏnch'ung			綾城 具	參軍	安東權氏成化譜	3	10	a	
E401039	具達忠	구달충	Ku Talch'ung			綾城 具	僉知	安東權氏成化譜	3	10	a	
E800341	權景佑	권경우	Kwŏn Kyŏngu			安東 權		安東權氏成化譜	3	10	a	
E901212	魚孟濂	어맹렴	Ŏ Maengnyŏm			咸從 魚	司直	安東權氏成化譜	3	10	a	
EA00236	宋碩孫	송석손	Song Sŏkson			礪山 宋	司直	安東權氏成化譜	3	10	a	
EA01520	金光世	김광후	Kim Kwanghu	金光厚		淸風 金		安東權氏成化譜	3	10	a	
EA04193	具良卿	구양경	Ku Yanggyŏng			綾城 具	司直	安東權氏成化譜	3	10	a	
EA04194	具壽長	구수장	Ku Sujang			綾城 具	 	安東權氏成化譜	3	10	a	
EA04208	魚世謙	어세겸	Ŏ Segyŏm			咸從 魚	咸從君	安東權氏成化譜	3	10	a	
EA04220	李敏元	이민원	Yi Minwŏn				通贊	安東權氏成化譜	3	10	a	
EC01742	李仲規	이중규	Yi Chunggyu			全州 李	竹靑君	安東權氏成化譜	3	10	a	
EC01744	李謹行	이근행	Yi Kŭnhaeng			全州 李		安東權氏成化譜	3	10	a	
E101378	李敏	이민	Yi Min			全州 李	德城君	安東權氏成化譜	3	10	b	
E102540	朴崇文	박숭문	Pak Sungmun			羅州 朴	經歷	安東權氏成化譜	3	10	b	
E401046	朴萱	박훤	Pak Hwŏn			羅州 朴	僉知	安東權氏成化譜	3	10	b	
E401048	李㽔	이유	Yi Yu				府丞	安東權氏成化譜	3	10	b	
E401049	閔厚生	민후생	Min Husaeng	閔孝生		驪興 閔	判事	安東權氏成化譜	3	10	b	
E401051	崔孝孫	최효손	Ch'oe Hyoson			慶州 崔	司諫	安東權氏成化譜	3	10	b	
E401056	鄭六乙	정육을	Chŏng Yugŭl			河東 鄭	僉知	安東權氏成化譜	3	10	b	
E401058	柳叔連						察訪	安東權氏成化譜	3	10	b	
E903049	鄭汝寬					河東 鄭	 	安東權氏成化譜	3	10	b	
EA03786	朴崇質	박숭질	Pak Sungjil			羅州 朴	司諫	安東權氏成化譜	3	10	b	
EA04223	洪達宗	홍달종	Hong Talchong				 	安東權氏成化譜	3	10	b	
EA04224	具頤					綾城 具		安東權氏成化譜	3	10	b	
EA04271	朴崇彬	박숭빈	Pak Sungbin			羅州 朴	司果	安東權氏成化譜	3	10	b	
EA04277	朴崇華	박숭엽	Pak Sungyŏp	朴崇燁		羅州 朴	司果	安東權氏成化譜	3	10	b	
EA04278	鄭汝昌	정여창	Chŏng Yŏch'ang			河東 鄭		安東權氏成化譜	3	10	b	
E101908	柳方善	유방선	Yu Pangsŏn			瑞寧 柳		安東權氏成化譜	3	11	a	
E401456	柳沂	유기	Yu Ki			瑞寧 柳		安東權氏成化譜	3	11	a	
E502552	曺始孫	조시손	Cho Sison	曺始			 	安東權氏成化譜	3	11	a	
E502556	柳守宗	유수종	Yu Sujong			瑞寧 柳	 	安東權氏成化譜	3	11	a	
E502560	柳惠仝	유혜동	Yu Hyedong	柳惠至		瑞寧 柳		安東權氏成化譜	3	11	a	
E502562	陸機	육기	Yuk Ki				 	安東權氏成化譜	3	11	a	
E502568	金有錚	김유쟁	Kim Yujaeng			咸昌 金	 	安東權氏成化譜	3	11	a	
E502572	金有鏗	김유갱	Kim Yugaeng			咸昌 金	 	安東權氏成化譜	3	11	a	
E502613	金䃴	김률	Kim Ryul			三陟 金	生員	安東權氏成化譜	3	11	a	
E502638	柳伯堅	유백견	Yu Paekkyŏn			瑞寧 柳	 	安東權氏成化譜	3	11	a	
E502642	柳仲堅	유중견	Yu Chunggyŏn			瑞寧 柳	 	安東權氏成化譜	3	11	a	
E901857	金揮	김휘	Kim Hwi					安東權氏成化譜	3	11	a	
E902109	柳允庚	유윤경	Yu Yun'gyŏng			瑞寧 柳	 	安東權氏成化譜	3	11	a	
E902112	房峻	방준	Pang Chun	房俊			 	安東權氏成化譜	3	11	a	
E902113	房紹祖	방소조	Pang Sojo				 	安東權氏成化譜	3	11	a	
E902114	柳允謙	유윤겸	Yu Yun'gyŏm			瑞寧 柳	校理	安東權氏成化譜	3	11	a	
E902116	金永堅	김영견	Kim Yŏnggyŏn			咸昌 金	錄事	安東權氏成化譜	3	11	a	
E902118	金元信	김원신	Kim Wŏnsin	金允信		三陟 金	郡守	安東權氏成化譜	3	11	a	
E902119	柳方敬	유방경	Yu Panggyŏng			瑞寧 柳	 	安東權氏成化譜	3	11	a	
E902121	柳休復	유휴복	Yu Hyubok	柳孝夏		瑞寧 柳	校理	安東權氏成化譜	3	11	a	
E902122	柳敦復	유돈복	Yu Tonbok			瑞寧 柳	 	安東權氏成化譜	3	11	a	
E902123	柳石堅	유석견	Yu Sŏkkyŏn			瑞寧 柳	 	安東權氏成化譜	3	11	a	
E902125	吳克俊	오극준	O Kŭkchun				生員	安東權氏成化譜	3	11	a	
E902127	金礪	김려	Kim Ryŏ			淸風 金	典籍	安東權氏成化譜	3	11	a	
EA00368	朴信同	박신동	Pak Sindong			咸陽 朴		安東權氏成化譜	3	11	a	
EC04910	柳孝復					瑞寧 柳	 校理	安東權氏成化譜	3	11	a	
59e45e98-94fd-4164-9f98-94bd557984a0	金永孫					安東 金		安東權氏成化譜	3	11	b	
E401457	李孟㽥	이맹유	Yi Maengyu			韓山 李	司尹	安東權氏成化譜	3	11	b	
E401458	李孟畇	이맹균	Yi Maenggyun			韓山 李	贊成	安東權氏成化譜	3	11	b	
E401461	李孟畯	이맹준	Yi Maengjun			韓山 李	及第	安東權氏成化譜	3	11	b	
E401462	李孟畛	이맹진	Yi Maengjin			韓山 李	判中樞	安東權氏成化譜	3	11	b	
E401464	金自行	김자행	Kim Chahaeng			安東 金	參議	安東權氏成化譜	3	11	b	
E401469	李椅	이의	Yi Ŭi			全義 李	郡事	安東權氏成化譜	3	11	b	
EA00452	李垾	이한	Yi Han			全州 李	伊城正	安東權氏成化譜	3	11	b	
EA01572	李灌	이관	Yi Kwan			韓山 李		安東權氏成化譜	3	11	b	
EA01970	金仲演	김중연	Kim Chungyŏn			安東 金	佐郞	安東權氏成化譜	3	11	b	
EA01976	金叔演	김숙연	Kim Sugyŏn			安東 金	都事	安東權氏成化譜	3	11	b	
EA01999	李俊	이준	Yi Chun	李濬		韓山 李		安東權氏成化譜	3	11	b	
EA02011	李涵	이함	Yi Ham			韓山 李		安東權氏成化譜	3	11	b	
E301317	安友淵	안우연	An Uyŏn			順興 安	司正	安東權氏成化譜	3	12	a	
E401473	李裕基	이유기	Yi Yugi			韓山 李		安東權氏成化譜	3	12	a	
E401475	李厚	이후	Yi Hu			淸州 李	判官	安東權氏成化譜	3	12	a	
E501996	朴耣	박륜	Pak Ryun			羅州 朴	僉正	安東權氏成化譜	3	12	a	
E802789	安友晢					順興 安		安東權氏成化譜	3	12	a	
E900831	權叔慄	권숙률	Kwŏn Sungnyul			安東 權		安東權氏成化譜	3	12	a	
E902019	安訓	안훈	An Hun			順興 安	僉知	安東權氏成化譜	3	12	a	
E902023	李止堈	이지강	Yi Chigang	李之綱		韓山 李	司直	安東權氏成化譜	3	12	a	
E902230	李䇏	이퇴	Yi T'oe			淸州 李		安東權氏成化譜	3	12	a	
EA00322	李永期	이영기	Yi Yŏnggi			慶州 李		安東權氏成化譜	3	12	a	
EA02089	李儹	이찬	Yi Ch'an			淸州 李	經歷	安東權氏成化譜	3	12	a	
EA02093	李沆	이항	Yi Hang			韓山 李	殿直	安東權氏成化譜	3	12	a	
EA02106	李淹	이엄	Yi Ŏm			韓山 李	忠贊	安東權氏成化譜	3	12	a	
EA02127	金福其	김복기	Kim Pokki	金復基		善山 金	縣監	安東權氏成化譜	3	12	a	
EA02128	金漢孫	김한손	Kim Hanson			善山 金		安東權氏成化譜	3	12	a	
EA02146	李湑	이서	Yi Sŏ			韓山 李	上將	安東權氏成化譜	3	12	a	
EA02180	金克諴	김극함	Kim Kŭkham			淸風 金		安東權氏成化譜	3	12	a	
EA02215	金富春	김부춘	Kim Puch'un				 	安東權氏成化譜	3	12	a	
058f3d0b-5ec8-4e83-8158-126e9f2384a5	安友商					順興 安		安東權氏成化譜	3	12	b	
c611faaa-ae4b-422e-9d26-c245dca62afc	尹江						奉事	安東權氏成化譜	3	12	b	
D904999	李種學	이종학	Yi Chonghak			韓山 李		安東權氏成化譜	3	12	b	
E102974	李蓄	이축	Yi Ch'uk			韓山 李	觀察使	安東權氏成化譜	3	12	b	
E102976	李塤	이훈	Yi Hun	李墅		韓山 李	韓城君	安東權氏成化譜	3	12	b	
E401477	河久	하구	Ha Ku			晉州 河	都總制	安東權氏成化譜	3	12	b	
E402169	李叔野	이숙야	Yi Sugya			韓山 李	執義	安東權氏成化譜	3	12	b	
E501477	崔侃	최간	Ch'oe Kan			全州 崔	生員	安東權氏成化譜	3	12	b	
E501496	崔偁	최칭	Ch'oe Ch'ing			全州 崔		安東權氏成化譜	3	12	b	
E901537	李惟淸	이유청	Yi Yuch'ŏng			韓山 李		安東權氏成化譜	3	12	b	
E901618	崔旼	최민	Ch'oe Min			全州 崔	郡守	安東權氏成化譜	3	12	b	
E901633	崔昕	최흔	Ch'oe Hŭn			全州 崔	僉正	安東權氏成化譜	3	12	b	
E901641	崔儉	최검	Ch'oe Kŏm			全州 崔		安東權氏成化譜	3	12	b	
E901643	崔健	최건	Ch'oe Kŏn			全州 崔	 	安東權氏成化譜	3	12	b	
E901644	崔倬	최탁	Ch'oe T'ak			全州 崔	 	安東權氏成化譜	3	12	b	
E902034	安崇信	안숭신	An Sungsin			順興 安	少尹	安東權氏成化譜	3	12	b	
E902036	安詮	안전	An Chŏn			順興 安	郡守	安東權氏成化譜	3	12	b	
E902038	李晟	이성	Yi Sŏng			全州 李	井谷守	安東權氏成化譜	3	12	b	
E102960	李元根	이원근	Yi Wŏn'gŭn			公州 李	斷事官	安東權氏成化譜	3	13	a	
E102961	李宗衍	이종연	Yi Chongyŏn			公州 李	僉正	安東權氏成化譜	3	13	a	
E102963	李宗慶	이종경	Yi Chonggyŏng			公州 李	府使	安東權氏成化譜	3	13	a	
E102965	朴仁孫	박인손	Pak Inson				別坐	安東權氏成化譜	3	13	a	
E102970	李壽堅	이수견	Yi Sugyŏn			公州 李	 	安東權氏成化譜	3	13	a	
E201797	辛尙殷	신상은	Sin Sangŭn			靈山 辛	直長	安東權氏成化譜	3	13	a	
E303570	許長孫	허장손	Hŏ Changson			陽川 許	縣監	安東權氏成化譜	3	13	a	
E905001	李叔畝	이숙무	Yi Sungmu			韓山 李	判漢城	安東權氏成化譜	3	13	a	
E905003	李元增	이원증	Yi Wŏnjŭng			韓山 李	牧使	安東權氏成化譜	3	13	a	
E905011	李命垠	이명은	Yi Myŏngŭn			韓山 李	判官	安東權氏成化譜	3	13	a	
E905012	李孝林	이효림	Yi Hyorim			韓山 李	 	安東權氏成化譜	3	13	a	
E905013	李孝琛	이효침	Yi Hyoch'im			韓山 李	 	安東權氏成化譜	3	13	a	
EA00588	李永垠					韓山 李	參判	安東權氏成化譜	3	13	a	
EA00590	李孝文	이효문	Yi Hyomun			韓山 李		安東權氏成化譜	3	13	a	
EA00600	李培文	이배문	Yi Paemun			韓山 李	 	安東權氏成化譜	3	13	a	
EA00601	李奎文	이규문	Yi Kyumun			韓山 李	 	安東權氏成化譜	3	13	a	
EB02738	李壽垠	이수은	Yi Suŭn			韓山 李	進士	安東權氏成化譜	3	13	a	
EB02740	李龜孫	이귀손	Yi Kwison				參奉	安東權氏成化譜	3	13	a	
ee4a0186-8f1a-46fd-a7f8-bc7cdf3af832	辛遵義					靈山 辛		安東權氏成化譜	3	13	a	
E000356	金堅壽	김견수	Kim Kyŏnsu			原州 金		安東權氏成化譜	3	13	b	
E901410	河龜壽	하귀수	Ha Kwisu			晉州 河	護軍	安東權氏成化譜	3	13	b	
E902050	安崇孝	안숭효	An Sunghyo			順興 安	觀察使	安東權氏成化譜	3	13	b	
E902053	姜希孟	강희맹	Kang Hŭimaeng			晋州 姜	判書	安東權氏成化譜	3	13	b	
E902056	安該	안해	An Hae			順興 安	參奉	安東權氏成化譜	3	13	b	
E902060	趙愉					淳昌 趙		安東權氏成化譜	3	13	b	Does not appear in 1.23a despite the reference.
E902063	柳順行	유순행	Yu Sunhaeng			文化 柳	郡守	安東權氏成化譜	3	13	b	
E902838	金有義	김유의	Kim Yuŭi			安東 金		安東權氏成化譜	3	13	b	
E905014	李亨增	이형증	Yi Hyŏngjŭng			韓山 李	僉知	安東權氏成化譜	3	13	b	
E905018	金富弼	김부필	Kim Pup'il			善山 金	判官	安東權氏成化譜	3	13	b	
E905020	金繼孫	김계손	Kim Kyeson			善山 金	 	安東權氏成化譜	3	13	b	
E905023	安謙	안겸	An Kyŏm			順興 安	 	安東權氏成化譜	3	13	b	
E905025	河孟秩	하맹질	Ha Maengjil			晉州 河	郡事	安東權氏成化譜	3	13	b	
EA02745	河龜年	하귀년	Ha Kwinyŏn			晉州 河	 	安東權氏成化譜	3	13	b	
EA02755	李德生	이덕생	Yi Tŏksaeng				 	安東權氏成化譜	3	13	b	
E000538	禹埏	우연	U Yŏn				判官	安東權氏成化譜	3	14	a	
E101570	李公淳	이공순	Yi Kongsun			韓山 李	上護軍	安東權氏成化譜	3	14	a	
E102574	尹岑	윤잠	Yun Cham			坡平 尹		安東權氏成化譜	3	14	a	
E103061	李思	이사	Yi Sa			韓山 李	縣監	安東權氏成化譜	3	14	a	
E103078	李畏	이외	Yi Oe			韓山 李	陵直	安東權氏成化譜	3	14	a	
E901792	李仁堅	이인견	Yi In'gyŏn			韓山 李	典翰	安東權氏成化譜	3	14	a	
E905027	金理	김리	Kim Ri			淸風 金	府使	安東權氏成化譜	3	14	a	
E905029	權以經	권이경	Kwŏn Igyŏng			安東 權		安東權氏成化譜	3	14	a	
E905031	金克誠	김극성	Kim Kŭksŏng			淸風 金	別提	安東權氏成化譜	3	14	a	
E905033	禹敬祖	우경조	U Kyŏngjo			丹陽 禹		安東權氏成化譜	3	14	a	
E905034	金克諶	김극심	Kim Kŭksim			淸風 金	 	安東權氏成化譜	3	14	a	
E100857	李有榮	이유영	Yi Yuyŏng				上將	安東權氏成化譜	3	14	b	
E100859	黃峻	황준	Hwang Chun				司直	安東權氏成化譜	3	14	b	
E100861	安楨	안정	An Chŏng	安貞			 	安東權氏成化譜	3	14	b	
E103083	郭自安					玄風 郭	 	安東權氏成化譜	3	14	b	
E103084	李耕老	이경로	Yi Kyŏngno			韓山 李	忠贊	安東權氏成化譜	3	14	b	
E103089	李耕元	이경원	Yi Kyŏngwŏn	李耕源		韓山 李	 	安東權氏成化譜	3	14	b	
E103091	柳伸	유신	Yu Sin	柳紳			 	安東權氏成化譜	3	14	b	
E103095	朴時衡	박시형	Pak Sihyŏng			密陽 朴	敎理	安東權氏成化譜	3	14	b	
E402186	李叔當	이숙당	Yi Suktang			韓山 李	總制	安東權氏成化譜	3	14	b	
E901221	金克敬	김극경	Kim Kŭkkyŏng			彦陽 金	 	安東權氏成化譜	3	14	b	
E905038	李叔畦	이숙휴	Yi Sukhyu			韓山 李	牧使	安東權氏成化譜	3	14	b	
E905040	柳淨	유쟁	Yu Chaeng	柳諍		瑞寧 柳	郡事	安東權氏成化譜	3	14	b	
E905042	金承圭	김승규	Kim Sŭnggyu			順天 金	 	安東權氏成化譜	3	14	b	
E905044	沈淄	심치	Sim Ch'i					安東權氏成化譜	3	14	b	
E905047	郭汾	곽분	Kwak Pun			玄風 郭		安東權氏成化譜	3	14	b	
E905049	李思南	이사남	Yi Sanam				護軍	安東權氏成化譜	3	14	b	
E905050	金休	김휴	Kim Hyu			彦陽 金	萬戶	安東權氏成化譜	3	14	b	
E905052	金沔	김면	Kim Myŏn				僉知	安東權氏成化譜	3	14	b	
E905054	李夏孫	이하손	Yi Hason				內直	安東權氏成化譜	3	14	b	
EC00334	康衮	강곤	Kang Kon			信川 康	信川君	安東權氏成化譜	3	14	b	
6bf9c1ee-5d0d-4464-9101-c5cbc92aca9a	李廣					韓山 李		安東權氏成化譜	3	15	a	
E103518	李文壃	이문강	Yi Mun'gang			韓山 李	郡事	安東權氏成化譜	3	15	a	
E103868	李季疇	이계주	Yi Kyeju			韓山 李	正郞	安東權氏成化譜	3	15	a	
E103875	李儼	이엄	Yi Ŏm				司正	安東權氏成化譜	3	15	a	
E203039	李塏	이개	Yi Kae			韓山 李		安東權氏成化譜	3	15	a	
E205095	朴確	박확	Pak Hwak	朴擴		雲峯 朴	判官	安東權氏成化譜	3	15	a	
E205098	李苡	이이	Yi I			慶州 李	直長	安東權氏成化譜	3	15	a	
E205100	李壽淡			李壽聃		慶州 李	 	安東權氏成化譜	3	15	a	
E205105	李壽彭	이수팽	Yi Sup'aeng	李守彭		慶州 李	司直	安東權氏成化譜	3	15	a	
E303974	李克蕃	이극번	Yi Kŭkpŏn			韓山 李	司正	安東權氏成化譜	3	15	a	
E303988	柳井文	유정문	Yu Chŏngmun	柳井汶		文化 柳		安東權氏成化譜	3	15	a	
E304526	朴仁昌	박인창	Pak Inch'ang			雲峯 朴	 	安東權氏成化譜	3	15	a	
E401301	李伯常	이백상	Yi Paeksang			陽城 李	僉知	安東權氏成化譜	3	15	a	
E902014	李叔畤	이숙주	Yi Sukchu	李叔疇		韓山 李	左參贊	安東權氏成化譜	3	15	a	
E902016	李繼賢	이경현	Yi Kyŏnghyŏn	李敬賢		星州 李	校理	安東權氏成化譜	3	15	a	
E902239	李季憐					韓山 李	贊成 韓山君	安東權氏成化譜	3	15	a	
E903979	安貧世	안빈세	An Pinse			竹山 安		安東權氏成化譜	3	15	a	
E905055	李叔福	이숙복	Yi Sukpok			韓山 李	直講	安東權氏成化譜	3	15	a	
E905056	李文埤	이문비	Yi Munbi			韓山 李	郡事	安東權氏成化譜	3	15	a	
E905058	李克連	이극련	Yi Kŭngnyŏn			韓山 李	縣監	安東權氏成化譜	3	15	a	
E905060	徐吉昌	서길창	Sŏ Kilch'ang					安東權氏成化譜	3	15	a	
E905061	李克彰	이극창	Yi Kŭkch'ang	李克昌		韓山 李	生員	安東權氏成化譜	3	15	a	
EC01336	尹濱	윤빈	Yun Pin			海平 尹	判官	安東權氏成化譜	3	15	a	
EC01337	尹瑊					海平 尹		安東權氏成化譜	3	15	a	
EC01348	尹琚					海平 尹		安東權氏成化譜	3	15	a	
EC01350	李鐵拳							安東權氏成化譜	3	15	a	
E100755	崔潾	최린	Ch'oe Rin			江華 崔	生員	安東權氏成化譜	3	15	b	
E205119	李塾	이숙	Yi Suk			韓山 李	相禮	安東權氏成化譜	3	15	b	
E205138	李季甸	이계전	Yi Kyejŏn			韓山 李	領院使 韓山君	安東權氏成化譜	3	15	b	
E205140	劉沼	유소	Yu So	劉韶		金城 劉	縣監	安東權氏成化譜	3	15	b	
E205145	李浥	이읍	Yi Ŭp					安東權氏成化譜	3	15	b	
E205149	劉瑾	유근	Yu Kŭn			金城 劉	生員	安東權氏成化譜	3	15	b	
E205153	劉璟	유경	Yu Kyŏng			金城 劉	進士	安東權氏成化譜	3	15	b	
E205155	劉瓚	유찬	Yu Ch'an			金城 劉	進士	安東權氏成化譜	3	15	b	
E205156	崔延年	최연년	Ch'oe Yŏnnyŏn			江華 崔	縣監	安東權氏成化譜	3	15	b	
E205165	崔沃			崔澳		江華 崔		安東權氏成化譜	3	15	b	
E701796	盧公弼	노공필	No Kongp'il			交河 盧	典翰	安東權氏成化譜	3	15	b	
E901884	成俔	성현	Sŏng Hyŏn			昌寧 成	司經	安東權氏成化譜	3	15	b	
E901950	崔淳	최순	Ch'oe Sun			江華 崔	生員	安東權氏成化譜	3	15	b	
E101816	金軸	김축	Kim Ch'uk			義城 金	判官	安東權氏成化譜	3	16	a	
E102293	鄭繼金	정계금	Chŏng Kyegŭm			東萊 鄭	參奉	安東權氏成化譜	3	16	a	
E202344	權善	권선	Kwŏn Sŏn			醴泉 權	別坐	安東權氏成化譜	3	16	a	
E204569	閔慶安	민경안	Min Kyŏngan			驪興 閔		安東權氏成化譜	3	16	a	
E205181	李坡	이파	Yi P'a			韓山 李	參判	安東權氏成化譜	3	16	a	
E205212	李季畹					韓山 李	監察	安東權氏成化譜	3	16	a	
E205223	金崇老	김숭로	Kim Sungno			義城 金	縣監	安東權氏成化譜	3	16	a	
E205227	金運西	김운서	Kim Unsŏ					安東權氏成化譜	3	16	a	
E205229	李坦	이탄	Yi T'an			韓山 李		安東權氏成化譜	3	16	a	
E205267	朴英蕃	박영번	Pak Yŏngbŏn					安東權氏成化譜	3	16	a	
E302779	李墩					韓山 李	參軍	安東權氏成化譜	3	16	a	
EA02443	李堣	이우	Yi U			韓山 李	參議	安東權氏成化譜	3	16	a	
D402145	尹可觀	윤가관	Yun Kagwan			海平 尹		安東權氏成化譜	3	16	b	
E102527	尹愚	윤우	Yun U			坡平 尹	坡城君	安東權氏成化譜	3	16	b	
E102531	尹元根	윤원근	Yun Wŏn'gŭn			坡平 尹	主簿	安東權氏成化譜	3	16	b	
E102533	姜孟卿	강맹경	Kang Maenggyŏng			晋州 姜		安東權氏成化譜	3	16	b	
E102535	尹慈	윤자	Yun Cha			坡平 尹	觀察使	安東權氏成化譜	3	16	b	
E102538	河伯達	하백달	Ha Paektal				主簿	安東權氏成化譜	3	16	b	
E102541	尹伯煴	윤백온	Yun Paegon			坡平 尹	縣監	安東權氏成化譜	3	16	b	
E102543	趙祉	조지	Cho Chi			平壤 趙	僉知	安東權氏成化譜	3	16	b	
E102545	奇允濬	기윤준	Ki Yunjun				察訪	安東權氏成化譜	3	16	b	
E102546	尹恕	윤서	Yun Sŏ			坡平 尹	正言	安東權氏成化譜	3	16	b	
E102547	尹仲鈞	윤중균	Yun Chunggyun			坡平 尹	司勇	安東權氏成化譜	3	16	b	
E102549	兪惲	유운	Yu Un					安東權氏成化譜	3	16	b	
E102557	尹愈	윤유	Yun Yu			坡平 尹	縣監	安東權氏成化譜	3	16	b	
E102558	尹彭壽	윤팽수	Yun P'aengsu			坡平 尹	司直	安東權氏成化譜	3	16	b	
E102560	尹敏	윤민	Yun Min			坡平 尹	牧使	安東權氏成化譜	3	16	b	
E102562	尹喜孫	윤희손	Yun Hŭison			坡平 尹		安東權氏成化譜	3	16	b	
E102571	趙詮	조전	Cho Chŏn				司直	安東權氏成化譜	3	16	b	
E102576	尹之崑	윤지곤	Yun Chigon			坡平 尹		安東權氏成化譜	3	16	b	
E200338	尹伯焞	윤백돈	Yun Paekton	尹伯亨		坡平 尹	司直	安東權氏成化譜	3	16	b	
E203845	尹喜男	윤희남	Yun Hŭinam			坡平 尹		安東權氏成化譜	3	16	b	
E400791	尹須彌	윤수미	Yun Sumi			坡平 尹	司諫	安東權氏成化譜	3	16	b	
E000377	尹俊童	윤준동	Yun Chundong			坡平 尹	司直	安東權氏成化譜	3	17	a	
E101859	尹之峀	윤지수	Yun Chisu			坡平 尹		安東權氏成化譜	3	17	a	
E102577	尹之峻	윤지준	Yun Chijun			坡平 尹	奉事	安東權氏成化譜	3	17	a	
E102578	尹之崗	윤지강	Yun Chigang	尹之岡		坡平 尹	錄事	安東權氏成化譜	3	17	a	
E102579	尹之崇	윤지숭	Yun Chisung			坡平 尹		安東權氏成化譜	3	17	a	
E102581	尹之嶸	윤지영	Yun Chiyŏng			坡平 尹		安東權氏成化譜	3	17	a	
E102582	尹巖	윤암	Yun Am			坡平 尹	坡平君	安東權氏成化譜	3	17	a	
E102584	尹俊元	윤준원	Yun Chunwŏn			坡平 尹	倉守	安東權氏成化譜	3	17	a	
E102586	尹俊生	윤준생	Yun Chunsaeng			坡平 尹		安東權氏成化譜	3	17	a	
E102588	李士信	이사신	Yi Sasin			全義 李	僉知	安東權氏成化譜	3	17	a	
E203398	尹俊丁	윤준정	Yun Chunjŏng			坡平 尹		安東權氏成化譜	3	17	a	
E203619	申燦求	신찬	Sin Ch'an	申澯		高靈 申		安東權氏成化譜	3	17	a	
E501291	尹俊文	윤준문	Yun Chunmun			坡平 尹		安東權氏成化譜	3	17	a	
E702073	申從洽	신종흡	Sin Chonghŭp			高靈 申		安東權氏成化譜	3	17	a	
EC01601	尹之崙	윤지륜	Yun Chiryun			坡平 尹	錄事	安東權氏成化譜	3	17	a	
EC02307	柳末孫	유말손	Yu Malson			全州 柳	郡事	安東權氏成化譜	3	17	a	
EC02313	金繼文	김계문	Kim Kyemun	金繼門				安東權氏成化譜	3	17	a	
EC02314	柳季漳	유계장	Yu Kyejang	柳季章		全州 柳	上將	安東權氏成化譜	3	17	a	
EC02315	柳季潼	유계동	Yu Kyedong			全州 柳		安東權氏成化譜	3	17	a	
E101873	李優	이우	Yi U			全州 李	海安副正	安東權氏成化譜	3	17	b	
E103283	李哲同	이철동	Yi Ch'ŏldong	李哲仝		全州 李	把成副正	安東權氏成化譜	3	17	b	
E104686	李愊	이핍	Yi P'ip			全州 李	雲林都正	安東權氏成化譜	3	17	b	
E203048	朝鮮 孝寧大君	이보	Yi Po	李祐	李補	全州 李		安東權氏成化譜	3	17	b	
E203051	尹孝祥	윤효상	Yun Hyosang				護軍	安東權氏成化譜	3	17	b	
E203053	玄碩珪	현석규	Hyŏn Sŏkkyu			昌原 玄	承旨	安東權氏成化譜	3	17	b	
E301214	姜子平	강자평	Kang Chap'yŏng			晋州 姜		安東權氏成化譜	3	17	b	
E701469	安溫泉	안온천	An Onch'ŏn			竹山 安		安東權氏成化譜	3	17	b	
E701471	李菆	이추	Yi Ch'u			全州 李	懷義都正	安東權氏成化譜	3	17	b	
E701551	趙純	조순	Cho Sun			平壤 趙		安東權氏成化譜	3	17	b	
E805037	李亨孫	이형손	Yi Hyŏngson			全州 李	銀豊副正	安東權氏成化譜	3	17	b	
E805062	李貞孫	이정손	Yi Chŏngson			全州 李	森溪副正	安東權氏成化譜	3	17	b	
E905069	鄭易	정역	Chŏng Yŏk			海州 鄭		安東權氏成化譜	3	17	b	
E905070	李寀			李㝐		全州 李	誼城君	安東權氏成化譜	3	17	b	
E905073	李惇	이돈	Yi Ton			全州 李	岑城正	安東權氏成化譜	3	17	b	
E905075	李儞	이이	Yi I			全州 李	茂山副正	安東權氏成化譜	3	17	b	
E905078	李怡	이이	Yi I			全州 李	永新守	安東權氏成化譜	3	17	b	
EA00494	李任	이임	Yi Im			全州 李	儒城君	安東權氏成化譜	3	17	b	
EB00284	李僖	이주	Yi Chu	李儔		全州 李	長陽副正	安東權氏成化譜	3	17	b	
EB00319	李利孫	이이손	Yi Ison			全州 李	助川副正	安東權氏成化譜	3	17	b	
EB03107	李恒	이항	Yi Hang			全州 李	蓬城正	安東權氏成化譜	3	17	b	
E203060	李蒳	이납	Yi Nap			全州 李	德恩都正	安東權氏成化譜	3	18	a	
E203070	鄭由禮	정유례	Chŏng Yurye			東萊 鄭	司直	安東權氏成化譜	3	18	a	
E203078	李蒨	이천	Yi Ch'ŏn			全州 李	藥川正	安東權氏成化譜	3	18	a	
E203080	李毅			李仁		全州 李	高陽副正	安東權氏成化譜	3	18	a	
E205581	李深源	이심원	Yi Simwŏn			全州 李	朱溪副正	安東權氏成化譜	3	18	a	
E501460	崔任	최임	Ch'oe Im			全州 崔	司果	安東權氏成化譜	3	18	a	
E504061	金克鍊	김극련	Kim Kŭngnyŏn			彦陽 金	僉知	安東權氏成化譜	3	18	a	
E504569	南忻					平壤 趙		安東權氏成化譜	3	18	a	
E701526	李蒀	이온	Yi On			全州 李	提川君	安東權氏成化譜	3	18	a	
E904875	李徖	이종	Yi Chong			全州 李	栗元君	安東權氏成化譜	3	18	a	
E904876	李謙	이겸	Yi Kyŏm	李子謙		全州 李	呂陽副正	安東權氏成化譜	3	18	a	
E905080	李蕙	이혜	Yi Hye			全州 李	淸渠正	安東權氏成化譜	3	18	a	
E905082	李容	이용	Yi Yong			全州 李	寶城君	安東權氏成化譜	3	18	a	
E905086	尹之崑	윤지곤	Yun Chigon				 	安東權氏成化譜	3	18	a	
EB03097	李循	이순	Yi Sun			全州 李	新豊都正	安東權氏成化譜	3	18	a	
EB03100	柳軫						部將	安東權氏成化譜	3	18	a	
EB03102	趙永錫	조영석	Cho Yŏngsŏk			漢陽 趙		安東權氏成化譜	3	18	a	
9c8b5e5c-84c9-4027-82ff-52bc4e43a1ea	李繐					全州 李	益陽副正	安東權氏成化譜	3	18	b	
E100763	奇裕	기유	Ki Yu			幸州 奇	縣監	安東權氏成化譜	3	18	b	
E300417	任士洪	임사홍	Im Sahong			豊川 任	副提學	安東權氏成化譜	3	18	b	
E500778	李縉	이진	Yi Chin			全州 李	苪陽副正	安東權氏成化譜	3	18	b	
E901150	李密	이밀	Yi Mil			全州 李	樂安君	安東權氏成化譜	3	18	b	Name filled in using the AKS database as neither KJB nor SJWL helps resolve this.
E901159	申允宗					平山 申	府使	安東權氏成化譜	3	18	b	
E905089	李徐	이서	Yi Sŏ			全州 李	東陽正	安東權氏成化譜	3	18	b	
E905092	申永年	신영년	Sin Yŏngnyŏn			平山 申	直長	安東權氏成化譜	3	18	b	
E905094	李定	이정	Yi Chŏng			全州 李	永川君	安東權氏成化譜	3	18	b	
E905095	李仝	이동	Yi Tong			全州 李	泰江守	安東權氏成化譜	3	18	b	
E905096	李宜	이의	Yi Ŭi			全州 李	原川君	安東權氏成化譜	3	18	b	
E905097	李偕	이해	Yi Hae			全州 李	列山守	安東權氏成化譜	3	18	b	
E905098	李份	이빈	Yi Pin			全州 李	嘉恩都正	安東權氏成化譜	3	18	b	
EB00464	李行	이행	Yi Haeng			全州 李	園山正	安東權氏成化譜	3	18	b	
EB01780	奇軸	기축	Ki Ch'uk			幸州 奇	都事	安東權氏成化譜	3	18	b	
EB01789	奇襸	기찬	Ki Ch'an			幸州 奇	正字	安東權氏成化譜	3	18	b	
EB03237	鄭悰	정종	Chŏng Chong			海州 鄭		安東權氏成化譜	3	18	b	
EC02232	鄭眉壽	정미수	Chŏng Misu			海州 鄭	奉事	安東權氏成化譜	3	18	b	
5b5c0d88-8722-404b-bd46-a23883b9c6fd	崔延命						縣監	安東權氏成化譜	3	19	a	
E100315	鄭有慶	정유경	Chŏng Yugyŏng	鄭由慶		海州 鄭	奉事	安東權氏成化譜	3	19	a	
E104839	李三老	이삼로	Yi Samno			全義 李		安東權氏成化譜	3	19	a	
E201010	鄭文明	정문명	Chŏng Munmyŏng			海州 鄭		安東權氏成化譜	3	19	a	
E201011	鄭忻	정흔	Chŏng Hŭn			海州 鄭	僉正	安東權氏成化譜	3	19	a	
E304180	李琰	이염	Yi Yŏm			全州 李	永膺大君	安東權氏成化譜	3	19	a	
E901020	金永錘	김영추	Kim Yŏngch'u			安東 金		安東權氏成化譜	3	19	a	
E902920	鄭元老	정원로	Chŏng Wŏllo			西原 鄭	縣監	安東權氏成化譜	3	19	a	
E903292	鄭忠碩	정충석	Chŏng Ch'ungsŏk			海州 鄭	中樞	安東權氏成化譜	3	19	a	
E903293	鄭憺	정담	Chŏng Tam			海州 鄭	縣監	安東權氏成化譜	3	19	a	
E903294	鄭守慶	정수경	Chŏng Sugyŏng			海州 鄭	 	安東權氏成化譜	3	19	a	
E903313	鄭恬	정념	Chŏng Nyŏm			海州 鄭	縣監	安東權氏成化譜	3	19	a	
E905106	李繼長	이계장	Yi Kyejang			仁川 李	府使	安東權氏成化譜	3	19	a	
E905109	金俱	김구	Kim Ku	金具		延安 金	別侍	安東權氏成化譜	3	19	a	
E905111	金淃	김항	Kim Hang	金港		義城 金	著作	安東權氏成化譜	3	19	a	
EA00387	陳猷	진유	Chin Yu			驪陽 陳		安東權氏成化譜	3	19	a	
EB01750	鄭忱	정침	Chŏng Ch'im			海州 鄭	參議	安東權氏成化譜	3	19	a	
EC02556	辛碩敦	신석돈	Sin Sŏkton	申錫敦		平山 申	 	安東權氏成化譜	3	19	a	
D401296	權執中	권집중	Kwŏn Chipchung			安東 權		安東權氏成化譜	3	19	b	
D905116	權執經	권집경	Kwŏn Chipkyŏng			安東 權		安東權氏成化譜	3	19	b	
E101500	崔命孫	최명손	Ch'oe Myŏngson			江陵 崔	僉正	安東權氏成化譜	3	19	b	
E104226	李調陽	이정양	Yi Chŏngyang	李貞陽		益州 李	僉知	安東權氏成化譜	3	19	b	
E203608	尹瀣	윤해	Yun Hae			茂松 尹		安東權氏成化譜	3	19	b	
E401295	權永鈞	권영균	Kwŏn Yŏnggyun			安東 權	宣授光祿事 大卿	安東權氏成化譜	3	19	b	
E502758	宋訓					鎭川 宋		安東權氏成化譜	3	19	b	
E905119	金有溫	김유온	Kim Yuon			順天 金	參議	安東權氏成化譜	3	19	b	
EA00643	金亨石	김형석	Kim Hyŏngsŏk			順天 金	大護軍	安東權氏成化譜	3	19	b	
EA00644	金若枰	김약평	Kim Yakp'yŏng			順天 金		安東權氏成化譜	3	19	b	
EA00693	金用石	김용석	Kim Yongsŏk			光州 金		安東權氏成化譜	3	19	b	
EB01023	李扶	이부	Yi Pu			陽城 李		安東權氏成化譜	3	19	b	
EB01026	宋譚	송담	Song Tam			鎭川 宋	主簿	安東權氏成化譜	3	19	b	
EB01042	宋讚	송찬	Song Ch'an			鎭川 宋	進士	安東權氏成化譜	3	19	b	
EB01067	奉至	봉지	Pong Chi	奉祉		河陰 奉		安東權氏成化譜	3	19	b	
EB01068	宋誡	송계	Song Kye			鎭川 宋		安東權氏成化譜	3	19	b	
EB01886	禹敬宗	우경종	U Kyŏngjong			丹陽 禹	 	安東權氏成化譜	3	19	b	
EC00178	柳漵	유서	Yu Sŏ			文化 柳		安東權氏成化譜	3	19	b	
EC00312	許晩石	허만석	Hŏ Mansŏk			陽川 許	監察	安東權氏成化譜	3	19	b	
EC00313	禹繼蕃	우계반	U Kyeban	禹繼潘		丹陽 禹	府使	安東權氏成化譜	3	19	b	
EC00315	閔不害	민불해	Min Purhae			驪興 閔	掌令	安東權氏成化譜	3	19	b	
EC00317	宋翌	송익	Song Ik	宋翼		鎭川 宋	郡事	安東權氏成化譜	3	19	b	
EC00319	宋衣	송의	Song Ŭi			鎭川 宋	僉知	安東權氏成化譜	3	19	b	
EC00321	崔店	최점	Ch'oe Chŏm			江陵 崔	注書	安東權氏成化譜	3	19	b	
EC00322	宋裳					鎭川 宋		安東權氏成化譜	3	19	b	
E101170	南景壽	남경수	Nam Kyŏngsu			宜寧 南	護軍	安東權氏成化譜	3	20	a	
E102477	金士恭	김사공	Kim Sagong			安山 金	僉知	安東權氏成化譜	3	20	a	
E102797	權永昌	권영창	Kwŏn Yŏngch'ang			安東 權	縣監	安東權氏成化譜	3	20	a	
E102798	權致明	권치명	Kwŏn Ch'imyŏng			安東 權	郡守	安東權氏成化譜	3	20	a	
E102800	柳眉	유미	Yu Mi				司正	安東權氏成化譜	3	20	a	
E102802	許祥	허상	Hŏ Sang	許詳			 	安東權氏成化譜	3	20	a	
E102807	權億壽	권억수	Kwŏn Ŏksu			安東 權	 	安東權氏成化譜	3	20	a	
E102809	趙由信	조유신	Cho Yusin			平壤 趙		安東權氏成化譜	3	20	a	
E102814	權致敬	권치경	Kwŏn Ch'igyŏng			安東 權	錄事	安東權氏成化譜	3	20	a	
E301320	金安節	김안절	Kim Anjŏl			義城 金	司正	安東權氏成化譜	3	20	a	
E303648	李孟孝	이맹효	Yi Maenghyo			全義 李	 	安東權氏成化譜	3	20	a	
E400501	閔無悔	민무회	Min Muhoe			驪興 閔	及第	安東權氏成化譜	3	20	a	
E401270	邊尙同	변상동	Pyŏn Sangdong			原州 邊	監察	安東權氏成化譜	3	20	a	
E401272	權執智	권집지	Kwŏn Chipchi			安東 權		安東權氏成化譜	3	20	a	
E800251	權寬	권관	Kwŏn Kwan			安東 權	司勇	安東權氏成化譜	3	20	a	
E905126	洪居安	홍거안	Hong Kŏan			南陽 洪	上護軍	安東權氏成化譜	3	20	a	
E905131	金景達	김경달	Kim Kyŏngdal				縣監	安東權氏成化譜	3	20	a	
E905132	邊致安	변치안	Pyŏn Ch'ian	邊致英		原州 邊	 	安東權氏成化譜	3	20	a	
EA00264	邊祥	변상	Pyŏn Sang			原州 邊	進士	安東權氏成化譜	3	20	a	
EA01440	邊孝順	변효순	Pyŏn Hyosun			原州 邊	柔川尉	安東權氏成化譜	3	20	a	
EA01441	邊德順	변덕순	Pyŏn Tŏksun			原州 邊	宮直	安東權氏成化譜	3	20	a	
EA01473	鄭苯	정분	Chŏng Pun			晋州 鄭		安東權氏成化譜	3	20	a	
EA01475	李逮	이체	Yi Ch'e	李棣		全義 李	司直	安東權氏成化譜	3	20	a	Established as the same figure appearing in 3.42a as 李棣 using KJB 3.37b.
0d2feaa0-30c3-40aa-bd9f-4230ee4d8185	邊生順					原州 邊		安東權氏成化譜	3	20	b	
81cacc31-af04-41b8-8b82-d1e023177099	邊陲					原州 邊		安東權氏成化譜	3	20	b	
ce38a80b-32f5-4933-b963-4419c9a84e27	尹𡵻					坡平 尹		安東權氏成化譜	3	20	b	
E102820	李根剛	이근강	Yi Kŭn'gang			延安 李		安東權氏成化譜	3	20	b	
E102821	李仁畦	이인휴	Yi Inhyu			延安 李	判官	安東權氏成化譜	3	20	b	
E102827	卞鈞	변균	Pyŏn Kyun			草溪 卞		安東權氏成化譜	3	20	b	
E102831	權永善	권영선	Kwŏn Yŏngsŏn			安東 權	 	安東權氏成化譜	3	20	b	
E102832	權致中	권치중	Kwŏn Ch'ijung			安東 權	僉正	安東權氏成化譜	3	20	b	
E102834	權仁孫	권인손	Kwŏn Inson			安東 權		安東權氏成化譜	3	20	b	
E102837	權終孫	권의손	Kwŏn Ŭison	權義孫		安東 權	 	安東權氏成化譜	3	20	b	
E102839	吉修	길수	Kil Su				 	安東權氏成化譜	3	20	b	
E102842	權禮孫	권예손	Kwŏn Yeson			安東 權	 	安東權氏成化譜	3	20	b	
E102843	權智孫	권지손	Kwŏn Chison			安東 權	 	安東權氏成化譜	3	20	b	
E102853	趙由誠	조유성	Cho Yusŏng			平壤 趙	 	安東權氏成化譜	3	20	b	
E102857	鄭而恭	정이공	Chŏng Igong				署令	安東權氏成化譜	3	20	b	
E102858	鄭大椿	정대춘	Chŏng Taech'un				 	安東權氏成化譜	3	20	b	
E202281	李垦	이간	Yi Kan	李墾		延安 李		安東權氏成化譜	3	20	b	
E203646	申泌	신필	Sin P'il			高靈 申		安東權氏成化譜	3	20	b	
E304508	尹峋	윤순	Yun Sun			坡平 尹		安東權氏成化譜	3	20	b	
E700884	權信孫	권신손	Kwŏn Sinson			安東 權	 	安東權氏成化譜	3	20	b	
E800281	李垠	이은	Yi Ŭn			延安 李	進士	安東權氏成化譜	3	20	b	
E902216	尹峻	윤준	Yun Chun			坡平 尹	縣監	安東權氏成化譜	3	20	b	
EA01480	尹三元	윤삼원	Yun Samwŏn			坡平 尹	縣監	安東權氏成化譜	3	20	b	
EC01289	尹漬	윤지	Yun Chi			茂松 尹		安東權氏成化譜	3	20	b	SHB records as 閔漬. Corrected according to KJB 6.58b. However, child order in KJB is 4.
D905137	權執德	권집덕	Kwŏn Chiptŏk			安東 權	 	安東權氏成化譜	3	21	a	
E800351	權景禧	권경희	Kwŏn Kyŏnghŭi			安東 權	進士	安東權氏成化譜	3	21	a	
E802165	權金錫	권금석	Kwŏn Kŭmsŏk			安東 權	進士	安東權氏成化譜	3	21	a	
E808035	權繼祐	권계우	Kwŏn Kyeu			安東 權	司正	安東權氏成化譜	3	21	a	
E905139	權惇	권돈	Kwŏn Ton			安東 權	檢中樞	安東權氏成化譜	3	21	a	
E905140	權恢	권회	Kwŏn Hoe			安東 權	署令	安東權氏成化譜	3	21	a	
E905142	李純全	이순전	Yi Sunjŏn	李安全		全義 李	牧使	安東權氏成化譜	3	21	a	
E905145	尹黃	윤황	Yun Hwang				 	安東權氏成化譜	3	21	a	
E905146	權孝誠	권효성	Kwŏn Hyosŏng			安東 權	司正	安東權氏成化譜	3	21	a	
E905148	鄭從雅	정종아	Chŏng Chonga				僉知	安東權氏成化譜	3	21	a	
E905150	金有宗	김유종	Kim Yujong				 	安東權氏成化譜	3	21	a	
E905151	權孝仁	권효인	Kwŏn Hyoin			安東 權	 	安東權氏成化譜	3	21	a	
E905152	權忖	권촌	Kwŏn Ch'on			安東 權	郡事	安東權氏成化譜	3	21	a	
E905154	權繼福	권계복	Kwŏn Kyebok			安東 權	生員	安東權氏成化譜	3	21	a	
E905155	權鐵同	권철동	Kwŏn Ch'ŏldong			安東 權	 	安東權氏成化譜	3	21	a	
E905156	權承同	권승동	Kwŏn Sŭngdong			安東 權	 	安東權氏成化譜	3	21	a	
EA01634	權耋	권모	Kwŏn Mo			安東 權	縣監	安東權氏成化譜	3	21	a	
EC00414	權永和	권영화	Kwŏn Yŏnghwa			安東 權	郡事	安東權氏成化譜	3	21	a	
D905168	權總	권총	Kwŏn Ch'ong			安東 權		安東權氏成化譜	3	21	b	
E301567	趙昌門	조창문	Cho Ch'angmun			平壤 趙	進士	安東權氏成化譜	3	21	b	
E504568	趙揚門	조양문	Cho Yangmun			平壤 趙	生員	安東權氏成化譜	3	21	b	
E602955	柳潾	유린	Yu Rin			晋州 柳		安東權氏成化譜	3	21	b	
E700907	趙益貞	조익정	Cho Ikchŏng	趙益禎		豊壤 趙	僉正	安東權氏成化譜	3	21	b	
E903216	趙乘	조승	Cho Sŭng			平壤 趙		安東權氏成化譜	3	21	b	
E903218	趙得仁	조득인	Cho Tŭgin			平壤 趙	僉知	安東權氏成化譜	3	21	b	
E903222	趙亨門	조형문	Cho Hyŏngmun			平壤 趙	奉事	安東權氏成化譜	3	21	b	
E905161	孫順宗	손순종	Son Sunjong				司正	安東權氏成化譜	3	21	b	
E905163	孫胤河	손윤하	Son Yunha			一直 孫		安東權氏成化譜	3	21	b	
E905167	孫荀茂	손순욱	Son Sunuk	孫荀彧		一直 孫	 	安東權氏成化譜	3	21	b	
E905170	卞季良					草溪 卞	參贊	安東權氏成化譜	3	21	b	
E905176	權尙溫	권상온	Kwŏn Sangon			安東 權	判通禮門事	安東權氏成化譜	3	21	b	
E905177	權擇	권택	Kwŏn T'aek			安東 權	正郞	安東權氏成化譜	3	21	b	
E905180	朴儁	박준	Pak Chun				 	安東權氏成化譜	3	21	b	
E905182	尹元根	윤원근	Yun Wŏn'gŭn				 	安東權氏成化譜	3	21	b	
E905184	柳闢	유벽	Yu Pyŏk				忠贊衛	安東權氏成化譜	3	21	b	
E905186	柳祚	유조	Yu Cho				 	安東權氏成化譜	3	21	b	
E905189	許末石	허말석	Hŏ Malsŏk			陽川 許	郡事	安東權氏成化譜	3	21	b	
E905190	權揀	권간	Kwŏn Kan			安東 權	直長	安東權氏成化譜	3	21	b	
E905191	權尙良	권상량	Kwŏn Sangnyang			安東 權	判官	安東權氏成化譜	3	21	b	
E905192	權關	권관	Kwŏn Kwan			安東 權	別提	安東權氏成化譜	3	21	b	
E905196	權子忠	권자충	Kwŏn Chach'ung			安東 權		安東權氏成化譜	3	21	b	
EB01363	權潞	권로	Kwŏn Ro			安東 權	主簿	安東權氏成化譜	3	21	b	
EB01369	權子厚	권자후	Kwŏn Chahu			安東 權	進士	安東權氏成化譜	3	21	b	
E302288	金安生	김안생	Kim Ansaeng			善山 金		安東權氏成化譜	3	22	a	
E401549	權崇知	권숭지	Kwŏn Sungji			安東 權	牧使	安東權氏成化譜	3	22	a	
E401550	權崇厚	권숭후	Kwŏn Sunghu			安東 權	按撫使	安東權氏成化譜	3	22	a	
E401551	權崇敬	권숭경	Kwŏn Sunggyŏng			安東 權	 	安東權氏成化譜	3	22	a	
E401552	權崇謹	권숭근	Kwŏn Sunggŭn			安東 權	 	安東權氏成化譜	3	22	a	
EA02441	安俊						司直	安東權氏成化譜	3	22	a	
EA02445	李碩孫							安東權氏成化譜	3	22	a	
EA02446	權耳	권이	Kwŏn I			安東 權	大護軍	安東權氏成化譜	3	22	a	
EA02447	權石基	권석기	Kwŏn Sŏkki			安東 權	 	安東權氏成化譜	3	22	a	
EA02448	權石址	권석지	Kwŏn Sŏkchi			安東 權	 	安東權氏成化譜	3	22	a	
EA02449	權石埻	권석준	Kwŏn Sŏkchun			安東 權	 	安東權氏成化譜	3	22	a	
EA03110	權旭	권욱	Kwŏn Uk			安東 權	上將	安東權氏成化譜	3	22	a	
EA03115	朴薰					春川 朴	進士	安東權氏成化譜	3	22	a	
EB03952	權綏	권수	Kwŏn Su			安東 權	主簿	安東權氏成化譜	3	22	a	
EB03953	權敬溫	권경온	Kwŏn Kyŏngon			安東 權	監察	安東權氏成化譜	3	22	a	
EB03956	金仁安	김인안	Kim Inan				郡事	安東權氏成化譜	3	22	b	
EB03958	朴紹楨	박소정	Pak Sojŏng				訓導	安東權氏成化譜	3	22	b	
EB03959	朴碩	박석	Pak Sŏk				 	安東權氏成化譜	3	22	b	
EB03960	朴礩	박질	Pak Chil				 	安東權氏成化譜	3	22	b	
EB03961	朴確	박확	Pak Hwak				 	安東權氏成化譜	3	22	b	
EB03965	吳順孫	오순손	O Sunson				僉知	安東權氏成化譜	3	22	b	
EB03966	吳祖同	오조동	O Chodong				 	安東權氏成化譜	3	22	b	
EB03971	徐恒	서항	Sŏ Hang				縣監	安東權氏成化譜	3	22	b	
EB03972	徐方同	서방동	Sŏ Pangdong				 	安東權氏成化譜	3	22	b	
EB03973	徐方賣	서방매	Sŏ Pangmae				 	安東權氏成化譜	3	22	b	
EB03974	徐方千	서방천	Sŏ Pangch'ŏn				 	安東權氏成化譜	3	22	b	
EB03976	金永保	김영보	Kim Yŏngbo				護軍	安東權氏成化譜	3	22	b	
EB03980	吳廣孫	오광손	O Kwangson				 	安東權氏成化譜	3	22	b	
EB03983	金永全	김영전	Kim Yŏngjŏn				 	安東權氏成化譜	3	22	b	
EB03984	權孚	권부	Kwŏn Pu			安東 權	 	安東權氏成化譜	3	22	b	
EB03985	權緩	권완	Kwŏn Wan			安東 權	牧使	安東權氏成化譜	3	22	b	
e6ab8ec9-e2c8-4f71-94ae-dae6ae624f1f	金孝孫							安東權氏成化譜	3	23	a	
EA03465	閔乙巽					驪興 閔	縣監	安東權氏成化譜	3	23	a	
EB03986	金廉	김렴	Kim Ryŏm			英陽 金	 	安東權氏成化譜	3	23	a	
EB03987	金輔祥	김보상	Kim Posang			英陽 金	司直	安東權氏成化譜	3	23	a	
EB03988	金敬智					英陽 金	司直	安東權氏成化譜	3	23	a	
EB03990	高益生	고익생	Ko Iksaeng				司直	安東權氏成化譜	3	23	a	
EB03992	趙元卿	조원경	Cho Wŏn'gyŏng				縣監	安東權氏成化譜	3	23	a	
EB03995	李璘						護軍	安東權氏成化譜	3	23	a	
EB03997	金皎	김교	Kim Kyo				副使	安東權氏成化譜	3	23	a	
EB03998	金敬忠	김경충	Kim Kyŏngch'ung				別提	安東權氏成化譜	3	23	a	
EB03999	金比南	김비남	Kim Pinam				 	安東權氏成化譜	3	23	a	
EB04001	安率	안솔	An Sol				縣監	安東權氏成化譜	3	23	a	
EB04003	李貞	이정	Yi Chŏng				判官	安東權氏成化譜	3	23	a	
EB04004	金輔南	김보남	Kim Ponam				司正	安東權氏成化譜	3	23	a	
EB04005	金似南	김사남	Kim Sanam				司直	安東權氏成化譜	3	23	a	
EB04007	辛叔和	신숙화	Sin Sukhwa			靈山 辛	司直	安東權氏成化譜	3	23	a	
EB04011	禹仁熟	우인숙	U Insuk				生員	安東權氏成化譜	3	23	a	
EB04012	金蘇	김소	Kim So			英陽 金	 	安東權氏成化譜	3	23	a	
EB04013	金有亨	김유형	Kim Yuhyŏng			英陽 金	 	安東權氏成化譜	3	23	a	
EB04015	金始孫	김시손	Kim Sison				 	安東權氏成化譜	3	23	a	
EB04017	金介石	김개석	Kim Kaesŏk				 	安東權氏成化譜	3	23	a	
EB04019	曹範	조범	Cho Pŏm				縣監	安東權氏成化譜	3	23	a	
EB04020	金德孫	김덕손	Kim Tŏkson				 	安東權氏成化譜	3	23	a	
E901941	成愼仁			成信仁		昌寧 成	 	安東權氏成化譜	3	23	b	
EA03471	鄭夏	정하	Chŏng Ha			慶州 鄭	錄事	安東權氏成化譜	3	23	b	
EA03473	閔善					驪興 閔	 	安東權氏成化譜	3	23	b	
EB04024	鄭自諴	정자함	Chŏng Chaham				判官	安東權氏成化譜	3	23	b	
EB04027	任柔	임유	Im Yu			豊川 任	監察	安東權氏成化譜	3	23	b	
EB04028	任世衡	임세형	Im Sehyŏng			豊川 任	 	安東權氏成化譜	3	23	b	
EB04030	尹堡	윤보	Yun Po					安東權氏成化譜	3	23	b	
EB04031	任輔衡	임보형	Im Pohyŏng			豊川 任	監察	安東權氏成化譜	3	23	b	
EB04033	崔井涓	최정연	Ch'oe Chŏngyŏn				縣監	安東權氏成化譜	3	23	b	
EB04034	崔潔	최결	Ch'oe Kyŏl				訓導	安東權氏成化譜	3	23	b	
EB04035	崔漣	최련	Ch'oe Ryŏn				 	安東權氏成化譜	3	23	b	
EB04037	李耈年						司直	安東權氏成化譜	3	23	b	
EB04038	崔濘	최녕	Ch'oe Nyŏng				 	安東權氏成化譜	3	23	b	
EB04039	金自慶	김자경	Kim Chagyŏng			英陽 金	 	安東權氏成化譜	3	23	b	
EB04041	林亨	임형	Im Hyŏng				司直	安東權氏成化譜	3	23	b	
EB04042	金庥	김휴	Kim Hyu			英陽 金	 	安東權氏成化譜	3	24	a	
EB04043	金孟祥	김맹상	Kim Maengsang				上少卿	安東權氏成化譜	3	24	a	
EB04044	金仲祥	김중상	Kim Chungsang			英陽 金	 	安東權氏成化譜	3	24	a	
EB04045	金積福	김적복	Kim Chŏkpok			英陽 金	評事	安東權氏成化譜	3	24	a	
EB04046	金積學	김적학	Kim Chŏkhak				護軍	安東權氏成化譜	3	24	a	
EB04047	金積祿	김적록	Kim Chŏngnok				司正	安東權氏成化譜	3	24	a	
EB04048	金積海	김적해	Kim Chŏkhae				 	安東權氏成化譜	3	24	a	
EB04049	金積善	김적선	Kim Chŏksŏn				司直	安東權氏成化譜	3	24	a	
EB04050	金積德	김적덕	Kim Chŏktŏk				司直	安東權氏成化譜	3	24	a	
EB04052	金季祥	김계상	Kim Kyesang				 	安東權氏成化譜	3	24	a	
E103578	金自琓	김자완	Kim Chawan			安東 金	縣監	安東權氏成化譜	3	24	b	
E103580	柳哲孫	유철손	Yu Ch'ŏlson			文化 柳		安東權氏成化譜	3	24	b	
E202244	韓確	한확	Han Hwak			淸州 韓	左議政 西原府院君	安東權氏成化譜	3	24	b	
E401603	韓健	한건	Han Kŏn			淸州 韓		安東權氏成化譜	3	24	b	
E501146	李瀜					全州 李	江陽君	安東權氏成化譜	3	24	b	
E501193	李湜	이식	Yi Sik			全州 李	富林君	安東權氏成化譜	3	24	b	
E803636	鄭由智					東萊 鄭	主簿	安東權氏成化譜	3	24	b	
E803690	韓世補					淸州 韓		安東權氏成化譜	3	24	b	
E803704	韓世祐	한세우	Han Seu	韓世佑		淸州 韓		安東權氏成化譜	3	24	b	
E803741	韓儹					淸州 韓	正郞	安東權氏成化譜	3	24	b	
E803783	金允剛	김윤강	Kim Yun'gang			安東 金	 	安東權氏成化譜	3	24	b	
E803786	金允精					安東 金	參奉	安東權氏成化譜	3	24	b	
E901479	李璔	이증	Yi Chŭng			全州 李	桂陽君	安東權氏成化譜	3	24	b	
E901481	李澧	이례	Yi Rye			全州 李	寧原君	安東權氏成化譜	3	24	b	
E901486	安繼宋					順興 安	直長	安東權氏成化譜	3	24	b	
EA03334	申永保	신영보	Sin Yŏngbo			平山 申		安東權氏成化譜	3	24	b	
EB01922	李季寧			李繼寧		星州 李	僉知	安東權氏成化譜	3	24	b	
E000022	韓忠信	한충신	Han Ch'ungsin			淸州 韓	司勇	安東權氏成化譜	3	25	a	
E103581	韓致義	한치의	Han Ch'iŭi			淸州 韓	靑陽君	安東權氏成化譜	3	25	a	
E103584	韓致禮	한치례	Han Ch'irye			淸州 韓	西陵君	安東權氏成化譜	3	25	a	
E103584	韓翊					淸州 韓		安東權氏成化譜	3	25	a	
E103586	韓碩					淸州 韓	參議	安東權氏成化譜	3	25	a	
E103592	韓忠義	한충의	Han Ch'ungŭi			淸州 韓	上護軍	安東權氏成化譜	3	25	a	
E103598	韓忠禮	한충례	Han Ch'ungnye			淸州 韓	上護軍	安東權氏成化譜	3	25	a	
E103601	韓忠智	한충지	Han Ch'ungji			淸州 韓	護軍	安東權氏成化譜	3	25	a	
E103604	韓忠常					淸州 韓	司勇	安東權氏成化譜	3	25	a	
E203197	韓忠仁	한충인	Han Ch'ungin			淸州 韓	節度使	安東權氏成化譜	3	25	a	
E901920	成健	성건	Sŏng Kŏn			昌寧 成	判官	安東權氏成化譜	3	25	a	
E000575	韓致亨	한치형	Han Ch'ihyŏng			淸州 韓	青城君	安東權氏成化譜	3	25	b	
E100624	韓運	한운	Han Un			淸州 韓	司猛	安東權氏成化譜	3	25	b	
E103611	金承恪	김승각	Kim Sŭnggak				 	安東權氏成化譜	3	25	b	
E804045	韓達	한달	Han Tal			淸州 韓		安東權氏成化譜	3	25	b	
E804075	林有琛	임유침	Im Yuch'im			保安 林		安東權氏成化譜	3	25	b	
E902007	韓致元	한치원	Han Ch'iwŏn			淸州 韓	郡事	安東權氏成化譜	3	25	b	
EB04054	韓連	한련	Han Ryŏn			淸州 韓	司勇	安東權氏成化譜	3	25	b	
EB04056	權永誠	권영성	Kwŏn Yŏngsŏng			安東 權	萬戶	安東權氏成化譜	3	25	b	
EB04057	權奉升	권봉승	Kwŏn Pongsŭng			安東 權	司直	安東權氏成化譜	3	25	b	
EB04058	權奉丁	권봉정	Kwŏn Pongjŏng			安東 權	 	安東權氏成化譜	3	25	b	
EB04059	權奉衡	권봉형	Kwŏn Ponghyŏng			安東 權	 	安東權氏成化譜	3	25	b	
EB04060	權奉臨	권봉림	Kwŏn Pongnim			安東 權	生員	安東權氏成化譜	3	25	b	
EB04062	金可則	김가칙	Kim Kach'ik				 	安東權氏成化譜	3	25	b	
EB04064	李孝梅	이효매	Yi Hyomae				 	安東權氏成化譜	3	25	b	
EB04066	金瑀	김우	Kim U				 	安東權氏成化譜	3	25	b	
E001024	權永愼	권영신	Kwŏn Yŏngsin			安東 權		安東權氏成化譜	3	26	a	
E001025	權錘	권추	Kwŏn Ch'u			安東 權	司直	安東權氏成化譜	3	26	a	
E001040	張末孫					仁同 張	僉知	安東權氏成化譜	3	26	a	
E001066	權鈞	권균	Kwŏn Kyun			安東 權	司正	安東權氏成化譜	3	26	a	
E001069	金成慶	김성경	Kim Sŏnggyŏng			善山 金	判官	安東權氏成化譜	3	26	a	
E202678	孟繼曾	맹계증	Maeng Kyejŭng			新昌 孟	直長	安東權氏成化譜	3	26	a	
E305680	李士平	이사평	Yi Sap'yŏng			長水 李		安東權氏成化譜	3	26	a	
EB04068	權永保	권영보	Kwŏn Yŏngbo			安東 權	直長	安東權氏成化譜	3	26	a	
EB04069	權慶	권경	Kwŏn Kyŏng			安東 權	護軍	安東權氏成化譜	3	26	a	
EB04070	權偮	권즙	Kwŏn Chŭp			安東 權	 	安東權氏成化譜	3	26	a	
EB04072	趙季瑾	조계근	Cho Kyegŭn				通禮	安東權氏成化譜	3	26	a	
EB04074	崔叔	최숙	Ch'oe Suk				正郞	安東權氏成化譜	3	26	a	
EB04075	權悰	권종	Kwŏn Chong			安東 權	別侍	安東權氏成化譜	3	26	a	
EB04077	朴元根	박원근	Pak Wŏn'gŭn				上將	安東權氏成化譜	3	26	a	
EB04078	權恂					安東 權	忠贊衛	安東權氏成化譜	3	26	a	
EB04080	朴嚴	박엄	Pak Ŏm				甲士	安東權氏成化譜	3	26	a	
EB04082	孟碩堅	맹석견	Maeng Sŏkkyŏn			新昌 孟	 	安東權氏成化譜	3	26	a	
EB04083	孟碩俊	맹석준	Maeng Sŏkchun			新昌 孟	司直	安東權氏成化譜	3	26	a	
EB04085	安修義	안수의	An Suŭi				生員	安東權氏成化譜	3	26	a	
EC02379	李秉正	이병정	Yi Pyŏngjŏng			全義 李	僉知	安東權氏成化譜	3	26	a	
EC03374	孟碩敬	맹석경	Maeng Sŏkkyŏng			新昌 孟	 	安東權氏成化譜	3	26	a	
EA03183	柳僡					文化 柳	上護軍	安東權氏成化譜	3	26	b	
EB02139	柳儹	유찬	Yu Ch'an			文化 柳	上護軍	安東權氏成化譜	3	26	b	
EB02156	柳復					文化 柳	司直	安東權氏成化譜	3	26	b	
EB02166	柳孟孫	유맹손	Yu Maengson			文化 柳	生員	安東權氏成化譜	3	26	b	
EB02194	柳千孫					文化 柳		安東權氏成化譜	3	26	b	
EB02222	柳績	유적	Yu Chŏk			文化 柳	別坐	安東權氏成化譜	3	26	b	
EB02223	柳孝孫	유효손	Yu Hyoson			文化 柳		安東權氏成化譜	3	26	b	
EB04087	李存性	이존성	Yi Chonsŏng				三司右事	安東權氏成化譜	3	26	b	
EB04089	河演	하연	Ha Yŏn			晉州 河	領議政	安東權氏成化譜	3	26	b	
EB04090	河孝明	하효명	Ha Hyomyŏng				正郞	安東權氏成化譜	3	26	b	
EB04091	河孟淳	하맹순	Ha Maengsun				縣監	安東權氏成化譜	3	26	b	
EB04092	河福山	하복산	Ha Poksan				縣監	安東權氏成化譜	3	26	b	
EB04094	朴貴孫	박귀손	Pak Kwison				 	安東權氏成化譜	3	26	b	
EB04095	河悌明	하제명	Ha Chemyŏng			晉州 河	佐郞	安東權氏成化譜	3	26	b	
EB04096	河友明	하우명	Ha Umyŏng			晉州 河	中樞	安東權氏成化譜	3	26	b	
EB04098	柳季孫	유계손	Yu Kyeson			文化 柳	 	安東權氏成化譜	3	26	b	
EC00486	柳京生					文化 柳	牧使	安東權氏成化譜	3	26	b	
D401299	廉頤	염이	Yŏm I	廉怡		瑞原 廉	僉知 通禮門事	安東權氏成化譜	3	27	a	
D401697	廉致中	염치중	Yŏm Ch'ijung			瑞原 廉	密直事	安東權氏成化譜	3	27	a	
E204456	辛壽聃	신수담	Sin Sudam			靈山 辛	縣監	安東權氏成化譜	3	27	a	
E401297	李伯良	이백량	Yi Paengnyang			陽城 李	檢中樞	安東權氏成化譜	3	27	a	
E702705	辛永禧	신영희	Sin Yŏnghŭi	辛永僖		靈山 辛		安東權氏成化譜	3	27	a	
E900147	金哲鈞					安東 金	主簿	安東權氏成化譜	3	27	a	
E903571	金孟廉	김맹렴	Kim Maengnyŏm			安東 金	監察	安東權氏成化譜	3	27	a	
E903573	金壽元	김수원	Kim Suwŏn			安東 金	 	安東權氏成化譜	3	27	a	
E903576	金壽仁	김수인	Kim Suin			安東 金	 	安東權氏成化譜	3	27	a	
E903577	金壽眞	김수진	Kim Sujin			安東 金	 	安東權氏成化譜	3	27	a	
EA01806	李孝奉	이효봉	Yi Hyobong			陽城 李	別侍	安東權氏成化譜	3	27	a	
EA01807	李長孫	이장손	Yi Changson			陽城 李	 	安東權氏成化譜	3	27	a	
EA01813	李蓿	이숙	Yi Suk			陽城 李	察訪	安東權氏成化譜	3	27	a	
EA01814	李孝孫	이효손	Yi Hyoson			陽城 李	 	安東權氏成化譜	3	27	a	
EB02505	柳纁	유훈	Yu Hun			文化 柳		安東權氏成化譜	3	27	a	
EB04100	安友參	안우삼	An Usam				 	安東權氏成化譜	3	27	a	
EB04104	姜淮伯	강회백	Kang Hoebaek			晋州 姜		安東權氏成化譜	3	27	a	
E000919	廉順良	염순량	Yŏm Sullyang			瑞原 廉	直長	安東權氏成化譜	3	27	b	
E103522	廉尙恒	염상항	Yŏm Sanghang			瑞原 廉	郡事	安東權氏成化譜	3	27	b	
E103523	廉修	염수	Yŏm Su			瑞原 廉	 	安東權氏成化譜	3	27	b	
E103526	李念智					牙州 李	殿直	安東權氏成化譜	3	27	b	
E103528	廉貴恒	염귀항	Yŏm Kwihang			瑞原 廉	生員	安東權氏成化譜	3	27	b	
E103529	廉有恒	염유항	Yŏm Yuhang			瑞原 廉	副司直	安東權氏成化譜	3	27	b	
EA01818	李葳	이위	Yi Wi			陽城 李	 	安東權氏成化譜	3	27	b	
EA01822	李蘅	이형	Yi Hyŏng			陽城 李	別侍	安東權氏成化譜	3	27	b	
EA01832	李菖	이창	Yi Ch'ang			陽城 李	內禁	安東權氏成化譜	3	27	b	
EA01833	李若奉	이약봉	Yi Yakpong			陽城 李	武科	安東權氏成化譜	3	27	b	
EA01834	李莫奉	이막봉	Yi Makpong			陽城 李	 	安東權氏成化譜	3	27	b	
EA01835	李興奉	이흥봉	Yi Hŭngbong			陽城 李	 	安東權氏成化譜	3	27	b	
EB04106	李末奉	이말봉	Yi Malbong			陽城 李	別侍	安東權氏成化譜	3	27	b	
79ecaf98-e46a-48e1-ad12-b8811abe793a	安民					順興 安		安東權氏成化譜	3	28	a	
b4743b37-5b0e-4e35-8d89-9a928a408b12	金允孫						縣令	安東權氏成化譜	3	28	a	
E101393	愼承善	신승선	Sin Sŭngsŏn			居昌 愼	居昌君	安東權氏成化譜	3	28	a	
E101750	安節					順興 安	丞	安東權氏成化譜	3	28	a	
E102338	廉紀	염기	Yŏm Ki			瑞原 廉	護軍	安東權氏成化譜	3	28	a	
E103530	廉以恒					瑞原 廉	司勇	安東權氏成化譜	3	28	a	
E103531	廉從恒					瑞原 廉		安東權氏成化譜	3	28	a	
E103533	廉順恭	염순공	Yŏm Sun'gong			瑞原 廉	博士	安東權氏成化譜	3	28	a	
E103537	趙普						敎授	安東權氏成化譜	3	28	a	
E204893	權宗	권종	Kwŏn Chong			安東 權	縣令	安東權氏成化譜	3	28	a	
E300376	朝鮮 燕山君			李㦕	承平正	全州 李		安東權氏成化譜	3	28	a	
E303498	李垙	이광	Yi Kwang			延安 李	別坐	安東權氏成化譜	3	28	a	
E400561	安祖同	안조동	An Chodong			順興 安	判事	安東權氏成化譜	3	28	a	
E401041	安剛					順興 安	知高州事	安東權氏成化譜	3	28	a	
E600027	愼敦仁	신돈인	Sin Tonin			居昌 愼	縣監	安東權氏成化譜	3	28	a	
E600067	愼敦義	신돈의	Sin Tonŭi			居昌 愼	內禁	安東權氏成化譜	3	28	a	
E600089	愼敦禮	신돈례	Sin Tollye			居昌 愼	僉知	安東權氏成化譜	3	28	a	
E600101	愼敦智	신돈지	Sin Tonji			居昌 愼	僉知	安東權氏成化譜	3	28	a	
E600115	愼敦信	신돈신	Sin Tonsin			居昌 愼	縣令	安東權氏成化譜	3	28	a	
E600137	愼守正	신수정	Sin Sujŏng			居昌 愼	直長	安東權氏成化譜	3	28	a	
E600168	愼守榮	신수영	Sin Suyŏng			居昌 愼	判書	安東權氏成化譜	3	28	a	
E600192	愼守謙	신수겸	Sin Sugyŏm			居昌 愼	留守	安東權氏成化譜	3	28	a	
E904229	安敬止	안경지	An Kyŏngji			順興 安	錄事	安東權氏成化譜	3	28	a	
E904232	朴悌諴	박제함	Pak Cheham			忠州 朴		安東權氏成化譜	3	28	a	
E904235	愼詮	신전	Sin Chŏn			居昌 愼	觀察使	安東權氏成化譜	3	28	a	
E904242	安敬慮	안경려	An Kyŏngnyŏ			順興 安	護軍	安東權氏成化譜	3	28	a	
E904243	安邦	안방	An Pang			順興 安	 	安東權氏成化譜	3	28	a	
E904244	安國	안국	An Kuk			順興 安	 	安東權氏成化譜	3	28	a	
E904247	安民	안민	An Min			順興 安	縣監	安東權氏成化譜	3	28	a	
E904250	安敬曾	안경증	An Kyŏngjŭng			順興 安	 	安東權氏成化譜	3	28	a	
E904251	安敬宗	안경종	An Kyŏngjong			順興 安	別監	安東權氏成化譜	3	28	a	
E904253	金好衡	김호형	Kim Hohyŏng				郡守	安東權氏成化譜	3	28	a	
E904254	安定	안정	An Chŏng			順興 安	別監	安東權氏成化譜	3	28	a	
E200561	成抑					昌寧 成	贊成	安東權氏成化譜	3	28	b	
E402226	廉致庸	염치용	Yŏm Ch'iyong			瑞原 廉	參議	安東權氏成化譜	3	28	b	
E900408	洪閏溫	홍윤온	Hong Yunon			南陽 洪	護軍	安東權氏成化譜	3	28	b	
E900409	洪繼元	홍계원	Hong Kyewŏn	洪係元		南陽 洪	進士	安東權氏成化譜	3	28	b	
E900412	洪纘元	홍찬원	Hong Ch'anwŏn			南陽 洪	 	安東權氏成化譜	3	28	b	
E901939	成重識	성중식	Sŏng Chungsik	成童識		昌寧 成	郡事	安東權氏成化譜	3	28	b	
E901943	成慎義			成信義		昌寧 成	進士	安東權氏成化譜	3	28	b	
E901951	成愼禮	성신례	Sŏng Sillye	成信禮		昌寧 成	 	安東權氏成化譜	3	28	b	
E904261	安仁剛	안인강	An In'gang	安仁綱		順興 安	司正	安東權氏成化譜	3	28	b	
E904263	李逈	이형	Yi Hyŏng				掌令	安東權氏成化譜	3	28	b	
E904270	安孝悌	안효우	An Hyou	安孝友		順興 安	 	安東權氏成化譜	3	28	b	
E904281	曺仲道	조중도	Cho Chungdo			昌寧 曺	司直	安東權氏成化譜	3	28	b	
E904288	安孝友					順興 安		安東權氏成化譜	3	28	b	
E904299	李壽山						縣監	安東權氏成化譜	3	28	b	
E904301	安孝忠			安忠友		順興 安	 	安東權氏成化譜	3	28	b	
E904317	安義剛	안의강	An Ŭigang	安義綱		順興 安	奉禮	安東權氏成化譜	3	28	b	
E904320	安從剛	안종강	An Chonggang	安終剛	安終綱	順興 安	 	安東權氏成化譜	3	28	b	
EB01385	曺祥	조상	Cho Sang			昌寧 曺		安東權氏成化譜	3	28	b	
EB04113	柳元廷	유원정	Yu Wŏnjŏng				瑞原君	安東權氏成化譜	3	28	b	
EB04114	洪尙濱	홍상빈	Hong Sangbin			南陽 洪	王郞	安東權氏成化譜	3	28	b	
EB04116	洪尙溥					南陽 洪	佐郞	安東權氏成化譜	3	28	b	
EB04117	洪智	홍지	Hong Chi			南陽 洪	直長	安東權氏成化譜	3	28	b	
EB04118	洪賀孫	홍하손	Hong Hason			南陽 洪	司直	安東權氏成化譜	3	28	b	
EB04119	洪閏禧	홍윤희	Hong Yunhŭi			南陽 洪	著作	安東權氏成化譜	3	28	b	
EB04123	洪敬孫	홍경손	Hong Kyŏngson			南陽 洪	僉知	安東權氏成化譜	3	28	b	
E500827	洪係貞	홍계정	Hong Kyejŏng	洪繼貞		南陽 洪		安東權氏成化譜	3	29	a	
E900415	洪順元					南陽 洪	 	安東權氏成化譜	3	29	a	
E900417	洪致元	홍치원	Hong Ch'iwŏn			南陽 洪	 	安東權氏成化譜	3	29	a	
EB04124	愼成終	신성종	Sin Sŏngjong				縣監	安東權氏成化譜	3	29	a	
EB04126	愼壽命	신수명	Sin Sumyŏng				 	安東權氏成化譜	3	29	a	
EB04127	愼壽長	신수장	Sin Sujang				 	安東權氏成化譜	3	29	a	
EB04128	愼壽千	신수천	Sin Such'ŏn				 	安東權氏成化譜	3	29	a	
EB04129	愼壽億	신수억	Sin Suŏk				 	安東權氏成化譜	3	29	a	
EB04130	洪閏善	홍윤선	Hong Yunsŏn			南陽 洪	 	安東權氏成化譜	3	29	a	
EB04131	洪閏德	홍윤덕	Hong Yundŏk			南陽 洪	進士	安東權氏成化譜	3	29	a	
EB04133	曹彙	조휘	Cho Hwi				判官	安東權氏成化譜	3	29	a	
EB04136	趙之孚	조지부	Cho Chibu			豊壤 趙	司直	安東權氏成化譜	3	29	a	
EB04137	趙世輔	조세보	Cho Sebo			豊壤 趙		安東權氏成化譜	3	29	a	
EB04142	閔精	민정	Min Chŏng				 	安東權氏成化譜	3	29	a	
EB04145	洪孝孫	홍효손	Hong Hyoson			南陽 洪	司勇	安東權氏成化譜	3	29	a	
EB04146	兪以諫	유이간	Yu Igan				 	安東權氏成化譜	3	29	a	
E200488	尹恭	윤공	Yun Kong			坡平 尹	忠順衛	安東權氏成化譜	3	29	b	
E502923	姜利恭	강이공	Kang Igong			晋州 姜		安東權氏成化譜	3	29	b	
E502924	洪景霖	홍경림	Hong Kyŏngnim			南陽 洪	生員	安東權氏成化譜	3	29	b	
E502976	洪景舟					南陽 洪	進士	安東權氏成化譜	3	29	b	
E502985	洪景礪	홍경여	Hong Kyŏngyŏ			南陽 洪	進士	安東權氏成化譜	3	29	b	
E701503	玄思肅					昌原 玄		安東權氏成化譜	3	29	b	
EA01519	金填					淸風 金	參奉	安東權氏成化譜	3	29	b	
EB04150	洪閏輔	홍윤보	Hong Yunbo			南陽 洪	 	安東權氏成化譜	3	29	b	
EB04151	洪閏弼	홍윤필	Hong Yunp'il			南陽 洪	 	安東權氏成化譜	3	29	b	
EB04153	洪悌孫	홍제손	Hong Cheson			南陽 洪	縣監	安東權氏成化譜	3	29	b	
EB04154	洪閏祐	홍윤우	Hong Yunu			南陽 洪	 	安東權氏成化譜	3	29	b	
EB04160	李梁	이량	Yi Ryang				判官	安東權氏成化譜	3	29	b	
EB04166	洪陟	홍척	Hong Ch'ŏk			南陽 洪	司直	安東權氏成化譜	3	29	b	
EB04167	洪淀	홍연	Hong Yŏn			南陽 洪	判官	安東權氏成化譜	3	29	b	
EB04168	洪休	홍휴	Hong Hyu			南陽 洪	錄事	安東權氏成化譜	3	29	b	
EB04170	慶由淳					淸州 慶	縣監	安東權氏成化譜	3	29	b	
EB04173	洪俊	홍준	Hong Chun			南陽 洪	生員	安東權氏成化譜	3	29	b	
EB04179	洪侃	홍간	Hong Kan			南陽 洪	 	安東權氏成化譜	3	29	b	
EB04180	洪㱓	홍령	Hong Ryŏng			南陽 洪	少尹	安東權氏成化譜	3	29	b	
EB04182	李守仁	이수인	Yi Suin				 	安東權氏成化譜	3	29	b	
EB04184	李						 	安東權氏成化譜	3	29	b	
EB04186	李光厚	이광후	Yi Kwanghu				 	安東權氏成化譜	3	29	b	
E102591	李守綱	이수강	Yi Sugang			龍仁 李		安東權氏成化譜	3	30	a	
E102593	李文儉	이문검	Yi Mun'gŏm			龍仁 李		安東權氏成化譜	3	30	a	
E102595	李基	이기	Yi Ki			龍仁 李	司評	安東權氏成化譜	3	30	a	
E102597	李德亨	이덕형	Yi Tŏkhyŏng			龍仁 李	 	安東權氏成化譜	3	30	a	
E102601	李培	이배	Yi Pae			龍仁 李	縣監	安東權氏成化譜	3	30	a	
E102610	李墩	이돈	Yi Ton			龍仁 李	大卿	安東權氏成化譜	3	30	a	
E204630	奉紳						 	安東權氏成化譜	3	30	a	
E204632	奉允孝	봉윤효	Pong Yunhyo				引儀	安東權氏成化譜	3	30	a	
E204633	奉允忠	봉윤충	Pong Yunch'ung				 	安東權氏成化譜	3	30	a	
EB04188	孫季良	손계량	Son Kyeryang				僉知	安東權氏成化譜	3	30	a	
EB04189	尹繼佑	윤계우	Yun Kyeu				 	安東權氏成化譜	3	30	a	
EB04190	洪允淑	홍윤숙	Hong Yunsuk			南陽 洪	佐郞	安東權氏成化譜	3	30	a	
EB04192	金宗蓮	김종련	Kim Chongnyŏn				 	安東權氏成化譜	3	30	a	
EB04193	洪自河	홍자하	Hong Chaha			南陽 洪	佐郞	安東權氏成化譜	3	30	a	
EB04195	姜淑深	강숙심	Kang Suksim				 	安東權氏成化譜	3	30	a	
EB04201	趙理知	조이지	Cho Iji				 	安東權氏成化譜	3	30	a	
EB04202	吳澨	오서	O Sŏ				僉知	安東權氏成化譜	3	30	a	
EB04205	魚孟渾	어맹혼	Ŏ Maenghon				司果	安東權氏成化譜	3	30	a	
EC01514	金亨孫					慶州 金	參議	安東權氏成化譜	3	30	a	
EC01519	魚孟淳	어맹순	Ŏ Maengsun			咸從 魚	護軍	安東權氏成化譜	3	30	a	
EC01938	邊崑	변곤	Pyŏn Kon			長淵 邊	參奉	安東權氏成化譜	3	30	a	
E100712	金光弼	김광필	Kim Kwangp'il				內禁衛	安東權氏成化譜	3	30	b	
E102615	李末生	이말생	Yi Malsaeng			全州 李	桃平君	安東權氏成化譜	3	30	b	
E102616	李昌	이창	Yi Ch'ang			全州 李	壽城君	安東權氏成化譜	3	30	b	
E102617	李行儉	이행검	Yi Haenggŏm			龍仁 李	僉知	安東權氏成化譜	3	30	b	
E102629	李良儉	이양검	Yi Yanggŏm			龍仁 李	佐郞	安東權氏成化譜	3	30	b	
E102641	趙嶟	조준	Cho Chun				郡守	安東權氏成化譜	3	30	b	
E102642	趙文璐	조문로	Cho Mullo					安東權氏成化譜	3	30	b	
E102648	趙文瑾	조문근	Cho Mun'gŭn					安東權氏成化譜	3	30	b	
E102650	趙文琬	조문원	Cho Munwŏn					安東權氏成化譜	3	30	b	
E102656	趙文瑋	조문위	Cho Munwi					安東權氏成化譜	3	30	b	
E102659	申允寬	신윤관	Sin Yun'gwan			平山 申	監察	安東權氏成化譜	3	30	b	
E102661	金南孫	김남손	Kim Namson				護軍	安東權氏成化譜	3	30	b	
E901528	丘永安	구영안	Ku Yŏngan			平海 丘	進士	安東權氏成化譜	3	30	b	
EA01632	李績	이적	Yi Chŏk			龍仁 李	生員	安東權氏成化譜	3	30	b	
EC00253	李信儉	이신검	Yi Sin'gŏm			龍仁 李	郡守	安東權氏成化譜	3	30	b	
a612673a-fe82-45e6-969d-b0498eb13abf	金䝉仝					順天 金		安東權氏成化譜	3	31	a	
E303760	柳思恭	유사공	Yu Sagong			文化 柳		安東權氏成化譜	3	31	a	
E502030	朴䎩	박치	Pak Ch'i			羅州 朴	郡守	安東權氏成化譜	3	31	a	
E590003	洪尙直	홍상직	Hong Sangjik			南陽 洪		安東權氏成化譜	3	31	a	
EA00618	元乃仁					原州 元	獻納	安東權氏成化譜	3	31	a	
EA02738	成準					昌寧 成	判官	安東權氏成化譜	3	31	a	
EB04208	洪貴童	홍귀동	Hong Kwidong				僉知	安東權氏成化譜	3	31	a	
EB04210	成溥	성부	Sŏng Pu			昌寧 成	 	安東權氏成化譜	3	31	a	
EB04211	成孝淵	성효연	Sŏng Hyoyŏn			昌寧 成	 	安東權氏成化譜	3	31	a	
EB04212	成晋	성진	Sŏng Chin			昌寧 成	 	安東權氏成化譜	3	31	a	
EB04213	成完	성완	Sŏng Wan			昌寧 成	 	安東權氏成化譜	3	31	a	
EB04215	許之信	허지신	Hŏ Chisin				 	安東權氏成化譜	3	31	a	
EB04216	許諶	허심	Hŏ Sim				錄事	安東權氏成化譜	3	31	a	
EB04217	許曾	허증	Hŏ Chŭng				 	安東權氏成化譜	3	31	a	
EB04219	元明山	원명산	Wŏn Myŏngsan				 	安東權氏成化譜	3	31	a	
EB04220	安孟聃	안맹담	An Maengdam				延昌尉	安東權氏成化譜	3	31	a	
EB04221	安如獺	안여달	An Yŏdal				中樞	安東權氏成化譜	3	31	a	
EB04222	安元卿	안원경	An Wŏn'gyŏng				從仕郞	安東權氏成化譜	3	31	a	
EB04227	安彦卿	안언경	An Ŏn'gyŏng			竹山 安	 	安東權氏成化譜	3	31	a	
E302801	金輅	김로	Kim Ro			延安 金	延城君	安東權氏成化譜	3	31	b	
E903126	安仲聃	안중담	An Chungdam			竹山 安	府使	安東權氏成化譜	3	31	b	
E903130	金致世	김치세	Kim Ch'ise			慶州 金	縣監	安東權氏成化譜	3	31	b	
E903131	安崇世	안숭세	An Sungse			竹山 安		安東權氏成化譜	3	31	b	
E903140	安昌世	안창세	An Ch'angse			竹山 安	 	安東權氏成化譜	3	31	b	
EB04228	安夢卿	안몽경	An Monggyŏng			竹山 安	 	安東權氏成化譜	3	31	b	
EB04230	安季聃	안계담	An Kyedam			竹山 安	監察	安東權氏成化譜	3	31	b	
EB04231	安敬祖	안경조	An Kyŏngjo			竹山 安	 	安東權氏成化譜	3	31	b	
EB04232	安奉祖	안봉조	An Pongjo			竹山 安	參軍	安東權氏成化譜	3	31	b	
EB04234	李緝	이집	Yi Chip				正字	安東權氏成化譜	3	31	b	
EB04236	金重本	김중본	Kim Chungbon				 	安東權氏成化譜	3	31	b	
EB04238	李處中	이처중	Yi Ch'ŏjung				縣監	安東權氏成化譜	3	31	b	
EB04241	金永輪	김영륜	Kim Yŏngnyun			延安 金	司直	安東權氏成化譜	3	31	b	
EB04243	柳訓	유훈	Yu Hun				郡守	安東權氏成化譜	3	31	b	
EB04244	金永轓	김영번	Kim Yŏngbŏn			延安 金	僉知	安東權氏成化譜	3	31	b	
EB04246	安厚孫	안후손	An Huson				 	安東權氏成化譜	3	31	b	
EB04247	金轅	김원	Kim Wŏn			延安 金	 	安東權氏成化譜	3	31	b	
E305992	洪若從	홍약종	Hong Yakchong			南陽 洪	 	安東權氏成化譜	3	32	a	
E506892	權琦					安東 權	正郞	安東權氏成化譜	3	32	a	
E901146	朴秉中	박병중	Pak Pyŏngjung			羅州 朴		安東權氏成化譜	3	32	a	
EA02797	尹汭	윤예	Yun Ye				直長	安東權氏成化譜	3	32	a	
EA02798	尹環						 	安東權氏成化譜	3	32	a	
EA02799	尹琦						 	安東權氏成化譜	3	32	a	
EA02801	權琦					安東 權	正郞	安東權氏成化譜	3	32	a	
EA02802	權德榮	권덕영	Kwŏn Tŏgyŏng			安東 權	副丞	安東權氏成化譜	3	32	a	
EB04008	辛克禮	신극례	Sin Kŭngnye			靈山 辛	府院君	安東權氏成化譜	3	32	a	
EB04250	洪尙儉	홍상검	Hong Sanggŏm			南陽 洪	郡事	安東權氏成化譜	3	32	a	
EB04252	李末專	이말전	Yi Malchŏn				 	安東權氏成化譜	3	32	a	
EB04253	洪若治	홍약치	Hong Yakch'i	洪禹治		南陽 洪	參議	安東權氏成化譜	3	32	a	
EB04257	洪銀仝	홍은동	Hong Ŭndong			南陽 洪	 	安東權氏成化譜	3	32	a	
EB04259	洪尙利	홍상리	Hong Sangni			南陽 洪	 	安東權氏成化譜	3	32	a	
EA02811	權慶榮	권경영	Kwŏn Kyŏngyŏng			安東 權	 	安東權氏成化譜	3	32	b	
EB04266	辛敬童	신경동	Sin Kyŏngdong			靈山 辛	上將	安東權氏成化譜	3	32	b	
EB04268	辛哲石	신철석	Sin Ch'ŏlsŏk			靈山 辛	 	安東權氏成化譜	3	32	b	
EB04270	朴垠生	박근생	Pak Kŭnsaeng				 	安東權氏成化譜	3	32	b	
EB04272	張自倫	장자륜	Chang Charyun				 	安東權氏成化譜	3	32	b	
EB04274	辛季和	신계화	Sin Kyehwa			靈山 辛	司直	安東權氏成化譜	3	32	b	
EB04275	辛俌					靈山 辛	司直	安東權氏成化譜	3	32	b	
EB04276	辛俊	신준	Sin Chun			靈山 辛	上將	安東權氏成化譜	3	32	b	
EB04277	辛舜年	신순년	Sin Sunnyŏn			靈山 辛	 	安東權氏成化譜	3	32	b	
EB04278	辛舜聃	신순담	Sin Sundam	辛順聃		靈山 辛	 	安東權氏成化譜	3	32	b	
EB04279	辛舜㱓	신순령	Sin Sullyŏng			靈山 辛	 	安東權氏成化譜	3	32	b	
EB04281	辛儼	신엄	Sin Ŏm			靈山 辛	部將	安東權氏成化譜	3	32	b	
EB04282	辛値	신치	Sin Ch'i			靈山 辛	司直	安東權氏成化譜	3	32	b	
EB04283	辛堯卿	신요경	Sin Yogyŏng			靈山 辛	 	安東權氏成化譜	3	32	b	
EB04284	辛舜卿	신순경	Sin Sun'gyŏng			靈山 辛	 	安東權氏成化譜	3	32	b	
EB04285	辛武卿	신무경	Sin Mugyŏng			靈山 辛	 	安東權氏成化譜	3	32	b	
EB04287	辛僅	신근	Sin Kŭn			靈山 辛	上護軍	安東權氏成化譜	3	32	b	
E101767	趙益祚	조익조	Cho Ikcho			豊壤 趙	主簿	安東權氏成化譜	3	33	a	
E101768	趙世文					豊壤 趙		安東權氏成化譜	3	33	a	
E101772	趙世武	조세무	Cho Semu			豊壤 趙		安東權氏成化譜	3	33	a	
EA00349	王宗信	왕종신	Wang Chongsin			開城 王		安東權氏成化譜	3	33	a	
EB04290	郭德淵	곽덕연	Kwak Tŏgyŏn				掌令	安東權氏成化譜	3	33	a	
EB04292	李孝信	이효신	Yi Hyosin			全州 李	副正	安東權氏成化譜	3	33	a	
EB04293	李繼童	이계동	Yi Kyedong	李季童		全州 李	郡守	安東權氏成化譜	3	33	a	
EB04295	李承宗	이승종	Yi Sŭngjong			全州 李	都事	安東權氏成化譜	3	33	a	
EB04297	鄭來進	정래진	Chŏng Raejin				 	安東權氏成化譜	3	33	a	
EB04301	金仲孫	김중손	Kim Chungson				察訪	安東權氏成化譜	3	33	a	
EB04303	李秀林	이수림	Yi Surim				萬戶	安東權氏成化譜	3	33	a	
EB04305	李繼男	이계남	Yi Kyenam			全州 李	參奉	安東權氏成化譜	3	33	a	
EB04312	金善哉	김선재	Kim Sŏnjae				 	安東權氏成化譜	3	33	a	
EB04313	郭汾	곽분	Kwak Pun				縣監	安東權氏成化譜	3	33	a	
EB04314	郭自完	곽자완	Kwak Chawan	郭自浣			生員	安東權氏成化譜	3	33	a	
EB04315	郭璘	곽린	Kwak Rin				引儀	安東權氏成化譜	3	33	a	
EB04317	郭自容	곽자용	Kwak Chayong			玄風 郭	校理	安東權氏成化譜	3	33	a	
EB04319	郭璋					玄風 郭	 	安東權氏成化譜	3	33	a	
EB04321	洪長倫					南陽 洪	 	安東權氏成化譜	3	33	a	
EB04325	郭自安	곽자안	Kwak Chaan			玄風 郭	 	安東權氏成化譜	3	33	a	
EB04326	郭瑛	곽영	Kwak Yŏng			玄風 郭	 	安東權氏成化譜	3	33	a	
E202294	朴悰					竹山 朴	司直	安東權氏成化譜	3	33	b	
E202299	朴庾童	박유동	Pak Yudong				敎授	安東權氏成化譜	3	33	b	
E202301	朴宗孫	박종손	Pak Chongson				訓導	安東權氏成化譜	3	33	b	
E202302	朴希文	박희문	Pak Hŭimun	朴熙文		密陽 朴	參奉	安東權氏成化譜	3	33	b	
E202304	許休	허휴	Hŏ Hyu			陽川 許	主簿	安東權氏成化譜	3	33	b	
E305955	朴昭	박소	Pak So			陰城 朴	僉知	安東權氏成化譜	3	33	b	
E400817	朴繼金	박계금	Pak Kyegŭm			陰城 朴	府使	安東權氏成化譜	3	33	b	
E807742	南致晶	남치정	Nam Ch'ijŏng			英陽 南	進士	安東權氏成化譜	3	33	b	
EA00063	任從善	임종선	Im Chongsŏn			長興 任		安東權氏成化譜	3	33	b	
EA03539	姜利興	강이흥	Kang Ihŭng			晋州 姜		安東權氏成化譜	3	33	b	
EB04327	任薈	임회	Im Hoe			長興 任	 	安東權氏成化譜	3	33	b	
EB04331	朴淳	박순	Pak Sun	朴惇		陰城 朴	上護軍	安東權氏成化譜	3	33	b	
EB04334	朴河信	박하신	Pak Hasin	朴荷信		咸陽 朴	少尹	安東權氏成化譜	3	33	b	
EB04340	朴徐生	박서생	Pak Sŏsaeng			陰城 朴	進士	安東權氏成化譜	3	33	b	
959828a2-e57e-44ca-91ef-ed5a13f6ef02	張僧					海豊 張		安東權氏成化譜	3	34	a	
dfc65a2a-7f2a-49e2-9e22-7dee982143ac	張希孟					海豊 張	上護軍	安東權氏成化譜	3	34	a	
E201586	鄭崇德	정숭덕	Chŏng Sungdŏk			慶州 鄭	部將	安東權氏成化譜	3	34	a	
E204855	張翼	장익	Chang Ik			海豊 張	司直	安東權氏成化譜	3	34	a	
E204856	張翟	장적	Chang Chŏk			海豊 張	 	安東權氏成化譜	3	34	a	
E204857	張志湖	장지호	Chang Chiho			海豊 張	祝髮	安東權氏成化譜	3	34	a	
E204858	韓閏	한윤	Han Yun				護軍	安東權氏成化譜	3	34	a	
E304827	鄭之仁	정지인	Chŏng Chiin			慶州 鄭	護軍	安東權氏成化譜	3	34	a	
E304828	鄭之義	정지의	Chŏng Chiŭi			慶州 鄭	護軍	安東權氏成化譜	3	34	a	
E304830	鄭旻	정민	Chŏng Min			慶州 鄭	司直	安東權氏成化譜	3	34	a	
E304834	鄭暈	정훈	Chŏng Hun			慶州 鄭	司直	安東權氏成化譜	3	34	a	
E304843	鄭守德	정수덕	Chŏng Sudŏk			慶州 鄭	上護軍	安東權氏成化譜	3	34	a	
E304861	鄭之智	정지지	Chŏng Chiji			慶州 鄭	上護軍	安東權氏成化譜	3	34	a	
E304862	鄭鈞	정균	Chŏng Kyun			慶州 鄭	司直	安東權氏成化譜	3	34	a	
E304863	鄭欽	정흠	Chŏng Hŭm			慶州 鄭	護軍	安東權氏成化譜	3	34	a	
E304870	鄭詮	정전	Chŏng Chŏn	鄭銓		慶州 鄭	司直	安東權氏成化譜	3	34	a	
E304872	鄭之信	정지신	Chŏng Chisin			慶州 鄭	上護軍	安東權氏成化譜	3	34	a	
E304874	鄭恕	정서	Chŏng Sŏ			慶州 鄭	縣監	安東權氏成化譜	3	34	a	
E802762	鄭文德	정문덕	Chŏng Mundŏk			慶州 鄭	護軍	安東權氏成化譜	3	34	a	
E902518	崔叔精			崔淑精		陽川 崔	掌令	安東權氏成化譜	3	34	a	
EB04342	張安之	장안지	Chang Anji				判官	安東權氏成化譜	3	34	a	
EC01758	鄭晟	정성	Chŏng Sŏng			慶州 鄭	上將	安東權氏成化譜	3	34	a	
E400980	李仁叔			李仁淑		羽溪 李	經歷	安東權氏成化譜	3	34	b	
E900006	李秀亨	이수형	Yi Suhyŏng			羽溪 李	護軍	安東權氏成化譜	3	34	b	
E900155	李景富	이경부	Yi Kyŏngbu			羽溪 李	司正	安東權氏成化譜	3	34	b	
EA01604	李崇	이숭	Yi Sung			羽溪 李	 	安東權氏成化譜	3	34	b	
EA03972	李末亨	이말형	Yi Marhyŏng			羽溪 李	 	安東權氏成化譜	3	34	b	
EB04344	李蔓	이만	Yi Man				司宰監	安東權氏成化譜	3	34	b	
EB04347	閔無恤	민무휼	Min Muhyul	閔撫恤			曬原君	安東權氏成化譜	3	34	b	
EB04350	沈濬	심준	Sim Chun			靑松 沈	 	安東權氏成化譜	3	34	b	
EB04354	李彭壽	이팽수	Yi P'aengsu				 	安東權氏成化譜	3	34	b	
EB04355	沈仁孫	심인손	Sim Inson				 	安東權氏成化譜	3	34	b	
EB04356	沈愛孫	심애손	Sim Aeson				 	安東權氏成化譜	3	34	b	
EB04357	沈愛同	심애동	Sim Aedong				 	安東權氏成化譜	3	34	b	
EB04358	沈愛山	심애산	Sim Aesan				 	安東權氏成化譜	3	34	b	
E000393	崔龜山	최귀산	Ch'oe Kwisan			東州 崔	縣監	安東權氏成化譜	3	35	a	
E000395	林堰	임언	Im Ŏn			利安 林	護軍	安東權氏成化譜	3	35	a	
E100528	李蕆	이천	Yi Ch'ŏn			禮安 李	判中樞	安東權氏成化譜	3	35	a	
E100531	李孟石	이맹석	Yi Maengsŏk			禮安 李	上將	安東權氏成化譜	3	35	a	
E100532	李秀增	이수증	Yi Sujŭng			禮安 李		安東權氏成化譜	3	35	a	
E100536	李秀均	이수균	Yi Sugyun			禮安 李	 	安東權氏成化譜	3	35	a	
E100537	李仲石	이중석	Yi Chungsŏk			禮安 李	引儀	安東權氏成化譜	3	35	a	
E100544	李秀培	이수배	Yi Subae			禮安 李		安東權氏成化譜	3	35	a	
E100553	李秀墩	이수돈	Yi Sudon			禮安 李	 	安東權氏成化譜	3	35	a	
E100565	韓義	한의	Han Ŭi				上護軍	安東權氏成化譜	3	35	a	
E100570	李啓蒙					永川 李	直長	安東權氏成化譜	3	35	a	
E100572	南儀	남의	Nam Ŭi			宜寧 南	 	安東權氏成化譜	3	35	a	
E100574	李忠老	이충로	Yi Ch'ungno	李順老		禮安 李	副正	安東權氏成化譜	3	35	a	
E100576	申允舟	신윤단	Sin Yundan			平山 申		安東權氏成化譜	3	35	a	
E100579	鄭安止	정여지	Chŏng Yŏji	鄭汝止			副正	安東權氏成化譜	3	35	a	
E100581	鄭行	정행	Chŏng Haeng				 	安東權氏成化譜	3	35	a	
E100582	鄭益孫	정익손	Chŏng Ikson				護軍	安東權氏成化譜	3	35	a	
f470e6c3-d131-450e-bcdd-ec8668bfc1f8	李秀埌					禮安 李		安東權氏成化譜	3	35	a	
E100584	鄭致和	정치화	Chŏng Ch'ihwa				司正	安東權氏成化譜	3	35	b	
E100585	鄭元祥	정원상	Chŏng Wŏnsang				恭軍	安東權氏成化譜	3	35	b	
E100588	朴孝恭	박효공	Pak Hyogong				護軍	安東權氏成化譜	3	35	b	
E100590	吳崙	오륜	O Ryun				 	安東權氏成化譜	3	35	b	
E100592	李希蕃	이희번	Yi Hŭibŏn				 	安東權氏成化譜	3	35	b	
E100593	李韞	이온	Yi On	李佾		禮安 李	判事	安東權氏成化譜	3	35	b	
E100594	李愼	이신	Yi Sin			禮安 李	察訪	安東權氏成化譜	3	35	b	
E100597	李義幹	이의간	Yi Ŭigan			禮安 李	直長	安東權氏成化譜	3	35	b	
E100627	李輔幹	이보간	Yi Pogan			禮安 李		安東權氏成化譜	3	35	b	
E100683	李思傑	이사걸	Yi Sagŏl				護軍	安東權氏成化譜	3	35	b	
E100685	朴孝明	박효명	Pak Hyomyŏng				通贊	安東權氏成化譜	3	35	b	
E100687	權鉤	권구	Kwŏn Ku					安東權氏成化譜	3	35	b	
E100689	偰致深					慶州 偰	司直	安東權氏成化譜	3	35	b	
E100690	偰甲孫					慶州 偰	司正	安東權氏成化譜	3	35	b	
E100701	柳亨長	유형장	Yu Hyŏngjang			文化 柳		安東權氏成化譜	3	35	b	
E100705	許禎	허정	Hŏ Chŏng				上將	安東權氏成化譜	3	35	b	
E100707	崔世豪	최세호	Ch'oe Seho			全州 崔	 	安東權氏成化譜	3	35	b	
E401731	尹愷	윤개	Yun Kae			坡平 尹	判事	安東權氏成化譜	3	35	b	
EA03028	尹復興	윤부흥	Yun Puhŭng			坡平 尹	僉知	安東權氏成化譜	3	35	b	
E100708	李恃	이시	Yi Si			禮安 李	上護軍	安東權氏成化譜	3	36	a	
E100710	朴輅	박로	Pak Ro			羅州 朴		安東權氏成化譜	3	36	a	
E100713	李粹幹	이수간	Yi Sugan			禮安 李		安東權氏成化譜	3	36	a	
E102829	金泰卿	김태경	Kim T'aegyŏng			慶州 金	司禦	安東權氏成化譜	3	36	a	
E102830	卞諴	변함	Pyŏn Ham			草溪 卞	 	安東權氏成化譜	3	36	a	
E800311	申洪	신홍	Sin Hong			高靈 申		安東權氏成化譜	3	36	a	
E802547	卞季欽	변계흠	Pyŏn Kyehŭm	卞欽		草溪 卞	縣監	安東權氏成化譜	3	36	a	
E902584	陳克忠	진극충	Chin Kŭkch'ung			臨陂 陳	郡事	安東權氏成化譜	3	36	a	
E902592	安敬祖					竹山 安	 	安東權氏成化譜	3	36	a	
E903485	卞瓚	변찬	Pyŏn Ch'an			草溪 卞	 	安東權氏成化譜	3	36	a	
EB04369	卞孝敬	변효경	Pyŏn Hyogyŏng			草溪 卞	中樞	安東權氏成化譜	3	36	a	
EB04371	朴基命	박기명	Pak Kimyŏng				通仕郞	安東權氏成化譜	3	36	a	
EB04372	朴㕀						 	安東權氏成化譜	3	36	a	
EB04375	金晶	김정	Kim Chŏng				 	安東權氏成化譜	3	36	a	
EB04376	卞孝文	변효문	Pyŏn Hyomun	卞季文		草溪 卞	府尹	安東權氏成化譜	3	36	a	
EB04377	卞瑞	변서	Pyŏn Sŏ			草溪 卞	 	安東權氏成化譜	3	36	a	
EB04378	卞珍	변진	Pyŏn Chin			草溪 卞	 	安東權氏成化譜	3	36	a	
E904950	具文信	구문신	Ku Munsin			綾城 具		安東權氏成化譜	3	36	b	
EB04381	閔普文	민보문	Min Pomun			驪興 閔	少尹	安東權氏成化譜	3	36	b	
EB04383	朴敬信	박경신	Pak Kyŏngsin				護軍	安東權氏成化譜	3	36	b	
EB04384	閔惺	민성	Min Sŏng			驪興 閔	 	安東權氏成化譜	3	36	b	
EB04386	金達儉	김달검	Kim Talgŏm				別監、	安東權氏成化譜	3	36	b	
EB04387	廉洪道	염홍도	Yŏm Hongdo				司直	安東權氏成化譜	3	36	b	
EB04389	金普山	김보산	Kim Posan				護軍	安東權氏成化譜	3	36	b	
EB04390	金貴通	김귀통	Kim Kwit'ong				忠順	安東權氏成化譜	3	36	b	
EB04391	金繼通	김계통	Kim Kyet'ong				忠順	安東權氏成化譜	3	36	b	
EB04392	金王通	김왕통	Kim Wangt'ong				甲士	安東權氏成化譜	3	36	b	
EB04393	金從通	김종통	Kim Chongt'ong				忠順	安東權氏成化譜	3	36	b	
E102534	姜允範	강윤범	Kang Yunbŏm			晋州 姜		安東權氏成化譜	3	37	a	
E104682	鄭宗禹	정종우	Chŏng Chongu			光州 鄭	郡守	安東權氏成化譜	3	37	a	
E200467	鄭繼禹	정계우	Chŏng Kyeu			光州 鄭	進士	安東權氏成化譜	3	37	a	
E300330	鄭纘禹	정찬우	Chŏng Ch'anu			光州 鄭	判官	安東權氏成化譜	3	37	a	
E808019	姜淮仲	강회중	Kang Hoejung			晋州 姜		安東權氏成化譜	3	37	a	
EB00465	鄭承敬					光州 鄭	 	安東權氏成化譜	3	37	a	
EB00466	鄭承順						 	安東權氏成化譜	3	37	a	
EB00503	邊處寬							安東權氏成化譜	3	37	a	
EB04394	崔寧	최녕	Ch'oe Nyŏng				知舒州事	安東權氏成化譜	3	37	a	
EB04396	尹敞	윤창	Yun Ch'ang				 	安東權氏成化譜	3	37	a	
EB04398	鄭之夏	정지하	Chŏng Chiha				掌令	安東權氏成化譜	3	37	a	
EB04400	李孝林	이효림	Yi Hyorim				 	安東權氏成化譜	3	37	a	
EB04404	鄭浚	정준	Chŏng Chun			光州 鄭	判官	安東權氏成化譜	3	37	a	
EB04405	鄭順仁					光州 鄭	奉事	安東權氏成化譜	3	37	a	
EB04407	李浚	이준	Yi Chun				 	安東權氏成化譜	3	37	a	
EB04410	閔彌老	민이로	Min Iro				 	安東權氏成化譜	3	37	a	
EB04412	崔宣	최선	Ch'oe Sŏn				內贍尹	安東權氏成化譜	3	37	a	
EC00247	鄭相禹	정조우	Chŏng Chou			光州 鄭	生員	安東權氏成化譜	3	37	a	
EC03835	鄭允績	정윤적	Chŏng Yunjŏk	鄭允勣		光州 鄭	 	安東權氏成化譜	3	37	a	
E102979	南忭	남변	Nam Pyŏn			宜寧 南	參奉	安東權氏成化譜	3	37	b	
E300036	李璆	이구	Yi Ku			全州 李	臨瀛大君	安東權氏成化譜	3	37	b	
E300203	趙茂英					平壤 趙	僉知	安東權氏成化譜	3	37	b	
E300329	鄭麟仁	정인인	Chŏng Inin			光州 鄭	進士	安東權氏成化譜	3	37	b	
E300430	南忻	남흔	Nam Hŭn			宜寧 南		安東權氏成化譜	3	37	b	
E301300	南偁	남칭	Nam Ch'ing			宜寧 南	正郞	安東權氏成化譜	3	37	b	
E301302	南智					宜寧 南	左議政	安東權氏成化譜	3	37	b	
E401999	李文幹					全義 李	經歷	安東權氏成化譜	3	37	b	
E701538	南俅	남구	Nam Ku			宜寧 南	正郞	安東權氏成化譜	3	37	b	
E706043	崔直	최직	Ch'oe Chik			全州 崔	 	安東權氏成化譜	3	37	b	
E904106	崔宏	최굉	Ch'oe Koeng			全州 崔	正言	安東權氏成化譜	3	37	b	
EB04415	崔洙	최수	Ch'oe Su				 	安東權氏成化譜	3	37	b	
EB04416	崔敬	최경	Ch'oe Kyŏng				 	安東權氏成化譜	3	37	b	
EB04420	尹召	윤소	Yun So				部將	安東權氏成化譜	3	37	b	
EB04421	崔洧	최유	Ch'oe Yu				 	安東權氏成化譜	3	37	b	
EB04423	朴自俊	박자준	Pak Chajun				務功郞	安東權氏成化譜	3	37	b	
EB04424	朴自傑	박자걸	Pak Chagŏl				 	安東權氏成化譜	3	37	b	
EB04425	崔得孫	최득손	Ch'oe Tŭkson				察訪	安東權氏成化譜	3	37	b	
EB04427	趙沌	조돈	Cho Ton				參奉	安東權氏成化譜	3	37	b	
EC02522	南倫					宜寧 南	觀察使	安東權氏成化譜	3	37	b	
E301242	李聴	이총	Yi Ch'ong			慶州 李	上護軍	安東權氏成化譜	3	38	a	
E401483	李種仁	이종인	Yi Chongin			慶州 李	少尹	安東權氏成化譜	3	38	a	
E501334	南憓	남혜	Nam Hye			宜寧 南	 	安東權氏成化譜	3	38	a	
E901517	李磻	이반	Yi Pan			慶州 李	判牧使	安東權氏成化譜	3	38	a	
E901520	鄭孝文	정효문	Chŏng Hyomun			西原 鄭	判牧使	安東權氏成化譜	3	38	a	
E901522	李聞	이문	Yi Mun			慶州 李		安東權氏成化譜	3	38	a	
E901525	郭義	곽의	Kwak Ŭi				司直	安東權氏成化譜	3	38	a	
E901531	李聆	이령	Yi Ryŏng			慶州 李	僉知	安東權氏成化譜	3	38	a	
E901533	朴仁昌						 	安東權氏成化譜	3	38	a	
E901534	李崇根	이숭근	Yi Sunggŭn			慶州 李		安東權氏成化譜	3	38	a	
E901539	南健					宜寧 南	護軍	安東權氏成化譜	3	38	a	
E901541	李詮	이전	Yi Chŏn				監察	安東權氏成化譜	3	38	a	
E901545	權旭	권욱	Kwŏn Uk				 	安東權氏成化譜	3	38	a	
E901546	南悅	남열	Nam Yŏl			宜寧 南	 	安東權氏成化譜	3	38	a	
E903210	鄭思稷	정사직	Chŏng Sajik	鄭師稷		西原 鄭	護軍	安東權氏成化譜	3	38	a	
EB00280	柳孝良					文化 柳		安東權氏成化譜	3	38	a	
EB04433	南恒	남항	Nam Hang			宜寧 南	 	安東權氏成化譜	3	38	a	
EC02553	申繼性	신계성	Sin Kyesŏng			平山 申	縣監	安東權氏成化譜	3	38	a	
D305666	趙禾	조화	Cho Hwa	趙和		平壤 趙	宰臣	安東權氏成化譜	3	38	b	
E104318	崔洌	최렬	Ch'oe Ryŏl			全州 崔	司果	安東權氏成化譜	3	38	b	
E104320	李淳	이순	Yi Sun	李諄		全州 李	蓬山監	安東權氏成化譜	3	38	b	
E201229	柳漢生	유한생	Yu Hansaeng			文化 柳	牧使	安東權氏成化譜	3	38	b	
E305663	崔宇	최우	Ch'oe U			全州 崔	上護軍	安東權氏成化譜	3	38	b	
E305667	趙明初	조명초	Cho Myŏngch'o			平壤 趙	判縣事	安東權氏成化譜	3	38	b	
E305668	趙由禮	조유례	Cho Yurye			平壤 趙	僉知	安東權氏成化譜	3	38	b	
E901550	姜子愼	강자신	Kang Chasin			晋州 姜		安東權氏成化譜	3	38	b	
EA01319	柳綽	유작	Yu Chak			文化 柳	郡守	安東權氏成化譜	3	38	b	
EA01493	邊石崙	변석륜	Pyŏn Sŏngnyun			原州 邊	僉知	安東權氏成化譜	3	38	b	
EB02507	柳善長	유선장	Yu Sŏnjang			文化 柳	司直	安東權氏成化譜	3	38	b	
EB02509	柳道長	유도장	Yu Tojang			文化 柳	司直	安東權氏成化譜	3	38	b	
EB02514	柳壽長	유수장	Yu Sujang			文化 柳	司直	安東權氏成化譜	3	38	b	
EB02555	柳綏					文化 柳	縣監	安東權氏成化譜	3	38	b	
EC00175	柳江	유강	Yu Kang			文化 柳		安東權氏成化譜	3	38	b	
E102810	趙堅	조견	Cho Kyŏn			平壤 趙	生員	安東權氏成化譜	3	39	a	
E102811	趙壁	조벽	Cho Pyŏk			平壤 趙	 	安東權氏成化譜	3	39	a	
E102813	孫自平	손자평	Son Chap'yŏng				 	安東權氏成化譜	3	39	a	
E102855	申堯卿	신요경	Sin Yogyŏng	辛堯卿			 	安東權氏成化譜	3	39	a	
E305669	趙由智	조유지	Cho Yuji			平壤 趙	 	安東權氏成化譜	3	39	a	
E305670	朴坤	박곤	Pak Kon			竹山 朴	參判	安東權氏成化譜	3	39	a	
E305672	朴如達	박여달	Pak Yŏdal			竹山 朴	判官	安東權氏成化譜	3	39	a	
E305673	趙復初	조복초	Cho Pokch'o			平壤 趙	大護軍	安東權氏成化譜	3	39	a	
E305674	洪益誠	홍익성	Hong Iksŏng				中樞	安東權氏成化譜	3	39	a	
E305676	李從茂	이종무	Yi Chongmu			長水 李	長川府院君	安東權氏成化譜	3	39	a	
E305678	李升平	이승평	Yi Sŭngp'yŏng	李昇平		長水 李	中樞	安東權氏成化譜	3	39	a	
E305679	李崙	이륜	Yi Ryun	李綸		長水 李	府使	安東權氏成化譜	3	39	a	
E305681	李憲	이헌	Yi Hŏn			長水 李	司直	安東權氏成化譜	3	39	a	
E200778	申從濩	신종호	Sin Chongho			高靈 申	進士	安東權氏成化譜	3	39	b	
E202567	申命壽	신명수	Sin Myŏngsu			平山 申	司勇	安東權氏成化譜	3	39	b	
E203600	尹淮	윤회	Yun Hoe			茂松 尹	大提學	安東權氏成化譜	3	39	b	
E203606	鄭沃	정옥	Chŏng Ok	鄭浚		光州 鄭		安東權氏成化譜	3	39	b	
E203610	申叔舟	신숙주	Sin Sukchu			高靈 申	領議政 高靈府院君	安東權氏成化譜	3	39	b	
E203616	申㴐	신면	Sin Myŏn			高靈 申	觀察使	安東權氏成化譜	3	39	b	
E203621	洪泰孫	홍태손	Hong T'aeson			南陽 洪		安東權氏成化譜	3	39	b	
E203626	申溥	신부	Sin Pu			高靈 申	僉知	安東權氏成化譜	3	39	b	
E300937	鄭有光	정유강	Chŏng Yugang	鄭有綱		東萊 鄭		安東權氏成化譜	3	39	b	
E502286	姜鶴孫	강학손	Kang Hakson			晋州 姜		安東權氏成化譜	3	39	b	
E702028	尹瀚	윤한	Yun Han			茂松 尹	僉知	安東權氏成化譜	3	39	b	
E702082	申從沃	신종옥	Sin Chongok			高靈 申	參奉	安東權氏成化譜	3	39	b	
E702158	申用灌	신용관	Sin Yonggwan			高靈 申		安東權氏成化譜	3	39	b	
E702186	申用漑	신용개	Sin Yonggae			高靈 申		安東權氏成化譜	3	39	b	
E702283	申光潤	신광윤	Sin Kwangyun			高靈 申		安東權氏成化譜	3	39	b	
E702295	申光澤	신광택	Sin Kwangt'aek			高靈 申	 	安東權氏成化譜	3	39	b	
EB00279	申浚	신준	Sin Chun			高靈 申	參議	安東權氏成化譜	3	39	b	
76123e4a-a5db-4bd9-a08a-f6abf9467020	李朝生					德水 李		安東權氏成化譜	3	40	a	
E202628	李抽	이추	Yi Ch'u			德水 李	郡事	安東權氏成化譜	3	40	a	
E305687	李宜碩	이의석	Yi Ŭisŏk			德水 李	判官	安東權氏成化譜	3	40	a	
E904154	尹景源	윤경원	Yun Kyŏngwŏn			茂松 尹	生員	安東權氏成化譜	3	40	a	
E904156	李利	이리	Yi Ri			全州 李	永善正	安東權氏成化譜	3	40	a	
E904158	南倜	남척	Nam Ch'ŏk			宜寧 南	縣監	安東權氏成化譜	3	40	a	
EA03033	李碩童	이석동	Yi Sŏktong	李石童		全義 李	倉丞	安東權氏成化譜	3	40	a	
EA03034	李思敏	이사민	Yi Samin			全義 李		安東權氏成化譜	3	40	a	
EA03036	李思謙	이사겸	Yi Sagyŏm			全義 李		安東權氏成化譜	3	40	a	
EC03757	李誡	이계	Yi Kye			全州 李	溪川都正	安東權氏成化譜	3	40	a	
EC03803	南愃					宜寧 南		安東權氏成化譜	3	40	a	
E305692	李宜榮	이의영	Yi Ŭiyŏng			德水 李	部將	安東權氏成化譜	3	40	b	
E305697	金性中	김성중	Kim Sŏngjung			義城 金	大護軍	安東權氏成化譜	3	40	b	
E305698	金命中	김명중	Kim Myŏngjung			義城 金	監正	安東權氏成化譜	3	40	b	
E306734	金叔良	김숙량	Kim Sungnyang			義城 金	副丞	安東權氏成化譜	3	40	b	
E700985	李宜衍	이의연	Yi Ŭiyŏn			德水 李	生員	安東權氏成化譜	3	40	b	
033d2309-fc88-4877-b9d3-ba6af5aa6840	安良孫					順興 安		安東權氏成化譜	3	41	a	
c523b2f4-1887-4f24-8ca5-a13dec52135c	安正孫					順興 安		安東權氏成化譜	3	41	a	
E104591	朴希文	박희문	Pak Hŭimun			咸陽 朴	郡事	安東權氏成化譜	3	41	a	
E104592	朴苯	박분	Pak Pun			咸陽 朴	奉禮	安東權氏成化譜	3	41	a	
E104593	朴奉生	박봉생	Pak Pongsaeng	朴奉宗		咸陽 朴	 	安東權氏成化譜	3	41	a	
E104595	趙治	조치	Cho Ch'i			白川 趙	知司諫	安東權氏成化譜	3	41	a	
E104596	朴艮生	박간생	Pak Kansaeng			咸陽 朴	 	安東權氏成化譜	3	41	a	
E104597	朴震生	박진생	Pak Chinsaeng			咸陽 朴		安東權氏成化譜	3	41	a	
E104599	李孝宗	이효종	Yi Hyojong				 	安東權氏成化譜	3	41	a	
E104601	安修己	안수기	An Sugi	安敬禮		順興 安	正郞	安東權氏成化譜	3	41	a	
E104602	安賢孫	안현손	An Hyŏnson			順興 安		安東權氏成化譜	3	41	a	
E104603	安健	안건	An Kŏn	安敦孫		順興 安	進士	安東權氏成化譜	3	41	a	
E201551	金永命	김영명	Kim Yŏngmyŏng			義城 金		安東權氏成化譜	3	41	a	
E305703	朴希傅	박희부	Pak Hŭibu			咸陽 朴	 	安東權氏成化譜	3	41	a	
E305704	朴効敏						陵直	安東權氏成化譜	3	41	a	
E305706	黃革	황혁	Hwang Hyŏk				 	安東權氏成化譜	3	41	a	
E305708	朴瑞中	박서중	Pak Sŏjung				直長	安東權氏成化譜	3	41	a	
E305710	朴峻	박준	Pak Chun			咸陽 朴	忠順衛	安東權氏成化譜	3	41	a	
E305711	李之柔	이지유	Yi Chiyu			廣州 李	牧使	安東權氏成化譜	3	41	a	
E305713	李一元	이일원	Yi Irwŏn			廣州 李	判事	安東權氏成化譜	3	41	a	
E305714	全自完	전자완	Chŏn Chawan				僉知	安東權氏成化譜	3	41	a	
E305717	全孝同	전효동	Chŏn Hyodong				 	安東權氏成化譜	3	41	a	
E305719	全末同	전말동	Chŏn Maldong				 	安東權氏成化譜	3	41	a	
E305720	朴晤生	박오생	Pak Osaeng				宣務郞	安東權氏成化譜	3	41	b	
E305722	朴蒙童	박몽동	Pak Mongdong				 	安東權氏成化譜	3	41	b	
E305723	許誌	허지	Hŏ Chi				主簿	安東權氏成化譜	3	41	b	
E305726	李禎祥	이정상	Yi Chŏngsang				司直	安東權氏成化譜	3	41	b	
E305728	權洌	권렬	Kwŏn Ryŏl				 	安東權氏成化譜	3	41	b	
E305730	金哲命	김철명	Kim Ch'ŏlmyŏng				大護軍	安東權氏成化譜	3	41	b	
E305734	李克幹	이극간	Yi Kŭkkan			廣州 李	通贊	安東權氏成化譜	3	41	b	
E305735	李仲允	이중윤	Yi Chungyun	李中允		廣州 李	僉知中樞	安東權氏成化譜	3	41	b	
E305736	李宗林	이종림	Yi Chongnim				 	安東權氏成化譜	3	41	b	
E305740	李克良	이극량	Yi Kŭngnyang			廣州 李	 	安東權氏成化譜	3	41	b	
E305741	李克仁	이극인	Yi Kŭgin			廣州 李	 	安東權氏成化譜	3	41	b	
E305742	李貞允	이정윤	Yi Chŏngyun	李貞元		廣州 李	正郞	安東權氏成化譜	3	41	b	
E305743	李季允	이계윤	Yi Kyeyun	李季元		廣州 李	教導	安東權氏成化譜	3	41	b	
E305744	李輔幹	이보간	Yi Pogan			廣州 李	 	安東權氏成化譜	3	41	b	
E305745	朴希周	박희주	Pak Hŭiju			咸陽 朴	縣監	安東權氏成化譜	3	41	b	
E305746	朴自賢	박자현	Pak Chahyŏn			咸陽 朴	 	安東權氏成化譜	3	41	b	
E305747	朴自堅	박자견	Pak Chagyŏn			咸陽 朴	 	安東權氏成化譜	3	41	b	
E305748	金孝明	김효명	Kim Hyomyŏng				 	安東權氏成化譜	3	41	b	
E305750	朴希奭	박희석	Pak Hŭisŏk			咸陽 朴		安東權氏成化譜	3	41	b	
E305751	朴譚	박담	Pak Tam			咸陽 朴	 	安東權氏成化譜	3	41	b	
E305752	朴希榮	박희영	Pak Hŭiyŏng			咸陽 朴	 	安東權氏成化譜	3	41	b	
E305753	朴誠	박성	Pak Sŏng			咸陽 朴	直長	安東權氏成化譜	3	41	b	
E305754	朴訥	박눌	Pak Nul			咸陽 朴	 	安東權氏成化譜	3	41	b	
E305755	朴誨	박회	Pak Hoe			咸陽 朴	 	安東權氏成化譜	3	41	b	
E305756	黃熙卿	황희경	Hwang Hŭigyŏng				司正	安東權氏成化譜	3	41	b	
D400559	柳原之	유원지	Yu Wŏnji			文化 柳	中樞	安東權氏成化譜	3	42	a	
E101925	申萬平	신중평	Sin Chungp'yŏng	申仲平		平山 申		安東權氏成化譜	3	42	a	
E301435	李孝孫	이효손	Yi Hyoson			全州 李	主簿	安東權氏成化譜	3	42	a	
E301443	李仁顯			李仁順		全州 李		安東權氏成化譜	3	42	a	
E303615	李愼全	이신전	Yi Sinjŏn			全義 李	護軍	安東權氏成化譜	3	42	a	
E303617	申自準	신자준	Sin Chajun			平山 申	觀察使	安東權氏成化譜	3	42	a	
E303619	兪渾	유혼	Yu Hon			杞溪 兪	錄事	安東權氏成化譜	3	42	a	
E303623	鄭仁昌	정백창	Chŏng Paekch'ang	鄭伯昌			主簿	安東權氏成化譜	3	42	a	
E303633	申叔平	신효평	Sin Hyop'yŏng	申孝平		平山 申	將仕郎	安東權氏成化譜	3	42	a	
E303652	柳輪	유륜	Yu Ryun			文化 柳	直長	安東權氏成化譜	3	42	a	
E303685	柳輔	유보	Yu Po			文化 柳		安東權氏成化譜	3	42	a	
E303702	柳輯	유집	Yu Chip			文化 柳	生員	安東權氏成化譜	3	42	a	
E303720	柳自湖	유자호	Yu Chaho			文化 柳	護軍	安東權氏成化譜	3	42	a	
E303721	柳琚	유거	Yu Kŏ			文化 柳	宣務郞	安東權氏成化譜	3	42	a	
E303726	柳玖	유구	Yu Ku			文化 柳	司果	安東權氏成化譜	3	42	a	
E303732	柳瑤	유요	Yu Yo			文化 柳	司直	安東權氏成化譜	3	42	a	
E303738	李暾	이돈	Yi Ton				忠順衛	安東權氏成化譜	3	42	a	
E303745	柳瓊	유경	Yu Kyŏng			文化 柳	通仕郞	安東權氏成化譜	3	42	a	
E401625	柳自湄	유자미	Yu Chami			文化 柳	監察	安東權氏成化譜	3	42	a	
EC00170	柳浛	유함	Yu Ham	柳涵		文化 柳	縣監	安東權氏成化譜	3	42	a	
4e76341c-7a4b-40cf-8750-f10e1660a400	柳季老					文化 柳		安東權氏成化譜	3	42	b	
E201349	柳演	유연	Yu Yŏn			文化 柳	進士	安東權氏成化譜	3	42	b	
E201377	柳思忠	유사충	Yu Sach'ung			文化 柳	訓導	安東權氏成化譜	3	42	b	
E303752	柳自沼	유자소	Yu Chaso			文化 柳	忠順衛	安東權氏成化譜	3	42	b	
E303753	申允悟	신윤오	Sin Yuno			平山 申		安東權氏成化譜	3	42	b	
E303756	柳思溫	유사온	Yu Saon			文化 柳	縣令	安東權氏成化譜	3	42	b	
E303757	柳濠	유호	Yu Ho	柳壕		文化 柳	上將	安東權氏成化譜	3	42	b	
E303783	柳洵	유순	Yu Sun			文化 柳	應教	安東權氏成化譜	3	42	b	
E303806	李孝根	이효근	Yi Hyogŭn			公州 李	上將	安東權氏成化譜	3	42	b	
E303810	李宗林	이종림	Yi Chongnim			公州 李	上將	安東權氏成化譜	3	42	b	
E303819	柳津	유진	Yu Chin			文化 柳		安東權氏成化譜	3	42	b	
E303822	吳季雍	오계옹	O Kyeong	吳繼雍				安東權氏成化譜	3	42	b	
E303870	李抱	이포	Yi P'o			陽城 李		安東權氏成化譜	3	42	b	
E303880	柳思義	유사의	Yu Saŭi			文化 柳	郡守	安東權氏成化譜	3	42	b	
E303881	柳潤	유윤	Yu Yun			文化 柳	司直	安東權氏成化譜	3	42	b	
E304154	李仲矩	이중선	Yi Chungsŏn			咸平 李		安東權氏成化譜	3	42	b	
E504110	李敦					星州 李		安東權氏成化譜	3	42	b	
E504139	李欱			李敞		星州 李	 	安東權氏成化譜	3	42	b	
E700994	柳沉	유침	Yu Ch'im			文化 柳	生員	安東權氏成化譜	3	42	b	
EC00171	柳淙	유종	Yu Chong			文化 柳	縣監	安東權氏成化譜	3	42	b	
E102370	呂承堪	여승감	Yŏ Sŭnggam	呂承鑑		咸陽 呂		安東權氏成化譜	3	43	a	
E205397	柳溥	유부	Yu Pu			文化 柳		安東權氏成化譜	3	43	a	
E303925	李之善	이지선	Yi Chisŏn				縣監	安東權氏成化譜	3	43	a	
E303927	呂從敬	여종경	Yŏ Chonggyŏng	呂宗敬		咸陽 呂	監察	安東權氏成化譜	3	43	a	
E303945	南恬	남념	Nam Nyŏm			宜寧 南		安東權氏成化譜	3	43	a	
E303960	柳混	유혼	Yu Hon			文化 柳		安東權氏成化譜	3	43	a	
E303963	柳湋	유위	Yu Wi			文化 柳		安東權氏成化譜	3	43	a	
E303970	安敬宗	안경종	An Kyŏngjong					安東權氏成化譜	3	43	a	
E303976	柳澄	유징	Yu Ching			文化 柳	進士	安東權氏成化譜	3	43	a	
E303977	柳從華	유종화	Yu Chonghwa			文化 柳	僉知	安東權氏成化譜	3	43	a	
E303989	柳源汶	유원문	Yu Wŏnmun	柳原汶		文化 柳	司直	安東權氏成化譜	3	43	a	
EA02731	呂承肩	여승견	Yŏ Sŭnggyŏn			咸陽 呂		安東權氏成化譜	3	43	a	
EC00173	李克文	이극문	Yi Kŭngmun			順天 李		安東權氏成化譜	3	43	a	
EC00174	柳汲	유급	Yu Kŭp			文化 柳	副正	安東權氏成化譜	3	43	a	
EC01964	柳從京	유종경	Yu Chonggyŏng			文化 柳	縣監	安東權氏成化譜	3	43	a	
f8c1c79f-b76d-49d0-92e3-0a46749db8c8	李虎山					順天 李		安東權氏成化譜	3	43	a	
E200496	柳伯孫	유백손	Yu Paekson			文化 柳	判官	安東權氏成化譜	3	43	b	
E301232	金守末	김수말	Kim Sumal			尙州 金	主簿	安東權氏成化譜	3	43	b	
E304005	柳之信	유지신	Yu Chisin			善山 柳	判官	安東權氏成化譜	3	43	b	
E304008	高台鼎	고태정	Ko T'aejŏng			濟州 高	院正	安東權氏成化譜	3	43	b	
E304028	南濆	남분	Nam Pun			宜寧 南	主簿	安東權氏成化譜	3	43	b	
E304030	禹拜昌	우배창	U Paech'ang			丹陽 禹	 	安東權氏成化譜	3	43	b	
E304034	柳永錫	유영석	Yu Yŏngsŏk				 	安東權氏成化譜	3	43	b	
E304036	李孝哉	이효재	Yi Hyojae	李孝武				安東權氏成化譜	3	43	b	
E304043	趙承智	조승지	Cho Sŭngji					安東權氏成化譜	3	43	b	
EB00830	姜之海	강지해	Kang Chihae			晋州 姜	萬戶	安東權氏成化譜	3	43	b	
EB01110	康允祚	강윤조	Kang Yunjo			信川 康		安東權氏成化譜	3	43	b	
EC00177	申敬乾	신경건	Sin Kyŏnggŏn			平山 申	別坐	安東權氏成化譜	3	43	b	
EC00179	柳洙	유수	Yu Su			文化 柳	文城君	安東權氏成化譜	3	43	b	
00334f00-d12d-403d-b6d4-bc881ca756be	朴季昌					咸陽 朴		安東權氏成化譜	3	44	a	
36c5a1d5-b7b9-403d-9047-cc892140971f	朴叔昌					咸陽 朴		安東權氏成化譜	3	44	a	
8ab94a4e-11fc-4a49-945a-54a1fe1510e5	朴仲昌					咸陽 朴		安東權氏成化譜	3	44	a	
DC00183	柳衍之	유연지	Yu Yŏnji			文化 柳		安東權氏成化譜	3	44	a	
E304126	柳終孫	유종손	Yu Chongson			文化 柳	 	安東權氏成化譜	3	44	a	
E304127	郭璘	곽린	Kwak Rin			玄風 郭		安東權氏成化譜	3	44	a	
E304139	趙繼男	조계남	Cho Kyenam			漢陽 趙	護軍	安東權氏成化譜	3	44	a	
E304140	朴始孫	박시손	Pak Sison				 	安東權氏成化譜	3	44	a	
E304142	李綱	이강	Yi Kang			咸平 李	部令	安東權氏成化譜	3	44	a	
E304176	宋程壽	송정수	Song Chŏngsu	宋玎壽		礪山 宋	直長	安東權氏成化譜	3	44	a	
E304200	南閏宗	남윤종	Nam Yunjong	南潤宗		宜寧 南	正郞	安東權氏成化譜	3	44	a	
E305758	盧叔恭	노숙공	No Sukkong				直長	安東權氏成化譜	3	44	a	
EA00483	朴永昌					咸陽 朴		安東權氏成化譜	3	44	a	
EC00180	柳泗	유사	Yu Sa			文化 柳	文原君	安東權氏成化譜	3	44	a	
EC00182	趙理	조리	Cho Ri			漢陽 趙	護軍	安東權氏成化譜	3	44	a	
EC00185	朴仁崇	박인숭	Pak Insung			咸陽 朴	直長	安東權氏成化譜	3	44	a	
EC00189	朴琿	박혼	Pak Hon			比安 朴	護軍	安東權氏成化譜	3	44	a	
EC01780	李倩	이천	Yi Ch'ŏn			全州 李	川邑君	安東權氏成化譜	3	44	a	
DC00191	姜仲卿	강중경	Kang Chunggyŏng					安東權氏成化譜	3	44	b	
E201550	金漢啓	김한계	Kim Han'gye			義城 金	承文副知	安東權氏成化譜	3	44	b	
E304202	朴亨元	박형원	Pak Hyŏngwŏn			比安 朴	 	安東權氏成化譜	3	44	b	
E304214	金泰石	김태석	Kim T'aesŏk				司正	安東權氏成化譜	3	44	b	
E304222	金萬謹	김만근	Kim Man'gŭn			義城 金	進士	安東權氏成化譜	3	44	b	
E304242	金萬欽	김만흠	Kim Manhŭm			義城 金	生員	安東權氏成化譜	3	44	b	
E304255	權以弘	권자검	Kwŏn Chagŏm	權自儉			進士	安東權氏成化譜	3	44	b	
E304257	李均	이균	Yi Kyun					安東權氏成化譜	3	44	b	
E304259	權葺	권즙	Kwŏn Chŭp				錄事	安東權氏成化譜	3	44	b	
E304262	權革	권화	Kwŏn Hwa	權華				安東權氏成化譜	3	44	b	
E304269	柳源	유원	Yu Wŏn				 	安東權氏成化譜	3	44	b	
E304303	安敬仝	안경동	An Kyŏngdong			順興 安	司正	安東權氏成化譜	3	44	b	
E304305	金漢碩	김한석	Kim Hansŏk			義城 金	忠順衛	安東權氏成化譜	3	44	b	
E304311	金萬恭	김만공	Kim Man'gong			義城 金		安東權氏成化譜	3	44	b	
E305759	姜繼童	강계동	Kang Kyedong				 	安東權氏成化譜	3	44	b	
E305760	宋臣庭	송신정	Song Sinjŏng				 	安東權氏成化譜	3	44	b	
E305762	安琰	안염	An Yŏm			順興 安	 	安東權氏成化譜	3	44	b	
E806510	安琡	안숙	An Suk	安淑		順興 安	 	安東權氏成化譜	3	44	b	
E900511	金漢仝	김한동	Kim Handong			義城 金	忠順衛	安東權氏成化譜	3	44	b	
E900985	金萬愼	김만신	Kim Mansin			義城 金	 	安東權氏成化譜	3	44	b	
E901122	權宗李	권종리	Kwŏn Chongni	權宗孝		安東 權	別侍	安東權氏成化譜	3	44	b	
EA01096	金漢哲	김한철	Kim Hanch'ŏl			義城 金	佐郞	安東權氏成化譜	3	44	b	
EA03184	李陽俊	이양준	Yi Yangjun					安東權氏成化譜	3	44	b	
EA03185	李孝同	이효주	Yi Hyoju	李孝周			 	安東權氏成化譜	3	44	b	
EA03186	李孝孫	이효손	Yi Hyoson				 	安東權氏成化譜	3	44	b	
EA03187	李陽固	이양고	Yi Yanggo				僉知	安東權氏成化譜	3	44	b	
EC00192	姜好德	강호덕	Kang Hodŏk				 	安東權氏成化譜	3	44	b	
EC00193	姜好善	강호선	Kang Hosŏn				司正	安東權氏成化譜	3	44	b	
EC00195	李永睦	이영목	Yi Yŏngmok				 	安東權氏成化譜	3	44	b	
EC00200	金洊	김천	Kim Ch'ŏn			義城 金	萬戶	安東權氏成化譜	3	44	b	
EC00203	趙安道	조안도	Cho Ando			楊州 趙	副正	安東權氏成化譜	3	44	b	
EC02686	鄭綸	정륜	Chŏng Ryun	鄭倫		東萊 鄭	進士	安東權氏成化譜	3	44	b	
E304338	金漢遇	김한우	Kim Hanu	金漢禹		義城 金	司正	安東權氏成化譜	3	45	a	
E304348	金漢重	김한중	Kim Hanjung			義城 金	 	安東權氏成化譜	3	45	a	
E304353	權仗卿			權儒卿				安東權氏成化譜	3	45	a	
E400078	許恒	허항	Hŏ Hang			陽川 許	郡事	安東權氏成化譜	3	45	a	
E400079	許桓	허환	Hŏ Hwan			陽川 許		安東權氏成化譜	3	45	a	
E400088	許憐	허린	Hŏ Rin	許隣		陽川 許		安東權氏成化譜	3	45	a	
E400089	許陸	허륙	Hŏ Ryuk			陽川 許		安東權氏成化譜	3	45	a	
E400090	許隮	허제	Hŏ Che			陽川 許		安東權氏成化譜	3	45	a	
E400091	許階	허계	Hŏ Kye			陽川 許		安東權氏成化譜	3	45	a	
E400093	洪四元	홍사원	Hong Sawŏn				 	安東權氏成化譜	3	45	a	
E400098	許檃 	허은	Hŏ Ŭn			陽川 許		安東權氏成化譜	3	45	a	
E400099	許案	허안	Hŏ An			陽川 許		安東權氏成化譜	3	45	a	
E400100	許菜	허채	Hŏ Ch'ae	許采		陽川 許		安東權氏成化譜	3	45	a	
EC00204	金永壽	김영수	Kim Yŏngsu			義城 金	司直	安東權氏成化譜	3	45	a	
E200890	李守誠	이성침	Yi Sŏngch'im	李成忱		全義 李	判官	安東權氏成化譜	3	45	b	
E201480	李長孝	이장효	Yi Changhyo			全義 李		安東權氏成化譜	3	45	b	
E303338	成善	성선	Sŏng Sŏn			昌寧 成	都事	安東權氏成化譜	3	45	b	
E303340	成允文	성윤문	Sŏng Yunmun			昌寧 成	參判	安東權氏成化譜	3	45	b	
E303355	李淳	이순	Yi Sun			全義 李	司直	安東權氏成化譜	3	45	b	
E303356	李渙	이환	Yi Hwan			全義 李	判官	安東權氏成化譜	3	45	b	
E303358	李守忱	이수침	Yi Such'im			全義 李		安東權氏成化譜	3	45	b	
E303388	李淸	이청	Yi Ch'ŏng			全義 李	司直	安東權氏成化譜	3	45	b	
E303390	李涓	이연	Yi Yŏn			全義 李	縣監	安東權氏成化譜	3	45	b	
E303396	李愼幾	이신기	Yi Sin'gi			全義 李	 	安東權氏成化譜	3	45	b	
E303397	李愼謙	이신겸	Yi Sin'gyŏm			全義 李		安東權氏成化譜	3	45	b	
E303411	李愼意	이신의	Yi Sinŭi			全義 李		安東權氏成化譜	3	45	b	
E303418	李澍	이주	Yi Chu			全義 李		安東權氏成化譜	3	45	b	
E303419	李哲命	이철명	Yi Ch'ŏlmyŏng			全義 李		安東權氏成化譜	3	45	b	
E303434	李哲同	이경명	Yi Kyŏngmyŏng	李景命		全義 李		安東權氏成化譜	3	45	b	
E303444	李泳	이영	Yi Yŏng			全義 李	 	安東權氏成化譜	3	45	b	
E303445	金輿	김여	Kim Yŏ				牧使	安東權氏成化譜	3	45	b	
E303447	崔德孫	최덕손	Ch'oe Tŏkson					安東權氏成化譜	3	45	b	
E303449	李復起	이복기	Yi Pokki			全義 李	 	安東權氏成化譜	3	45	b	
E303454	李復振	이복진	Yi Pokchin			全義 李	 	安東權氏成化譜	3	45	b	
E303465	李潔	이결	Yi Kyŏl			全義 李	縣監	安東權氏成化譜	3	45	b	
E303466	李復昌	이복창	Yi Pokch'ang			全義 李	 	安東權氏成化譜	3	45	b	
E401582	李儁	이준	Yi Chun			全義 李	判事	安東權氏成化譜	3	45	b	
E901894	李復亨	이복형	Yi Pokhyŏng			全義 李		安東權氏成化譜	3	45	b	
EC00136	成益之	성익지	Sŏng Ikchi	成翼之		昌寧 成	府使	安東權氏成化譜	3	45	b	
EC00137	李長發	이장발	Yi Changbal			全義 李	司正	安東權氏成化譜	3	45	b	
EC00138	李長得	이장득	Yi Changdŭk			全義 李	護軍	安東權氏成化譜	3	45	b	
E100761	崔濚	최영	Ch'oe Yŏng	崔榮	崔永	忠州 崔	縣監	安東權氏成化譜	3	46	a	
E303469	申子建	신자건	Sin Chagŏn	申自建		平山 申		安東權氏成化譜	3	46	a	
E303474	申承召	신승소	Sin Sŭngso			平山 申	 	安東權氏成化譜	3	46	a	
E303478	申承奭	신승석	Sin Sŭngsŏk			平山 申	 	安東權氏成化譜	3	46	a	
E303481	李仁文	이인문	Yi Inmun			延安 李	正郞	安東權氏成化譜	3	46	a	
E303526	申翊	신익	Sin Ik				 	安東權氏成化譜	3	46	a	
E303528	朴龜年	박귀년	Pak Kwinyŏn				 	安東權氏成化譜	3	46	a	
E303529	李慶祥	이경상	Yi Kyŏngsang				 	安東權氏成化譜	3	46	a	
E401246	南深	남심	Nam Sim			宜寧 南	上護軍	安東權氏成化譜	3	46	a	
E401249	南尙明	남상명	Nam Sangmyŏng			宜寧 南	經歷	安東權氏成化譜	3	46	a	
E401251	南尙正	남상정	Nam Sangjŏng			宜寧 南	少尹	安東權氏成化譜	3	46	a	
EA01064	南輕	남지	Nam Chi			宜寧 南	僉知	安東權氏成化譜	3	46	a	
EA01065	南季當	남계당	Nam Kyedang	南季堂		宜寧 南	正郞	安東權氏成化譜	3	46	a	
EA01067	南季膺	남계응	Nam Kyeŭng			宜寧 南	縣監	安東權氏成化譜	3	46	a	
EA01072	南軺	남초	Nam Ch'o			宜寧 南	護軍	安東權氏成化譜	3	46	a	
EA01073	南季麟					宜寧 南	 	安東權氏成化譜	3	46	a	
EA01076	南季喜	남계희	Nam Kyehŭi			宜寧 南	 	安東權氏成化譜	3	46	a	
EA01077	南季樑	남계량	Nam Kyeryang	南季梁		宜寧 南		安東權氏成化譜	3	46	a	
EA01082	南季彦	남계언	Nam Kyeŏn			宜寧 南	 	安東權氏成化譜	3	46	a	
EA01085	南軾	남식	Nam Sik			宜寧 南	都萬戶	安東權氏成化譜	3	46	a	
EC00141	申處	신처	Sin Ch'ŏ	申虔		平山 申	 	安東權氏成化譜	3	46	a	
EC00143	朴子文	박자문	Pak Chamun	朴緯			牧使	安東權氏成化譜	3	46	a	
EC00145	朴宗仁	박종인	Pak Chongin				 	安東權氏成化譜	3	46	a	
EC00147	柳溫	유온	Yu On				摠制	安東權氏成化譜	3	46	a	
E401252	南尙致	남상치	Nam Sangch'i			宜寧 南	錄事	安東權氏成化譜	3	46	b	
E401253	南尙亨	남상형	Nam Sanghyŏng			宜寧 南	僉知	安東權氏成化譜	3	46	b	
E401258	李終生	이종생	Yi Chongsaeng			全州 李	鎭南君	安東權氏成化譜	3	46	b	
E401260	李繼源	이계원	Yi Kyewŏn				護軍	安東權氏成化譜	3	46	b	
E901049	金係行	김계행	Kim Kyehaeng			安東 金	生員	安東權氏成化譜	3	46	b	
EA01088	南轍	남철	Nam Ch'ŏl			宜寧 南	護軍	安東權氏成化譜	3	46	b	
EA01105	李源	이원	Yi Wŏn			全州 李	栢城守	安東權氏成化譜	3	46	b	
EA01138	李淑	이숙	Yi Suk			全州 李		安東權氏成化譜	3	46	b	
EA01148	李增	이증	Yi Chŭng			全州 李	富安正	安東權氏成化譜	3	46	b	
EA01169	李衍	이연	Yi Yŏn			全州 李	金山君	安東權氏成化譜	3	46	b	
EA01170	李均					全州 李	雙阜守	安東權氏成化譜	3	46	b	
EA01196	李暹	이섬	Yi Sŏm				 	安東權氏成化譜	3	46	b	
EA01197	李旻	이민	Yi Min				 	安東權氏成化譜	3	46	b	
EA01198	李暠	이호	Yi Ho				 	安東權氏成化譜	3	46	b	
E201655	洪貴演					南陽 洪	大護軍	安東權氏成化譜	3	47	a	
E301285	李永宣					永川 李	縣監	安東權氏成化譜	3	47	a	
E302621	朴愼孫					密陽 朴		安東權氏成化譜	3	47	a	
E302989	尹晢					坡平 尹	佐郞	安東權氏成化譜	3	47	a	
E303535	李絟	이전	Yi Chŏn			全義 李	奉事	安東權氏成化譜	3	47	a	
E303536	李絳	이강	Yi Kang			全義 李	司正	安東權氏成化譜	3	47	a	
E303539	李綽	이작	Yi Chak			全義 李	部將	安東權氏成化譜	3	47	a	
E303540	李叔璟	이숙경	Yi Sukkyŏng				 	安東權氏成化譜	3	47	a	
E401278	李斗萬	이두만	Yi Tuman			永川 李	中樞	安東權氏成化譜	3	47	a	
EA01005	尹昫					坡平 尹		安東權氏成化譜	3	47	a	
EA01615	尹繼興					坡平 尹	府使	安東權氏成化譜	3	47	a	
EA01616	李永弘					永川 李	佐郞	安東權氏成化譜	3	47	a	
EA01621	李寅					永川 李	進士	安東權氏成化譜	3	47	a	
EA01635	李永昌					永川 李	陵直	安東權氏成化譜	3	47	a	
EA01640	李永蕃					永川 李		安東權氏成化譜	3	47	a	
EC00148	李勖	이욱	Yi Uk	李[目+放]		全義 李		安東權氏成化譜	3	47	a	
EC00152	李榮東	이영동	Yi Yŏngdong			全義 李	判官	安東權氏成化譜	3	47	a	
E000310	李杜	이두	Yi Tu			全義 李		安東權氏成化譜	3	47	b	
E303546	李彭	이팽	Yi P'aeng			全義 李	 	安東權氏成化譜	3	47	b	
E303552	李知咎	이지구	Yi Chigu			全義 李	上護軍	安東權氏成化譜	3	47	b	
E303565	朴倫	박륜	Pak Ryun				護軍	安東權氏成化譜	3	47	b	
E303567	嚴得正	엄득정	Ŏm Tŭkchŏng				 	安東權氏成化譜	3	47	b	
EA00936	柳自淵	유자연	Yu Chayŏn			晋州 柳	提控	安東權氏成化譜	3	47	b	
EB01116	李知恥	이지치	Yi Chich'i			全義 李	縣令	安東權氏成化譜	3	47	b	
EC00153	李秀東	이수동	Yi Sudong			全義 李		安東權氏成化譜	3	47	b	
EC00154	李揚東	이양동	Yi Yangdong	李楊東		全義 李	錄事	安東權氏成化譜	3	47	b	
EC00155	李盛東	이성동	Yi Sŏngdong			全義 李	縣監	安東權氏成化譜	3	47	b	
EC00157	康履	강리	Kang Ri			信川 康	縣監	安東權氏成化譜	3	47	b	
EC00158	李俺	이엄	Yi Ŏm			全義 李	舍人	安東權氏成化譜	3	47	b	
EC00159	李公達	이공달	Yi Kongdal			全義 李	 	安東權氏成化譜	3	47	b	
E305770	崔興潤	최흥윤	Ch'oe Hŭngyun				司正	安東權氏成化譜	3	48	a	
E305772	崔處江	최처강	Ch'oe Ch'ŏgang				司正	安東權氏成化譜	3	48	a	
E305773	崔自江	최자강	Ch'oe Chagang				 	安東權氏成化譜	3	48	a	
E305774	崔得止	최득지	Ch'oe Tŭkchi				 	安東權氏成化譜	3	48	a	
E305776	崔致江	최치강	Ch'oe Ch'igang				司直	安東權氏成化譜	3	48	a	
E305777	元三孫	원삼손	Wŏn Samson				護軍	安東權氏成化譜	3	48	a	
E305779	李菘	이숭	Yi Sung				 	安東權氏成化譜	3	48	a	
E305780	郭思道	곽사도	Kwak Sado				 	安東權氏成化譜	3	48	a	
E305782	李穆	이목	Yi Mok				護軍	安東權氏成化譜	3	48	a	
E305783	李元威	이원위	Yi Wŏnwi				 	安東權氏成化譜	3	48	a	
E305784	李菲	이비	Yi Pi				 	安東權氏成化譜	3	48	a	
E305785	李白茂	이백무	Yi Paengmu				司直	安東權氏成化譜	3	48	a	
E305786	李終始	이종시	Yi Chongsi				 	安東權氏成化譜	3	48	a	
E305787	崔安沚	최안지	Ch'oe Anji	崔安止		全州 崔	副正	安東權氏成化譜	3	48	a	
E305789	林義	임의	Im Ŭi				司直	安東權氏成化譜	3	48	a	
E305791	林繼孫	임계손	Im Kyeson				將仕郞	安東權氏成化譜	3	48	a	
E305792	鄭終孫	정종손	Chŏng Chongson				大護軍	安東權氏成化譜	3	48	a	
E305794	崔演元	최연원	Ch'oe Yŏnwŏn			全州 崔	司果	安東權氏成化譜	3	48	a	
E305795	崔正心	최정심	Ch'oe Chŏngsim			全州 崔	 	安東權氏成化譜	3	48	a	
E305796	韓孝弟	한효제	Han Hyoje				副司直	安東權氏成化譜	3	48	b	
E305797	韓敏	한민	Han Min				司直	安東權氏成化譜	3	48	b	
E305798	韓元孫	한원손	Han Wŏnson				 	安東權氏成化譜	3	48	b	
E305800	朴孝宗	박효종	Pak Hyojong				司直	安東權氏成化譜	3	48	b	
E305802	吳致夏	오치하	O Ch'iha				司直	安東權氏成化譜	3	48	b	
E305804	吳貴唐	오귀당	O Kwidang				殿直	安東權氏成化譜	3	48	b	
E305805	吳永信	오영신	O Yŏngsin				 	安東權氏成化譜	3	48	b	
E305806	吳永淸	오영청	O Yŏngch'ŏng				 	安東權氏成化譜	3	48	b	
E305807	韓孝知	한효지	Han Hyoji				直長	安東權氏成化譜	3	48	b	
E305808	李明生	이명생	Yi Myŏngsaeng				司直	安東權氏成化譜	3	48	b	
E305811	禹治汝	우치여	U Ch'iyŏ				別侍	安東權氏成化譜	3	48	b	
E305813	韓哲亭	한철정	Han Ch'ŏlchŏng				 	安東權氏成化譜	3	48	b	
E305814	金水中	김수중	Kim Sujung				司直	安東權氏成化譜	3	48	b	
E305816	韓倫	한륜	Han Ryun				 	安東權氏成化譜	3	48	b	
E305817	韓好德	한호덕	Han Hodŏk				副司直	安東權氏成化譜	3	48	b	
E305819	吳季夏	오계하	O Kyeha				司直	安東權氏成化譜	3	48	b	
E305821	嚴自謙	엄자겸	Ŏm Chagyŏm				司直	安東權氏成化譜	3	48	b	
E305823	韓福亭	한복정	Han Pokchŏng				副司直	安東權氏成化譜	3	48	b	
E305824	韓義綱	한의강	Han Ŭigang				司直	安東權氏成化譜	3	48	b	
E305825	韓叙						別侍	安東權氏成化譜	3	48	b	
E305826	韓莫同						 	安東權氏成化譜	3	48	b	
E305827	文尙敬	문상경	Mun Sanggyŏng				司直	安東權氏成化譜	3	48	b	
E305829	韓禮綱	한예강	Han Yegang				錄事	安東權氏成化譜	3	48	b	
E305830	洪有	홍유	Hong Yu				司直	安東權氏成化譜	3	48	b	
E305832	韓智綱	한지강	Han Chigang				萬戶	安東權氏成化譜	3	48	b	
E305833	李權	이권	Yi Kwŏn				 	安東權氏成化譜	3	48	b	
E305835	韓敬德	한경덕	Han Kyŏngdŏk				 	安東權氏成化譜	3	48	b	
E305836	韓信綱	한신강	Han Sin'gang				 	安東權氏成化譜	3	48	b	
E305837	韓致仁	한치인	Han Ch'iin				 	安東權氏成化譜	3	48	b	
E306064	引順岑	인순잠	In Sunjam	印順岑			 	安東權氏成化譜	3	48	b	
E305840	韓允賔	한윤빈	Han Yunbin				司直	安東權氏成化譜	3	49	a	
E305841	崔崇道	최숭도	Ch'oe Sungdo				司直	安東權氏成化譜	3	49	a	
E305844	韓允正	한윤정	Han Yunjŏng				司直	安東權氏成化譜	3	49	a	
E305845	韓權	한권	Han Kwŏn				司直	安東權氏成化譜	3	49	a	
E305846	韓謹	한근	Han Kŭn				司直	安東權氏成化譜	3	49	a	
E305847	韓均	한균	Han Kyun				副司直	安東權氏成化譜	3	49	a	
E305848	韓允富	한윤부	Han Yunbu				 	安東權氏成化譜	3	49	a	
E305849	韓俊	한준	Han Chun				司直	安東權氏成化譜	3	49	a	
E305850	李賢	이현	Yi Hyŏn				司直	安東權氏成化譜	3	49	a	
E305852	金進賢	김진현	Kim Chinhyŏn				萬戶	安東權氏成化譜	3	49	a	
E305854	韓允良	한윤량	Han Yullyang				司正	安東權氏成化譜	3	49	a	
E305855	韓致中	한치중	Han Ch'ijung				 	安東權氏成化譜	3	49	a	
E305856	韓致和	한치화	Han Ch'ihwa				 	安東權氏成化譜	3	49	a	
E305857	趙嚴汝	조엄여	Cho Ŏmyŏ				司直	安東權氏成化譜	3	49	a	
E305860	金貴仁	김귀인	Kim Kwiin				 	安東權氏成化譜	3	49	b	
E305861	金說	김설	Kim Sŏl				司直	安東權氏成化譜	3	49	b	
E305864	金貴思	김귀사	Kim Kwisa				 	安東權氏成化譜	3	49	b	
E305865	金君	김군	Kim Kun				 	安東權氏成化譜	3	49	b	
E305866	金作	김작	Kim Chak				殿直	安東權氏成化譜	3	49	b	
E305867	黃有智	황유지	Hwang Yuji				 	安東權氏成化譜	3	49	b	
E305869	黃自中	황자중	Hwang Chajung				 	安東權氏成化譜	3	49	b	
E305870	黃季同	황계동	Hwang Kyedong				 	安東權氏成化譜	3	49	b	
E305871	黃季孫	황계손	Hwang Kyeson				 	安東權氏成化譜	3	49	b	
E305872	方致之父						 	安東權氏成化譜	3	49	b	
E305874	方致	방치	Pang Ch'i				副使	安東權氏成化譜	3	49	b	
E305875	方孝忠	방효충	Pang Hyoch'ung				 	安東權氏成化譜	3	49	b	
E305876	崔漳	최장	Ch'oe Chang				司直	安東權氏成化譜	3	49	b	
E305878	金貴良						 	安東權氏成化譜	3	49	b	
E305879	金貴榮	김귀영	Kim Kwiyŏng				 	安東權氏成化譜	3	49	b	
E000958	李拱	이공	Yi Kong			陽城 李	僉知	安東權氏成化譜	3	50	a	
E301863	李元守	이원수	Yi Wŏnsu			陽城 李	 	安東權氏成化譜	3	50	a	
E904910	趙侔							安東權氏成化譜	3	50	a	
E904912	趙位	조위	Cho Wi				司勇	安東權氏成化譜	3	50	a	
EB02673	李全之	이전지	Yi Chŏnji			陽城 李	中樞	安東權氏成化譜	3	50	a	
EB02675	李三喜	이삼희	Yi Samhŭi			陽城 李	 	安東權氏成化譜	3	50	a	
EB02678	趙克仁	조극인	Cho Kŭgin				錄事	安東權氏成化譜	3	50	a	
EB02680	李季敏	이계민	Yi Kyemin				 	安東權氏成化譜	3	50	a	
EB02682	張哲堅	장철견	Chang Ch'ŏlgyŏn			仁同 張	司勇	安東權氏成化譜	3	50	a	
EB02700	李謙之	이겸지	Yi Kyŏmji			陽城 李	掌令	安東權氏成化譜	3	50	a	
EB02702	朴居信	박원신	Pak Wŏnsin	朴元信			內禁	安東權氏成化譜	3	50	a	
EB02705	李持	이지	Yi Chi			陽城 李	主簿	安東權氏成化譜	3	50	a	
EB02706	李完守	이완수	Yi Wansu			陽城 李	 	安東權氏成化譜	3	50	a	
EB02713	南義元	남의원	Nam Ŭiwŏn			英陽 南	司勇	安東權氏成化譜	3	50	a	
EB02722	李仁守	이인수	Yi Insu			陽城 李		安東權氏成化譜	3	50	a	
EB02723	李欽守	이흠수	Yi Hŭmsu			陽城 李		安東權氏成化譜	3	50	a	
EC00500	李孟常	이맹상	Yi Maengsang			陽城 李	中樞	安東權氏成化譜	3	50	a	
451abaac-f99d-423c-a0b3-e0112fb33753	李洗膓					廣州 李		安東權氏成化譜	3	50	b	
46b49cd9-75b9-421a-8481-8b2becd0169e	李洗膽					廣州 李		安東權氏成化譜	3	50	b	
619ff848-6f34-4d93-bb51-9946f7ac0eab	宋洗中					礪山 宋		安東權氏成化譜	3	50	b	
ce7e6490-a3a2-4104-bcae-8babb055b16b	宋洗端					礪山 宋		安東權氏成化譜	3	50	b	
EB02724	李把	이파	Yi P'a			陽城 李	參軍	安東權氏成化譜	3	50	b	
EB02725	李文守	이문수	Yi Munsu			陽城 李	 	安東權氏成化譜	3	50	b	
EB02734	李挶	이국	Yi Kuk			陽城 李	司正	安東權氏成化譜	3	50	b	
EB02736	尹思	윤사	Yun Sa			漆原 尹	生員	安東權氏成化譜	3	50	b	
EB02742	閔山命	민산명	Min Sanmyŏng				察訪	安東權氏成化譜	3	50	b	
EB02747	尹碩輔	윤석보	Yun Sŏkpo			漆原 尹	奉事	安東權氏成化譜	3	50	b	
EB02767	李守哲	이수철	Yi Such'ŏl			廣州 李	節度使	安東權氏成化譜	3	50	b	
EB02769	宋叔琪	송숙기	Song Sukki			礪山 宋	郡事	安東權氏成化譜	3	50	b	
EB01501	朴徐昌	박서창	Pak Sŏch'ang			密陽 朴	觀察使	安東權氏成化譜	3	51	a	
EB01532	朴緯	박위	Pak Wi			密陽 朴	奉事	安東權氏成化譜	3	51	a	
EB02809	姜自亨	강자형	Kang Chahyŏng				司正	安東權氏成化譜	3	51	a	
EB02822	李惇之	이돈지	Yi Tonji			陽城 李	錄事	安東權氏成化譜	3	51	a	
EC00409	朴得中	박득중	Pak Tŭkchung			密陽 朴	寺尹	安東權氏成化譜	3	51	a	
EC00411	徐耇	서구	Sŏ Ku			利川 徐	寺尹	安東權氏成化譜	3	51	a	
EC00412	朴賡	박갱	Pak Kaeng			密陽 朴	副知敦寧	安東權氏成化譜	3	51	a	
001efe20-ad58-4cdb-8876-cb0e17fe0275	權緯							安東權氏成化譜	3	51	b	
E100216	李繼祐	이계우	Yi Kyeu			仁川 李	郡守	安東權氏成化譜	3	51	b	
E103119	金貞孫	김정손	Kim Chŏngson				別提	安東權氏成化譜	3	51	b	
E103121	金漬	김지	Kim Chi			延安 金	倉守	安東權氏成化譜	3	51	b	
E103128	金悅	김열	Kim Yŏl			江陵 金	通贊	安東權氏成化譜	3	51	b	
E103130	金憬	김경	Kim Kyŏng			江陵 金	通贊	安東權氏成化譜	3	51	b	
E103131	金悰	김종	Kim Chong			江陵 金	監察	安東權氏成化譜	3	51	b	
E305887	李藻	이조	Yi Cho			仁川 李	郡事	安東權氏成化譜	3	51	b	
E305888	李柏長	이백장	Yi Paekchang			仁川 李	副司正	安東權氏成化譜	3	51	b	
E305889	李秀	이수	Yi Su			仁川 李	通贊	安東權氏成化譜	3	51	b	
E305890	李檜長	이회장	Yi Hoejang			仁川 李	副司直	安東權氏成化譜	3	51	b	
E305891	金積慶	김적경	Kim Chŏkkyŏng			慶州 金	司正	安東權氏成化譜	3	51	b	
E305893	李師程	이사정	Yi Sajŏng				府使	安東權氏成化譜	3	51	b	
E305895	李龜㱓	이귀령	Yi Kwiryŏng				內直	安東權氏成化譜	3	51	b	
E305896	吳仁厚	오인후	O Inhu				護軍	安東權氏成化譜	3	51	b	
E305898	金因渭	김인위	Kim Inwi	金仁渭		慶州 金	 	安東權氏成化譜	3	51	b	
E401500	金貴諴	김귀함	Kim Kwiham			江陵 金	倉丞	安東權氏成化譜	3	51	b	
E901658	李瀹	이약	Yi Yak			仁川 李	監正	安東權氏成化譜	3	51	b	
E901664	邊希達	변희달	Pyŏn Hŭidal			原州 邊		安東權氏成化譜	3	51	b	
D305926	王奭	왕석	Wang Sŏk	王瑞		開城 王	府院君	安東權氏成化譜	3	52	a	
E305901	李灌	이관	Yi Kwan			仁川 李	及第	安東權氏成化譜	3	52	a	
E305902	李紹仁	이소인	Yi Soin			仁川 李	直長	安東權氏成化譜	3	52	a	
E305903	李宗信	이종신	Yi Chongsin				 	安東權氏成化譜	3	52	a	
E305905	金彦卿	김언경	Kim Ŏn'gyŏng				僉知	安東權氏成化譜	3	52	a	
E305907	李祺	이기	Yi Ki			仁川 李	 	安東權氏成化譜	3	52	a	
E305909	李祐	이우	Yi U			仁川 李	 	安東權氏成化譜	3	52	a	
E305911	李景元	이경원	Yi Kyŏngwŏn			延安 李	 	安東權氏成化譜	3	52	a	
E305913	朴義甫	박의보	Pak Ŭibo				奉禮	安東權氏成化譜	3	52	a	
E305915	朴輝	박휘	Pak Hwi				 	安東權氏成化譜	3	52	a	
E305916	朴粹	박수	Pak Su				 	安東權氏成化譜	3	52	a	
E305917	朴灝	박호	Pak Ho				 	安東權氏成化譜	3	52	a	
E305918	朴熹	박희	Pak Hŭi				 	安東權氏成化譜	3	52	a	
E305920	宋休	송휴	Song Hyu				上護軍	安東權氏成化譜	3	52	a	
E305922	姜圭	강규	Kang Kyu				司直	安東權氏成化譜	3	52	a	
E305924	兪元老	유원로	Yu Wŏllo			杞溪 兪	郡守	安東權氏成化譜	3	52	a	
E400627	閔校	민교	Min Kyo			驪興 閔	參議	安東權氏成化譜	3	52	a	
E904640	閔彌老	민미로	Min Miro			驪興 閔	郡守	安東權氏成化譜	3	52	a	
E904641	閔伯恭	민백공	Min Paekkong			驪興 閔	護軍	安東權氏成化譜	3	52	a	
E904642	閔經	민경	Min Kyŏng			驪興 閔	 	安東權氏成化譜	3	52	a	
E904645	閔緯	민위	Min Wi			驪興 閔	 	安東權氏成化譜	3	52	a	
d3ed0d07-a098-440f-9228-b5ca2ecca2a6	朴塢					忠州 朴		安東權氏成化譜	3	52	b	
E201997	朴忠諴	박충함	Pak Ch'ungham			忠州 朴	司正	安東權氏成化譜	3	52	b	
E204921	朴原直	박원직	Pak Wŏnjik			忠州 朴	縣監	安東權氏成化譜	3	52	b	
E204934	禹彭世	우팽세	U P'aengse				 	安東權氏成化譜	3	52	b	
E204947	朴垠	박은	Pak Ŭn			忠州 朴	 	安東權氏成化譜	3	52	b	
E204956	朴址	박지	Pak Chi			忠州 朴	 	安東權氏成化譜	3	52	b	
E204962	朴壎	박훈	Pak Hun			忠州 朴		安東權氏成化譜	3	52	b	
E204963	朴墅	박서	Pak Sŏ			忠州 朴		安東權氏成化譜	3	52	b	
E204965	朴塾	박숙	Pak Suk			忠州 朴		安東權氏成化譜	3	52	b	
E305928	朴蓁	박진	Pak Chin			忠州 朴	縣監	安東權氏成化譜	3	52	b	
E600001	朴彦範	박언범	Pak Ŏnbŏm			忠州 朴		安東權氏成化譜	3	52	b	
E600012	朴衡武	박형무	Pak Hyŏngmu			忠州 朴	縣令	安東權氏成化譜	3	52	b	
E902435	卜彭孫	복팽손	Pok P'aengson			沔川 卜		安東權氏成化譜	3	52	b	
E904085	朴秀南	박수남	Pak Sunam			忠州 朴	啟功郎	安東權氏成化譜	3	52	b	
E904089	朴秀東	박수동	Pak Sudong			忠州 朴	 	安東權氏成化譜	3	52	b	
E904098	李義童	이의동	Yi Ŭidong			全州 李	都正	安東權氏成化譜	3	52	b	
E904101	朴秀基	박수기	Pak Sugi			忠州 朴		安東權氏成化譜	3	52	b	
E904103	朴秀壥	박수강	Pak Sugang	朴秀疆		忠州 朴	 	安東權氏成化譜	3	52	b	
EA00409	朴原昌	박원창	Pak Wŏnch'ang			忠州 朴	判官	安東權氏成化譜	3	52	b	
EA01201	朴壔	박도	Pak To			忠州 朴		安東權氏成化譜	3	52	b	
da654d9e-64aa-4b76-a024-fd1a0d0e6a11	李舜年							安東權氏成化譜	3	53	a	
E305930	朴良	박량	Pak Ryang			忠州 朴	正郞	安東權氏成化譜	3	53	a	
E305931	金瓚	김찬	Kim Ch'an					安東權氏成化譜	3	53	a	
E305933	孫順馹	손순일	Son Sunil				丞	安東權氏成化譜	3	53	a	
E305935	孫興祚	손흥조	Son Hŭngjo				縣監	安東權氏成化譜	3	53	a	
E305936	黃叔貢	황숙귀	Hwang Sukkwi				司直	安東權氏成化譜	3	53	a	
E305938	張希試	장희시	Chang Hŭisi				訓導	安東權氏成化譜	3	53	a	
E305940	孫澄	손징	Son Ching				 	安東權氏成化譜	3	53	a	
E305941	孫洙	손수	Son Su				 	安東權氏成化譜	3	53	a	
E305942	孫永祚	손영조	Son Yŏngjo				護軍	安東權氏成化譜	3	53	a	
E305943	孫孟秀	손맹수	Son Maengsu				司直	安東權氏成化譜	3	53	a	
E305946	延庇	연비	Yŏn Pi			谷山 延	牧使	安東權氏成化譜	3	53	a	
E305948	延勉善	연면선	Yŏn Myŏnsŏn			谷山 延	司直	安東權氏成化譜	3	53	a	
E305949	延保	연보	Yŏn Po			谷山 延	 	安東權氏成化譜	3	53	a	
E305950	延効善					谷山 延	司直	安東權氏成化譜	3	53	a	
E305951	李坤生	이곤생	Yi Konsaeng				 	安東權氏成化譜	3	53	a	
E305953	金理恭	김이공	Kim Igong				牧使	安東權氏成化譜	3	53	a	
EA00067	朴信諴	박신함	Pak Sinham			忠州 朴	郡事	安東權氏成化譜	3	53	a	
E305957	琴靚	금정	Kŭm Chŏng			奉化 琴	縣監	安東權氏成化譜	3	53	b	
E305962	琴玩	금완	Kŭm Wan			奉化 琴	 	安東權氏成化譜	3	53	b	
E305963	李桂遂	이계수	Yi Kyesu				檢參	安東權氏成化譜	3	53	b	
E305967	劉祐	유우	Yu U			江陵 劉	縣監	安東權氏成化譜	3	53	b	
E305969	劉福謙	유복겸	Yu Pokkyŏm			江陵 劉	司正	安東權氏成化譜	3	53	b	
E305970	劉孟孫	유맹손	Yu Maengson			江陵 劉	司正	安東權氏成化譜	3	53	b	
E305971	劉敬孫	유경손	Yu Kyŏngson			江陵 劉	司正	安東權氏成化譜	3	53	b	
E305972	金德生	김덕생	Kim Tŏksaeng				副正	安東權氏成化譜	3	53	b	
E305974	黃孝誠	황효성	Hwang Hyosŏng			昌原 黃	知事	安東權氏成化譜	3	53	b	
E305976	黃斯允	황사윤	Hwang Sayun			昌原 黃	節度使	安東權氏成化譜	3	53	b	
E305977	金孟達	김맹달	Kim Maengdal				 	安東權氏成化譜	3	53	b	
E305978	金善繼	김선계	Kim Sŏn'gye				 	安東權氏成化譜	3	53	b	
E305980	金順繼	김순계	Kim Sun'gye				 	安東權氏成化譜	3	53	b	
E305981	金孟殷	김맹은	Kim Maengŭn				司直	安東權氏成化譜	3	53	b	
E305982	李斯義	이사의	Yi Saŭi				 	安東權氏成化譜	3	53	b	
E305985	金瑞琥	김서호	Kim Sŏho				 	安東權氏成化譜	3	53	b	
E305986	金瑞瓊	김서경	Kim Sŏgyŏng				 	安東權氏成化譜	3	53	b	
E305987	金瑞玲	김서령	Kim Sŏryŏng				 	安東權氏成化譜	3	53	b	
E305988	朴亨之	박형지	Pak Hyŏngji				錄事	安東權氏成化譜	3	53	b	
E305990	朴萬壽	박만수	Pak Mansu				 	安東權氏成化譜	3	53	b	
E306062	權悞	권오	Kwŏn O				 	安東權氏成化譜	3	53	b	
E305994	琴安	금안	Kŭm An			奉化 琴	 	安東權氏成化譜	3	54	a	
E305995	琴耳養	금이양	Kŭm Iyang			奉化 琴	 	安東權氏成化譜	3	54	a	
E305999	李長孫	이장손	Yi Changson			廣州 李	舍人	安東權氏成化譜	3	54	a	
E306001	李益知	이익지	Yi Ikchi				司直	安東權氏成化譜	3	54	a	
E306003	李存仁	이존인	Yi Chonin				別侍	安東權氏成化譜	3	54	a	
E306004	李存義	이존의	Yi Chonŭi				 	安東權氏成化譜	3	54	a	
E306005	李存禮	이존례	Yi Chollye				 	安東權氏成化譜	3	54	a	
E306007	鄭之安	정지안	Chŏng Chian				郡事	安東權氏成化譜	3	54	a	
E306009	李孝明	이효명	Yi Hyomyŏng				上將	安東權氏成化譜	3	54	a	
E306011	鄭自溫	정자온	Chŏng Chaon				司直	安東權氏成化譜	3	54	a	
E306012	鄭自良	정자량	Chŏng Charyang				 	安東權氏成化譜	3	54	a	
E306013	鄭自恭	정자공	Chŏng Chagong				 	安東權氏成化譜	3	54	a	
E306014	鄭自儉	정자검	Chŏng Chagŏm				 	安東權氏成化譜	3	54	a	
E306015	徐貴祥	서귀상	Sŏ Kwisang					安東權氏成化譜	3	54	a	
E306017	徐祉	서지	Sŏ Chi				副司直	安東權氏成化譜	3	54	a	
E306018	徐福	서복	Sŏ Pok				 	安東權氏成化譜	3	54	a	
E306019	徐禧	서희	Sŏ Hŭi				 	安東權氏成化譜	3	54	a	
EB01118	李鼎祚	이정조	Yi Chŏngjo	李貞祖		順天 李	縣監	安東權氏成化譜	3	54	a	
E306020	金以石	김이석	Kim Isŏk				兼軍器	安東權氏成化譜	3	54	b	
E306024	李達	이달	Yi Tal			仁川 李	檢參判	安東權氏成化譜	3	54	b	
E306026	李球卿	이구경	Yi Kugyŏng	李求卿		仁川 李	訓導	安東權氏成化譜	3	54	b	
E306028	李璿卿	이선경	Yi Sŏn'gyŏng			仁川 李	護軍	安東權氏成化譜	3	54	b	
E306030	崔李起	최이기	Ch'oe Igi			水原 崔	教導	安東權氏成化譜	3	54	b	
E306032	崔遐㱓	최하령	Ch'oe Haryŏng			水原 崔	司直	安東權氏成化譜	3	54	b	
E306033	崔億㱓	최억령	Ch'oe Ŏngnyŏng			水原 崔	節度使	安東權氏成化譜	3	54	b	
E306034	崔千㱓	최천령	Ch'oe Ch'ŏllyŏng			水原 崔	別侍	安東權氏成化譜	3	54	b	
E306035	崔萬㱓	최만령	Ch'oe Mallyŏng			水原 崔	別侍	安東權氏成化譜	3	54	b	
E306036	洪亨老	홍형로	Hong Hyŏngno				 	安東權氏成化譜	3	54	b	
E306038	李弇	이엄	Yi Ŏm			仁川 李	通善郞	安東權氏成化譜	3	54	b	
E306039	孫臨	손림	Son Rim				判官	安東權氏成化譜	3	54	b	
E306042	權哲榮	권철영	Kwŏn Ch'ŏryŏng				縣監	安東權氏成化譜	3	54	b	
E306044	金叔亨	김숙형	Kim Sukhyŏng				護軍	安東權氏成化譜	3	54	b	
E306046	朴時雨	박시우	Pak Siu				萬戶	安東權氏成化譜	3	54	b	
E306048	朴甲秀	박갑수	Pak Kapsu				別侍	安東權氏成化譜	3	54	b	
E306051	李活	이활	Yi Hwal			仁川 李	府使	安東權氏成化譜	3	54	b	
E802567	李珪卿	이규경	Yi Kyugyŏng			仁川 李	 	安東權氏成化譜	3	54	b	
EB02046	柳河	유하	Yu Ha			文化 柳	文山君	安東權氏成化譜	3	54	b	
E303207	金琠					慶州 金		安東權氏成化譜	3	55	a	
E306053	李世貞	이세정	Yi Sejŏng			仁川 李	司直	安東權氏成化譜	3	55	a	
E306054	金榮	김영	Kim Yŏng				司直	安東權氏成化譜	3	55	a	
E306056	李世榮	이세영	Yi Seyŏng			仁川 李	司直	安東權氏成化譜	3	55	a	
E306059	朴遵	박준	Pak Chun			密陽 朴		安東權氏成化譜	3	55	a	
E400789	柳思訥	유사눌	Yu Sanul			文化 柳	總制	安東權氏成化譜	3	55	a	
E807652	權定	권정	Kwŏn Chŏng			安東 權	司正	安東權氏成化譜	3	55	a	
E807653	權孟達	권맹달	Kwŏn Maengdal			安東 權	主簿	安東權氏成化譜	3	55	a	
E807654	權經	권경	Kwŏn Kyŏng			安東 權	生員	安東權氏成化譜	3	55	a	
E807655	權貴達	권귀달	Kwŏn Kwidal			安東 權	 	安東權氏成化譜	3	55	a	
E807657	楊仁伯	양인백	Yang Inbaek				僉知	安東權氏成化譜	3	55	a	
E807659	河慶	하경	Ha Kyŏng			晉州 河	郡事	安東權氏成化譜	3	55	a	
E807661	李世衡	이세형	Yi Sehyŏng			咸平 李	都節制使	安東權氏成化譜	3	55	a	
E807662	李仲規	이중규	Yi Chunggyu			咸平 李	忠贊衛	安東權氏成化譜	3	55	a	
E807663	李絪	이인	Yi In			咸平 李	司直	安東權氏成化譜	3	55	a	
E807664	李仲權	이중권	Yi Chunggwŏn			咸平 李	 	安東權氏成化譜	3	55	a	
E807665	李緘	이함	Yi Ham			咸平 李	司勇	安東權氏成化譜	3	55	a	
E807666	李縑	이겸	Yi Kyŏm			咸平 李	 	安東權氏成化譜	3	55	a	
E807668	林世用	임세용	Im Seyong				訓導	安東權氏成化譜	3	55	a	
E807670	鄭瑊							安東權氏成化譜	3	55	a	
E903350	金叔鄕	김승경	Kim Sŭnggyŏng	金升卿		慶州 金	寺正	安東權氏成化譜	3	55	a	
E807671	梁想	양상	Yang Sang				直長	安東權氏成化譜	3	55	b	
E807672	梁金同	양금동	Yang Kŭmdong				 	安東權氏成化譜	3	55	b	
E807673	梁意	양의	Yang Ŭi				司正	安東權氏成化譜	3	55	b	
E807674	梁泌	양필	Yang P'il				 	安東權氏成化譜	3	55	b	
E807676	金由軫	김유진	Kim Yujin	金由畛		光州 金	佐郞	安東權氏成化譜	3	55	b	
E807677	金履	김리	Kim Ri			光州 金	護軍	安東權氏成化譜	3	55	b	
E807679	具碩卿	구석경	Ku Sŏkkyŏng			綾城 具		安東權氏成化譜	3	55	b	
E807680	金季	김계	Kim Kye			光州 金	 	安東權氏成化譜	3	55	b	
E807682	崔石正	최석정	Ch'oe Sŏkchŏng				 	安東權氏成化譜	3	55	b	
E807683	崔仝	최동	Ch'oe Tong	崔同			 	安東權氏成化譜	3	55	b	
E807684	金屢					光州 金	司正	安東權氏成化譜	3	55	b	
E807686	宋玉丁	송옥정	Song Okchŏng				 	安東權氏成化譜	3	55	b	
E807687	金義寬	김의관	Kim Ŭigwan			光州 金	 	安東權氏成化譜	3	55	b	
E807688	梁志	양지	Yang Chi				 	安東權氏成化譜	3	55	b	
E807690	康濟民	강제민	Kang Chemin				進士	安東權氏成化譜	3	55	b	
E807692	李賴	이뢰	Yi Roe				司藝	安東權氏成化譜	3	55	b	
E807693	李覿	이적	Yi Chŏk				 	安東權氏成化譜	3	55	b	
E807695	金閏宗	김윤종	Kim Yunjong				監察	安東權氏成化譜	3	55	b	
E807697	池彭老	지팽로	Chi P'aengno	池彭石			 	安東權氏成化譜	3	55	b	
E807698	李覲	이근	Yi Kŭn				監察	安東權氏成化譜	3	55	b	
E807702	池宗海	지종해	Chi Chonghae				司直	安東權氏成化譜	3	55	b	
E807705	康倫	강륜	Kang Ryun				錄事	安東權氏成化譜	3	55	b	
E807707	任奕	임혁	Im Hyŏk				縣監	安東權氏成化譜	3	55	b	
E807708	任孝禮	임효례	Im Hyorye				 	安東權氏成化譜	3	55	b	
E807710	蔡可文	채가문	Ch'ae Kamun				 	安東權氏成化譜	3	55	b	
E807712	金季林	김계림	Kim Kyerim				 	安東權氏成化譜	3	55	b	
E807714	李漢生	이한생	Yi Hansaeng				 	安東權氏成化譜	3	55	b	
E000296	南八俊	남팔준	Nam P'alchun			英陽 南		安東權氏成化譜	3	56	a	
E300124	金長訥	김장눌	Kim Changnul			善山 金	直長	安東權氏成化譜	3	56	a	
E301913	李玉衡	이옥형	Yi Okhyŏng			碧珍 李	武科	安東權氏成化譜	3	56	a	
E503675	南八凱	남팔개	Nam P'algae			英陽 南		安東權氏成化譜	3	56	a	
E802135	金季訥	김계눌	Kim Kyenul			善山 金	司直	安東權氏成化譜	3	56	a	
E802532	金甲訥	김갑눌	Kim Kamnul			善山 金	縣監	安東權氏成化譜	3	56	a	
E807718	權厚	권후	Kwŏn Hu	權原		安東 權		安東權氏成化譜	3	56	a	
E807719	權啓經	권계경	Kwŏn Kyegyŏng			安東 權		安東權氏成化譜	3	56	a	
E807722	金孝貞	김효정	Kim Hyojŏng			善山 金	判書	安東權氏成化譜	3	56	a	
E807727	金京生	김경생	Kim Kyŏngsaeng			善山 金	 	安東權氏成化譜	3	56	a	
E807728	金山訥	김산눌	Kim Sannul			善山 金	 	安東權氏成化譜	3	56	a	
E807730	金謹	김근	Kim Kŭn				注書	安東權氏成化譜	3	56	a	
E807732	金利貞	김이정	Kim Ijŏng	金利用		尙州 金	持平	安東權氏成化譜	3	56	a	
E807735	南義良	남의량	Nam Ŭiryang			英陽 南		安東權氏成化譜	3	56	a	
E807736	南致英	남치영	Nam Ch'iyŏng			英陽 南	萬戶	安東權氏成化譜	3	56	a	
E807739	趙琛	조침	Cho Ch'im			豊壤 趙		安東權氏成化譜	3	56	a	
E900504	權玠	권개	Kwŏn Kae			安東 權	 	安東權氏成化譜	3	56	a	
E900506	河源	하원	Ha Wŏn				 	安東權氏成化譜	3	56	a	
E900508	金養蒙	김양몽	Kim Yangmong				 	安東權氏成化譜	3	56	a	
E900509	權叔衡	권숙형	Kwŏn Sukhyŏng			安東 權	 	安東權氏成化譜	3	56	a	
E900515	權叔均	권숙균	Kwŏn Sukkyun			安東 權		安東權氏成化譜	3	56	a	
E900527	李京孫	이경손	Yi Kyŏngson				生員	安東權氏成化譜	3	56	a	
E900528	安彭耉	안팽구	An P'aenggu			廣州 安	 	安東權氏成化譜	3	56	a	
E900543	權士英	권사영	Kwŏn Sayŏng			安東 權		安東權氏成化譜	3	56	a	
E900544	權琨	권곤	Kwŏn Kon			安東 權		安東權氏成化譜	3	56	a	
E900592	李時敏	이시민	Yi Simin			慶州 李		安東權氏成化譜	3	56	a	
E902959	權士贇	권사수	Kwŏn Sasu	權士綏		安東 權		安東權氏成化譜	3	56	a	
E902960	權士元	권사화	Kwŏn Sahwa	權士華		安東 權	 	安東權氏成化譜	3	56	a	
EA00497	朴磁	박자	Pak Cha			羅州 朴		安東權氏成化譜	3	56	a	
E301907	柳承涵	유승함	Yu Sŭngham			全州 柳	驛丞	安東權氏成化譜	3	56	b	
E301949	柳汀	유정	Yu Chŏng			全州 柳		安東權氏成化譜	3	56	b	
E400896	孫順伯	손순백	Son Sunbaek			一直 孫		安東權氏成化譜	3	56	b	
E400900	南元貴	남원귀	Nam Wŏn'gwi			英陽 南	 	安東權氏成化譜	3	56	b	
E501342	南崇年	남숭년	Nam Sungnyŏn	南崇平		英陽 南		安東權氏成化譜	3	56	b	
E807741	南致明	남치명	Nam Ch'imyŏng			英陽 南	縣令	安東權氏成化譜	3	56	b	
E807745	趙恂	조순	Cho Sun			豊壤 趙	 	安東權氏成化譜	3	56	b	
E807747	權尙宜	권상의	Kwŏn Sangŭi				監務	安東權氏成化譜	3	56	b	
E807748	權軾生	권식생	Kwŏn Siksaeng				 	安東權氏成化譜	3	56	b	
E807749	權軟生	권연생	Kwŏn Yŏnsaeng				 	安東權氏成化譜	3	56	b	
E807751	金閏通	김윤통	Kim Yunt'ong				 	安東權氏成化譜	3	56	b	
E807759	鄭勳	정훈	Chŏng Hun			草溪 鄭	 	安東權氏成化譜	3	56	b	
E807760	鄭思恭	정사공	Chŏng Sagong			草溪 鄭	 	安東權氏成化譜	3	56	b	
E807761	鄭思謹	정사근	Chŏng Sagŭn			草溪 鄭	 	安東權氏成化譜	3	56	b	
E807762	鄭思英	정사영	Chŏng Sayŏng			草溪 鄭	 	安東權氏成化譜	3	56	b	
E807763	鄭思緘	정사함	Chŏng Saham			草溪 鄭	 	安東權氏成化譜	3	56	b	
E807764	柳孝川	유효천	Yu Hyoch'ŏn			全州 柳	敎授	安東權氏成化譜	3	56	b	
E807766	崔蔾						縣監	安東權氏成化譜	3	56	b	
E807768	尹任	윤임	Yun Im				 	安東權氏成化譜	3	56	b	
E900421	權處中					安東 權		安東權氏成化譜	3	56	b	
E900557	裴襟	배금	Pae Kŭm			興海 裴		安東權氏成化譜	3	56	b	
EA03713	南敬信	남경신	Nam Kyŏngsin	南敬身		英陽 南	副使	安東權氏成化譜	3	56	b	
EA03714	南義宗	남의종	Nam Ŭijong			英陽 南	 	安東權氏成化譜	3	56	b	
EA03717	南重宗	남중종	Nam Chungjong	南仲宗		英陽 南	 	安東權氏成化譜	3	56	b	
EA03722	南季宗	남계종	Nam Kyejong			英陽 南	 	安東權氏成化譜	3	56	b	
EA03732	南孟命	남맹명	Nam Maengmyŏng			英陽 南	 	安東權氏成化譜	3	56	b	
EA03735	南仲命	남중명	Nam Chungmyŏng			英陽 南	 	安東權氏成化譜	3	56	b	
6b776513-107b-4062-980f-e2e0fcedc55d	鄭鹿年					西原 鄭		安東權氏成化譜	3	57	a	
E807772	張重良	장중량	Chang Chungnyang				 	安東權氏成化譜	3	57	a	
E807773	張由義	장유의	Chang Yuŭi				 	安東權氏成化譜	3	57	a	
E807774	張子㱓	장자령	Chang Charyŏng				 	安東權氏成化譜	3	57	a	
E807776	朴仁庇	박인비	Pak Inbi	朴安庇			 	安東權氏成化譜	3	57	a	
E807778	朴興藝	박흥예	Pak Hŭngye				節制使	安東權氏成化譜	3	57	a	
E807780	金克	김극	Kim Kŭk				 	安東權氏成化譜	3	57	a	
E807781	權順	권순	Kwŏn Sun			安東 權	直長	安東權氏成化譜	3	57	a	
E807783	權腆						司直	安東權氏成化譜	3	57	a	
E807785	鄭思謹	정사근	Chŏng Sagŭn				 	安東權氏成化譜	3	57	a	
E807786	權乾	권건	Kwŏn Kŏn				 	安東權氏成化譜	3	57	a	
E807788	金練志	김연지	Kim Yŏnji				司直	安東權氏成化譜	3	57	a	
E807789	權坤	권곤	Kwŏn Kon				 	安東權氏成化譜	3	57	a	
E807790	權辰	권신	Kwŏn Sin				 	安東權氏成化譜	3	57	a	
E807792	閔叔良	민숙량	Min Sungnyang				 	安東權氏成化譜	3	57	a	
E807794	權思俊	권사준	Kwŏn Sajun				 	安東權氏成化譜	3	57	a	
E807795	權得孫	권득손	Kwŏn Tŭkson				 	安東權氏成化譜	3	57	a	
E807797	孫孟和	손맹화	Son Maenghwa				 	安東權氏成化譜	3	57	a	
E807798	權得衡	권득형	Kwŏn Tŭkhyŏng				司直	安東權氏成化譜	3	57	a	
E807799	權安世	권안세	Kwŏn Anse			安東 權	司藝	安東權氏成化譜	3	57	a	
E807800	權敬童					安東 權		安東權氏成化譜	3	57	a	
E807801	權義童					安東 權		安東權氏成化譜	3	57	a	
E807803	李元良							安東權氏成化譜	3	57	a	
E807804	權名世	권명세	Kwŏn Myŏngse			安東 權	錄事	安東權氏成化譜	3	57	a	
E807805	權英世	권영세	Kwŏn Yŏngse			安東 權	縣監	安東權氏成化譜	3	57	a	
E807806	權執	권집	Kwŏn Chip			安東 權	司正	安東權氏成化譜	3	57	a	
E807807	權任	권임	Kwŏn Im			安東 權	縣令	安東權氏成化譜	3	57	a	
E807809	權哲祖						 	安東權氏成化譜	3	57	a	
E807811	李㺵						 	安東權氏成化譜	3	57	a	
E807813	鄭尙	정상	Chŏng Sang			西原 鄭	宣務郞	安東權氏成化譜	3	57	a	
E807814	鄭龜年	정귀년	Chŏng Kwinyŏn			西原 鄭	生員	安東權氏成化譜	3	57	a	
E807817	金哲右	김철우	Kim Ch'ŏru				錄事	安東權氏成化譜	3	57	b	
E807821	權處變	권처변	Kwŏn Ch'ŏbyŏn				 	安東權氏成化譜	3	57	b	
E807822	權致中	권치중	Kwŏn Ch'ijung				 	安東權氏成化譜	3	57	b	
E807827	金鳳鱗	김봉린	Kim Pongnin				 	安東權氏成化譜	3	57	b	
E807828	金瑚	김호	Kim Ho				 	安東權氏成化譜	3	57	b	
E807829	潘思規	반사규	Pan Sagyu	潘思矩		臣濟 潘	 	安東權氏成化譜	3	57	b	
E807831	潘岩	반암	Pan Am			臣濟 潘	 	安東權氏成化譜	3	57	b	
E807832	潘夢祚	반몽조	Pan Mongjo			臣濟 潘	 	安東權氏成化譜	3	57	b	
E807834	潘漢生	반한생	Pan Hansaeng			臣濟 潘	 	安東權氏成化譜	3	57	b	
E807836	金孟龜	김맹귀	Kim Maenggwi				 	安東權氏成化譜	3	57	b	
E807838	李維	이유	Yi Yu				 	安東權氏成化譜	3	57	b	
E807839	李仲崑	이중곤	Yi Chunggon				經歷	安東權氏成化譜	3	57	b	
E807840	李仲岡	이중강	Yi Chunggang				 	安東權氏成化譜	3	57	b	
E807842	姜居富	강거부	Kang Kŏbu				 	安東權氏成化譜	3	57	b	
E807844	金允恭	김윤공	Kim Yun'gong				 	安東權氏成化譜	3	57	b	
E807846	李臨	이림	Yi Rim				 	安東權氏成化譜	3	57	b	
E807847	潘回	반회	Pan Hoe	潘囬		臣濟 潘	 	安東權氏成化譜	3	57	b	
E807848	潘孟智	반맹지	Pan Maengji			臣濟 潘	 	安東權氏成化譜	3	57	b	
E807849	潘仲智	반중지	Pan Chungji			臣濟 潘	 	安東權氏成化譜	3	57	b	
E900442	潘龜	반귀	Pan Kwi			臣濟 潘	 	安東權氏成化譜	3	57	b	
E901072	潘呂生	반여생	Pan Yŏsaeng	潘禮生		臣濟 潘	 	安東權氏成化譜	3	57	b	
EB07820	權時	권시	Kwŏn Si				 	安東權氏成化譜	3	57	b	
D807852	權諧	권해	Kwŏn Hae			安東 權		安東權氏成化譜	3	58	a	
D807865	金榮	김영	Kim Yŏng				 	安東權氏成化譜	3	58	a	
E807855	洪復	홍복	Hong Pok				 	安東權氏成化譜	3	58	a	
E807857	權時佐	권시좌	Kwŏn Sijwa					安東權氏成化譜	3	58	a	
E807859	文處均	문처균	Mun Ch'ŏgyun				 	安東權氏成化譜	3	58	a	
E807860	權可後	권가후	Kwŏn Kahu			安東 權	 	安東權氏成化譜	3	58	a	
E807862	鄭之韶	정지소	Chŏng Chiso	鄭之昭			 	安東權氏成化譜	3	58	a	
E807863	權可前	권가전	Kwŏn Kajŏn			安東 權	 	安東權氏成化譜	3	58	a	
E807866	金存						 	安東權氏成化譜	3	58	a	
E807868	尹忠毅	윤충의	Yun Ch'ungŭi				敎授	安東權氏成化譜	3	58	a	
E807869	權以謙	권이겸	Kwŏn Igyŏm			安東 權	 	安東權氏成化譜	3	58	a	
E807871	金居澗	김거윤	Kim Kŏyun				 	安東權氏成化譜	3	58	a	
E807872	崔汝海	최여해	Ch'oe Yŏhae				司直	安東權氏成化譜	3	58	a	
E807873	權益孫	권익손	Kwŏn Ikson				 	安東權氏成化譜	3	58	a	
E807875	盧叔信	노숙신	No Suksin				 	安東權氏成化譜	3	58	a	
E807876	權盛孫	권성손	Kwŏn Sŏngson				 	安東權氏成化譜	3	58	a	
E807878	孫億	손억	Son Ŏk				 	安東權氏成化譜	3	58	a	
E807879	權秀民	권수민	Kwŏn Sumin			安東 權	生員	安東權氏成化譜	3	58	a	
E807881	金漢卿	김한경	Kim Han'gyŏng				 	安東權氏成化譜	3	58	a	
E807882	權俊民	권준민	Kwŏn Chunmin			安東 權	司直	安東權氏成化譜	3	58	a	
E807883	權哲民	권철민	Kwŏn Ch'ŏlmin			安東 權	司勇	安東權氏成化譜	3	58	a	
E807884	金孝安	김효안	Kim Hyoan				生員	安東權氏成化譜	3	58	a	
E807885	金璐	김로	Kim Ro	金光璐			 	安東權氏成化譜	3	58	a	
E807886	金瓘	김관	Kim Kwan				 	安東權氏成化譜	3	58	a	
E807888	金貴恒	김귀항	Kim Kwihang				 	安東權氏成化譜	3	58	a	
E807890	曺承貴	조승귀	Cho Sŭnggwi				 	安東權氏成化譜	3	58	a	
E807892	朴可仁	박가인	Pak Kain				 	安東權氏成化譜	3	58	a	
E807893	權信	권신	Kwŏn Sin			安東 權	監察	安東權氏成化譜	3	58	a	
E807894	張叔孫	장숙손	Chang Sukson				 	安東權氏成化譜	3	58	a	
E807895	張孟孫	장맹손	Chang Maengson				護軍	安東權氏成化譜	3	58	a	
E807896	張仲孫	장중손	Chang Chungson				 	安東權氏成化譜	3	58	a	
a0f940fe-5de0-4029-946b-144ab06975db	權度					安東 權		安東權氏成化譜	3	58	b	
D807902	盧龜明	노귀명	No Kwimyŏng				 	安東權氏成化譜	3	58	b	
D807903	權稱	권칭	Kwŏn Ch'ing			安東 權	 	安東權氏成化譜	3	58	b	
D807905	李琠	이전	Yi Chŏn				少尹	安東權氏成化譜	3	58	b	
D807907	金保安	김보안	Kim Poan				 	安東權氏成化譜	3	58	b	
D807908	權矩	권구	Kwŏn Ku			安東 權	 	安東權氏成化譜	3	58	b	
D807910	姜	강	Kang				 	安東權氏成化譜	3	58	b	
D807914	崔賜起	최사기	Ch'oe Sagi			水原 崔		安東權氏成化譜	3	58	b	
D807915	朴祈	박기	Pak Ki	朴祁		竹山 朴	寺尹	安東權氏成化譜	3	58	b	
E102696	李守常					龍仁 李	庫使	安東權氏成化譜	3	58	b	
E102700	李允若	이윤약	Yi Yunyak			龍仁 李	府使	安東權氏成化譜	3	58	b	
E102703	吳汝亮	오여량	O Yŏryang				司直	安東權氏成化譜	3	58	b	
E102709	李益達	이익달	Yi Iktal			龍仁 李	參軍	安東權氏成化譜	3	58	b	
E102729	李範	이범	Yi Pŏm			龍仁 李	司直	安東權氏成化譜	3	58	b	
E301264	盧哲根	조	Cho			交河 盧	 	安東權氏成化譜	3	58	b	
E303346	成允武	성윤무	Sŏng Yunmu			昌寧 成	察訪	安東權氏成化譜	3	58	b	
E807917	朴子明	박자명	Pak Chamyŏng			竹山 朴	 	安東權氏成化譜	3	58	b	
E807921	金叔荊	김숙형	Kim Sukhyŏng				 	安東權氏成化譜	3	58	b	
E807923	元達廷	원달정	Wŏn Talchŏng				 	安東權氏成化譜	3	58	b	
E807924	朴孝蓴	박효순	Pak Hyosun			竹山 朴	 	安東權氏成化譜	3	58	b	
EA02955	朴子悟	박자오	Pak Chao	朴自吾	朴自悟	竹山 朴	郡事	安東權氏成化譜	3	58	b	
EC02174	李英達	이영달	Yi Yŏngdal			龍仁 李		安東權氏成化譜	3	58	b	
E000217	鄭忠基	정충기	Chŏng Ch'unggi			溫陽 鄭	典籍	安東權氏成化譜	3	59	a	
E304369	柳孝山	유효산	Yu Hyosan				進士	安東權氏成化譜	3	59	a	
E807925	朴孝蕃	박효번	Pak Hyobŏn			竹山 朴	 	安東權氏成化譜	3	59	a	
E807927	柳宗叙	유종서	Yu Chongsŏ	柳宗瑞		高興 柳	縣監	安東權氏成化譜	3	59	a	
E807929	柳孝哲	유효철	Yu Hyoch'ŏl			高興 柳	 	安東權氏成化譜	3	59	a	
E807931	柳孝伯	유효백	Yu Hyobaek			高興 柳	 	安東權氏成化譜	3	59	a	
E807932	朴子暎	박자영	Pak Chayŏng	朴子潁		竹山 朴		安東權氏成化譜	3	59	a	
E807933	朴忠信	박충신	Pak Ch'ungsin			竹山 朴	僉知	安東權氏成化譜	3	59	a	
E807934	朴良信	박양신	Pak Yangsin			竹山 朴	節度使	安東權氏成化譜	3	59	a	
E807938	朴可衍	박가연	Pak Kayŏn			咸陽 朴	判官	安東權氏成化譜	3	59	a	
E807939	朴行	박행	Pak Haeng			咸陽 朴		安東權氏成化譜	3	59	a	
E807941	閔保懼	민보구	Min Pogu				敎導	安東權氏成化譜	3	59	a	
E807943	李淳	이순	Yi Sun			全義 李	司直	安東權氏成化譜	3	59	a	
E807945	李蔭	이음	Yi Ŭm				 	安東權氏成化譜	3	59	a	
E807947	余孝恭	여효공	Yŏ Hyogong			宜寧 余	 	安東權氏成化譜	3	59	a	
E807950	權訓	권훈	Kwŏn Hun			安東 權	縣監	安東權氏成化譜	3	59	a	
E807951	權孝溫	권효온	Kwŏn Hyoon			安東 權	司直	安東權氏成化譜	3	59	a	
E807953	鄭抱	정포	Chŏng P'o	鄭袍		溫陽 鄭	郡事	安東權氏成化譜	3	59	a	
E807954	鄭忠根	정충근	Chŏng Ch'unggŭn			溫陽 鄭	司直	安東權氏成化譜	3	59	a	
E807955	鄭忠本	정충본	Chŏng Ch'ungbon			溫陽 鄭	司直	安東權氏成化譜	3	59	a	
E807956	權誼	권의	Kwŏn Ŭi			安東 權	縣監	安東權氏成化譜	3	59	a	
E807957	權漢蕃	권한번	Kwŏn Hanbŏn			安東 權	生員	安東權氏成化譜	3	59	a	
E807959	朴繼宗	박계종	Pak Kyejong				 	安東權氏成化譜	3	59	a	
E807960	權漢垣	권한원	Kwŏn Hanwŏn			安東 權	 	安東權氏成化譜	3	59	a	
E807961	權漢屛	권한병	Kwŏn Hanbyŏng			安東 權	 	安東權氏成化譜	3	59	a	
E401223	曹命壽	조명수	Cho Myŏngsu			昌寧 曹	生員	安東權氏成化譜	3	59	b	
E807963	趙敬周	조경주	Cho Kyŏngju				監察	安東權氏成化譜	3	59	b	
E807964	曺仲林	조중림	Cho Chungnim			昌寧 曺		安東權氏成化譜	3	59	b	
E807965	曺尙林	조상림	Cho Sangnim	曺上林		昌寧 曺		安東權氏成化譜	3	59	b	
E807969	金福海	김복해	Kim Pokhae			水原 金	郡事	安東權氏成化譜	3	59	b	
E807970	曺季林	조계림	Cho Kyerim	曺桂林		昌寧 曺		安東權氏成化譜	3	59	b	
E807976	李仲成	이중성	Yi Chungsŏng				 	安東權氏成化譜	3	59	b	
EC00363	李小畜	이소축	Yi Soch'uk				府使	安東權氏成化譜	3	59	b	
EC00364	李昶	이창	Yi Ch'ang					安東權氏成化譜	3	59	b	
E101377	李裀	이인	Yi In			全州 李	誠寧君	安東權氏成化譜	3	60	a	
E101384	崔承寧	최승녕	Ch'oe Sŭngnyŏng			全州 崔	奉禮	安東權氏成化譜	3	60	a	
E101386	崔道一	최도일	Ch'oe Toil			全州 崔	判官	安東權氏成化譜	3	60	a	
E101387	崔世賢	최세현	Ch'oe Sehyŏn			全州 崔	司議	安東權氏成化譜	3	60	a	
E101389	李溥	이부	Yi Pu			全州 李	永順君	安東權氏成化譜	3	60	a	
E101397	安友蹇					順興 安	監正	安東權氏成化譜	3	60	a	
E101398	李淳	이순	Yi Sun			全州 李	定陽君	安東權氏成化譜	3	60	a	
E101400	李澄	이징	Yi Ching			全州 李	歡城君	安東權氏成化譜	3	60	a	
E101402	崔道根					全州 崔	司正	安東權氏成化譜	3	60	a	
E101404	崔世省	최세성	Ch'oe Sesŏng	崔世成		全州 崔	 	安東權氏成化譜	3	60	a	
E101407	崔世傑	최세걸	Ch'oe Segŏl			全州 崔	 	安東權氏成化譜	3	60	a	
E101408	崔世俊	최세준	Ch'oe Sejun			全州 崔	 	安東權氏成化譜	3	60	a	
E201661	李澍	이주	Yi Chu			全州 李	烏山君	安東權氏成化譜	3	60	a	
E300035	李淨	이정	Yi Chŏng			全州 李	八溪君	安東權氏成化譜	3	60	a	
E807977	姜籌	강주	Kang Chu			晋州 姜	參判	安東權氏成化譜	3	60	a	
E807978	姜帶生	강대생	Kang Taesaeng			晋州 姜	司正	安東權氏成化譜	3	60	a	
E807979	姜瑞生	강서생	Kang Sŏsaeng			晋州 姜	司正	安東權氏成化譜	3	60	a	
E401638	姜子儀	강자의	Kang Chaŭi			晋州 姜	縣監	安東權氏成化譜	3	60	b	
E807982	姜宗德	강종덕	Kang Chongdŏk			晋州 姜	掌令	安東權氏成化譜	3	60	b	
E807984	姜子保	강자보	Kang Chabo			晋州 姜		安東權氏成化譜	3	60	b	
E807985	姜子儉	강자검	Kang Chagŏm			晋州 姜	 	安東權氏成化譜	3	60	b	
E807987	鄭禮孫	정예손	Chŏng Yeson					安東權氏成化譜	3	60	b	
E807988	姜友德	강우덕	Kang Udŏk			晋州 姜	縣監	安東權氏成化譜	3	60	b	
E807991	朴居謙	박거겸	Pak Kŏgyŏm			密陽 朴	中樞	安東權氏成化譜	3	60	b	
E901551	姜居仁	강거인	Kang Kŏin			晋州 姜	宣務	安東權氏成化譜	3	60	b	
E901554	孫繼童	손계동	Son Kyedong	孫繼重		密陽 孫	上將	安東權氏成化譜	3	60	b	
E901556	姜居義	강거의	Kang Kŏŭi			晋州 姜	縣監	安東權氏成化譜	3	60	b	
E901566	姜居禮	강거례	Kang Kŏrye			晋州 姜	知印	安東權氏成化譜	3	60	b	
E901572	姜居貞	강거정	Kang Kŏjŏng			晋州 姜	通贊	安東權氏成化譜	3	60	b	
E901578	姜居孝	강거효	Kang Kŏhyo			晋州 姜	翰林	安東權氏成化譜	3	60	b	
E901591	姜居忠	강거충	Kang Kŏch'ung			晋州 姜	縣監	安東權氏成化譜	3	60	b	
E902848	姜仁範	강인범	Kang Inbŏm	姜仁非		晋州 姜		安東權氏成化譜	3	60	b	
EA02680	姜渭	강우	Kang U	姜遇		晋州 姜	縣監	安東權氏成化譜	3	60	b	
EB00509	姜貴孫	강귀손	Kang Kwison			晋州 姜	護軍	安東權氏成化譜	3	60	b	
EB00517	姜末孫	강말손	Kang Malson			晋州 姜		安東權氏成化譜	3	60	b	
EC00245	姜進德	강진덕	Kang Chindŏk			晋州 姜	掌令	安東權氏成化譜	3	60	b	
E102988	金自淑	김자숙	Kim Chasuk			尙州 金	進士	安東權氏成化譜	3	61	a	
E202910	李瓊仝	이경동	Yi Kyŏngdong			全州 李		安東權氏成化譜	3	61	a	
E203654	金張	김장	Kim Chang			尙州 金	佐郞	安東權氏成化譜	3	61	a	
E203656	金光礪					尙州 金		安東權氏成化譜	3	61	a	
E203657	金光範	김광범	Kim Kwangbŏm			尙州 金		安東權氏成化譜	3	61	a	
E204105	金自哲					尙州 金		安東權氏成化譜	3	61	a	
E301147	姜美	강미	Kang Mi			晋州 姜	 	安東權氏成化譜	3	61	a	
E605699	趙瑞安					白川 趙		安東權氏成化譜	3	61	a	
E807992	金克用	김극용	Kim Kŭgyong	金元用		尙州 金		安東權氏成化譜	3	61	a	
E807994	金處經	김처경	Kim Ch'ŏgyŏng			尙州 金	司直	安東權氏成化譜	3	61	a	
E807995	金處權	김처권	Kim Ch'ŏgwŏn			尙州 金	司勇	安東權氏成化譜	3	61	a	
E807997	文璐	문로	Mun Ro			南平 文	副使	安東權氏成化譜	3	61	a	
E807999	李桓	이환	Yi Hwan			全義 李	判事	安東權氏成化譜	3	61	a	
E808001	柳線	유선	Yu Sŏn				大護軍	安東權氏成化譜	3	61	a	
E808003	金景伯	김경백	Kim Kyŏngbaek				 	安東權氏成化譜	3	61	a	
E808008	姜碩德	강석덕	Kang Sŏktŏk			晋州 姜	中樞	安東權氏成化譜	3	61	a	
E901202	姜希顔	강희안	Kang Hŭian			晋州 姜	中樞	安東權氏成化譜	3	61	a	
E901205	趙仲暉	조중휘	Cho Chunghwi	趙仲輝		楊州 趙	參奉	安東權氏成化譜	3	61	a	
EB00521	金守均	김수균	Kim Sugyun	金守鈞			僉知	安東權氏成化譜	3	61	a	
EC00250	姜致	강치	Kang Ch'i			晋州 姜	判官	安東權氏成化譜	3	61	a	
EC04679	金利用					尙州 金	正郎	安東權氏成化譜	3	61	a	
E000525	禹樹	우수	U Su			丹陽 禹	直長	安東權氏成化譜	3	61	b	
E100156	姜龜孫	강귀손	Kang Kwison			晋州 姜	僉正	安東權氏成化譜	3	61	b	
E101993	南恮	남전	Nam Chŏn			宜寧 南	生員	安東權氏成化譜	3	61	b	
E300475	成世明	성세명	Sŏng Semyŏng			昌寧 成	進士	安東權氏成化譜	3	61	b	
E701390	朴光榮	박광영	Pak Kwangyŏng			密陽 朴		安東權氏成化譜	3	61	b	
E808011	辛鍵	신건	Sin Kŏn	辛健		靈山 辛		安東權氏成化譜	3	61	b	
E808014	南俊	남준	Nam Chun			宜寧 南	護軍	安東權氏成化譜	3	61	b	
E808015	南恬	남염	Nam Yŏm			宜寧 南		安東權氏成化譜	3	61	b	
E808016	南恢	남회	Nam Hoe			宜寧 南	進士	安東權氏成化譜	3	61	b	
E808017	南慄	남율	Nam Yul			宜寧 南	生員	安東權氏成化譜	3	61	b	
E901210	金孟鋼	김맹강	Kim Maenggang			安山 金		安東權氏成化譜	3	61	b	
EB01262	姜渭孫	강위손	Kang Wison				 	安東權氏成化譜	3	61	b	
EB01263	朴義榮	박의영	Pak Ŭiyŏng			密陽 朴		安東權氏成化譜	3	61	b	
EB01283	朴仁榮	박안영	Pak Anyŏng	朴安榮		密陽 朴		安東權氏成化譜	3	61	b	
E206040	姜億丁			姜漬		晋州 姜		安東權氏成化譜	3	62	a	
E206042	姜萬丁					晋州 姜	 	安東權氏成化譜	3	62	a	
E802662	姜金錫			姜璜		晋州 姜		安東權氏成化譜	3	62	a	
E902055	金誠童					安東 金	司果	安東權氏成化譜	3	62	a	
E903193	姜順德	강순덕	Kang Sundŏk			晋州 姜		安東權氏成化譜	3	62	a	
EB01931	姜徽	강휘	Kang Hwi			晋州 姜	大護軍	安東權氏成化譜	3	62	a	
EB03104	姜子正	강자정	Kang Chajŏng			晋州 姜	判官	安東權氏成化譜	3	62	a	
EB03105	姜子順	강자순	Kang Chasun			晋州 姜	班城尉	安東權氏成化譜	3	62	a	
EB03106	姜胤	강윤	Kang Yun			晋州 姜	佐郞	安東權氏成化譜	3	62	a	
f1780959-77a1-4d4e-94cf-8320bddec0f4	姜寧同					晋州 姜		安東權氏成化譜	3	62	a	
a4476d1b-f3ad-49ab-97a5-35b6c4cbc0a6	鄭伸						司成	安東權氏成化譜	3	62	b	
D808044	姜淮季	강회계	Kang Hoegye			晋州 姜	晋原君	安東權氏成化譜	3	62	b	
E501711	成世勣	성세적	Sŏng Sejŏk			昌寧 成	正言	安東權氏成化譜	3	62	b	
E808025	姜淮順	강회순	Kang Hoesun			晋州 姜	司宰少監	安東權氏成化譜	3	62	b	
E808028	尹汴	윤판	Yun P'an			茂松 尹	贈判院事司直	安東權氏成化譜	3	62	b	
E808030	李祉	이지	Yi Chi			全州 李	惠寧君	安東權氏成化譜	3	62	b	
E808032	李洙	이수	Yi Su			全州 李	醴泉君	安東權氏成化譜	3	62	b	
E808037	楊子田	양자전	Yang Chajŏn	陽子田			佐郞	安東權氏成化譜	3	62	b	
E808038	姜淮叔	강회숙	Kang Hoesuk			晋州 姜	郡事	安東權氏成化譜	3	62	b	
E808041	姜孝孫	강효손	Kang Hyoson			晋州 姜	 	安東權氏成化譜	3	62	b	
EB00227	宋觀	송관	Song Kwan			礪山 宋	縣監	安東權氏成化譜	3	62	b	
EB00230	宋胤殷	송윤은	Song Yunŭn			礪山 宋		安東權氏成化譜	3	62	b	
EB00238	李守俊	이수준	Yi Sujun			全州 李	岑陽令	安東權氏成化譜	3	62	b	
EB00239	宋承殷	송사은	Song Saŭn	宋嗣殷		礪山 宋		安東權氏成化譜	3	62	b	
EB02048	尹子濂	윤자렴	Yun Charyŏm			茂松 尹	生員	安東權氏成化譜	3	62	b	
EB02049	尹浚	윤준	Yun Chun			茂松 尹	別坐	安東權氏成化譜	3	62	b	
E808047	姜孫奇	강손기	Kang Son'gi				 	安東權氏成化譜	3	63	a	
E808048	姜孫壽	강손수	Kang Sonsu				 	安東權氏成化譜	3	63	a	
E808050	柳義	유의	Yu Ŭi				 	安東權氏成化譜	3	63	a	
E808051	權貴衡	권귀형	Kwŏn Kwihyŏng			安東 權	 	安東權氏成化譜	3	63	a	
E808052	權壽衡	권수형	Kwŏn Suhyŏng			安東 權	 	安東權氏成化譜	3	63	a	
E808053	權壽賢	권수현	Kwŏn Suhyŏn			安東 權	 	安東權氏成化譜	3	63	a	
E808055	卞句	변구	Pyŏn Ku				司正	安東權氏成化譜	3	63	a	
E808058	鄭穰	정양	Chŏng Yang			晋州 鄭	參判	安東權氏成化譜	3	63	a	
E808059	鄭穀	정곡	Chŏng Kok				司直	安東權氏成化譜	3	63	a	
E808060	鄭糴	정적	Chŏng Chŏk				司直	安東權氏成化譜	3	63	a	
E808062	李擢	이탁	Yi T'ak				大護軍	安東權氏成化譜	3	63	a	
E808064	姜漢憐	강한련	Kang Hallyŏn				 	安東權氏成化譜	3	63	a	
E808066	文汝祥	문여상	Mun Yŏsang			南平 文	縣監	安東權氏成化譜	3	63	a	
E808067	文壽山	문수산	Mun Susan	文訓		南平 文	 	安東權氏成化譜	3	63	a	
E808068	文壽川	문수천	Mun Such'ŏn	文謙		南平 文	 	安東權氏成化譜	3	63	a	
E808073	鄭自衡	정자형	Chŏng Chahyŏng				司正	安東權氏成化譜	3	63	a	
E000149	金連宗	김연종	Kim Yŏnjong			原州 金	直長	安東權氏成化譜	3	63	b	
E000151	金謹孫	김근손	Kim Kŭnson			原州 金	 	安東權氏成化譜	3	63	b	
E000152	金愼孫	김순손	Kim Sunson	金順孫		原州 金		安東權氏成化譜	3	63	b	
E000162	金麟壽					原州 金	縣監	安東權氏成化譜	3	63	b	
E000163	金哲孫					原州 金	護軍	安東權氏成化譜	3	63	b	
E000164	金碩孫	김석손	Kim Sŏkson			原州 金		安東權氏成化譜	3	63	b	
E000174	都順孫	도순손	To Sunson			八? 都	司直	安東權氏成化譜	3	63	b	
E000181	金彭壽	김팽수	Kim P'aengsu			原州 金	僉知	安東權氏成化譜	3	63	b	
E000202	金洪壽	김홍수	Kim Hongsu			原州 金	僉知	安東權氏成化譜	3	63	b	
E000203	金松壽	김송수	Kim Songsu			原州 金	忠順衛	安東權氏成化譜	3	63	b	
E000205	申承閔					平山 申		安東權氏成化譜	3	63	b	
E000207	李長孫	이장손	Yi Changson			全州 李	延豊令	安東權氏成化譜	3	63	b	Name filled in using KJB 3.3b.
E400125	權軫	권진	Kwŏn Chin			安東 權		安東權氏成化譜	3	63	b	
E808074	鄭義	정의	Chŏng Ŭi				 	安東權氏成化譜	3	63	b	
E808075	鄭智	정지	Chŏng Chi				 	安東權氏成化譜	3	63	b	
E808078	孫㮒	손연	Son Yŏn			一直 孫	 	安東權氏成化譜	3	63	b	
E900828	權孟貞					安東 權	縣監	安東權氏成化譜	3	63	b	
E000228	梁峻	양준	Yang Chun			南原 梁	副正	安東權氏成化譜	3	64	a	
E000229	梁普	양보	Yang Po			南原 梁	錄事	安東權氏成化譜	3	64	a	
E000245	金孝文	김효문	Kim Hyomun				忠順	安東權氏成化譜	3	64	a	
E000249	姜自渭	강자위	Kang Chawi			晋州 姜	司正	安東權氏成化譜	3	64	a	
E000272	金連枝	김연지	Kim Yŏnji			原州 金	漢城府尹	安東權氏成化譜	3	64	a	
E000274	李福生	이복생	Yi Poksaeng			全州 李	左尹	安東權氏成化譜	3	64	a	
E000276	成淑	성숙	Sŏng Suk	成俶		昌寧 成	檢校	安東權氏成化譜	3	64	a	
E000278	孫季章	송계장	Song Kyejang	宋季璋		礪山 宋	部將	安東權氏成化譜	3	64	a	Surnames are different between SHB (孫季章) and KJB 3.4b (宋季璋).
E000282	李勅	이칙	Yi Ch'ik			全州 李	燕山正	安東權氏成化譜	3	64	a	
E000290	李整	이정	Yi Chŏng			全州 李	仁陽副	安東權氏成化譜	3	64	a	
E000302	洪孝孫			洪孟孫		南陽 洪	郡	安東權氏成化譜	3	64	a	
E000319	李金孫	이금손	Yi Kŭmson			全州 李	鵠城君	安東權氏成化譜	3	64	a	
E000334	沈澮	심회	Sim Hoe			靑松 沈	領議政	安東權氏成化譜	3	64	a	
E000338	沈涴					靑松 沈	直長	安東權氏成化譜	3	64	a	
E000348	金益壽	김익수	Kim Iksu			原州 金	判官	安東權氏成化譜	3	64	a	
E000352	金景壽	김경수	Kim Kyŏngsu	金慶壽		原州 金	經歷	安東權氏成化譜	3	64	a	
E000353	金福興	김복흥	Kim Pokhŭng			原州 金		安東權氏成化譜	3	64	a	
E000357	金萬同	김맹광	Kim Maenggwang	金孟鑛		原州 金	 	安東權氏成化譜	3	64	a	
E000375	洪季庸					南陽 洪	僉知	安東權氏成化譜	3	64	a	
E000379	崔敦	최돈	Ch'oe Ton			東州 崔	郡事	安東權氏成化譜	3	64	b	
E000407	金煒	김위	Kim Wi	金渭			司藝	安東權氏成化譜	3	64	b	
e1044e6c-655b-486d-8ce4-3e086db732d4	權敢					安東 權	司正	安東權氏成化譜	3	64	b	
E400120	權希正	권희정	Kwŏn Hŭijŏng			安東 權	糾正	安東權氏成化譜	3	64	b	
E400121	權穀	권곡	Kwŏn Kok			安東 權	縣令	安東權氏成化譜	3	64	b	
E808090	金瑞麟	김서린	Kim Sŏrin				 	安東權氏成化譜	3	64	b	
E808091	金寶麟	김보린	Kim Porin				 	安東權氏成化譜	3	64	b	
E900424	權處庸					安東 權	別將	安東權氏成化譜	3	64	b	
E900425	權孝孫	권효손	Kwŏn Hyoson			安東 權	萬戶	安東權氏成化譜	3	64	b	
E900427	權處和			權處明		安東 權	司直	安東權氏成化譜	3	64	b	
E900428	權係生	권계생	Kwŏn Kyesaeng			安東 權	 	安東權氏成化譜	3	64	b	
E900429	權浩	권호	Kwŏn Ho			安東 權	司直	安東權氏成化譜	3	64	b	
E900431	宋孝終	송효종	Song Hyojong				 	安東權氏成化譜	3	64	b	
E900435	尹自洪	윤자홍	Yun Chahong				 	安東權氏成化譜	3	64	b	
E900436	尹孝孫	윤효손	Yun Hyoson				 	安東權氏成化譜	3	64	b	
E900437	尹仲孫	윤중손	Yun Chungson				 	安東權氏成化譜	3	64	b	
E900439	金繼仁	김계인	Kim Kyein				司直	安東權氏成化譜	3	64	b	
D400124	裵尙志	배상지	Pae Sangji			興海 裵	判事	安東權氏成化譜	3	65	a	
E400122	權興道	권흥도	Kwŏn Hŭngdo			安東 權	 	安東權氏成化譜	3	65	a	
E900441	潘詠	반영	Pan Yŏng			臣濟 潘	僉節制使	安東權氏成化譜	3	65	a	
E900443	潘孝孫	반효손	Pan Hyoson			臣濟 潘		安東權氏成化譜	3	65	a	
E900445	南得儉	남득검	Nam Tŭkkŏm			固城 南	司正	安東權氏成化譜	3	65	a	
E900447	鄭從直	정종직	Chŏng Chongjik					安東權氏成化譜	3	65	a	
E900448	南允寶	남윤보	Nam Yunbo			固城 南	司正	安東權氏成化譜	3	65	a	
E900449	南晉	남진	Nam Chin			固城 南	 	安東權氏成化譜	3	65	a	
E900451	金康德	김강덕	Kim Kangdŏk	金崇德			 	安東權氏成化譜	3	65	a	
E900452	南鼎	남정	Nam Chŏng			固城 南		安東權氏成化譜	3	65	a	
E900459	朴始孫	박시손	Pak Sison				 	安東權氏成化譜	3	65	a	
E900460	南勝寶	남승보	Nam Sŭngbo			固城 南	學正	安東權氏成化譜	3	65	a	
E900462	朴孝武	박효무	Pak Hyomu				 	安東權氏成化譜	3	65	a	
E900468	南臨	남림	Nam Rim			固城 南	進士	安東權氏成化譜	3	65	a	
E900473	南觀	남관	Nam Kwan			固城 南	 	安東權氏成化譜	3	65	a	
E900477	裴權	배권	Pae Kwŏn			興海 裴	持平	安東權氏成化譜	3	65	a	
E900478	裴孝長	배효장	Pae Hyojang			興海 裴	錄事	安東權氏成化譜	3	65	a	
E900479	裴栣	배임	Pae Im			興海 裴	 	安東權氏成化譜	3	65	a	
E900484	裴楠					興海 裵	監察	安東權氏成化譜	3	65	a	
E900486	柳自依	유자의	Yu Chaŭi				 	安東權氏成化譜	3	65	a	
E900488	安有仁	안유인	An Yuin				 	安東權氏成化譜	3	65	a	
E900493	裴禎	배정	Pae Chŏng			興海 裴	 	安東權氏成化譜	3	65	a	
E900499	南畤	남치	Nam Ch'i			英陽 南	 	安東權氏成化譜	3	65	a	
E900539	裴孝從	배효종	Pae Hyojong	裴孝終		興海 裴	監察	安東權氏成化譜	3	65	a	
E900541	權良	권량	Kwŏn Ryang			醴泉 權	司直	安東權氏成化譜	3	65	a	
E900550	裴孝存	배효존	Pae Hyojon			興海 裴	錄事	安東權氏成化譜	3	65	a	
E900553	裴檽	배유	Pae Yu			興海 裴	司正	安東權氏成化譜	3	65	a	
E401876	尹處恭	윤처공	Yun Ch'ŏgong			海平 尹		安東權氏成化譜	3	65	b	
E800309	李弘準	이홍준	Yi Hongjun			慶州 李	 	安東權氏成化譜	3	65	b	
E900481	金有智	김유지	Kim Yuji				 	安東權氏成化譜	3	65	b	
E900483	裴孝老	배효로	Pae Hyoro	裴孝魯		興海 裴	 	安東權氏成化譜	3	65	b	
E900561	文汝良	문여량	Mun Yŏryang				安撫使	安東權氏成化譜	3	65	b	
E900562	文碩漢	문석한	Mun Sŏkhan				縣監	安東權氏成化譜	3	65	b	
E900564	金諟敬						 	安東權氏成化譜	3	65	b	
E900566	曺末生	조말생	Cho Malsaeng				錄事	安東權氏成化譜	3	65	b	
E900567	裴孝崇	배효숭	Pae Hyosung			興海 裴	府使	安東權氏成化譜	3	65	b	
E900568	裴椆	배주	Pae Chu			興海 裴	 	安東權氏成化譜	3	65	b	
E900572	崔汀	최정	Ch'oe Chŏng				提空	安東權氏成化譜	3	65	b	
E900573	裴孝騫	배효건	Pae Hyogŏn			興海 裴	縣監	安東權氏成化譜	3	65	b	
E900574	裴祐	배우	Pae U			興海 裴	 	安東權氏成化譜	3	65	b	
E900576	權敬祖	권경조	Kwŏn Kyŏngjo				 	安東權氏成化譜	3	65	b	
E900578	朴溫	박온	Pak On				縣監	安東權氏成化譜	3	65	b	
E900579	朴元愚	박원우	Pak Wŏnu				縣監	安東權氏成化譜	3	65	b	
E900581	趙瑜	조유	Cho Yu			楊州 趙	縣監	安東權氏成化譜	3	65	b	
E900582	朴亨愚	박형우	Pak Hyŏngu				 	安東權氏成化譜	3	65	b	
E900583	裴孝思	배효사	Pae Hyosa			興海 裴	縣監	安東權氏成化譜	3	65	b	
E900594	李崇準	이숭준	Yi Sungjun			慶州 李	 	安東權氏成化譜	3	65	b	
E900610	李宗準	이종준	Yi Chongjun			慶州 李		安東權氏成化譜	3	65	b	
E900613	琴鷄	금계	Kŭm Kye	琴啓		奉化 琴		安東權氏成化譜	3	65	b	
E900656	裴哲山			裴哲山		興海 裴	 	安東權氏成化譜	3	65	b	
E900658	裴命山			裴命山		興海 裴	 	安東權氏成化譜	3	65	b	
E900666	裴三山			裴三山		興海 裴	 	安東權氏成化譜	3	65	b	
E503636	權搭	권탑	Kwŏn T'ap			安東 權	 	安東權氏成化譜	3	66	a	
E503721	琴徽	금휘	Kŭm Hwi			奉化 琴	縣監	安東權氏成化譜	3	66	a	
E503788	權哲終	권철종	Kwŏn Ch'ŏlchong	權哲從		安東 權		安東權氏成化譜	3	66	a	
E503811	權哲經	권철경	Kwŏn Ch'ŏlgyŏng			安東 權		安東權氏成化譜	3	66	a	
E900491	李之成	이지성	Yi Chisŏng	李至誠			 	安東權氏成化譜	3	66	a	
E900495	李根安	이근안	Yi Kŭnan				 	安東權氏成化譜	3	66	a	
E900668	秦崇祖	진숭조	Chin Sungjo			豊基 秦	護軍	安東權氏成化譜	3	66	a	
E900669	秦公輔	진공보	Chin Kongbo			豊基 秦	 	安東權氏成化譜	3	66	a	
E900674	秦公弼	진공필	Chin Kongp'il			豊基 秦	 	安東權氏成化譜	3	66	a	
E900680	金湄	김미	Kim Mi				 	安東權氏成化譜	3	66	a	
E900690	裴孝訥	배효눌	Pae Hyonul			興海 裴	 	安東權氏成化譜	3	66	a	
E900691	裴奕	배혁	Pae Hyŏk			興海 裴	 	安東權氏成化譜	3	66	a	
E900701	裴杠	배강	Pae Kang			興海 裴	正郞	安東權氏成化譜	3	66	a	
E900703	崔淵	최연	Ch'oe Yŏn				 	安東權氏成化譜	3	66	a	
E900704	崔仲泉	최중천	Ch'oe Chungch'ŏn				 	安東權氏成化譜	3	66	a	
E900706	安有義	안유의	An Yuŭi				 	安東權氏成化譜	3	66	a	
E900708	李仁生	이인생	Yi Insaeng				 	安東權氏成化譜	3	66	a	
E900709	崔季泉	최계천	Ch'oe Kyech'ŏn				 	安東權氏成化譜	3	66	a	
E900712	李承緖	이승서	Yi Sŭngsŏ				武科	安東權氏成化譜	3	66	a	
E900713	李承本	이승본	Yi Sŭngbon				 	安東權氏成化譜	3	66	a	
E900714	李承源	이승원	Yi Sŭngwŏn				 	安東權氏成化譜	3	66	a	
E900716	南敬倫	남경륜	Nam Kyŏngnyun			英陽 南		安東權氏成化譜	3	66	a	
E900718	禹亨孫	우형손	U Hyŏngson				 	安東權氏成化譜	3	66	a	
E900466	申自敬	신자경	Sin Chagyŏng			平山 申	上護軍	安東權氏成化譜	3	66	b	
E900489	安軾	안식	An Sik				宣務郎	安東權氏成化譜	3	66	b	
E900530	安從生	안종생	An Chongsaeng			廣州 安	監察	安東權氏成化譜	3	66	b	
E900533	裴素	배소	Pae So			興海 裴	正郞	安東權氏成化譜	3	66	b	
E900719	安有義	안유의	An Yuŭi				 	安東權氏成化譜	3	66	b	
E900720	安有禮	안유례	An Yurye				 	安東權氏成化譜	3	66	b	
E900722	盧祖	노조	No Cho				 	安東權氏成化譜	3	66	b	
E900723	安有智	안유지	An Yuji				 	安東權氏成化譜	3	66	b	
E900724	安有信	안유신	An Yusin				 	安東權氏成化譜	3	66	b	
E900725	安有楨	안유정	An Yujŏng				 	安東權氏成化譜	3	66	b	
E900726	李根寧	이근녕	Yi Kŭnnyŏng				 	安東權氏成化譜	3	66	b	
E900727	李常孫	이상손	Yi Sangson				武科	安東權氏成化譜	3	66	b	
E900728	李義孫	이의손	Yi Ŭison				 	安東權氏成化譜	3	66	b	
E900729	權孟慶	권맹경	Kwŏn Maenggyŏng			安東 權	節度使	安東權氏成化譜	3	66	b	
E900733	南陸	남륙	Nam Ryuk				鎭撫	安東權氏成化譜	3	66	b	
E900737	金耆	김기	Kim Ki				護軍	安東權氏成化譜	3	66	b	
E900738	安彭祖	안팽조	An P'aengjo			廣州 安	忠順衛	安東權氏成化譜	3	66	b	
E900756	洪陽生	홍양생	Hong Yangsaeng				 	安東權氏成化譜	3	66	b	
E900757	裴繼宗	배계종	Pae Kyejong			興海 裴	縣監	安東權氏成化譜	3	66	b	
E901501	李璋	이장	Yi Chang			全州 李	寧海君	安東權氏成化譜	3	66	b	
E903856	申允童	신윤동	Sin Yundong			平山 申		安東權氏成化譜	3	66	b	
EA00243	李𧪚					全州 李	順城君	安東權氏成化譜	3	66	b	
E300128	申允完	신윤완	Sin Yunwan			平山 申	司直	安東權氏成化譜	3	67	a	
E808100	宋終同	송종동	Song Chongdong			冶爐 宋	 	安東權氏成化譜	3	67	a	
E900759	宋守謙	송수겸	Song Sugyŏm			冶爐 宋	縣監	安東權氏成化譜	3	67	a	
E900760	宋繼	송계	Song Kye			冶爐 宋	上護軍	安東權氏成化譜	3	67	a	
E900762	河秩石	하추석	Ha Ch'usŏk	河哲石	河秋石	晉州 河	司正	安東權氏成化譜	3	67	a	
E900763	宋介同	송개동	Song Kaedong			冶爐 宋	 	安東權氏成化譜	3	67	a	
E900764	宋紹	송소	Song So			冶爐 宋	司直	安東權氏成化譜	3	67	a	
E900777	宋繪	송회	Song Hoe			冶爐 宋	上護軍	安東權氏成化譜	3	67	a	
E900781	呂詠	여영	Yŏ Yŏng			星州 呂	護軍	安東權氏成化譜	3	67	a	
E900785	宋緝	송집	Song Chip			冶爐 宋	上護軍	安東權氏成化譜	3	67	a	
E900790	趙宗孝	조효종	Cho Hyojong	趙孝宗		平壤 趙	縣監	安東權氏成化譜	3	67	a	
E900792	趙瑞	조서	Cho Sŏ			平壤 趙	通贊	安東權氏成化譜	3	67	a	
E900794	柳自儉	유자검	Yu Chagŏm			晋州 柳		安東權氏成化譜	3	67	a	
E903858	申允賢	신윤현	Sin Yunhyŏn			平山 申	司直	安東權氏成化譜	3	67	a	
E903870	申萬年	신만년	Sin Mannyŏn			平山 申	 	安東權氏成化譜	3	67	a	
EA00242	申允範	신윤범	Sin Yunbŏm			平山 申	直長	安東權氏成化譜	3	67	a	
E200607	權孟度	권맹도	Kwŏn Maengdo			安東 權	郡事	安東權氏成化譜	3	67	b	
E400126	權輊	권지	Kwŏn Chi			安東 權	生員	安東權氏成化譜	3	67	b	
E900798	李夢石	이몽석	Yi Mongsŏk				判官	安東權氏成化譜	3	67	b	
E900799	宋碩忠	송석충	Song Sŏkch'ung			冶爐 宋		安東權氏成化譜	3	67	b	
E900822	鄭嗣禧	정사희	Chŏng Sahŭi				司正	安東權氏成化譜	3	67	b	
E900836	權叔愓					安東 權	 	安東權氏成化譜	3	67	b	
E900837	權叔惶	권숙황	Kwŏn Sukhwang			安東 權	 	安東權氏成化譜	3	67	b	
E900840	權仲愷	권중개	Kwŏn Chunggae			安東 權	護軍	安東權氏成化譜	3	67	b	
E900849	權仲愼	권중신	Kwŏn Chungsin			安東 權		安東權氏成化譜	3	67	b	
E900863	權若中	권약중	Kwŏn Yakchung			安東 權	司直	安東權氏成化譜	3	67	b	
E900865	孫奉孝	손봉효	Son Ponghyo				 	安東權氏成化譜	3	67	b	
E900867	金絡	김락	Kim Rak				生員	安東權氏成化譜	3	67	b	
E900869	權柔	권유	Kwŏn Yu				 	安東權氏成化譜	3	67	b	
E900870	權好變	권호변	Kwŏn Hobyŏn				 	安東權氏成化譜	3	67	b	
E900871	權處仁	권처인	Kwŏn Ch'ŏin	權用世		安東 權	 	安東權氏成化譜	3	67	b	
E900872	權叔仁	권숙인	Kwŏn Sugin			安東 權	 	安東權氏成化譜	3	67	b	
E900873	權季仁	권계인	Kwŏn Kyein			安東 權	 	安東權氏成化譜	3	67	b	
E900875	文仲敬	문중경	Mun Chunggyŏng				 	安東權氏成化譜	3	67	b	
E400127	權軒	권헌	Kwŏn Hŏn			安東 權	縣監	安東權氏成化譜	3	68	a	
E400129	李雲候	이운후	Yi Unhu	李云侯		眞寶 李	副正	安東權氏成化譜	3	68	a	
E808105	韓貴同	한귀동	Han Kwidong				 	安東權氏成化譜	3	68	a	
E808106	韓八孫	한팔손	Han P'alson				 	安東權氏成化譜	3	68	a	
E900500	南伯庚	남백경	Nam Paekkyŏng			英陽 南	司直	安東權氏成化譜	3	68	a	
E900502	李禎	이정	Yi Chŏng	李楨		眞寶 李	府使	安東權氏成化譜	3	68	a	
E900513	南箕	남기	Nam Ki	南畸		英陽 南	 	安東權氏成化譜	3	68	a	
E900548	李哲孫	이철손	Yi Ch'ŏlson			眞寶 李	 	安東權氏成化譜	3	68	a	
E900549	李遇陽	이우양	Yi Uyang			眞寶 李	縣監	安東權氏成化譜	3	68	a	
E900877	金雨寶	김우보	Kim Ubo				 	安東權氏成化譜	3	68	a	
E900879	韓山壽	한산수	Han Sansu				生員	安東權氏成化譜	3	68	a	
E900881	李㙽 	이석	Yi Sŏk				從仕郎	安東權氏成化譜	3	68	a	
E900883	柳漳	유장	Yu Chang				忠順	安東權氏成化譜	3	68	a	
E900885	朴芬	박분	Pak Pun				別侍	安東權氏成化譜	3	68	a	
E900886	權若經	권약경	Kwŏn Yakkyŏng			安東 權	 	安東權氏成化譜	3	68	a	
E900888	金慶春	김경춘	Kim Kyŏngch'un			尙州 金	錄事	安東權氏成化譜	3	68	a	
E900889	權若枰	권약평	Kwŏn Yakp'yŏng			安東 權	 	安東權氏成化譜	3	68	a	
E900892	權成美	권성미	Kwŏn Sŏngmi				護軍	安東權氏成化譜	3	68	a	
E900894	南仲倫	남중륜	Nam Chungnyun				 	安東權氏成化譜	3	68	a	
E900895	權玉貞	권옥정	Kwŏn Okchŏng				 	安東權氏成化譜	3	68	a	
E900896	權巽	권손	Kwŏn Son			安東 權	 	安東權氏成化譜	3	68	a	
E900897	權若衡	권약형	Kwŏn Yakhyŏng			安東 權	 	安東權氏成化譜	3	68	a	
E900898	權推	권추	Kwŏn Ch'u			安東 權	生員	安東權氏成化譜	3	68	a	
E900900	林貴枝	임귀지	Im Kwiji				 	安東權氏成化譜	3	68	a	
E900902	權均	권균	Kwŏn Kyun				 	安東權氏成化譜	3	68	a	
E900904	張士欽	장사흠	Chang Sahŭm				 	安東權氏成化譜	3	68	a	
E900905	權可變	권가변	Kwŏn Kabyŏn				 	安東權氏成化譜	3	68	a	
E900907	魯存禮	노존례	No Chollye			咸平 魯	 	安東權氏成化譜	3	68	a	
E900909	朴仲淳	박중순	Pak Chungsun				 	安東權氏成化譜	3	68	a	
E900910	魯誾	노은	No Ŭn			咸平 魯	 	安東權氏成化譜	3	68	a	
E900916	孫仲和	손중화	Son Chunghwa				 	安東權氏成化譜	3	68	a	
E900918	任繼宗	임계종	Im Kyejong				 	安東權氏成化譜	3	68	a	
01980342-914c-725d-af9d-46612889c96b	柳伯孫							安東權氏成化譜	3	68	b	
E900076	孫義	손의	Son Ŭi				 	安東權氏成化譜	3	68	b	
E900555	柳鳳壽	유봉수	Yu Pongsu				生員	安東權氏成化譜	3	68	b	
E900597	鄭普文	정보문	Chŏng Pomun	鄭寶文		西原 鄭	 	安東權氏成化譜	3	68	b	
E900617	李繼陽	이계양	Yi Kyeyang			眞寶 李	進士	安東權氏成化譜	3	68	b	
E900628	李垠	이은	Yi Ŭn			眞寶 李	 	安東權氏成化譜	3	68	b	
E900928	金國老	김국로	Kim Kungno				縣監	安東權氏成化譜	3	68	b	
E900938	柳陽孫	유양손	Yu Yangson				護軍	安東權氏成化譜	3	68	b	
E900940	權宗	권종	Kwŏn Chong				司直	安東權氏成化譜	3	68	b	
E900942	朴根孫	박근손	Pak Kŭnson	朴謹孫			 	安東權氏成化譜	3	68	b	
E900943	朴彬	박빈	Pak Pin				 	安東權氏成化譜	3	68	b	
E900944	李興陽	이흥양	Yi Hŭngyang			眞寶 李	參軍	安東權氏成化譜	3	68	b	
E900947	李安孫	이호	Yi Ho	李壕		眞寶 李	 	安東權氏成化譜	3	68	b	
E900956	李疇	이주	Yi Chu				司正	安東權氏成化譜	3	68	b	
E900957	李承暉	이승휘	Yi Sŭnghwi				進士	安東權氏成化譜	3	68	b	
E900966	李承明	이승명	Yi Sŭngmyŏng				 	安東權氏成化譜	3	68	b	
E900967	李承晢	이승절	Yi Sŭngjŏl				 	安東權氏成化譜	3	68	b	
E900986	孫處明	손처명	Son Ch'ŏmyŏng				 	安東權氏成化譜	3	68	b	
E900989	孫坦	손탄	Son T'an				 	安東權氏成化譜	3	68	b	
E901019	鄭勳老	정훈로	Chŏng Hullo			西原 鄭		安東權氏成化譜	3	68	b	
E902923	柳淵	유연	Yu Yŏn				 	安東權氏成化譜	3	68	b	
E902925	秦係祖	진계조	Chin Kyejo			豊基 秦	 	安東權氏成化譜	3	68	b	
E000926	柳牗	유유	Yu Yu			晋州 柳	 	安東權氏成化譜	3	69	a	
E400131	金革	김혁	Kim Hyŏk	金用莊		安東 金	奉禮	安東權氏成化譜	3	69	a	
E900619	金永銖	김영수	Kim Yŏngsu			安東 金	司勇	安東權氏成化譜	3	69	a	
E900621	金係權	김계권	Kim Kyegwŏn	金繼權		安東 金	判官	安東權氏成化譜	3	69	a	
E900623	金三近	김삼근	Kim Samgŭn			安東 金	縣監	安東權氏成化譜	3	69	a	
E900991	李疄	이린	Yi Rin	李潾			 	安東權氏成化譜	3	69	a	
E900993	盧仲淸	노중청	No Chungch'ŏng				 	安東權氏成化譜	3	69	a	
E900994	孫處童	손처동	Son Ch'ŏdong				 	安東權氏成化譜	3	69	a	
E901003	李祥	이상	Yi Sang			眞寶 李	 	安東權氏成化譜	3	69	a	
E901007	李長生	이장생	Yi Changsaeng			星州 李	縣監	安東權氏成化譜	3	69	a	
E901008	金學祖	김학조	Kim Hakcho			安東 金	住持	安東權氏成化譜	3	69	a	
E901009	金小全	김영전	Kim Yŏngjŏn	金永銓		安東 金	司猛	安東權氏成化譜	3	69	a	
E901015	金永鈞	김영균	Kim Yŏnggyun			安東 金	奉事	安東權氏成化譜	3	69	a	
E901017	韓穎	한영	Han Yŏng			平山 韓		安東權氏成化譜	3	69	a	
E901036	金允离	김윤리	Kim Yulli				奉事	安東權氏成化譜	3	69	a	
E901046	孫得老	손득로	Son Tŭngno	孫得魯			司直	安東權氏成化譜	3	69	a	
E901048	申始生	신시생	Sin Sisaeng				司正	安東權氏成化譜	3	69	a	
E901073	金三益	김삼익	Kim Samik			安東 金	 	安東權氏成化譜	3	69	a	
E901075	鄭伋	정급	Chŏng Kŭp				 	安東權氏成化譜	3	69	a	
E400132	權軺					安東 權	判事	安東權氏成化譜	3	69	b	
E400133	權輜					安東 權	縣令	安東權氏成化譜	3	69	b	
E901078	金三友	김삼우	Kim Samu			安東 金	主簿	安東權氏成化譜	3	69	b	
E901079	金孟龜	김맹귀	Kim Maenggwi			安東 金	 	安東權氏成化譜	3	69	b	
E901080	金用厲	김용려	Kim Yongnyŏ	金用礪		安東 金		安東權氏成化譜	3	69	b	
E901081	金仲龜	김중귀	Kim Chunggwi			安東 金	 	安東權氏成化譜	3	69	b	
E901082	金季龜	김계귀	Kim Kyegwi			安東 金	 	安東權氏成化譜	3	69	b	
E901084	李孝明	이효명	Yi Hyomyŏng			星山 李	司正	安東權氏成化譜	3	69	b	
E901085	金叔龜	김숙귀	Kim Sukkwi			安東 金	 	安東權氏成化譜	3	69	b	
E901086	權寬	권관	Kwŏn Kwan			安東 權	副司直	安東權氏成化譜	3	69	b	
E901087	權山海	권산해	Kwŏn Sanhae			安東 權	副正	安東權氏成化譜	3	69	b	
E901088	權哲明	권철명	Kwŏn Ch'ŏlmyŏng	權哲祖		安東 權	 	安東權氏成化譜	3	69	b	
E901091	權哲孫	권철손	Kwŏn Ch'ŏlson			安東 權	 	安東權氏成化譜	3	69	b	
E901094	權自海	권자해	Kwŏn Chahae			安東 權	察訪	安東權氏成化譜	3	69	b	
E901095	權致庸	권치용	Kwŏn Ch'iyong			安東 權	別侍衛	安東權氏成化譜	3	69	b	
E901096	權福海	권복해	Kwŏn Pokhae			安東 權	 	安東權氏成化譜	3	69	b	
E901097	權係衡	권계형	Kwŏn Kyehyŏng			安東 權	 	安東權氏成化譜	3	69	b	
E901099	朴謹孫	박근손	Pak Kŭnson				 	安東權氏成化譜	3	69	b	
E901100	權係倫	권계륜	Kwŏn Kyeryun			安東 權	 	安東權氏成化譜	3	69	b	
E901101	權壽海	권수해	Kwŏn Suhae			安東 權	司正	安東權氏成化譜	3	69	b	
E901102	權孝忠	권효충	Kwŏn Hyoch'ung			安東 權	 	安東權氏成化譜	3	69	b	
E901103	權敬忠	권경충	Kwŏn Kyŏngch'ung			安東 權	 	安東權氏成化譜	3	69	b	
E901105	權守經	권수경	Kwŏn Sugyŏng				武科	安東權氏成化譜	3	69	b	
E901106	權致和	권치화	Kwŏn Ch'ihwa			安東 權	司直	安東權氏成化譜	3	69	b	
E901107	權自位	권자위	Kwŏn Chawi			安東 權	 	安東權氏成化譜	3	69	b	
E901108	權泰元	권태원	Kwŏn T'aewŏn			安東 權	 	安東權氏成化譜	3	69	b	
E901109	權泰亨	권태형	Kwŏn T'aehyŏng			安東 權	 	安東權氏成化譜	3	69	b	
E901111	權密	권밀	Kwŏn Mil				參奉	安東權氏成化譜	3	69	b	
E901113	崔濡	최유	Ch'oe Yu				 	安東權氏成化譜	3	69	b	
E808108	權承道	권승도	Kwŏn Sŭngdo			安東 權	驛丞	安東權氏成化譜	3	70	a	
E808110	權思義	권사의	Kwŏn Saŭi			安東 權	 	安東權氏成化譜	3	70	a	
E808112	權明理	권명리	Kwŏn Myŏngni	權明利		安東 權		安東權氏成化譜	3	70	a	
E808114	孫士晟	손사성	Son Sasŏng	孫士明		慶州 孫	檢參議	安東權氏成化譜	3	70	a	
E808115	孫旭	손욱	Son Uk			慶州 孫		安東權氏成化譜	3	70	a	
E808117	孫昭	손소	Son So			慶州 孫		安東權氏成化譜	3	70	a	
E808119	孫昕	손흔	Son Hŭn			慶州 孫		安東權氏成化譜	3	70	a	
E808120	孫晋	손진	Son Chin			慶州 孫	 	安東權氏成化譜	3	70	a	
E808122	權直均	권직균	Kwŏn Chikkyun				監務	安東權氏成化譜	3	70	a	
E808123	權九經	권구경	Kwŏn Kugyŏng				縣監	安東權氏成化譜	3	70	a	
E808125	權處恭	권처공	Kwŏn Ch'ŏgong				生員	安東權氏成化譜	3	70	a	
E808126	權九敍	권구서	Kwŏn Kusŏ				司直	安東權氏成化譜	3	70	a	
E808127	權自林	권자림	Kwŏn Charim				進士	安東權氏成化譜	3	70	a	
E808129	金漢碩	김한석	Kim Hansŏk				 	安東權氏成化譜	3	70	a	
E808130	權自繩	권자승	Kwŏn Chasŭng				署令	安東權氏成化譜	3	70	a	
E808132	安善孫	안선손	An Sŏnson				錄事	安東權氏成化譜	3	70	a	
E808133	安處元	안처원	An Ch'ŏwŏn				 	安東權氏成化譜	3	70	a	
E808134	安處亨	안처형	An Ch'ŏhyŏng				 	安東權氏成化譜	3	70	a	
E808135	安處貞	안처정	An Ch'ŏjŏng				 	安東權氏成化譜	3	70	a	
E901114	權自育	권자육	Kwŏn Chayuk			安東 權	 	安東權氏成化譜	3	70	a	
E901115	權處均	권처균	Kwŏn Ch'ŏgyun			安東 權	 	安東權氏成化譜	3	70	a	
E901116	權義均	권의균	Kwŏn Ŭigyun			安東 權	 	安東權氏成化譜	3	70	a	
E901117	權保均	권보균	Kwŏn Pogyun	權甫均		安東 權	 	安東權氏成化譜	3	70	a	
E901118	權自溫					安東 權	 	安東權氏成化譜	3	70	a	
E901119	權哲均	권철균	Kwŏn Ch'ŏlgyun			安東 權	 	安東權氏成化譜	3	70	a	
E901120	權玉均	권옥균	Kwŏn Okkyun			安東 權	 	安東權氏成化譜	3	70	a	
E901121	權致順	권치순	Kwŏn Ch'isun			安東 權	主簿	安東權氏成化譜	3	70	a	
E901124	權潤	권윤	Kwŏn Yun			安東 權		安東權氏成化譜	3	70	a	
E901134	權致孫	권치손	Kwŏn Ch'ison	權致遜		安東 權	司直	安東權氏成化譜	3	70	a	
E901135	權得中	권득중	Kwŏn Tŭkchung			安東 權	錄事	安東權氏成化譜	3	70	a	
E808136	權自準	권자준	Kwŏn Chajun				副使	安東權氏成化譜	3	70	b	
E808137	權綱	권강	Kwŏn Kang				 	安東權氏成化譜	3	70	b	
E808138	權紀	권기	Kwŏn Ki				 	安東權氏成化譜	3	70	b	
E808139	權和	권화	Kwŏn Hwa				 	安東權氏成化譜	3	70	b	
E808140	權平	권평	Kwŏn P'yŏng				 	安東權氏成化譜	3	70	b	
E808141	權自關	권자관	Kwŏn Chagwan				司直	安東權氏成化譜	3	70	b	
E808142	權柔	권유	Kwŏn Yu				 	安東權氏成化譜	3	70	b	
E808144	權致中	권치중	Kwŏn Ch'ijung				護軍	安東權氏成化譜	3	70	b	
E808145	權安成	권안성	Kwŏn Ansŏng				 	安東權氏成化譜	3	70	b	
E808148	李馨	이형	Yi Hyŏng				 	安東權氏成化譜	3	70	b	
E808150	金善道	김선도	Kim Sŏndo				縣監	安東權氏成化譜	3	71	a	
E808151	金枰	김평	Kim P'yŏng				 	安東權氏成化譜	3	71	a	
E808152	金自香	김자향	Kim Chahyang				 	安東權氏成化譜	3	71	a	
E808154	田養禮	전양례	Chŏn Yangnye				司勇	安東權氏成化譜	3	71	a	
E808156	辛用福	신용복	Sin Yongbok				忠贊衛	安東權氏成化譜	3	71	a	
E808158	田茂述	전무술	Chŏn Musul				 	安東權氏成化譜	3	71	a	
E808161	姜用中	강용중	Kang Yongjung				監察	安東權氏成化譜	3	71	a	
E808162	權得中	권득중	Kwŏn Tŭkchung			安東 權	 	安東權氏成化譜	3	71	a	
E808164	潘好慶	반호경	Pan Hogyŏng				 	安東權氏成化譜	3	71	a	
E808165	權錙	권치	Kwŏn Ch'i			安東 權	 	安東權氏成化譜	3	71	a	
E808167	金礪質	김여질	Kim Yŏjil				 	安東權氏成化譜	3	71	a	
E808169	朴利生	박이생	Pak Isaeng				 	安東權氏成化譜	3	71	a	
E808170	朴兼山	박겸산	Pak Kyŏmsan				 	安東權氏成化譜	3	71	a	
E808172	金稀	김희	Kim Hŭi				 	安東權氏成化譜	3	71	a	
E808174	金校	김교	Kim Kyo				忠贊衛	安東權氏成化譜	3	71	a	
E808176	崔孝男	최효남	Ch'oe Hyonam				 	安東權氏成化譜	3	71	a	
E808177	崔長生	최장생	Ch'oe Changsaeng				 	安東權氏成化譜	3	71	a	
E808178	崔季生	최계생	Ch'oe Kyesaeng				 	安東權氏成化譜	3	71	a	
E808179	崔末生	최말생	Ch'oe Malsaeng				 	安東權氏成化譜	3	71	a	
E808182	文尙忠	문상충	Mun Sangch'ung				訓導	安東權氏成化譜	3	71	a	
E808185	文自珪	문자규	Mun Chagyu				 	安東權氏成化譜	3	71	a	
E808187	金補孫	김보손	Kim Poson				別侍	安東權氏成化譜	3	71	a	
E808188	金百童	김백동	Kim Paektong				 	安東權氏成化譜	3	71	a	
E808189	權得經	권득경	Kwŏn Tŭkkyŏng			安東 權	府使	安東權氏成化譜	3	71	a	
E808190	權瑀	권우	Kwŏn U			安東 權	 	安東權氏成化譜	3	71	a	
